0.035	1000
0.068	1000
0.102	1000
0.135	1000
0.16	1000
0.185	1000
0.235	758.181
0.27	758.181
0.305	759.181
0.335	762.108
0.37	762.108
0.405	765.046
0.435	767.996
0.47	767.996
0.505	770.957
0.535	773.929
0.57	773.929
0.605	776.913
0.635	779.908
0.67	779.908
0.705	782.915
0.735	785.934
0.77	785.934
0.805	788.964
0.835	792.006
0.87	792.006
0.905	795.06
0.935	798.125
0.97	798.125
1.005	801.202
1.035	804.291
1.07	804.291
1.105	807.392
1.135	807.392
1.17	807.392
1.205	807.392
1.235	807.392
1.27	807.392
1.295	807.392
1.33	807.392
1.37	807.392
1.405	807.392
1.435	807.392
1.47	807.392
1.505	807.392
1.535	807.392
1.57	807.392
1.605	807.392
1.635	807.392
1.67	807.392
1.705	807.392
1.735	807.392
1.77	807.392
1.805	807.392
1.835	807.392
1.87	807.392
1.895	807.392
1.935	807.392
1.97	807.392
2.005	807.392
2.035	807.392
2.07	807.392
2.105	807.392
2.135	807.392
2.17	807.392
2.205	807.392
2.235	807.392
2.27	807.392
2.305	807.392
2.335	807.392
2.37	807.392
2.405	807.392
2.435	807.392
2.47	807.392
2.505	807.392
2.535	807.392
2.57	807.392
2.605	807.392
2.635	807.392
2.67	807.392
2.705	807.392
2.735	807.392
2.77	807.392
2.805	807.392
2.835	807.392
2.87	807.392
2.905	807.392
2.935	807.392
2.97	807.392
3.005	807.392
3.035	807.392
3.07	807.392
3.105	807.392
3.135	807.392
3.17	807.392
3.205	807.392
3.235	872.983
3.27	872.983
3.305	872.983
3.335	872.983
3.37	872.983
3.405	551.492
3.435	551.492
3.47	551.492
3.505	551.492
3.535	551.492
3.57	551.492
3.605	551.492
3.635	551.492
3.67	551.492
3.705	552.492
3.735	552.492
3.77	552.492
3.805	552.492
3.835	552.492
3.87	552.492
3.905	552.492
3.935	552.492
3.97	552.492
4.005	552.492
4.035	552.492
4.07	552.492
4.105	552.492
4.135	552.492
4.17	552.492
4.205	553.492
4.235	555.754
4.27	555.754
4.305	557.897
4.335	560.048
4.37	560.048
4.405	562.207
4.435	564.375
4.47	564.375
4.505	566.551
4.535	568.735
4.57	568.735
4.605	570.928
4.635	573.129
4.67	573.129
4.705	575.339
4.735	577.557
4.77	577.557
4.805	579.784
4.835	582.019
4.87	582.019
4.905	584.218
4.935	586.516
4.97	586.516
5.005	588.732
5.035	590.865
5.07	590.865
5.105	593.28
5.135	595.613
5.17	595.613
5.205	597.909
5.235	600.214
5.27	600.214
5.305	600.214
5.335	600.214
5.37	600.214
5.405	600.214
5.435	600.214
5.47	600.214
5.505	600.214
5.535	600.214
5.57	600.214
5.605	600.214
5.635	600.214
5.67	600.214
5.7	600.214
5.735	600.214
5.77	600.214
5.805	600.214
5.835	600.214
5.87	600.214
5.905	600.214
5.935	600.214
5.97	600.214
6.005	600.214
6.035	600.214
6.07	600.214
6.105	600.214
6.135	600.214
6.17	600.214
6.205	600.214
6.235	600.214
6.27	600.214
6.305	649.231
6.335	649.231
6.37	649.231
6.405	649.231
6.435	649.231
6.47	649.231
6.505	649.231
6.535	649.231
6.57	649.231
6.605	649.231
6.635	649.231
6.67	649.231
6.705	649.231
6.735	649.231
6.77	649.231
6.805	649.231
6.835	649.231
6.87	649.231
6.905	649.231
6.935	649.231
6.96	649.231
7.005	649.231
7.035	649.231
7.07	649.231
7.105	649.231
7.135	649.231
7.17	649.231
7.205	649.231
7.235	649.231
7.27	649.231
7.305	702.169
7.335	702.169
7.37	702.169
7.405	702.169
7.435	702.169
7.47	702.169
7.505	702.169
7.535	702.169
7.57	702.169
7.605	702.169
7.635	702.169
7.67	702.169
7.705	702.169
7.735	702.169
7.77	702.169
7.805	702.169
7.835	702.169
7.87	702.169
7.905	702.169
7.935	702.169
7.97	702.169
8.005	702.169
8.035	702.169
8.07	702.169
8.105	702.169
8.135	702.169
8.17	702.169
8.205	702.169
8.235	702.169
8.27	702.169
8.305	758.894
8.335	759.343
8.37	759.343
8.405	759.343
8.435	759.343
8.47	759.343
8.505	759.343
8.535	759.343
8.57	759.343
8.605	759.343
8.635	759.343
8.67	759.343
8.705	759.343
8.735	759.343
8.77	759.343
8.805	759.343
8.835	759.343
8.87	759.343
8.905	759.343
8.935	759.343
8.97	759.343
9.005	759.343
9.035	759.343
9.07	759.343
9.105	759.343
9.135	759.343
9.17	759.343
9.205	759.343
9.235	759.343
9.27	759.343
9.305	819.729
9.335	821.09
9.37	821.09
9.405	821.09
9.435	821.09
9.47	821.09
9.505	821.09
9.535	821.09
9.57	821.09
9.605	821.09
9.635	821.09
9.67	821.09
9.705	821.09
9.735	821.09
9.77	821.09
9.805	821.09
9.835	821.09
9.87	821.09
9.905	821.09
9.935	821.09
9.97	821.09
10.005	821.09
10.035	821.09
10.07	821.09
10.105	821.09
10.135	821.09
10.165	821.09
10.205	821.09
10.235	821.09
10.27	821.09
10.305	881.906
10.335	618.732
10.37	618.732
10.405	618.732
10.435	602.924
10.47	602.924
10.505	602.924
10.535	602.924
10.57	602.924
10.605	602.924
10.635	602.924
10.67	602.924
10.705	602.924
10.735	602.924
10.77	602.924
10.805	602.924
10.835	602.924
10.87	602.924
10.905	602.924
10.935	602.924
10.97	602.924
11.005	602.924
11.035	602.924
11.07	602.924
11.105	602.924
11.135	602.924
11.165	602.924
11.205	602.924
11.235	602.924
11.27	602.924
11.305	602.924
11.335	602.924
11.37	602.924
11.405	602.924
11.435	602.924
11.47	602.924
11.505	602.924
11.535	602.924
11.57	602.924
11.605	602.924
11.635	602.924
11.67	602.924
11.705	602.924
11.735	602.924
11.77	602.924
11.805	406.935
11.835	406.935
11.87	406.935
11.905	406.935
11.935	406.935
11.97	406.935
12.005	406.935
12.035	406.935
12.07	406.935
12.105	406.935
12.135	406.935
12.17	406.935
12.205	406.935
12.235	406.935
12.27	406.935
12.305	406.935
12.335	406.935
12.37	406.935
12.405	406.935
12.435	406.935
12.47	406.935
12.505	406.935
12.535	406.935
12.57	406.935
12.605	406.935
12.635	406.935
12.66	406.935
12.705	406.935
12.735	406.935
12.77	406.935
12.805	406.935
12.835	406.935
12.87	406.935
12.905	406.935
12.935	406.935
12.97	406.935
13.005	406.935
13.035	406.935
13.07	406.935
13.105	406.935
13.135	406.935
13.17	406.935
13.205	406.935
13.235	406.935
13.27	406.935
13.305	406.935
13.335	406.935
13.37	406.935
13.405	292.8
13.435	292.8
13.47	292.8
13.505	292.8
13.535	291.946
13.57	291.946
13.605	291.946
13.635	291.946
13.67	291.946
13.705	292.946
13.735	294.075
13.77	294.075
13.805	295.209
13.835	296.347
13.87	296.347
13.905	296.347
13.935	296.347
13.97	296.347
14.005	296.347
14.035	296.347
14.07	296.347
14.105	296.347
14.135	296.347
14.17	296.347
14.205	297.347
14.235	298.493
14.27	298.493
14.305	299.644
14.335	300.799
14.37	300.799
14.405	301.959
14.435	303.123
14.47	303.123
14.505	304.292
14.535	305.465
14.57	305.465
14.605	306.643
14.635	307.825
14.665	307.825
14.705	309.012
14.735	310.203
14.77	310.203
14.805	311.399
14.835	312.6
14.87	312.6
14.905	313.805
14.935	315.015
14.97	315.015
15.005	316.23
15.035	317.449
15.07	317.449
15.105	318.673
15.135	319.902
15.17	319.902
15.205	321.135
15.235	322.373
15.27	322.373
15.305	323.616
15.335	324.864
15.37	324.864
15.405	326.117
15.435	327.374
15.47	327.374
15.505	328.636
15.535	329.903
15.57	329.903
15.605	331.175
15.635	332.452
15.67	332.452
15.705	332.452
15.735	332.452
15.77	332.452
15.805	332.452
15.835	332.452
15.87	332.452
15.905	332.452
15.935	332.452
15.97	332.452
16.005	332.452
16.035	332.452
16.07	332.452
16.105	332.452
16.135	332.452
16.17	332.452
16.205	332.452
16.23	332.452
16.27	332.452
16.305	332.452
16.335	332.452
16.37	332.452
16.405	332.452
16.435	332.452
16.47	332.452
16.505	332.452
16.535	332.452
16.57	332.452
16.605	332.452
16.635	332.452
16.67	332.452
16.705	332.452
16.735	332.452
16.77	332.452
16.805	332.452
16.835	332.452
16.86	332.452
16.905	332.452
16.935	332.452
16.97	332.452
17.005	332.452
17.035	332.452
17.07	332.452
17.105	332.452
17.135	332.452
17.17	332.452
17.205	332.452
17.235	332.452
17.27	332.452
17.305	332.452
17.335	332.452
17.37	332.452
17.405	332.452
17.435	332.452
17.47	332.452
17.505	332.452
17.535	332.452
17.57	332.452
17.605	332.452
17.635	332.452
17.67	332.452
17.705	332.452
17.735	332.452
17.77	332.452
17.805	332.452
17.835	332.452
17.87	332.452
17.905	332.452
17.935	332.452
17.97	332.452
18.005	332.452
18.035	332.452
18.07	332.452
18.105	332.452
18.135	332.452
18.17	332.452
18.205	332.452
18.235	332.452
18.27	332.452
18.305	332.452
18.335	332.452
18.37	332.452
18.405	332.452
18.435	332.452
18.465	332.452
18.505	332.452
18.535	332.452
18.57	332.452
18.605	332.452
18.635	332.452
18.67	332.452
18.705	332.452
18.735	332.452
18.77	332.452
18.805	332.452
18.835	332.452
18.87	332.452
18.905	332.452
18.935	332.452
18.97	332.452
18.995	332.452
19.035	332.452
19.07	332.452
19.105	332.452
19.135	332.452
19.17	332.452
19.205	332.452
19.235	332.452
19.27	332.452
19.305	332.452
19.335	332.452
19.37	332.452
19.395	332.452
19.435	332.452
19.47	332.452
19.505	332.452
19.535	332.452
19.57	332.452
19.605	332.452
19.635	332.452
19.67	332.452
19.705	332.452
19.735	332.452
19.77	332.452
19.805	332.452
19.835	332.452
19.87	332.452
19.905	332.452
19.935	332.452
19.965	332.452
20.005	332.452
20.035	332.452
20.07	332.452
20.105	332.452
20.135	332.452
20.17	332.452
20.205	332.452
20.235	332.452
20.27	332.452
20.305	332.452
20.335	332.452
20.37	332.452
20.395	332.452
20.435	332.452
20.47	332.452
20.505	332.452
20.535	332.452
20.57	332.452
20.605	332.452
20.635	332.452
20.67	332.452
20.705	332.452
20.735	332.452
20.77	332.452
20.805	332.452
20.835	332.452
20.87	332.452
20.905	332.452
20.935	332.452
20.97	332.452
21.005	332.452
21.035	332.452
21.07	332.452
21.105	332.452
21.135	332.452
21.17	332.452
21.205	332.452
21.235	332.452
21.27	332.452
21.305	332.452
21.335	332.452
21.37	332.452
21.405	332.452
21.435	332.452
21.47	332.452
21.505	332.452
21.535	332.452
21.57	332.452
21.605	332.452
21.635	332.452
21.67	332.452
21.705	332.452
21.735	332.452
21.77	332.452
21.805	332.452
21.835	332.452
21.87	332.452
21.905	332.452
21.935	360.048
21.97	360.048
22.005	360.048
22.035	360.048
22.065	360.048
22.105	360.048
22.135	360.048
22.17	360.048
22.205	360.048
22.235	360.048
22.27	360.048
22.305	360.048
22.335	360.048
22.37	360.048
22.405	360.048
22.435	360.048
22.47	360.048
22.505	360.048
22.535	360.048
22.57	360.048
22.605	360.048
22.63	360.048
22.67	360.048
22.705	360.048
22.735	360.048
22.77	360.048
22.795	360.048
22.835	360.048
22.87	360.048
22.905	360.048
22.935	389.852
22.965	389.852
23.005	389.852
23.035	389.852
23.07	389.852
23.105	389.852
23.135	389.852
23.165	389.852
23.205	389.852
23.235	389.852
23.27	389.852
23.305	389.852
23.335	389.852
23.37	389.852
23.405	389.852
23.435	389.852
23.47	389.852
23.505	389.852
23.535	389.852
23.57	389.852
23.605	389.852
23.635	389.852
23.67	389.852
23.705	389.852
23.735	389.852
23.77	389.852
23.805	389.852
23.835	389.852
23.87	389.852
23.905	389.852
23.935	389.852
23.97	389.852
24.005	389.852
24.035	422.04
24.07	422.04
24.105	422.04
24.135	422.04
24.17	422.04
24.205	422.04
24.235	422.04
24.27	422.04
24.305	422.04
24.335	422.04
24.365	422.04
24.405	422.04
24.435	422.04
24.47	422.04
24.505	422.04
24.535	422.04
24.57	422.04
24.605	422.04
24.635	422.04
24.67	422.04
24.705	422.04
24.735	422.04
24.77	422.04
24.805	422.04
24.835	422.04
24.87	422.04
24.905	422.04
24.935	422.04
24.97	422.04
25.005	422.04
25.035	456.803
25.07	456.803
25.105	456.803
25.135	456.803
25.17	456.803
25.205	456.803
25.235	456.803
25.27	456.803
25.305	456.803
25.335	456.803
25.365	456.803
25.405	456.803
25.435	456.803
25.47	456.803
25.505	456.803
25.535	456.803
25.565	456.803
25.605	456.803
25.635	456.803
25.67	456.803
25.705	456.803
25.735	456.803
25.77	456.803
25.805	456.803
25.835	456.803
25.87	456.803
25.905	456.803
25.935	456.803
25.97	456.803
26.005	456.803
26.035	456.803
26.07	456.803
26.105	456.803
26.135	456.803
26.17	456.803
26.205	456.803
26.235	456.803
26.27	456.803
26.305	456.803
26.335	456.803
26.37	456.803
26.405	456.803
26.435	456.803
26.47	456.803
26.505	456.803
26.535	456.803
26.57	456.803
26.605	456.803
26.635	456.803
26.67	456.803
26.705	456.803
26.735	456.803
26.77	456.803
26.805	456.803
26.835	456.803
26.87	456.803
26.905	456.803
26.935	456.803
26.97	456.803
27.005	456.803
27.035	456.803
27.07	456.803
27.105	456.803
27.135	456.803
27.17	456.803
27.205	456.803
27.235	456.803
27.27	456.803
27.305	456.803
27.335	456.803
27.37	456.803
27.405	456.803
27.435	456.803
27.47	456.803
27.505	456.803
27.535	456.803
27.57	456.803
27.605	456.803
27.635	456.803
27.67	456.803
27.705	456.803
27.735	456.803
27.77	456.803
27.805	456.803
27.835	456.803
27.87	456.803
27.905	456.803
27.935	456.803
27.97	456.803
28.005	456.803
28.035	456.803
28.07	456.803
28.105	456.803
28.135	456.803
28.17	456.803
28.205	456.803
28.235	494.347
28.27	494.347
28.305	494.347
28.335	494.347
28.37	494.347
28.405	494.347
28.435	494.347
28.47	494.347
28.505	494.347
28.535	494.347
28.57	494.347
28.605	494.347
28.63	494.347
28.67	494.347
28.705	494.347
28.735	494.347
28.77	494.347
28.805	494.347
28.835	494.347
28.87	494.347
28.905	494.347
28.935	494.347
28.97	494.347
29.005	494.347
29.035	494.347
29.065	494.347
29.105	494.347
29.135	494.347
29.17	494.347
29.205	494.347
29.235	534.895
29.27	534.895
29.305	534.895
29.335	534.895
29.37	534.895
29.405	534.895
29.435	534.895
29.47	534.895
29.505	534.895
29.535	534.895
29.57	534.895
29.605	534.895
29.635	534.895
29.67	534.895
29.705	534.895
29.735	534.895
29.77	534.895
29.805	534.895
29.835	534.895
29.87	534.895
29.905	534.895
29.935	534.895
29.97	534.895
30.005	534.895
30.035	534.895
30.07	534.895
30.105	534.895
30.135	534.895
30.17	534.895
30.205	534.895
30.235	534.895
30.27	534.895
30.305	534.895
30.335	578.687
30.37	578.687
30.405	578.687
30.435	578.687
30.47	578.687
30.505	578.687
30.535	578.687
30.57	578.687
30.605	578.687
30.635	578.687
30.67	578.687
30.705	578.687
30.735	578.687
30.77	578.687
30.805	578.687
30.835	578.687
30.87	578.687
30.905	578.687
30.935	578.687
30.97	578.687
31.005	578.687
31.035	578.687
31.07	578.687
31.105	578.687
31.135	578.687
31.17	578.687
31.205	578.687
31.235	578.687
31.27	578.687
31.305	578.687
31.335	625.982
31.37	625.982
31.405	625.982
31.435	625.982
31.47	625.982
31.505	625.982
31.535	625.982
31.57	625.982
31.605	625.982
31.635	625.982
31.67	625.982
31.705	625.982
31.735	625.982
31.765	625.982
31.805	625.982
31.835	625.982
31.87	625.982
31.905	625.982
31.935	625.982
31.97	625.982
32.005	625.982
32.035	625.982
32.07	625.982
32.105	625.982
32.135	625.982
32.17	625.982
32.205	625.982
32.235	625.982
32.27	625.982
32.305	625.982
32.335	677.061
32.37	677.061
32.405	677.061
32.435	677.061
32.47	677.061
32.505	677.061
32.535	677.061
32.57	677.061
32.605	677.061
32.635	677.061
32.67	677.061
32.705	677.061
32.735	677.061
32.77	677.061
32.805	677.061
32.835	677.061
32.87	677.061
32.905	677.061
32.935	677.061
32.96	677.061
33.005	677.061
33.035	677.061
33.07	677.061
33.105	677.061
33.135	677.061
33.17	677.061
33.205	677.061
33.235	677.061
33.27	677.061
33.305	677.061
33.335	732.226
33.37	732.226
33.4	732.226
33.435	732.226
33.47	732.226
33.505	732.226
33.535	732.226
33.57	732.226
33.605	732.226
33.635	732.226
33.67	732.226
33.705	732.226
33.735	732.226
33.77	732.226
33.805	732.226
33.835	732.226
33.87	732.226
33.905	732.226
33.935	732.226
33.97	732.226
34.005	732.226
34.035	732.226
34.07	732.226
34.105	732.226
34.135	732.226
34.17	732.226
34.205	732.226
34.235	732.226
34.27	732.226
34.305	732.226
34.335	732.226
34.37	732.226
34.405	732.226
34.435	732.226
34.47	732.226
34.505	732.226
34.535	791.804
34.57	791.804
34.605	791.804
34.635	791.804
34.67	791.804
34.705	791.804
34.73	791.804
34.77	791.804
34.805	791.804
34.835	791.804
34.87	791.804
34.905	466.295
34.935	466.295
34.97	466.295
35.005	466.295
35.035	466.295
35.07	466.295
35.095	466.295
35.135	466.295
35.165	466.295
35.205	466.295
35.235	466.295
35.27	466.295
35.305	466.295
35.335	467.295
35.37	467.295
35.405	469.097
35.435	469.097
35.47	469.097
35.505	470.097
35.535	471.909
35.57	471.909
35.605	471.909
35.635	471.909
35.67	471.909
35.705	471.909
35.735	471.909
35.77	471.909
35.805	471.909
35.83	471.909
35.87	471.909
35.905	471.909
35.935	471.909
35.97	471.909
36.005	471.909
36.035	471.909
36.07	471.909
36.105	471.909
36.135	471.909
36.17	471.909
36.205	471.909
36.235	471.909
36.27	471.909
36.305	471.909
36.335	471.909
36.37	471.909
36.405	471.909
36.435	471.909
36.47	471.909
36.505	471.909
36.535	471.909
36.57	471.909
36.605	471.909
36.635	471.909
36.67	471.909
36.705	471.909
36.735	471.909
36.77	471.909
36.805	471.909
36.835	471.909
36.87	471.909
36.905	471.909
36.935	471.909
36.97	471.909
37.005	471.909
37.035	471.909
37.07	471.909
37.105	471.909
37.135	471.909
37.17	471.909
37.205	471.909
37.235	471.909
37.27	471.909
37.305	471.909
37.335	471.909
37.37	471.909
37.405	471.909
37.435	471.909
37.47	471.909
37.505	471.909
37.535	471.909
37.57	471.909
37.605	471.909
37.635	471.909
37.67	471.909
37.705	510.662
37.735	510.662
37.77	510.662
37.805	510.662
37.835	510.662
37.87	510.662
37.905	510.662
37.935	510.662
37.97	510.662
38.005	510.662
38.035	510.662
38.07	510.662
38.105	510.662
38.135	510.662
38.165	510.662
38.205	510.662
38.235	510.662
38.27	510.662
38.305	510.662
38.335	510.662
38.37	510.662
38.405	510.662
38.435	510.662
38.47	510.662
38.505	510.662
38.535	510.662
38.57	510.662
38.605	510.662
38.635	510.662
38.67	510.662
38.705	552.515
38.735	552.515
38.77	552.515
38.805	552.515
38.835	552.515
38.87	552.515
38.905	552.515
38.935	552.515
38.97	552.515
39.005	552.515
39.035	552.515
39.07	552.515
39.105	552.515
39.135	552.515
39.17	552.515
39.205	552.515
39.235	552.515
39.27	552.515
39.305	552.515
39.335	552.515
39.37	552.515
39.405	455.908
39.435	455.908
39.47	455.908
39.505	455.908
39.535	455.908
39.57	455.908
39.605	455.908
39.635	455.908
39.67	455.908
39.705	455.908
39.735	455.908
39.77	455.908
39.805	460.651
39.835	460.651
39.87	460.651
39.905	336.21
39.935	336.21
39.97	336.21
40.005	336.21
40.035	286.708
40.07	286.708
40.105	286.708
40.135	286.708
40.165	286.708
40.19	286.708
40.215	286.708
40.245	270.088
40.28	270.088
40.305	270.088
40.33	270.088
40.37	270.088
40.405	271.088
40.435	271.088
40.47	271.088
40.505	271.088
40.535	271.088
40.57	271.088
40.605	271.088
40.635	271.088
40.67	271.088
40.705	271.088
40.735	271.088
40.77	271.088
40.805	271.088
40.84	250.438
40.87	250.438
40.905	250.438
40.935	250.438
40.97	250.438
41.005	250.438
41.035	250.438
41.07	250.438
41.105	250.438
41.135	250.438
41.17	250.438
41.205	250.438
41.235	250.438
41.27	250.438
41.305	250.438
41.335	250.438
41.37	250.438
41.405	250.438
41.435	250.438
41.47	250.438
41.505	250.438
41.535	250.438
41.57	250.438
41.605	250.438
41.635	250.438
41.67	250.438
41.705	250.438
41.735	250.438
41.77	250.438
41.805	250.438
41.835	250.438
41.87	250.438
41.905	271.473
41.935	271.473
41.97	271.473
42.005	271.473
42.035	271.473
42.07	271.473
42.105	271.473
42.135	271.473
42.17	271.473
42.205	271.473
42.235	271.473
42.27	271.473
42.305	271.473
42.335	271.473
42.37	271.473
42.405	271.473
42.435	271.473
42.47	271.473
42.505	271.473
42.535	271.473
42.57	271.473
42.605	271.473
42.635	271.473
42.67	271.473
42.705	271.473
42.735	271.473
42.77	271.473
42.805	271.473
42.835	271.473
42.87	271.473
42.905	294.191
42.935	294.191
42.97	294.191
43.005	294.191
43.035	294.191
43.07	294.191
43.105	294.191
43.135	294.191
43.17	294.191
43.205	294.191
43.235	294.191
43.27	294.191
43.305	294.191
43.335	294.191
43.37	294.191
43.405	294.191
43.435	294.191
43.47	294.191
43.505	294.191
43.535	294.191
43.57	294.191
43.605	294.191
43.635	294.191
43.665	294.191
43.705	294.191
43.735	294.191
43.77	294.191
43.805	294.191
43.835	294.191
43.87	294.191
43.905	294.191
43.935	294.191
43.97	294.191
44.005	294.191
44.035	294.191
44.07	294.191
44.105	294.191
44.135	294.191
44.17	294.191
44.205	294.191
44.235	294.191
44.26	294.191
44.305	294.191
44.335	294.191
44.37	294.191
44.405	294.191
44.435	294.191
44.47	294.191
44.505	294.191
44.535	294.191
44.57	294.191
44.605	294.191
44.635	294.191
44.67	294.191
44.705	294.191
44.735	294.191
44.76	294.191
44.805	294.191
44.835	294.191
44.87	294.191
44.905	294.191
44.935	294.191
44.97	294.191
45.005	294.191
45.035	294.191
45.07	294.191
45.105	294.191
45.135	294.191
45.17	294.191
45.205	294.191
45.235	294.191
45.265	294.191
45.305	294.191
45.335	294.191
45.365	294.191
45.405	294.191
45.435	294.191
45.47	294.191
45.505	294.191
45.535	294.191
45.57	294.191
45.605	294.191
45.635	294.191
45.67	294.191
45.705	294.191
45.735	294.191
45.77	294.191
45.805	294.191
45.835	294.191
45.87	294.191
45.905	294.191
45.935	294.191
45.97	294.191
46.005	294.191
46.035	294.191
46.07	294.191
46.105	294.191
46.135	294.191
46.17	294.191
46.205	294.191
46.235	294.191
46.27	294.191
46.305	294.191
46.335	294.191
46.37	294.191
46.405	294.191
46.435	294.191
46.47	294.191
46.505	294.191
46.535	294.191
46.57	294.191
46.605	294.191
46.635	294.191
46.67	294.191
46.705	294.191
46.735	294.191
46.77	294.191
46.805	294.191
46.835	294.191
46.87	294.191
46.905	294.191
46.935	294.191
46.97	294.191
47.005	294.191
47.03	294.191
47.07	294.191
47.105	294.191
47.135	294.191
47.17	294.191
47.205	294.191
47.235	294.191
47.27	294.191
47.305	294.191
47.335	294.191
47.37	294.191
47.405	294.191
47.435	294.191
47.47	294.191
47.505	294.191
47.535	294.191
47.57	294.191
47.605	294.191
47.635	294.191
47.67	294.191
47.705	294.191
47.735	294.191
47.77	294.191
47.805	294.191
47.835	294.191
47.87	294.191
47.905	294.191
47.935	294.191
47.97	294.191
48.005	294.191
48.035	294.191
48.07	294.191
48.105	294.191
48.135	294.191
48.17	294.191
48.205	318.726
48.235	318.726
48.27	318.726
48.305	318.726
48.335	318.726
48.37	318.726
48.405	318.726
48.435	318.726
48.47	318.726
48.505	318.726
48.535	318.726
48.57	318.726
48.605	318.726
48.635	318.726
48.67	318.726
48.705	318.726
48.735	318.726
48.77	318.726
48.805	318.726
48.835	318.726
48.87	318.726
48.905	318.726
48.935	318.726
48.97	318.726
49.005	318.726
49.035	318.726
49.07	318.726
49.105	318.726
49.135	318.726
49.17	318.726
49.205	345.224
49.235	345.224
49.27	345.224
49.305	345.224
49.335	345.224
49.37	345.224
49.405	345.224
49.435	345.224
49.47	345.224
49.505	345.224
49.535	345.224
49.57	345.224
49.605	345.224
49.635	345.224
49.67	345.224
49.705	345.224
49.735	345.224
49.77	345.224
49.805	345.224
49.835	345.224
49.87	345.224
49.905	345.224
49.935	345.224
49.97	345.224
50.005	345.224
50.035	345.224
50.07	345.224
50.1	345.224
50.135	345.224
50.17	345.224
50.2	373.842
50.235	373.842
50.27	373.842
50.3	373.842
50.335	373.842
50.37	373.842
50.4	373.842
50.435	373.842
50.47	373.842
50.5	373.842
50.535	373.842
50.57	373.842
50.6	373.842
50.635	373.842
50.67	373.842
50.7	373.842
50.735	373.842
50.77	373.842
50.8	373.842
50.835	373.842
50.87	373.842
50.9	373.842
50.935	373.842
50.97	373.842
51	373.842
51.035	373.842
51.07	373.842
51.1	373.842
51.135	373.842
51.17	373.842
51.2	404.749
51.235	404.749
51.27	404.749
51.3	404.749
51.335	404.749
51.37	404.749
51.4	404.749
51.435	404.749
51.47	404.749
51.5	404.749
51.535	404.749
51.57	404.749
51.6	404.749
51.635	404.749
51.67	404.749
51.7	404.749
51.735	404.749
51.77	404.749
51.8	404.749
51.835	404.749
51.87	404.749
51.9	404.749
51.935	404.749
51.97	404.749
52	404.749
52.035	404.749
52.07	404.749
52.1	404.749
52.135	404.749
52.17	404.749
52.2	404.749
52.235	404.749
52.27	404.749
52.3	404.749
52.335	404.749
52.37	404.749
52.4	438.129
52.435	438.129
52.47	438.129
52.5	438.129
52.535	438.129
52.57	438.129
52.6	438.129
52.635	438.129
52.67	438.129
52.7	438.129
52.735	438.129
52.77	438.129
52.8	438.129
52.835	438.129
52.87	438.129
52.9	438.129
52.935	438.129
52.97	438.129
53	438.129
53.035	438.129
53.07	438.129
53.1	438.129
53.135	438.129
53.17	438.129
53.2	438.129
53.235	438.129
53.27	438.129
53.3	438.129
53.335	438.129
53.37	438.129
53.4	474.179
53.435	474.179
53.47	474.179
53.5	474.179
53.535	474.179
53.57	474.179
53.6	474.179
53.635	474.179
53.67	474.179
53.7	474.179
53.735	474.179
53.77	474.179
53.8	474.179
53.835	474.179
53.87	474.179
53.9	474.179
53.935	474.179
53.97	474.179
54	474.179
54.035	474.179
54.07	474.179
54.1	474.179
54.135	474.179
54.17	474.179
54.2	474.179
54.235	474.179
54.27	474.179
54.3	474.179
54.335	474.179
54.37	474.179
54.4	513.113
54.435	513.113
54.465	513.113
54.5	513.113
54.535	513.113
54.57	513.113
54.6	513.113
54.635	513.113
54.67	513.113
54.7	513.113
54.735	513.113
54.77	513.113
54.8	513.113
54.835	513.113
54.87	513.113
54.9	513.113
54.935	513.113
54.97	513.113
55	513.113
55.035	513.113
55.07	513.113
55.1	513.113
55.135	513.113
55.17	513.113
55.2	513.113
55.235	513.113
55.27	513.113
55.3	513.113
55.335	513.113
55.37	513.113
55.4	513.113
55.435	513.113
55.47	513.113
55.5	513.113
55.535	555.162
55.57	555.162
55.6	555.162
55.635	555.162
55.67	555.162
55.7	555.162
55.735	555.162
55.77	555.162
55.8	555.162
55.835	555.162
55.87	555.162
55.9	555.162
55.935	555.162
55.97	555.162
56	555.162
56.035	555.162
56.07	555.162
56.1	555.162
56.135	555.162
56.17	555.162
56.2	555.162
56.235	555.162
56.27	555.162
56.3	555.162
56.335	555.162
56.37	555.162
56.4	555.162
56.435	555.162
56.47	555.162
56.5	555.162
56.535	600.575
56.57	600.575
56.6	600.575
56.635	600.575
56.67	600.575
56.7	600.575
56.735	600.575
56.77	600.575
56.8	600.575
56.835	600.575
56.87	600.575
56.9	600.575
56.935	600.575
56.97	600.575
57	600.575
57.035	600.575
57.07	600.575
57.1	600.575
57.135	600.575
57.17	600.575
57.2	600.575
57.235	600.575
57.27	600.575
57.3	600.575
57.335	600.575
57.37	600.575
57.4	600.575
57.435	600.575
57.47	600.575
57.5	600.575
57.535	649.621
57.57	649.621
57.6	649.621
57.635	649.621
57.67	649.621
57.7	649.621
57.735	649.621
57.77	649.621
57.8	649.621
57.835	649.621
57.87	649.621
57.9	649.621
57.935	649.621
57.97	649.621
58	649.621
58.035	649.621
58.07	649.621
58.1	649.621
58.135	649.621
58.17	649.621
58.2	649.621
58.235	649.621
58.27	649.621
58.3	649.621
58.335	649.621
58.37	649.621
58.4	649.621
58.435	649.621
58.47	649.621
58.5	649.621
58.535	702.591
58.57	702.591
58.6	702.591
58.635	702.591
58.67	702.591
58.7	702.591
58.735	702.591
58.77	702.591
58.8	702.591
58.835	702.591
58.87	702.591
58.9	702.591
58.935	702.591
58.97	702.591
59	702.591
59.035	702.591
59.07	702.591
59.1	702.591
59.135	702.591
59.17	702.591
59.2	702.591
59.235	702.591
59.27	702.591
59.3	702.591
59.335	702.591
59.37	702.591
59.4	702.591
59.435	702.591
59.47	702.591
59.5	702.591
59.535	759.798
59.57	759.798
59.6	759.798
59.635	759.798
59.67	759.798
59.7	759.798
59.735	759.798
59.77	759.798
59.8	759.798
59.835	759.798
59.87	759.798
59.9	759.798
59.935	759.798
59.97	759.798
60	759.798
60.035	759.798
60.07	759.798
60.1	759.798
60.135	759.798
60.17	759.798
60.2	759.798
60.235	759.798
60.27	759.798
60.3	759.798
60.335	759.798
60.37	759.798
60.4	759.798
60.435	759.798
60.47	759.798
60.5	759.798
60.535	759.798
60.57	759.798
60.6	759.798
60.635	759.798
60.67	759.798
60.7	759.798
60.735	821.582
60.77	821.582
60.8	821.582
60.835	821.582
60.87	821.582
60.9	821.582
60.935	821.582
60.97	821.582
61	821.582
61.035	821.582
61.07	821.582
61.1	821.582
61.135	821.582
61.17	821.582
61.2	821.582
61.235	821.582
61.27	821.582
61.3	821.582
61.335	821.582
61.37	821.582
61.4	821.582
61.435	821.582
61.47	821.582
61.5	821.582
61.535	821.582
61.57	821.582
61.6	821.582
61.635	821.582
61.67	821.582
61.7	821.582
61.735	888.309
61.77	888.309
61.8	888.309
61.835	888.309
61.87	888.309
61.9	888.309
61.935	888.309
61.97	888.309
62	888.309
62.035	888.309
62.07	888.309
62.1	888.309
62.135	888.309
62.17	888.309
62.2	888.309
62.235	888.309
62.27	888.309
62.3	888.309
62.335	888.309
62.37	888.309
62.4	888.309
62.435	888.309
62.47	888.309
62.5	888.309
62.535	888.309
62.57	888.309
62.6	888.309
62.635	888.309
62.67	888.309
62.7	888.309
62.735	960.374
62.77	960.374
62.8	960.374
62.835	960.374
62.87	960.374
62.9	960.374
62.935	960.374
62.97	960.374
63	960.374
63.035	960.374
63.07	960.374
63.1	960.374
63.135	960.374
63.17	960.374
63.2	960.374
63.235	960.374
63.27	960.374
63.3	960.374
63.335	960.374
63.37	960.374
63.4	960.374
63.435	960.374
63.47	960.374
63.5	960.374
63.535	960.374
63.57	960.374
63.6	960.374
63.635	960.374
63.67	960.374
63.7	960.374
63.735	1000
63.77	1000
63.8	1000
63.835	1000
63.87	1000
63.9	1000
63.935	1000
63.97	1000
64	1000
64.035	1000
64.07	1000
64.1	1000
64.135	1000
64.17	1000
64.2	1000
64.235	1000
64.27	1000
64.3	1000
64.335	782.143
64.37	782.143
64.4	782.143
64.435	782.143
64.47	782.143
64.5	663.243
64.535	663.243
64.56	663.243
64.6	663.243
64.635	580.706
64.67	580.706
64.7	580.706
64.735	580.706
64.77	580.706
64.8	581.407
64.835	581.407
64.87	581.407
64.9	581.407
64.935	581.407
64.97	581.407
65	581.407
65.035	581.407
65.07	581.407
65.1	581.407
65.135	581.407
65.17	581.407
65.2	581.407
65.235	581.407
65.27	581.407
65.3	581.407
65.335	581.407
65.37	581.407
65.4	581.407
65.435	581.407
65.47	581.407
65.5	581.407
65.535	581.407
65.57	581.407
65.6	581.407
65.635	581.407
65.67	581.407
65.7	581.407
65.735	581.407
65.77	581.407
65.8	581.407
65.835	581.407
65.87	581.407
65.9	581.407
65.935	581.407
65.97	581.407
66	591.783
66.035	592.536
66.07	592.536
66.1	593.404
66.135	594.198
66.17	594.198
66.2	595.118
66.235	595.949
66.27	595.949
66.3	596.892
66.335	596.892
66.37	596.892
66.4	596.892
66.435	596.892
66.47	596.892
66.5	597.836
66.535	598.674
66.57	598.674
66.6	599.621
66.635	600.462
66.67	600.462
66.7	601.407
66.735	602.25
66.77	602.25
66.8	603.197
66.835	604.039
66.87	604.039
66.9	604.985
66.935	605.824
66.97	605.824
67	606.772
67.035	607.597
67.07	607.597
67.1	608.561
67.135	609.383
67.17	609.383
67.2	610.349
67.235	611.174
67.27	611.174
67.3	612.149
67.335	612.98
67.37	612.98
67.4	613.962
67.435	614.801
67.47	614.801
67.5	615.792
67.535	616.637
67.57	616.637
67.6	617.636
67.635	618.489
67.67	618.489
67.7	619.497
67.735	620.356
67.77	620.356
67.8	621.367
67.835	622.229
67.87	622.229
67.9	623.243
67.935	624.108
67.97	624.108
68	625.125
68.035	625.992
68.07	625.992
68.1	627.012
68.135	627.882
68.17	627.882
68.2	628.9
68.235	629.768
68.27	629.768
68.3	630.789
68.335	631.66
68.37	631.66
68.4	632.683
68.435	633.557
68.47	633.557
68.5	634.584
68.535	635.46
68.57	635.46
68.6	636.49
68.635	637.369
68.67	637.369
68.7	638.402
68.735	639.284
68.77	639.284
68.8	640.32
68.835	641.204
68.87	641.204
68.9	642.238
68.935	643.12
68.97	643.12
69	644.151
69.035	645.031
69.07	645.031
69.1	646.06
69.135	646.937
69.17	646.937
69.2	647.969
69.235	648.849
69.27	648.849
69.3	649.884
69.335	650.767
69.37	650.767
69.4	651.805
69.435	652.69
69.47	652.69
69.5	653.732
69.535	654.639
69.57	654.639
69.6	655.664
69.635	656.574
69.67	656.574
69.7	657.602
69.735	658.514
69.77	658.514
69.8	659.551
69.835	660.471
69.87	660.471
69.9	661.516
69.935	662.444
69.97	662.444
70	663.492
70.035	664.404
70.07	664.404
70.1	665.481
70.135	666.399
70.17	666.399
70.2	667.486
70.235	668.412
70.27	668.412
70.3	669.507
70.335	670.442
70.37	670.442
70.4	671.54
70.435	672.478
70.47	672.478
70.5	673.586
70.535	674.532
70.57	674.532
70.6	675.65
70.635	676.603
70.67	676.603
70.7	677.73
70.735	678.691
70.77	678.691
70.8	679.822
70.835	680.786
70.87	680.786
70.9	681.921
70.935	682.889
70.97	682.889
71	684.026
71.035	684.997
71.07	684.997
71.1	686.138
71.135	687.112
71.17	687.112
71.2	688.256
71.235	689.233
71.27	689.233
71.3	690.381
71.335	691.361
71.37	691.361
71.4	692.512
71.435	693.495
71.47	693.495
71.5	694.65
71.535	695.636
71.57	695.636
71.6	696.795
71.635	697.784
71.67	697.784
71.7	698.94
71.735	699.927
71.77	699.927
71.8	701.08
71.835	702.064
71.87	702.064
71.9	703.221
71.935	704.208
71.97	704.208
72	705.362
72.035	706.347
72.07	706.347
72.1	707.498
72.135	708.48
72.17	708.48
72.2	709.635
72.235	710.62
72.27	710.62
72.3	711.778
72.335	712.767
72.37	712.767
72.4	713.929
72.435	714.92
72.47	714.92
72.5	716.085
72.535	717.166
72.57	717.166
72.595	718.248
72.635	719.332
72.67	719.332
72.7	720.412
72.735	721.494
72.77	721.494
72.8	722.571
72.835	723.65
72.87	723.65
72.9	724.724
72.935	725.801
72.97	725.801
73	726.873
73.035	727.947
73.07	727.947
73.1	729.016
73.135	730.087
73.17	730.087
73.2	731.16
73.235	732.228
73.27	732.228
73.3	733.298
73.335	733.298
73.37	733.298
73.4	733.298
73.435	733.298
73.47	733.298
73.5	733.298
73.535	733.298
73.57	733.298
73.6	733.298
73.635	733.298
73.67	733.298
73.7	733.298
73.735	733.298
73.77	733.298
73.8	733.298
73.835	733.298
73.87	733.298
73.9	733.298
73.935	733.298
73.97	733.298
74	733.298
74.035	733.298
74.07	733.298
74.1	733.298
74.135	733.298
74.17	733.298
74.2	733.298
74.235	733.298
74.27	733.298
74.3	733.298
74.335	733.298
74.37	733.298
74.4	762.482
74.435	765.422
74.47	765.422
74.5	768.373
74.535	771.335
74.57	771.335
74.6	774.309
74.635	777.294
74.67	777.294
74.7	780.291
74.735	783.299
74.77	783.299
74.8	786.319
74.835	789.351
74.87	789.351
74.9	792.394
74.935	792.962
74.97	792.962
75	792.962
75.035	792.962
75.07	792.962
75.1	792.962
75.135	792.962
75.17	792.962
75.2	792.962
75.235	792.962
75.27	792.962
75.3	792.962
75.335	684.684
75.37	684.684
75.4	684.684
75.435	684.684
75.47	684.684
75.5	685.659
75.535	686.635
75.57	686.635
75.6	687.613
75.635	688.592
75.67	688.592
75.7	689.572
75.735	689.572
75.77	689.572
75.8	689.572
75.835	689.572
75.87	689.572
75.9	689.572
75.935	689.572
75.97	689.572
76	690.544
76.035	691.517
76.07	691.517
76.1	692.486
76.135	693.452
76.17	693.452
76.2	694.41
76.235	695.364
76.27	695.364
76.3	695.364
76.335	695.364
76.37	695.364
76.4	490.98
76.435	490.98
76.47	490.98
76.5	490.98
76.535	445.646
76.57	445.646
76.6	445.646
76.635	445.646
76.67	445.646
76.7	445.646
76.735	445.646
76.77	445.646
76.8	445.646
76.835	445.646
76.87	445.646
76.9	445.646
76.935	445.646
76.97	445.646
77	445.646
77.035	445.646
77.07	445.646
77.1	445.646
77.135	445.646
77.17	445.646
77.2	445.646
77.235	446.486
77.27	446.486
77.3	447.327
77.335	448.166
77.37	448.166
77.4	448.166
77.435	448.166
77.47	448.166
77.5	336.567
77.535	336.567
77.57	336.567
77.6	336.567
77.635	336.567
77.67	336.567
77.7	336.567
77.735	337.567
77.77	337.567
77.8	338.868
77.835	340.174
77.87	340.174
77.9	341.486
77.935	342.803
77.97	342.803
78	342.803
78.035	342.803
78.07	342.803
78.1	342.803
78.135	342.803
78.17	342.803
78.2	342.803
78.235	342.803
78.27	342.803
78.3	342.803
78.335	343.803
78.37	343.803
78.4	345.129
78.435	346.46
78.47	346.46
78.5	347.796
78.535	349.137
78.57	349.137
78.6	350.483
78.635	351.834
78.67	351.834
78.7	353.19
78.735	354.552
78.77	354.552
78.8	355.919
78.835	357.291
78.87	357.291
78.9	358.669
78.935	360.052
78.97	360.052
79	361.44
79.035	362.834
79.07	362.834
79.1	364.233
79.135	365.637
79.17	365.637
79.2	367.047
79.235	368.462
79.27	368.462
79.3	369.883
79.335	371.309
79.37	371.309
79.4	372.741
79.435	374.178
79.47	374.178
79.5	375.621
79.535	377.069
79.57	377.069
79.6	378.523
79.635	379.924
79.67	379.924
79.7	381.447
79.735	382.859
79.77	382.859
79.8	384.394
79.835	385.817
79.87	385.817
79.9	387.364
79.935	388.798
79.97	388.798
80	390.357
80.035	391.802
80.07	391.802
80.1	393.373
80.135	394.89
80.17	394.89
80.2	396.412
80.235	397.94
80.27	397.94
80.3	399.474
80.335	401.014
80.37	401.014
80.4	402.56
80.435	404.112
80.465	404.112
80.5	405.67
80.535	407.234
80.57	407.234
80.6	408.804
80.635	408.804
80.67	408.804
80.7	408.804
80.735	408.804
80.77	408.804
80.8	408.804
80.835	408.804
80.87	408.804
80.9	408.804
80.935	408.804
80.97	408.804
81	408.804
81.035	408.804
81.07	408.804
81.1	408.804
81.135	408.804
81.17	408.804
81.2	408.804
81.235	408.804
81.27	408.804
81.3	408.804
81.335	408.804
81.37	408.804
81.4	408.804
81.435	408.804
81.47	408.804
81.5	408.804
81.535	408.804
81.57	408.804
81.6	408.804
81.635	408.804
81.67	408.804
81.695	408.804
81.735	408.804
81.77	408.804
81.8	408.804
81.835	408.804
81.87	408.804
81.9	408.804
81.935	408.804
81.97	408.804
82	408.804
82.035	408.804
82.07	408.804
82.1	408.804
82.135	408.804
82.17	408.804
82.2	408.804
82.235	408.804
82.27	408.804
82.3	408.804
82.335	408.804
82.37	408.804
82.4	408.804
82.435	408.804
82.47	408.804
82.5	408.804
82.535	408.804
82.57	408.804
82.6	408.804
82.635	408.804
82.67	408.804
82.7	408.804
82.735	408.804
82.77	408.804
82.8	408.804
82.835	408.804
82.87	408.804
82.9	408.804
82.935	408.804
82.97	408.804
83	408.804
83.035	408.804
83.07	408.804
83.1	408.804
83.135	408.804
83.17	408.804
83.195	408.804
83.235	408.804
83.27	408.804
83.3	408.804
83.335	408.804
83.37	408.804
83.4	408.804
83.435	408.804
83.47	408.804
83.5	408.804
83.535	408.804
83.57	408.804
83.6	408.804
83.63	408.804
83.67	408.804
83.7	408.804
83.735	408.804
83.77	408.804
83.8	408.804
83.835	408.804
83.87	408.804
83.9	408.804
83.935	408.804
83.97	408.804
84	408.804
84.035	408.804
84.07	408.804
84.1	408.804
84.135	408.804
84.17	408.804
84.2	408.804
84.235	408.804
84.27	408.804
84.3	408.804
84.335	408.804
84.37	408.804
84.4	408.804
84.435	408.804
84.47	408.804
84.5	408.804
84.535	408.804
84.57	408.804
84.6	408.804
84.635	408.804
84.67	408.804
84.7	408.804
84.735	408.804
84.77	408.804
84.8	408.804
84.835	408.804
84.87	408.804
84.9	408.804
84.935	408.804
84.97	408.804
85	408.804
85.035	408.804
85.07	408.804
85.1	408.804
85.135	408.804
85.17	408.804
85.2	408.804
85.235	408.804
85.27	408.804
85.3	408.804
85.335	408.804
85.37	408.804
85.4	408.804
85.435	408.804
85.47	408.804
85.5	408.804
85.535	408.804
85.57	408.804
85.6	408.804
85.635	408.804
85.67	408.804
85.7	408.804
85.735	408.804
85.77	408.804
85.8	408.804
85.835	408.804
85.87	408.804
85.9	442.508
85.935	442.508
85.97	442.508
86	442.508
86.035	442.508
86.07	442.508
86.1	442.508
86.135	442.508
86.17	442.508
86.2	442.508
86.235	442.508
86.27	442.508
86.3	442.508
86.335	442.508
86.37	442.508
86.4	442.508
86.435	442.508
86.47	442.508
86.5	442.508
86.535	442.508
86.57	442.508
86.6	442.508
86.635	442.508
86.67	442.508
86.7	442.508
86.735	442.508
86.77	442.508
86.8	442.508
86.835	442.508
86.87	442.508
86.9	478.909
86.935	478.909
86.97	478.909
87	478.909
87.025	478.909
87.07	478.909
87.1	478.909
87.135	478.909
87.17	478.909
87.2	478.909
87.235	478.909
87.27	478.909
87.3	478.909
87.335	478.909
87.37	478.909
87.4	478.909
87.435	478.909
87.47	478.909
87.5	478.909
87.535	478.909
87.57	478.909
87.6	478.909
87.635	478.909
87.67	478.909
87.7	478.909
87.735	478.909
87.77	478.909
87.8	478.909
87.835	478.909
87.87	478.909
87.9	478.909
87.935	478.909
87.97	478.909
88	478.909
88.035	478.909
88.07	478.909
88.1	478.909
88.135	478.909
88.17	478.909
88.2	478.909
88.235	478.909
88.27	478.909
88.3	478.909
88.335	478.909
88.37	478.909
88.4	478.909
88.435	478.909
88.47	478.909
88.5	478.909
88.535	478.909
88.57	478.909
88.6	478.909
88.635	478.909
88.67	478.909
88.7	478.909
88.725	478.909
88.77	478.909
88.8	478.909
88.835	478.909
88.87	478.909
88.9	478.909
88.935	478.909
88.97	478.909
89	478.909
89.035	478.909
89.07	478.909
89.1	478.909
89.135	478.909
89.17	478.909
89.2	478.909
89.235	478.909
89.27	478.909
89.3	478.909
89.335	478.909
89.37	478.909
89.4	478.909
89.435	478.909
89.47	478.909
89.5	478.909
89.535	478.909
89.57	478.909
89.6	478.909
89.635	478.909
89.67	478.909
89.7	478.909
89.735	478.909
89.77	478.909
89.8	355.774
89.835	355.774
89.87	355.774
89.9	302.894
89.925	302.894
89.97	302.894
90	302.894
90.025	302.894
90.07	272.558
90.1	272.558
90.135	272.558
90.17	272.558
90.2	272.558
90.235	272.558
90.27	272.558
90.3	273.6
90.335	273.6
90.37	273.6
90.4	273.6
90.435	273.6
90.47	273.6
90.5	273.6
90.535	273.6
90.57	273.6
90.6	273.6
90.635	273.6
90.67	273.6
90.7	273.6
90.735	273.6
90.77	273.6
90.8	273.6
90.835	273.6
90.87	273.6
90.9	273.6
90.935	273.6
90.97	273.6
91	273.6
91.035	273.6
91.07	273.6
91.1	274.645
91.135	275.694
91.17	275.694
91.2	276.748
91.235	277.81
91.27	277.81
91.3	278.887
91.335	279.978
91.37	279.978
91.4	281.089
91.435	282.22
91.47	282.22
91.5	283.372
91.535	284.547
91.57	284.547
91.6	285.751
91.635	286.985
91.67	286.985
91.7	288.264
91.735	288.924
91.77	288.924
91.8	289.589
91.835	290.256
91.87	290.256
91.9	290.924
91.935	291.593
91.97	291.593
92	292.264
92.035	292.936
92.07	292.936
92.1	293.611
92.135	294.287
92.17	294.287
92.2	294.287
92.235	294.287
92.27	294.287
92.3	294.287
92.335	294.287
92.37	294.287
92.4	294.287
92.435	294.287
92.47	294.287
92.5	294.287
92.535	294.287
92.57	294.287
92.6	294.287
92.635	294.287
92.67	294.287
92.7	294.287
92.735	294.287
92.77	294.287
92.8	294.287
92.835	294.287
92.87	294.287
92.9	294.287
92.935	294.287
92.97	294.287
93	294.287
93.035	294.287
93.07	294.287
93.1	294.287
93.135	294.287
93.17	294.287
93.2	294.287
93.235	294.287
93.27	294.287
93.3	294.287
93.335	294.287
93.37	294.287
93.4	294.287
93.435	294.287
93.47	294.287
93.5	294.287
93.535	294.287
93.57	294.287
93.6	294.287
93.635	294.287
93.67	294.287
93.7	294.287
93.735	294.287
93.77	294.287
93.8	294.287
93.835	294.287
93.87	294.287
93.9	294.287
93.935	294.287
93.97	294.287
94	294.287
94.035	294.287
94.07	294.287
94.1	294.287
94.135	294.287
94.17	294.287
94.2	294.287
94.235	294.287
94.27	294.287
94.3	294.287
94.335	294.287
94.37	294.287
94.4	294.287
94.435	294.287
94.47	294.287
94.5	294.287
94.535	294.287
94.57	294.287
94.6	294.287
94.635	294.287
94.67	294.287
94.7	294.287
94.735	294.287
94.77	294.287
94.8	294.287
94.835	294.287
94.87	294.287
94.9	294.287
94.935	294.287
94.97	294.287
95	294.287
95.035	294.287
95.07	294.287
95.1	294.287
95.135	294.287
95.17	294.287
95.2	294.287
95.235	294.287
95.27	294.287
95.3	294.287
95.335	318.83
95.37	318.83
95.4	318.83
95.435	318.83
95.47	318.83
95.5	318.83
95.535	318.83
95.57	318.83
95.6	318.83
95.635	318.83
95.67	318.83
95.7	318.83
95.735	318.83
95.77	318.83
95.8	318.83
95.835	318.83
95.87	318.83
95.9	318.83
95.935	318.83
95.97	318.83
96	318.83
96.035	318.83
96.07	318.83
96.1	318.83
96.135	318.83
96.17	318.83
96.2	318.83
96.235	318.83
96.27	318.83
96.3	318.83
96.335	345.336
96.37	345.336
96.4	345.336
96.435	345.336
96.47	345.336
96.495	345.336
96.535	345.336
96.57	345.336
96.6	345.336
96.635	345.336
96.67	345.336
96.7	345.336
96.735	345.336
96.77	345.336
96.8	345.336
96.835	345.336
96.87	345.336
96.9	345.336
96.935	345.336
96.97	345.336
97	345.336
97.035	345.336
97.07	345.336
97.1	345.336
97.135	345.336
97.17	345.336
97.2	345.336
97.235	345.336
97.27	345.336
97.3	345.336
97.335	345.336
97.37	345.336
97.4	345.336
97.435	345.336
97.47	345.336
97.5	345.336
97.535	257.084
97.57	257.084
97.6	257.084
97.635	257.084
97.67	257.084
97.7	256.7
97.735	256.7
97.77	256.7
97.8	256.7
97.835	256.7
97.87	256.7
97.9	256.7
97.935	256.7
97.97	256.7
98	256.7
98.035	256.7
98.07	256.7
98.1	256.7
98.135	256.7
98.17	256.7
98.2	256.7
98.235	256.7
98.27	256.7
98.3	256.7
98.335	256.7
98.37	256.7
98.4	256.7
98.435	256.7
98.47	256.7
98.5	265.293
98.535	266.398
98.57	266.398
98.6	266.398
98.635	268.618
98.67	268.618
98.7	269.742
98.735	270.871
98.77	270.871
98.8	272.005
98.835	273.149
98.87	273.149
98.9	274.304
98.935	275.476
98.97	275.476
99	276.665
99.035	277.872
99.07	277.872
99.1	278.236
99.135	278.236
99.17	278.236
99.2	278.236
99.235	278.236
99.27	278.236
99.3	278.236
99.335	278.236
99.37	278.236
99.4	278.236
99.435	278.236
99.47	278.236
99.5	287.516
99.535	287.516
99.57	287.516
99.6	287.516
99.635	287.516
99.67	287.516
99.7	287.516
99.735	287.516
99.77	287.516
99.8	287.516
99.835	287.516
99.87	287.516
99.9	287.516
99.935	287.516
99.97	287.516
100	287.516
100.035	287.516
100.07	287.516
100.1	287.516
100.135	287.516
100.17	287.516
100.2	287.516
100.235	287.516
100.27	287.516
100.3	287.516
100.335	287.516
100.37	287.516
100.4	287.516
100.435	287.516
100.47	287.516
100.5	287.516
100.535	287.516
100.57	287.516
100.6	304.386
100.635	305.086
100.67	305.086
100.7	305.788
100.735	306.491
100.77	306.491
100.8	307.197
100.835	307.197
100.865	307.197
100.9	308.619
100.935	309.329
100.97	309.329
101	310.041
101.035	310.75
101.07	310.75
101.1	311.465
101.135	311.517
101.17	311.517
101.2	311.517
101.235	311.517
101.27	311.517
101.3	311.517
101.335	311.517
101.37	311.517
101.4	311.517
101.435	311.517
101.47	311.517
101.5	311.517
101.535	311.517
101.57	311.517
101.6	318.653
101.635	318.653
101.67	318.653
101.7	318.653
101.735	318.653
101.77	318.653
101.8	318.653
101.835	318.653
101.87	318.653
101.9	318.653
101.935	318.653
101.97	318.653
102	318.653
102.035	318.653
102.07	318.653
102.1	318.653
102.135	318.653
102.17	318.653
102.2	318.653
102.235	318.653
102.27	318.653
102.3	318.653
102.335	318.653
102.37	318.653
102.4	318.653
102.435	318.653
102.47	318.653
102.5	318.653
102.535	318.653
102.57	318.653
102.6	318.653
102.635	318.653
102.67	318.653
102.7	318.653
102.735	301.226
102.77	301.226
102.8	301.226
102.835	301.226
102.87	301.226
102.9	301.226
102.935	301.226
102.97	301.226
103	301.226
103.035	301.226
103.07	301.226
103.1	301.226
103.135	301.226
103.17	301.226
103.2	301.226
103.235	301.226
103.27	301.226
103.3	301.226
103.335	301.226
103.37	301.226
103.4	301.226
103.435	301.226
103.47	301.226
103.5	301.226
103.535	301.226
103.57	301.226
103.6	301.226
103.635	301.226
103.67	301.226
103.7	301.226
103.735	301.226
103.77	301.226
103.8	301.226
103.835	301.226
103.87	301.226
103.9	301.226
103.935	301.226
103.97	301.226
104	301.226
104.035	301.226
104.07	301.226
104.1	301.226
104.135	301.226
104.17	301.226
104.2	301.226
104.235	301.226
104.27	301.226
104.3	301.226
104.335	301.226
104.37	301.226
104.4	301.226
104.435	301.226
104.47	301.226
104.5	301.226
104.535	301.226
104.57	301.226
104.6	301.226
104.635	301.226
104.67	301.226
104.7	301.226
104.735	301.226
104.77	301.226
104.8	301.226
104.835	301.226
104.87	301.226
104.9	301.226
104.935	301.226
104.97	301.226
105	301.226
105.035	301.226
105.07	301.226
105.1	301.226
105.135	301.226
105.17	301.226
105.2	301.226
105.235	301.226
105.27	301.226
105.3	301.226
105.335	301.226
105.37	301.226
105.4	301.226
105.435	301.226
105.47	301.226
105.5	301.226
105.535	301.226
105.57	301.226
105.6	301.226
105.635	301.226
105.67	301.226
105.7	301.226
105.735	301.226
105.77	301.226
105.8	301.226
105.835	301.226
105.87	301.226
105.9	326.324
105.935	326.324
105.97	326.324
106	326.324
106.035	326.324
106.07	326.324
106.1	326.324
106.135	326.324
106.17	326.324
106.2	326.324
106.235	326.324
106.27	326.324
106.3	326.324
106.335	326.324
106.37	326.324
106.4	326.324
106.435	326.324
106.47	326.324
106.5	326.324
106.535	326.324
106.57	326.324
106.6	326.324
106.635	326.324
106.67	326.324
106.7	326.324
106.735	326.324
106.77	326.324
106.8	326.324
106.835	326.324
106.87	326.324
106.9	353.43
106.935	353.43
106.97	353.43
107	353.43
107.035	353.43
107.07	353.43
107.1	353.43
107.135	353.43
107.17	353.43
107.195	353.43
107.235	353.43
107.27	353.43
107.3	353.43
107.335	353.43
107.37	353.43
107.4	353.43
107.435	353.43
107.47	353.43
107.5	353.43
107.535	353.43
107.57	353.43
107.6	353.43
107.635	353.43
107.67	353.43
107.7	353.43
107.735	353.43
107.77	353.43
107.8	353.43
107.835	353.43
107.87	353.43
107.9	353.43
107.935	353.43
107.97	353.43
108	353.43
108.035	353.43
108.07	353.43
108.1	353.43
108.135	353.43
108.17	353.43
108.2	353.43
108.235	353.43
108.27	353.43
108.3	353.43
108.335	353.43
108.37	353.43
108.4	353.43
108.435	353.43
108.47	353.43
108.5	353.43
108.535	353.43
108.57	353.43
108.6	353.43
108.635	353.43
108.67	353.43
108.7	353.43
108.735	353.43
108.77	353.43
108.8	353.43
108.835	353.43
108.87	353.43
108.9	353.43
108.935	353.43
108.97	353.43
109	353.43
109.035	353.43
109.07	353.43
109.1	353.43
109.135	353.43
109.17	353.43
109.2	353.43
109.235	353.43
109.27	353.43
109.3	353.43
109.335	353.43
109.37	353.43
109.4	353.43
109.435	353.43
109.47	353.43
109.5	353.43
109.535	353.43
109.57	353.43
109.6	353.43
109.635	353.43
109.67	353.43
109.7	353.43
109.735	353.43
109.77	353.43
109.8	353.43
109.835	353.43
109.87	353.43
109.9	353.43
109.935	353.43
109.97	353.43
110	353.43
110.035	353.43
110.07	353.43
110.1	353.43
110.135	353.43
110.17	353.43
110.2	353.43
110.235	353.43
110.27	353.43
110.3	353.43
110.335	353.43
110.37	353.43
110.4	353.43
110.435	353.43
110.47	353.43
110.5	353.43
110.535	353.43
110.57	353.43
110.6	353.43
110.635	353.43
110.67	353.43
110.7	353.43
110.735	353.43
110.77	353.43
110.8	353.43
110.835	353.43
110.87	353.43
110.9	353.43
110.935	353.43
110.97	353.43
111	353.43
111.035	353.43
111.07	353.43
111.1	353.43
111.135	382.704
111.17	382.704
111.2	382.704
111.235	382.704
111.27	382.704
111.3	382.704
111.335	382.704
111.37	382.704
111.4	276.956
111.435	276.956
111.47	276.956
111.5	276.956
111.535	276.956
111.57	276.956
111.6	276.956
111.635	276.956
111.67	276.956
111.7	278.15
111.735	279.303
111.77	279.303
111.8	280.508
111.835	281.671
111.87	281.671
111.9	282.886
111.935	282.886
111.97	282.886
112	282.886
112.035	282.886
112.07	282.886
112.1	282.886
112.135	282.886
112.17	282.886
112.2	282.886
112.235	282.886
112.27	282.886
112.3	282.886
112.335	282.886
112.37	282.886
112.4	282.886
112.435	282.886
112.47	282.886
112.5	282.886
112.535	282.886
112.57	282.886
112.6	282.886
112.635	282.886
112.67	282.886
112.7	282.886
112.735	282.886
112.77	282.886
112.8	282.886
112.835	282.886
112.87	282.886
112.9	282.886
112.935	282.886
112.97	282.886
113	282.886
113.035	282.886
113.07	282.886
113.1	282.886
113.135	282.886
113.17	282.886
113.2	282.886
113.235	282.886
113.27	282.886
113.3	282.886
113.335	282.886
113.37	282.886
113.4	282.886
113.435	282.886
113.47	282.886
113.5	282.886
113.535	282.886
113.57	282.886
113.6	282.886
113.635	282.886
113.67	282.886
113.7	282.886
113.735	282.886
113.77	282.886
113.8	282.886
113.835	282.886
113.87	282.886
113.9	282.886
113.935	282.886
113.97	282.886
114	282.886
114.035	282.886
114.07	282.886
114.1	282.886
114.135	282.886
114.17	282.886
114.2	282.886
114.235	282.886
114.27	282.886
114.3	282.886
114.335	282.886
114.37	282.886
114.4	282.886
114.435	282.886
114.47	282.886
114.5	282.886
114.535	282.886
114.57	282.886
114.6	282.886
114.635	282.886
114.67	282.886
114.7	282.886
114.735	282.886
114.77	282.886
114.8	282.886
114.835	282.886
114.87	282.886
114.9	282.886
114.935	282.886
114.97	282.886
115	282.886
115.035	282.886
115.07	282.886
115.1	282.886
115.135	282.886
115.17	282.886
115.2	282.886
115.235	282.886
115.27	282.886
115.3	306.517
115.335	306.517
115.37	306.517
115.4	306.517
115.435	306.517
115.47	306.517
115.5	306.517
115.535	306.517
115.57	306.517
115.6	306.517
115.635	306.517
115.67	306.517
115.7	306.517
115.735	306.517
115.77	306.517
115.8	306.517
115.835	306.517
115.87	306.517
115.9	306.517
115.935	306.517
115.97	306.517
116	306.517
116.035	306.517
116.07	306.517
116.1	306.517
116.135	306.517
116.17	306.517
116.2	306.517
116.235	306.517
116.27	306.517
116.3	332.038
116.335	332.038
116.37	332.038
116.4	332.038
116.435	332.038
116.47	332.038
116.5	332.038
116.535	332.038
116.57	332.038
116.6	332.038
116.635	332.038
116.67	332.038
116.7	332.038
116.735	332.038
116.77	332.038
116.8	332.038
116.835	332.038
116.87	332.038
116.9	332.038
116.935	332.038
116.97	332.038
117	332.038
117.035	332.038
117.07	332.038
117.1	332.038
117.135	332.038
117.17	332.038
117.2	332.038
117.235	332.038
117.27	332.038
117.3	359.601
117.335	359.601
117.37	359.601
117.4	359.601
117.435	359.601
117.47	359.601
117.5	359.601
117.535	359.601
117.57	359.601
117.6	359.601
117.635	359.601
117.67	359.601
117.7	359.601
117.735	359.601
117.77	359.601
117.8	359.601
117.835	359.601
117.87	359.601
117.9	359.601
117.935	359.601
117.97	359.601
118	359.601
118.035	359.601
118.07	359.601
118.1	359.601
118.135	359.601
118.17	359.601
118.2	359.601
118.225	359.601
118.27	359.601
118.3	359.601
118.335	359.601
118.37	359.601
118.4	359.601
118.435	359.601
118.47	359.601
118.5	359.601
118.535	359.601
118.57	359.601
118.6	359.601
118.635	359.601
118.67	359.601
118.7	359.601
118.735	359.601
118.77	359.601
118.8	359.601
118.835	359.601
118.87	359.601
118.9	359.601
118.935	359.601
118.97	359.601
119	359.601
119.035	359.601
119.07	359.601
119.1	359.601
119.135	359.601
119.17	359.601
119.2	359.601
119.235	359.601
119.27	359.601
119.3	359.601
119.335	359.601
119.37	359.601
119.4	359.601
119.435	359.601
119.47	359.601
119.5	359.601
119.535	359.601
119.57	359.601
119.6	359.601
119.635	359.601
119.67	359.601
119.7	359.601
119.735	359.601
119.77	359.601
119.8	359.601
119.835	359.601
119.87	359.601
119.9	359.601
119.935	359.601
119.97	359.601
120	359.601
120.035	359.601
120.07	359.601
120.1	359.601
120.135	359.601
120.17	359.601
120.2	359.601
120.235	359.601
120.27	359.601
120.3	359.601
120.335	359.601
120.37	359.601
120.4	359.601
120.435	359.601
120.47	359.601
120.5	359.601
120.535	359.601
120.57	359.601
120.6	359.601
120.635	359.601
120.67	359.601
120.7	359.601
120.735	359.601
120.77	359.601
120.8	359.601
120.835	359.601
120.87	359.601
120.9	359.601
120.935	359.601
120.97	359.601
121	359.601
121.035	359.601
121.07	359.601
121.1	359.601
121.135	359.601
121.17	359.601
121.2	359.601
121.235	359.601
121.27	359.601
121.3	359.601
121.335	359.601
121.37	359.601
121.4	359.601
121.435	359.601
121.47	359.601
121.5	359.601
121.535	359.601
121.57	359.601
121.6	389.369
121.635	389.369
121.67	389.369
121.7	389.369
121.735	389.369
121.77	389.369
121.8	389.369
121.835	389.369
121.87	389.369
121.9	389.369
121.935	389.369
121.97	389.369
122	389.369
122.035	389.369
122.07	389.369
122.1	389.369
122.135	389.369
122.17	389.369
122.2	389.369
122.235	389.369
122.27	389.369
122.3	389.369
122.335	389.369
122.37	389.369
122.4	389.369
122.435	389.369
122.47	389.369
122.5	389.369
122.535	389.369
122.57	389.369
122.6	421.519
122.625	421.519
122.67	421.519
122.7	421.519
122.735	421.519
122.77	421.519
122.8	421.519
122.835	421.519
122.87	421.519
122.9	421.519
122.935	421.519
122.97	421.519
123	421.519
123.035	421.519
123.07	421.519
123.1	421.519
123.135	421.519
123.17	421.519
123.2	421.519
123.235	421.519
123.27	421.519
123.3	421.519
123.335	421.519
123.37	421.519
123.4	421.519
123.435	421.519
123.47	421.519
123.5	421.519
123.535	421.519
123.57	421.519
123.6	456.241
123.635	456.241
123.67	456.241
123.7	456.241
123.735	456.241
123.77	456.241
123.8	456.241
123.835	456.241
123.87	456.241
123.9	456.241
123.935	456.241
123.97	456.241
124	456.241
124.035	456.241
124.07	456.241
124.1	456.241
124.135	456.241
124.17	456.241
124.2	456.241
124.235	456.241
124.27	456.241
124.3	456.241
124.335	456.241
124.37	456.241
124.4	456.241
124.435	456.241
124.47	456.241
124.5	456.241
124.535	456.241
124.57	456.241
124.6	456.241
124.635	456.241
124.67	456.241
124.7	456.241
124.735	456.241
124.77	456.241
124.8	456.241
124.835	456.241
124.87	456.241
124.9	456.241
124.935	456.241
124.97	456.241
125	456.241
125.035	456.241
125.07	456.241
125.1	456.241
125.135	456.241
125.17	456.241
125.2	456.241
125.235	456.241
125.27	456.241
125.3	456.241
125.335	456.241
125.37	456.241
125.4	456.241
125.435	456.241
125.47	456.241
125.5	456.241
125.535	456.241
125.57	456.241
125.6	456.241
125.635	456.241
125.67	456.241
125.7	456.241
125.735	456.241
125.77	456.241
125.8	493.74
125.835	493.74
125.87	493.74
125.9	493.74
125.935	493.74
125.97	493.74
126	493.74
126.035	493.74
126.07	493.74
126.1	493.74
126.135	493.74
126.17	493.74
126.2	493.74
126.235	493.74
126.27	493.74
126.3	493.74
126.335	493.74
126.37	493.74
126.4	493.74
126.435	493.74
126.47	493.74
126.5	493.74
126.535	493.74
126.57	493.74
126.6	493.74
126.635	493.74
126.67	493.74
126.7	493.74
126.735	493.74
126.77	493.74
126.8	534.239
126.835	534.239
126.87	534.239
126.9	333.989
126.935	333.989
126.97	333.989
127	333.989
127.035	278.025
127.07	278.025
127.095	278.025
127.125	278.025
127.17	278.025
127.2	228.76
127.235	228.76
127.27	228.76
127.3	229.6
127.335	229.6
127.37	229.6
127.4	229.6
127.435	229.6
127.47	229.6
127.5	229.6
127.535	229.6
127.57	229.6
127.6	229.6
127.635	229.6
127.67	229.6
127.7	229.6
127.735	229.6
127.77	229.6
127.8	229.6
127.835	229.6
127.87	229.6
127.9	229.6
127.935	229.6
127.97	229.6
128	229.6
128.035	229.6
128.07	229.6
128.1	229.6
128.135	229.6
128.17	229.6
128.2	229.6
128.235	229.6
128.27	229.6
128.3	229.6
128.335	229.6
128.365	229.6
128.4	229.6
128.435	229.6
128.47	229.6
128.5	229.6
128.535	229.6
128.57	229.6
128.6	229.6
128.635	229.6
128.67	229.6
128.7	229.6
128.735	229.6
128.77	229.6
128.8	229.6
128.835	229.6
128.87	229.6
128.9	229.6
128.935	229.6
128.97	229.6
129	229.6
129.035	229.6
129.07	229.6
129.1	229.6
129.135	229.6
129.17	229.6
129.2	229.6
129.235	229.6
129.27	229.6
129.3	229.6
129.335	229.6
129.37	229.6
129.4	229.6
129.435	229.6
129.47	229.6
129.5	229.6
129.535	229.6
129.57	229.6
129.6	229.6
129.635	229.6
129.67	229.6
129.7	229.6
129.735	229.6
129.77	229.6
129.8	229.6
129.835	229.6
129.87	229.6
129.9	229.6
129.935	229.6
129.97	229.6
130	248.968
130.035	248.968
130.07	248.968
130.1	248.968
130.135	248.968
130.17	248.968
130.2	248.968
130.235	248.968
130.27	248.968
130.3	248.968
130.335	248.968
130.37	248.968
130.4	248.968
130.435	248.968
130.47	248.968
130.5	248.968
130.535	248.968
130.57	248.968
130.6	248.968
130.635	248.968
130.67	248.968
130.7	248.968
130.735	248.968
130.77	248.968
130.8	248.968
130.835	248.968
130.87	248.968
130.9	248.968
130.935	248.968
130.97	248.968
131	269.885
131.035	269.885
131.07	269.885
131.1	269.885
131.135	269.885
131.17	269.885
131.2	269.885
131.235	269.885
131.27	269.885
131.3	269.885
131.335	269.885
131.37	269.885
131.4	269.885
131.435	269.885
131.47	269.885
131.5	269.885
131.535	269.885
131.57	269.885
131.6	269.885
131.635	269.885
131.67	269.885
131.7	269.885
131.735	269.885
131.77	269.885
131.8	269.885
131.835	269.885
131.87	269.885
131.9	269.885
131.935	269.885
131.97	269.885
132	292.476
132.035	292.476
132.07	292.476
132.1	292.476
132.135	292.476
132.17	292.476
132.2	292.476
132.235	292.476
132.27	292.476
132.3	292.476
132.335	292.476
132.37	292.476
132.4	292.476
132.435	292.476
132.47	292.476
132.5	292.476
132.535	292.476
132.57	292.476
132.6	292.476
132.635	292.476
132.67	292.476
132.7	292.476
132.735	292.476
132.77	292.476
132.8	292.476
132.835	292.476
132.87	292.476
132.9	292.476
132.935	292.476
132.97	292.476
133	292.476
133.035	292.476
133.07	292.476
133.1	292.476
133.135	292.476
133.17	292.476
133.2	292.476
133.235	292.476
133.27	292.476
133.3	292.476
133.335	292.476
133.37	292.476
133.4	292.476
133.435	292.476
133.47	292.476
133.5	292.476
133.535	292.476
133.57	292.476
133.6	292.476
133.635	292.476
133.67	292.476
133.7	292.476
133.735	292.476
133.77	292.476
133.8	292.476
133.835	292.476
133.87	292.476
133.9	292.476
133.935	292.476
133.97	292.476
134	292.476
134.035	292.476
134.07	292.476
134.1	292.476
134.135	292.476
134.17	292.476
134.2	316.874
134.235	316.874
134.27	316.874
134.3	316.874
134.335	316.874
134.37	316.874
134.4	316.874
134.435	316.874
134.47	316.874
134.5	316.874
134.535	316.874
134.57	316.874
134.6	316.874
134.635	316.874
134.67	316.874
134.7	316.874
134.735	316.874
134.77	316.874
134.8	316.874
134.835	316.874
134.87	316.874
134.9	316.874
134.935	316.874
134.97	316.874
135	316.874
135.035	316.874
135.07	316.874
135.1	316.874
135.135	316.874
135.17	316.874
135.2	343.224
135.235	343.224
135.27	343.224
135.3	343.224
135.335	343.224
135.37	343.224
135.4	343.224
135.435	343.224
135.47	343.224
135.5	343.224
135.535	343.224
135.57	343.224
135.6	343.224
135.635	343.224
135.67	343.224
135.7	343.224
135.735	343.224
135.77	343.224
135.8	343.224
135.835	343.224
135.87	343.224
135.9	343.224
135.935	343.224
135.97	343.224
136	343.224
136.035	343.224
136.07	343.224
136.1	343.224
136.135	343.224
136.17	343.224
136.2	371.682
136.235	371.682
136.27	371.682
136.3	371.682
136.335	371.682
136.37	371.682
136.4	371.682
136.435	371.682
136.47	371.682
136.5	371.682
136.535	371.682
136.57	371.682
136.6	371.682
136.635	371.682
136.67	371.682
136.7	371.682
136.735	371.682
136.77	371.682
136.8	371.682
136.835	371.682
136.87	371.682
136.9	371.682
136.935	371.682
136.97	371.682
137	371.682
137.035	371.682
137.07	371.682
137.1	371.682
137.135	371.682
137.17	371.682
137.2	402.417
137.235	402.417
137.27	402.417
137.3	402.417
137.335	402.417
137.37	402.417
137.4	402.417
137.435	402.417
137.47	402.417
137.5	402.417
137.535	402.417
137.57	402.417
137.6	402.417
137.635	402.417
137.67	402.417
137.7	402.417
137.735	402.417
137.77	402.417
137.8	402.417
137.835	402.417
137.87	402.417
137.9	402.417
137.935	402.417
137.97	402.417
138	402.417
138.035	402.417
138.07	402.417
138.1	402.417
138.135	402.417
138.17	402.417
138.2	435.61
138.225	435.61
138.265	435.61
138.3	435.61
138.335	435.61
138.37	435.61
138.4	435.61
138.435	435.61
138.47	435.61
138.5	435.61
138.535	435.61
138.57	435.61
138.6	435.61
138.635	435.61
138.67	435.61
138.7	435.61
138.735	435.61
138.77	435.61
138.8	435.61
138.835	435.61
138.87	435.61
138.9	435.61
138.935	435.61
138.97	435.61
139	435.61
139.035	435.61
139.07	435.61
139.1	435.61
139.135	435.61
139.17	435.61
139.2	435.61
139.235	435.61
139.27	435.61
139.3	435.61
139.335	435.61
139.37	435.61
139.4	435.61
139.435	471.459
139.47	471.459
139.5	471.459
139.535	471.459
139.57	471.459
139.6	471.459
139.635	471.459
139.67	471.459
139.7	471.459
139.735	471.459
139.77	471.459
139.8	471.459
139.835	471.459
139.87	471.459
139.9	471.459
139.935	471.459
139.97	471.459
140	471.459
140.035	471.459
140.07	471.459
140.1	471.459
140.135	471.459
140.17	471.459
140.2	471.459
140.235	471.459
140.27	471.459
140.3	471.459
140.335	471.459
140.37	471.459
140.4	471.459
140.435	510.176
140.47	510.176
140.5	510.176
140.535	510.176
140.57	510.176
140.6	510.176
140.635	510.176
140.67	510.176
140.7	510.176
140.735	510.176
140.77	510.176
140.8	510.176
140.835	510.176
140.87	510.176
140.9	510.176
140.935	510.176
140.97	510.176
141	510.176
141.035	510.176
141.07	510.176
141.1	510.176
141.135	510.176
141.17	510.176
141.2	510.176
141.235	510.176
141.27	510.176
141.3	510.176
141.335	510.176
141.37	510.176
141.4	510.176
141.435	551.99
141.47	551.99
141.5	551.99
141.535	551.99
141.57	551.99
141.6	551.99
141.635	551.99
141.67	551.99
141.695	551.99
141.735	551.99
141.77	551.99
141.8	551.99
141.835	551.99
141.87	551.99
141.9	551.99
141.935	551.99
141.97	551.99
142	551.99
142.035	551.99
142.07	551.99
142.1	551.99
142.135	551.99
142.17	551.99
142.2	551.99
142.235	551.99
142.27	551.99
142.3	551.99
142.335	551.99
142.37	551.99
142.4	551.99
142.435	597.149
142.47	597.149
142.5	597.149
142.535	597.149
142.57	597.149
142.6	597.149
142.635	597.149
142.67	597.149
142.7	597.149
142.735	597.149
142.77	597.149
142.8	597.149
142.835	597.149
142.87	597.149
142.9	597.149
142.935	597.149
142.97	597.149
143	597.149
143.035	597.149
143.07	597.149
143.1	597.149
143.135	597.149
143.17	597.149
143.2	597.149
143.235	597.149
143.27	597.149
143.3	597.149
143.335	597.149
143.37	597.149
143.4	597.149
143.435	597.149
143.47	597.149
143.5	597.149
143.535	597.149
143.57	597.149
143.6	645.921
143.635	645.921
143.67	645.921
143.7	645.921
143.735	645.921
143.765	645.921
143.8	645.921
143.835	645.921
143.87	645.921
143.9	645.921
143.935	645.921
143.97	645.921
144	489.315
144.035	489.315
144.07	489.315
144.1	489.315
144.135	489.315
144.17	489.315
144.2	489.315
144.235	490.324
144.27	490.324
144.3	491.335
144.335	491.335
144.37	491.335
144.4	491.335
144.435	491.335
144.47	491.335
144.5	492.343
144.535	493.353
144.57	493.353
144.6	494.365
144.635	495.379
144.67	495.379
144.7	496.395
144.735	497.413
144.77	497.413
144.8	498.434
144.835	499.457
144.87	499.457
144.9	500.482
144.935	501.509
144.97	501.509
145	502.538
145.035	503.569
145.07	503.569
145.1	504.602
145.135	505.637
145.17	505.637
145.2	506.675
145.235	507.715
145.27	507.715
145.3	508.757
145.335	509.806
145.37	509.806
145.4	510.857
145.435	511.916
145.47	511.916
145.5	512.977
145.535	514.046
145.57	514.046
145.6	515.117
145.635	516.195
145.67	516.195
145.7	516.195
145.735	516.195
145.77	516.195
145.8	516.195
145.835	516.195
145.87	516.195
145.9	516.195
145.935	516.195
145.97	516.195
146	516.195
146.035	516.195
146.07	516.195
146.1	516.195
146.135	516.195
146.17	516.195
146.2	516.195
146.235	516.195
146.27	516.195
146.3	516.195
146.335	516.195
146.37	516.195
146.4	516.195
146.435	516.195
146.47	516.195
146.5	516.195
146.535	516.195
146.57	516.195
146.6	516.195
146.635	516.195
146.67	516.195
146.7	516.195
146.735	516.195
146.77	516.195
146.8	516.195
146.835	516.195
146.87	516.195
146.9	331.98
146.935	331.98
146.97	331.98
147	331.98
147.035	291.707
147.07	291.707
147.1	291.707
147.135	291.707
147.17	291.707
147.2	291.707
147.235	291.707
147.27	291.707
147.3	291.707
147.335	291.707
147.37	291.707
147.4	291.707
147.435	291.707
147.47	291.707
147.5	291.707
147.535	291.707
147.57	291.707
147.6	291.707
147.635	291.707
147.67	291.707
147.7	291.707
147.735	291.707
147.77	291.707
147.8	292.293
147.835	292.293
147.87	292.293
147.9	292.293
147.935	292.293
147.97	292.293
148	292.293
148.035	292.293
148.07	292.293
148.1	292.901
148.135	293.42
148.17	293.42
148.2	294.034
148.235	294.561
148.27	294.561
148.3	295.186
148.335	295.724
148.37	295.724
148.4	296.363
148.435	296.915
148.47	296.915
148.5	297.573
148.535	298.146
148.57	298.146
148.6	298.833
148.635	299.433
148.67	299.433
148.7	300.157
148.735	300.789
148.77	300.789
148.8	301.541
148.835	302.182
148.87	302.182
148.9	302.938
148.935	303.583
148.97	303.583
149	304.342
149.035	304.99
149.07	304.99
149.1	305.753
149.135	306.404
149.17	306.404
149.2	307.166
149.235	307.816
149.27	307.816
149.3	308.577
149.335	309.227
149.37	309.227
149.4	309.987
149.435	310.636
149.47	310.636
149.5	311.395
149.535	312.043
149.57	312.043
149.6	312.801
149.635	313.449
149.67	313.449
149.7	314.211
149.735	314.862
149.77	314.862
149.8	315.627
149.835	316.281
149.87	316.281
149.9	317.05
149.935	317.707
149.97	317.707
150	318.479
150.035	319.196
150.07	319.196
150.1	319.914
150.135	320.577
150.17	320.577
150.2	321.356
150.235	322.022
150.27	322.022
150.3	322.805
150.335	323.474
150.37	323.474
150.4	324.26
150.435	324.932
150.47	324.932
150.5	325.722
150.535	326.397
150.57	326.397
150.6	327.19
150.635	327.868
150.67	327.868
150.7	328.661
150.735	329.338
150.77	329.338
150.8	330.134
150.835	330.814
150.87	330.814
150.9	331.614
150.935	332.297
150.97	332.297
151	333.101
151.035	333.787
151.07	333.787
151.1	334.595
151.135	335.284
151.17	335.284
151.2	336.1
151.235	336.796
151.27	336.796
151.3	337.615
151.335	338.315
151.37	338.315
151.4	339.138
151.435	339.841
151.47	339.841
151.5	340.667
151.535	341.373
151.57	341.373
151.6	342.203
151.635	342.912
151.67	342.912
151.7	343.746
151.735	344.458
151.77	344.458
151.8	345.296
151.835	346.012
151.87	346.012
151.9	346.853
151.935	347.572
151.97	347.572
152	347.572
152.035	347.572
152.07	347.572
152.1	347.572
152.135	347.572
152.17	347.572
152.2	347.572
152.235	347.572
152.27	347.572
152.3	347.572
152.335	347.572
152.37	347.572
152.4	347.572
152.435	347.572
152.47	347.572
152.5	347.572
152.535	347.572
152.57	347.572
152.6	347.572
152.635	347.572
152.67	347.572
152.7	347.572
152.735	347.572
152.77	347.572
152.8	347.572
152.835	347.572
152.87	347.572
152.9	347.572
152.935	347.572
152.97	347.572
153	347.572
153.035	347.572
153.07	347.572
153.1	347.572
153.135	347.572
153.17	347.572
153.2	347.572
153.235	347.572
153.27	347.572
153.3	347.572
153.335	347.572
153.37	347.572
153.4	347.572
153.435	347.572
153.47	347.572
153.5	347.572
153.535	347.572
153.57	347.572
153.6	347.572
153.635	347.572
153.67	347.572
153.7	347.572
153.735	347.572
153.77	347.572
153.8	347.572
153.835	347.572
153.87	347.572
153.9	347.572
153.935	347.572
153.97	347.572
154	347.572
154.035	347.572
154.07	347.572
154.1	347.572
154.135	347.572
154.17	347.572
154.2	347.572
154.235	347.572
154.27	347.572
154.3	347.572
154.335	347.572
154.37	347.572
154.4	347.572
154.435	347.572
154.47	347.572
154.5	347.572
154.535	347.572
154.57	347.572
154.6	347.572
154.635	347.572
154.67	347.572
154.7	347.572
154.735	347.572
154.77	347.572
154.8	347.572
154.835	347.572
154.87	347.572
154.9	347.572
154.935	347.572
154.97	347.572
155	347.572
155.035	347.572
155.07	347.572
155.1	347.572
155.135	347.572
155.17	347.572
155.2	347.572
155.235	347.572
155.27	347.572
155.3	347.572
155.335	347.572
155.37	347.572
155.4	347.572
155.435	347.572
155.47	347.572
155.5	347.572
155.535	347.572
155.57	347.572
155.6	347.572
155.635	347.572
155.67	347.572
155.7	347.572
155.735	347.572
155.77	347.572
155.8	347.572
155.835	347.572
155.87	347.572
155.9	347.572
155.935	347.572
155.97	347.572
156	347.572
156.035	347.572
156.07	347.572
156.1	347.572
156.135	347.572
156.17	347.572
156.2	376.378
156.235	376.378
156.27	376.378
156.3	376.378
156.335	376.378
156.37	376.378
156.4	376.378
156.435	376.378
156.47	376.378
156.5	376.378
156.535	376.378
156.57	376.378
156.6	376.378
156.635	376.378
156.67	376.378
156.7	376.378
156.735	376.378
156.77	376.378
156.8	376.378
156.835	376.378
156.87	376.378
156.9	376.378
156.935	376.378
156.97	376.378
157	376.378
157.035	376.378
157.07	376.378
157.1	376.378
157.135	376.378
157.17	376.378
157.2	407.488
157.235	407.488
157.27	407.488
157.3	407.488
157.335	407.488
157.37	407.488
157.4	407.488
157.435	407.488
157.47	407.488
157.5	407.488
157.535	407.488
157.57	407.488
157.6	407.488
157.635	407.488
157.67	407.488
157.7	407.488
157.735	407.488
157.77	407.488
157.8	407.488
157.835	407.488
157.87	407.488
157.9	407.488
157.935	407.488
157.97	407.488
158	407.488
158.035	407.488
158.07	407.488
158.1	407.488
158.135	407.488
158.17	407.488
158.2	441.087
158.235	441.087
158.27	441.087
158.3	441.087
158.335	441.087
158.37	441.087
158.4	441.087
158.435	441.087
158.47	441.087
158.5	441.087
158.535	441.087
158.57	441.087
158.6	441.087
158.635	441.087
158.67	441.087
158.7	441.087
158.735	441.087
158.77	441.087
158.8	441.087
158.835	441.087
158.87	441.087
158.9	441.087
158.935	441.087
158.97	441.087
159	441.087
159.035	441.087
159.07	441.087
159.1	441.087
159.135	441.087
159.17	441.087
159.2	477.374
159.235	477.374
159.27	477.374
159.3	477.374
159.335	477.374
159.37	477.374
159.4	477.374
159.435	477.374
159.47	477.374
159.5	477.374
159.535	477.374
159.57	477.374
159.6	477.374
159.635	477.374
159.67	477.374
159.7	477.374
159.735	477.374
159.77	477.374
159.8	477.374
159.835	477.374
159.87	477.374
159.9	477.374
159.935	477.374
159.97	477.374
160	477.374
160.035	477.374
160.07	477.374
160.1	477.374
160.125	477.374
160.17	477.374
160.2	516.564
160.235	516.564
160.27	516.564
160.3	516.564
160.335	516.564
160.37	516.564
160.4	516.564
160.435	516.564
160.47	516.564
160.5	516.564
160.535	516.564
160.57	516.564
160.6	516.564
160.635	516.564
160.67	516.564
160.7	516.564
160.735	516.564
160.77	516.564
160.8	516.564
160.835	516.564
160.87	516.564
160.9	516.564
160.935	516.564
160.97	516.564
161	516.564
161.035	516.564
161.07	516.564
161.1	516.564
161.135	516.564
161.17	516.564
161.2	516.564
161.235	516.564
161.27	516.564
161.3	516.564
161.335	516.564
161.37	516.564
161.4	516.564
161.435	516.564
161.47	516.564
161.5	516.564
161.535	516.564
161.57	516.564
161.6	516.564
161.635	516.564
161.67	516.564
161.7	516.564
161.735	516.564
161.77	516.564
161.8	516.564
161.825	516.564
161.87	516.564
161.9	516.564
161.935	516.564
161.97	516.564
162	516.564
162.035	516.564
162.07	516.564
162.1	516.564
162.135	516.564
162.17	516.564
162.2	516.564
162.235	516.564
162.265	516.564
162.3	516.564
162.335	516.564
162.37	516.564
162.4	516.564
162.435	516.564
162.47	516.564
162.5	516.564
162.535	516.564
162.57	516.564
162.6	516.564
162.635	516.564
162.67	516.564
162.7	516.564
162.735	516.564
162.77	516.564
162.8	516.564
162.835	516.564
162.87	516.564
162.9	516.564
162.935	516.564
162.97	516.564
163	516.564
163.035	516.564
163.07	516.564
163.1	516.564
163.135	516.564
163.17	516.564
163.2	516.564
163.235	516.564
163.27	516.564
163.3	516.564
163.335	516.564
163.37	516.564
163.4	415.778
163.435	415.778
163.47	415.778
163.5	416.694
163.53	417.612
163.57	417.612
163.6	418.527
163.635	419.444
163.67	419.444
163.7	420.363
163.735	420.363
163.77	420.363
163.8	420.363
163.835	420.363
163.87	420.363
163.9	420.363
163.935	421.289
163.97	421.289
164	422.222
164.035	423.158
164.07	423.158
164.1	424.096
164.135	425.036
164.17	425.036
164.2	425.983
164.235	426.932
164.27	426.932
164.3	427.883
164.335	428.836
164.37	428.836
164.4	429.792
164.435	430.75
164.47	430.75
164.5	431.71
164.535	432.672
164.57	432.672
164.6	433.636
164.635	434.602
164.67	434.602
164.7	435.57
164.735	436.541
164.77	436.541
164.8	437.519
164.835	438.499
164.87	438.499
164.9	439.487
164.935	440.477
164.97	440.477
165	441.474
165.035	442.473
165.07	442.473
165.1	443.48
165.135	444.489
165.17	444.489
165.2	445.506
165.235	446.525
165.27	446.525
165.3	447.548
165.335	448.573
165.37	448.573
165.4	449.6
165.435	450.629
165.47	450.629
165.5	451.66
165.535	452.694
165.57	452.694
165.6	453.73
165.635	454.769
165.67	454.769
165.7	455.81
165.735	456.853
165.77	456.853
165.8	457.899
165.835	458.947
165.87	458.947
165.9	459.997
165.935	461.05
165.97	461.05
166	462.106
166.035	463.164
166.07	463.164
166.1	464.224
166.135	465.286
166.17	465.286
166.2	466.351
166.235	467.419
166.27	467.419
166.3	468.489
166.335	469.561
166.37	469.561
166.4	470.635
166.435	471.713
166.47	471.713
166.5	472.793
166.535	473.875
166.57	473.875
166.6	473.875
166.635	473.875
166.67	473.875
166.7	473.875
166.735	473.875
166.77	473.875
166.8	473.875
166.835	473.875
166.87	473.875
166.9	473.875
166.935	473.875
166.97	473.875
167	473.875
167.035	473.875
167.07	473.875
167.1	473.875
167.135	473.875
167.17	473.875
167.2	473.875
167.235	473.875
167.27	473.875
167.3	473.875
167.335	473.875
167.37	473.875
167.4	473.875
167.435	245.512
167.47	245.512
167.5	245.512
167.535	245.512
167.57	245.512
167.6	203.46
167.625	203.46
167.655	203.46
167.685	203.46
167.715	203.46
167.74	203.46
167.77	203.46
167.8	203.46
167.835	203.46
167.87	203.46
167.9	203.46
167.935	203.46
167.97	203.46
168	203.46
168.035	203.46
168.07	203.46
168.1	203.46
168.135	203.46
168.17	203.46
168.2	203.46
168.235	203.46
168.27	203.46
168.3	203.46
168.335	203.46
168.37	203.46
168.4	203.46
168.435	203.46
168.47	203.46
168.5	203.46
168.535	203.46
168.57	203.46
168.6	203.46
168.635	203.46
168.67	203.46
168.7	203.46
168.735	203.46
168.77	203.46
168.8	203.46
168.835	203.46
168.87	203.46
168.9	203.46
168.935	203.46
168.97	203.46
169	203.46
169.035	203.46
169.07	203.46
169.1	203.46
169.135	203.46
169.17	203.46
169.2	203.46
169.235	203.46
169.27	203.46
169.3	203.46
169.335	203.46
169.37	203.46
169.4	203.46
169.435	203.46
169.47	203.46
169.5	203.46
169.535	203.46
169.57	203.46
169.6	203.46
169.635	203.46
169.67	203.46
169.7	203.46
169.735	220.737
169.77	220.737
169.8	220.737
169.835	220.737
169.87	220.737
169.9	220.737
169.935	220.737
169.97	220.737
170	220.737
170.035	220.737
170.07	220.737
170.1	220.737
170.135	220.737
170.17	220.737
170.2	220.737
170.235	220.737
170.27	220.737
170.3	220.737
170.335	220.737
170.37	220.737
170.4	220.737
170.435	220.737
170.47	220.737
170.5	220.737
170.535	220.737
170.57	220.737
170.6	220.737
170.635	220.737
170.67	220.737
170.7	220.737
170.735	239.396
170.77	239.396
170.8	239.396
170.835	239.396
170.87	239.396
170.9	239.396
170.935	239.396
170.97	239.396
171	239.396
171.035	239.396
171.07	239.396
171.1	239.396
171.135	239.396
171.17	239.396
171.2	239.396
171.235	239.396
171.27	239.396
171.3	239.396
171.335	239.396
171.37	239.396
171.4	239.396
171.435	239.396
171.47	239.396
171.5	239.396
171.535	239.396
171.57	239.396
171.6	239.396
171.635	239.396
171.67	239.396
171.7	239.396
171.735	259.548
171.77	259.548
171.8	259.548
171.835	259.548
171.87	259.548
171.9	259.548
171.935	259.548
171.97	259.548
172	259.548
172.035	259.548
172.07	259.548
172.1	259.548
172.135	259.548
172.17	259.548
172.2	259.548
172.235	259.548
172.27	259.548
172.3	259.548
172.335	259.548
172.37	259.548
172.4	259.548
172.435	259.548
172.47	259.548
172.5	259.548
172.535	259.548
172.57	259.548
172.6	259.548
172.635	259.548
172.67	259.548
172.7	259.548
172.735	281.312
172.77	281.312
172.8	281.312
172.835	281.312
172.87	281.312
172.9	281.312
172.935	281.312
172.97	281.312
173	281.312
173.035	281.312
173.07	281.312
173.1	281.312
173.135	281.312
173.17	281.312
173.2	281.312
173.235	281.312
173.27	281.312
173.3	281.312
173.335	281.312
173.37	281.312
173.4	281.312
173.435	281.312
173.47	281.312
173.5	281.312
173.535	281.312
173.57	281.312
173.6	281.312
173.635	281.312
173.67	281.312
173.7	281.312
173.735	304.817
173.77	304.817
173.8	304.817
173.835	304.817
173.87	304.817
173.9	304.817
173.935	304.817
173.97	304.817
174	304.817
174.035	304.817
174.07	304.817
174.1	304.817
174.135	304.817
174.17	304.817
174.2	304.817
174.235	304.817
174.27	304.817
174.3	304.817
174.335	304.817
174.37	304.817
174.4	304.817
174.435	304.817
174.47	304.817
174.5	304.817
174.535	304.817
174.57	304.817
174.6	304.817
174.635	304.817
174.67	304.817
174.7	304.817
174.735	330.202
174.77	330.202
174.8	330.202
174.835	330.202
174.87	330.202
174.9	330.202
174.935	330.202
174.97	330.202
175	330.202
175.035	330.202
175.07	330.202
175.1	330.202
175.135	330.202
175.17	330.202
175.2	330.202
175.235	330.202
175.27	330.202
175.3	330.202
175.335	330.202
175.37	330.202
175.4	330.202
175.435	330.202
175.47	330.202
175.5	330.202
175.535	330.202
175.57	330.202
175.6	330.202
175.635	330.202
175.67	330.202
175.7	330.202
175.735	357.618
175.77	357.618
175.8	357.618
175.835	357.618
175.87	357.618
175.9	357.618
175.935	357.618
175.97	357.618
176	357.618
176.035	357.618
176.07	357.618
176.1	357.618
176.135	357.618
176.17	357.618
176.2	357.618
176.235	357.618
176.27	357.618
176.3	357.618
176.335	357.618
176.37	357.618
176.4	357.618
176.435	357.618
176.47	357.618
176.5	357.618
176.535	357.618
176.57	357.618
176.6	357.618
176.635	357.618
176.67	357.618
176.7	357.618
176.735	357.618
176.77	357.618
176.8	357.618
176.835	357.618
176.87	357.618
176.9	357.618
176.935	357.618
176.97	357.618
177	357.618
177.035	357.618
177.07	357.618
177.1	387.227
177.135	387.227
177.17	387.227
177.2	387.227
177.235	387.227
177.27	387.227
177.3	387.227
177.335	387.227
177.37	387.227
177.4	387.227
177.435	387.227
177.47	387.227
177.5	387.227
177.535	387.227
177.57	387.227
177.6	387.227
177.635	387.227
177.67	387.227
177.7	387.227
177.735	387.227
177.77	387.227
177.8	387.227
177.835	387.227
177.87	387.227
177.9	387.227
177.935	387.227
177.97	387.227
178	387.227
178.035	387.227
178.07	387.227
178.1	419.205
178.135	419.205
178.17	419.205
178.2	419.205
178.225	419.205
178.27	419.205
178.3	419.205
178.335	419.205
178.37	419.205
178.4	419.205
178.435	419.205
178.47	419.205
178.5	419.205
178.535	419.205
178.57	419.205
178.6	419.205
178.635	419.205
178.67	419.205
178.7	419.205
178.735	419.205
178.77	419.205
178.8	419.205
178.835	419.205
178.87	419.205
178.9	419.205
178.935	419.205
178.97	419.205
179	419.205
179.035	419.205
179.07	419.205
179.1	453.741
179.135	453.741
179.17	453.741
179.2	453.741
179.235	453.741
179.27	453.741
179.3	453.741
179.335	453.741
179.37	453.741
179.4	353.053
179.435	353.053
179.47	353.053
179.5	353.889
179.535	354.663
179.57	354.663
179.6	355.498
179.635	356.267
179.67	356.267
179.7	357.096
179.735	357.855
179.77	357.855
179.8	357.855
179.835	341.829
179.87	341.829
179.9	341.829
179.935	341.829
179.97	341.829
180	295.826
180.035	295.826
180.07	295.826
180.1	295.826
180.135	246.173
180.17	246.173
180.2	246.173
180.235	246.173
180.27	246.173
180.3	247.129
180.335	248.015
180.37	248.015
180.4	248.015
180.435	248.015
180.47	248.015
180.5	248.015
180.535	248.015
180.57	248.015
180.6	248.015
180.635	248.015
180.67	248.015
180.7	248.015
180.735	248.015
180.77	248.015
180.8	248.015
180.835	248.015
180.87	248.015
180.9	248.015
180.935	248.015
180.97	248.015
181	248.015
181.035	248.015
181.07	248.015
181.1	248.972
181.135	249.895
181.17	249.895
181.2	250.864
181.235	250.864
181.27	250.864
181.3	250.864
181.335	250.864
181.37	250.864
181.4	250.864
181.435	250.864
181.47	250.864
181.5	250.864
181.535	250.864
181.57	250.864
181.6	250.864
181.635	250.864
181.67	250.864
181.7	250.864
181.735	250.864
181.77	250.864
181.8	250.864
181.835	250.864
181.87	250.864
181.9	250.864
181.935	250.864
181.97	250.864
182	250.864
182.035	250.864
182.07	250.864
182.1	250.864
182.135	250.864
182.17	250.864
182.2	250.864
182.235	250.864
182.27	250.864
182.3	250.864
182.335	250.864
182.37	250.864
182.4	250.864
182.435	250.864
182.47	250.864
182.5	250.864
182.535	250.864
182.57	250.864
182.6	250.864
182.635	250.864
182.67	250.864
182.7	250.864
182.735	250.864
182.77	250.864
182.8	250.864
182.835	250.864
182.87	250.864
182.9	250.864
182.935	250.864
182.97	250.864
183	250.864
183.035	250.864
183.07	250.864
183.1	250.864
183.135	250.864
183.17	250.864
183.2	250.864
183.235	250.864
183.27	250.864
183.3	271.933
183.335	271.933
183.37	271.933
183.4	271.933
183.435	271.933
183.47	271.933
183.5	271.933
183.535	271.933
183.57	271.933
183.6	271.933
183.635	271.933
183.67	271.933
183.7	271.933
183.735	271.933
183.77	271.933
183.8	271.933
183.835	271.933
183.87	271.933
183.9	271.933
183.935	271.933
183.97	271.933
184	271.933
184.035	271.933
184.07	271.933
184.1	271.933
184.13	271.933
184.17	271.933
184.2	271.933
184.235	271.933
184.27	271.933
184.3	294.688
184.335	294.688
184.37	294.688
184.4	294.688
184.435	294.688
184.47	294.688
184.5	294.688
184.535	294.688
184.57	294.688
184.6	294.688
184.635	294.688
184.665	294.688
184.7	294.688
184.735	294.688
184.77	294.688
184.8	294.688
184.835	294.688
184.87	294.688
184.9	294.688
184.935	294.688
184.97	294.688
185	294.688
185.035	294.688
185.07	294.688
185.1	294.688
185.135	294.688
185.17	294.688
185.2	294.688
185.235	294.688
185.27	294.688
185.3	294.688
185.335	294.688
185.37	294.688
185.4	294.688
185.425	294.688
185.47	294.688
185.5	294.688
185.535	294.688
185.57	294.688
185.6	294.688
185.635	294.688
185.67	294.688
185.7	294.688
185.735	294.688
185.77	294.688
185.8	294.688
185.835	294.688
185.87	294.688
185.9	294.688
185.935	294.688
185.97	294.688
186	294.688
186.035	294.688
186.07	294.688
186.1	294.688
186.135	294.688
186.17	294.688
186.2	294.688
186.235	294.688
186.27	294.688
186.3	294.688
186.335	294.688
186.37	294.688
186.4	294.688
186.435	294.688
186.47	294.688
186.5	294.688
186.535	294.688
186.57	294.688
186.6	294.688
186.635	294.688
186.67	294.688
186.7	294.688
186.735	294.688
186.77	294.688
186.8	294.688
186.835	294.688
186.87	294.688
186.9	294.688
186.935	294.688
186.97	294.688
187	294.688
187.035	294.688
187.07	294.688
187.1	294.688
187.135	294.688
187.17	294.688
187.2	294.688
187.235	294.688
187.27	294.688
187.3	294.688
187.335	294.688
187.37	294.688
187.4	294.688
187.435	319.263
187.47	319.263
187.5	319.263
187.535	319.263
187.57	319.263
187.6	319.263
187.635	319.263
187.67	319.263
187.7	319.263
187.735	319.263
187.77	319.263
187.8	319.263
187.835	319.263
187.87	319.263
187.9	319.263
187.935	319.263
187.97	319.263
188	319.263
188.035	319.263
188.07	319.263
188.1	319.263
188.135	319.263
188.17	319.263
188.2	319.263
188.235	319.263
188.27	319.263
188.3	319.263
188.335	319.263
188.37	319.263
188.4	319.263
188.435	345.804
188.47	345.804
188.5	345.804
188.535	345.804
188.57	345.804
188.6	345.804
188.635	345.804
188.67	345.804
188.7	345.804
188.735	345.804
188.77	345.804
188.8	345.804
188.835	345.804
188.87	345.804
188.9	345.804
188.935	345.804
188.97	345.804
189	345.804
189.035	345.804
189.07	345.804
189.1	345.804
189.135	345.804
189.17	345.804
189.2	345.804
189.235	345.804
189.27	345.804
189.3	345.804
189.335	345.804
189.37	345.804
189.4	345.804
189.435	345.804
189.47	345.804
189.5	345.804
189.535	345.804
189.57	345.804
189.6	345.804
189.635	345.804
189.67	345.804
189.7	345.804
189.735	345.804
189.77	345.804
189.8	345.804
189.835	345.804
189.87	345.804
189.9	345.804
189.935	345.804
189.97	345.804
190	345.804
190.035	345.804
190.07	345.804
190.1	345.804
190.135	345.804
190.17	345.804
190.2	345.804
190.235	345.804
190.27	345.804
190.3	345.804
190.335	345.804
190.37	345.804
190.4	345.804
190.435	345.804
190.47	345.804
190.5	345.804
190.535	374.468
190.57	374.468
190.6	374.468
190.635	374.468
190.67	374.468
190.7	374.468
190.735	374.468
190.77	374.468
190.8	374.468
190.835	374.468
190.87	374.468
190.9	374.468
190.935	374.468
190.97	374.468
191	374.468
191.035	374.468
191.07	374.468
191.1	374.468
191.135	374.468
191.17	374.468
191.2	374.468
191.235	374.468
191.27	374.468
191.3	374.468
191.335	374.468
191.37	374.468
191.4	374.468
191.435	374.468
191.47	374.468
191.5	374.468
191.535	405.425
191.57	405.425
191.6	405.425
191.635	405.425
191.67	405.425
191.7	405.425
191.735	405.425
191.77	405.425
191.8	405.425
191.835	405.425
191.87	405.425
191.9	405.425
191.935	405.425
191.97	405.425
192	405.425
192.035	405.425
192.07	405.425
192.1	405.425
192.135	405.425
192.17	405.425
192.2	405.425
192.235	405.425
192.27	405.425
192.3	405.425
192.335	333.397
192.37	333.397
192.4	333.397
192.435	333.397
192.47	333.397
192.5	333.397
192.535	333.397
192.57	333.397
192.6	333.397
192.635	335.524
192.67	335.524
192.7	336.269
192.735	336.959
192.77	336.959
192.795	337.707
192.835	338.4
192.87	338.4
192.9	339.151
192.935	339.847
192.97	339.847
193	340.598
193.035	341.293
193.07	341.293
193.1	342.047
193.135	342.745
193.17	342.745
193.2	343.498
193.235	344.195
193.27	344.195
193.3	344.952
193.335	345.652
193.37	345.652
193.4	346.412
193.435	347.115
193.47	347.115
193.5	347.878
193.535	348.584
193.57	348.584
193.6	349.346
193.635	350.051
193.67	350.051
193.7	350.051
193.735	350.051
193.77	350.051
193.8	350.051
193.835	350.051
193.87	350.051
193.9	350.051
193.935	350.051
193.97	350.051
194	350.051
194.035	350.051
194.07	350.051
194.1	350.051
194.135	350.051
194.17	350.051
194.2	350.051
194.235	350.051
194.27	350.051
194.3	350.051
194.335	350.051
194.37	350.051
194.4	350.051
194.435	350.051
194.47	350.051
194.5	350.051
194.535	350.051
194.57	350.051
194.6	350.051
194.635	350.051
194.67	350.051
194.7	350.051
194.735	366.942
194.77	366.942
194.8	367.766
194.835	368.528
194.87	368.528
194.9	369.36
194.935	370.129
194.97	370.129
195	370.964
195.035	371.736
195.07	371.736
195.1	372.575
195.135	373.35
195.17	373.35
195.2	374.192
195.235	374.972
195.27	374.972
195.3	375.818
195.335	376.6
195.37	376.6
195.4	377.45
195.435	378.236
195.47	378.236
195.5	379.055
195.535	379.055
195.57	379.055
195.6	379.055
195.635	379.055
195.67	379.055
195.7	379.055
195.735	383.218
195.77	383.218
195.8	384.054
195.835	384.891
195.87	384.891
195.9	385.735
195.935	386.547
195.97	386.547
196	387.429
196.035	388.244
196.07	388.244
196.1	389.129
196.135	389.948
196.17	389.948
196.2	390.837
196.235	391.659
196.27	391.659
196.3	392.552
196.335	393.378
196.37	393.378
196.4	394.275
196.435	395.105
196.47	395.105
196.5	396.005
196.535	396.838
196.57	396.838
196.6	397.743
196.635	398.58
196.67	398.58
196.7	399.489
196.735	400.33
196.77	400.33
196.8	400.33
196.835	400.33
196.87	400.33
196.9	400.33
196.935	400.33
196.97	400.33
197	400.33
197.035	400.33
197.07	400.33
197.1	400.33
197.135	400.33
197.17	400.33
197.2	400.33
197.235	400.33
197.27	400.33
197.3	400.33
197.335	400.33
197.37	400.33
197.4	400.33
197.435	400.33
197.47	400.33
197.5	400.33
197.535	400.33
197.57	400.33
197.6	400.33
197.635	400.33
197.67	400.33
197.7	400.33
197.735	400.33
197.77	400.33
197.8	400.33
197.835	420.001
197.87	420.001
197.9	420.948
197.935	421.824
197.97	421.824
198	422.776
198.035	423.656
198.07	423.656
198.1	424.612
198.135	425.496
198.17	425.496
198.2	426.456
198.235	427.344
198.27	427.344
198.3	428.304
198.335	429.192
198.37	429.192
198.4	430.155
198.435	431.046
198.47	431.046
198.5	432.013
198.535	432.945
198.57	432.945
198.6	433.356
198.635	433.356
198.67	433.356
198.7	433.356
198.735	433.356
198.77	433.356
198.8	433.356
198.835	437.635
198.87	437.635
198.9	437.635
198.935	437.635
198.97	437.635
199	438.58
199.035	439.527
199.07	439.527
199.1	441.222
199.13	442.923
199.17	442.923
199.2	444.631
199.235	446.345
199.27	446.345
199.3	448.066
199.335	449.794
199.37	449.794
199.4	449.794
199.435	453.269
199.47	453.269
199.5	455.017
199.535	456.771
199.57	456.771
199.6	458.532
199.635	460.3
199.67	460.3
199.7	462.075
199.735	463.857
199.77	463.857
199.8	465.645
199.835	467.44
199.87	467.44
199.9	469.242
199.935	471.051
199.97	471.051
200	472.867
200.035	474.69
200.07	474.69
200.1	476.52
200.135	478.357
200.17	478.357
200.2	480.201
200.235	482.052
200.27	482.052
200.3	483.911
200.335	485.777
200.37	485.777
200.4	486.778
200.435	489.53
200.47	489.53
200.5	491.417
200.535	493.312
200.57	493.312
200.6	495.214
200.635	497.123
200.67	497.123
200.7	499.04
200.735	500.964
200.77	500.964
200.8	502.895
200.835	502.895
200.87	502.895
200.9	502.895
200.935	502.895
200.97	502.895
201	502.895
201.035	502.895
201.07	502.895
201.1	502.895
201.135	502.895
201.17	502.895
201.2	502.895
201.225	502.895
201.27	502.895
201.3	502.895
201.335	502.895
201.37	502.895
201.4	502.895
201.435	502.895
201.47	502.895
201.5	502.895
201.535	502.895
201.57	502.895
201.6	502.895
201.635	502.895
201.67	502.895
201.7	502.895
201.735	502.895
201.77	502.895
201.8	502.895
201.835	502.895
201.87	502.895
201.9	502.895
201.935	502.895
201.97	502.895
202	544.127
202.035	544.127
202.07	544.127
202.1	544.127
202.135	544.127
202.17	544.127
202.2	544.127
202.235	544.127
202.27	544.127
202.3	544.127
202.335	544.127
202.37	544.127
202.4	544.127
202.435	544.127
202.47	544.127
202.5	544.127
202.535	544.127
202.57	544.127
202.6	544.127
202.635	544.127
202.67	544.127
202.7	544.127
202.735	544.127
202.77	544.127
202.8	544.127
202.835	544.127
202.87	544.127
202.9	544.127
202.935	544.127
202.97	544.127
203	588.657
203.035	588.657
203.07	588.657
203.1	588.657
203.135	588.657
203.17	588.657
203.2	588.657
203.235	588.657
203.27	588.657
203.3	588.657
203.335	588.657
203.37	588.657
203.4	588.657
203.435	588.657
203.47	588.657
203.5	588.657
203.535	588.657
203.57	588.657
203.6	588.657
203.635	588.657
203.67	588.657
203.7	588.657
203.735	588.657
203.77	588.657
203.8	588.657
203.835	588.657
203.87	588.657
203.9	588.657
203.935	588.657
203.97	588.657
204	636.75
204.035	636.75
204.07	636.75
204.1	636.75
204.135	636.75
204.17	636.75
204.2	636.75
204.235	636.75
204.27	636.75
204.3	636.75
204.335	636.75
204.37	636.75
204.4	636.75
204.435	636.75
204.47	636.75
204.5	636.75
204.535	636.75
204.57	636.75
204.6	636.75
204.635	636.75
204.67	636.75
204.7	636.75
204.735	636.75
204.77	636.75
204.8	636.75
204.835	636.75
204.87	636.75
204.9	636.75
204.935	636.75
204.97	636.75
205	678.677
205.035	681.294
205.07	681.294
205.1	683.921
205.135	686.558
205.17	686.558
205.2	688.69
205.235	688.69
205.27	688.69
205.3	688.69
205.335	688.69
205.37	688.69
205.4	688.69
205.435	688.69
205.47	688.69
205.5	688.69
205.535	688.69
205.57	688.69
205.6	688.69
205.635	688.69
205.67	688.69
205.7	688.69
205.735	688.69
205.77	688.69
205.8	688.69
205.835	688.69
205.87	688.69
205.9	688.69
205.935	688.69
205.97	688.69
206	732.971
206.035	735.797
206.07	735.797
206.1	738.634
206.135	741.482
206.17	741.482
206.2	744.341
206.235	744.785
206.27	744.785
206.3	744.785
206.335	744.785
206.37	744.785
206.4	489.927
206.435	489.927
206.47	489.927
206.5	489.927
206.535	419.638
206.57	419.638
206.595	419.638
206.62	419.638
206.67	419.638
206.7	380.19
206.725	380.19
206.77	380.19
206.795	380.19
206.82	380.19
206.87	380.19
206.9	380.19
206.93	380.19
206.97	380.19
207	380.19
207.035	381.19
207.07	381.19
207.1	381.19
207.135	381.19
207.17	381.19
207.2	381.19
207.235	361.832
207.27	361.832
207.3	361.832
207.335	361.832
207.37	361.832
207.4	361.832
207.435	361.832
207.47	361.832
207.5	361.832
207.535	361.832
207.57	361.832
207.6	361.832
207.635	361.832
207.67	361.832
207.7	361.832
207.735	361.832
207.765	361.832
207.8	361.832
207.835	361.832
207.87	361.832
207.9	361.832
207.935	361.832
207.97	361.832
208	361.832
208.035	361.832
208.07	361.832
208.1	361.832
208.135	361.832
208.17	361.832
208.2	361.832
208.235	361.832
208.27	361.832
208.3	361.832
208.335	361.832
208.37	361.832
208.4	361.832
208.435	361.832
208.47	361.832
208.5	361.832
208.535	361.832
208.565	361.832
208.6	361.832
208.635	257.674
208.67	257.674
208.705	257.674
208.735	257.674
208.77	257.674
208.8	257.674
208.835	257.674
208.87	257.674
208.9	257.674
208.935	257.674
208.97	257.674
209	257.674
209.035	257.674
209.07	257.674
209.1	257.674
209.135	257.674
209.17	257.674
209.2	257.674
209.235	257.674
209.27	257.674
209.3	257.674
209.335	257.674
209.37	257.674
209.4	257.674
209.435	257.674
209.47	257.674
209.5	257.674
209.535	257.674
209.57	257.674
209.6	257.674
209.635	257.674
209.67	257.674
209.7	257.674
209.735	257.674
209.77	257.674
209.8	257.674
209.835	257.674
209.87	257.674
209.9	257.674
209.935	257.674
209.97	257.674
210	257.674
210.035	257.674
210.07	257.674
210.1	257.674
210.135	257.674
210.17	257.674
210.2	257.674
210.235	257.674
210.27	257.674
210.3	257.674
210.335	279.288
210.37	279.288
210.4	279.288
210.435	279.288
210.47	279.288
210.5	279.288
210.535	279.288
210.57	279.288
210.595	279.288
210.635	279.288
210.67	279.288
210.7	279.288
210.735	279.288
210.77	279.288
210.8	279.288
210.835	279.288
210.87	279.288
210.9	279.288
210.935	279.288
210.97	279.288
211	279.288
211.035	279.288
211.07	279.288
211.1	279.288
211.135	279.288
211.17	279.288
211.2	279.288
211.235	279.288
211.27	279.288
211.3	279.288
211.335	279.288
211.37	279.288
211.4	279.288
211.435	279.288
211.47	279.288
211.5	279.288
211.535	279.288
211.57	279.288
211.6	279.288
211.635	279.288
211.67	279.288
211.7	279.288
211.735	279.288
211.77	279.288
211.8	279.288
211.835	279.288
211.87	279.288
211.9	279.288
211.935	279.288
211.97	279.288
212	279.288
212.035	279.288
212.07	279.288
212.1	279.288
212.135	279.288
212.17	279.288
212.2	279.288
212.235	279.288
212.27	279.288
212.3	279.288
212.335	279.288
212.37	279.288
212.4	302.631
212.435	302.631
212.47	302.631
212.5	302.631
212.535	302.631
212.57	302.631
212.6	302.631
212.635	302.631
212.67	302.631
212.7	302.631
212.735	302.631
212.77	302.631
212.8	302.631
212.835	302.631
212.87	302.631
212.9	302.631
212.935	302.631
212.97	302.631
213	302.631
213.035	302.631
213.07	302.631
213.1	302.631
213.135	302.631
213.17	302.631
213.2	302.631
213.235	302.631
213.27	302.631
213.3	302.631
213.335	302.631
213.37	302.631
213.4	327.841
213.435	327.841
213.465	327.841
213.5	327.841
213.535	327.841
213.57	327.841
213.6	327.841
213.635	327.841
213.67	327.841
213.7	327.841
213.735	327.841
213.77	327.841
213.8	327.841
213.835	327.841
213.87	327.841
213.9	327.841
213.935	327.841
213.97	327.841
214	327.841
214.035	327.841
214.07	327.841
214.1	327.841
214.135	327.841
214.165	327.841
214.2	327.841
214.235	327.841
214.27	327.841
214.3	327.841
214.335	327.841
214.37	327.841
214.4	347.156
214.435	347.905
214.47	347.905
214.5	347.905
214.535	347.905
214.57	347.905
214.6	347.905
214.635	347.905
214.67	347.905
214.7	347.905
214.735	347.905
214.77	347.905
214.8	347.905
214.835	347.905
214.87	347.905
214.9	347.905
214.935	347.905
214.97	347.905
215	347.905
215.035	347.905
215.07	347.905
215.1	347.905
215.135	347.905
215.17	347.905
215.2	347.905
215.235	347.905
215.27	347.905
215.3	347.905
215.335	347.905
215.37	347.905
215.4	347.905
215.435	347.905
215.47	347.905
215.5	347.905
215.535	364.763
215.57	364.763
215.6	366.169
215.635	367.581
215.67	367.581
215.7	368.998
215.735	370.421
215.77	370.421
215.8	371.849
215.835	373.283
215.87	373.283
215.9	374.722
215.935	376.167
215.97	376.167
216	376.737
216.035	376.737
216.07	376.737
216.1	376.737
216.135	376.737
216.17	376.737
216.2	376.737
216.235	376.737
216.27	376.737
216.3	376.737
216.335	376.737
216.37	376.737
216.4	376.737
216.435	376.737
216.47	376.737
216.5	376.737
216.535	393.944
216.57	393.944
216.6	395.463
216.635	396.988
216.67	396.988
216.7	398.519
216.735	400.055
216.765	400.055
216.8	401.597
216.835	403.145
216.865	403.145
216.9	404.699
216.935	406.259
216.965	406.259
217	407.825
217.035	407.876
217.065	407.876
217.1	407.876
217.135	407.876
217.165	407.876
217.2	407.876
217.235	407.876
217.265	407.876
217.3	407.876
217.335	407.876
217.365	407.876
217.4	407.876
217.435	407.876
217.465	407.876
217.5	407.876
217.535	425.458
217.565	425.458
217.6	427.098
217.635	427.098
217.665	427.098
217.7	427.098
217.735	427.098
217.765	427.098
217.8	427.098
217.835	427.098
217.865	427.098
217.9	427.098
217.935	427.098
217.965	427.098
218	427.098
218.035	427.098
218.065	427.098
218.1	427.098
218.135	427.098
218.165	427.098
218.2	427.098
218.235	427.098
218.265	427.098
218.3	427.098
218.335	427.098
218.365	427.098
218.4	427.098
218.435	427.098
218.465	427.098
218.5	427.098
218.535	427.098
218.565	427.098
218.6	427.098
218.635	427.098
218.665	427.098
218.7	462.266
218.735	462.266
218.765	462.266
218.8	462.266
218.835	462.266
218.865	462.266
218.9	462.266
218.935	462.266
218.965	462.266
219	462.266
219.035	462.266
219.065	462.266
219.1	462.266
219.135	462.266
219.165	462.266
219.2	462.266
219.235	462.266
219.265	462.266
219.3	462.266
219.335	462.266
219.365	462.266
219.4	462.266
219.435	462.266
219.465	462.266
219.5	462.266
219.535	462.266
219.565	462.266
219.6	462.266
219.635	462.266
219.665	462.266
219.7	500.247
219.735	500.247
219.765	500.247
219.8	500.247
219.835	500.247
219.865	500.247
219.9	500.247
219.935	500.247
219.965	500.247
220	500.247
220.035	500.247
220.065	500.247
220.1	500.247
220.135	500.247
220.165	500.247
220.2	500.247
220.235	500.247
220.265	500.247
220.3	500.247
220.335	500.247
220.365	500.247
220.4	500.247
220.435	500.247
220.465	500.247
220.5	500.247
220.535	500.247
220.565	500.247
220.6	500.247
220.635	500.247
220.665	500.247
220.7	541.267
220.735	541.267
220.765	541.267
220.8	541.267
220.835	541.267
220.865	541.267
220.9	541.267
220.935	541.267
220.965	541.267
221	541.267
221.035	541.267
221.065	541.267
221.1	541.267
221.135	541.267
221.165	541.267
221.2	541.267
221.235	541.267
221.265	541.267
221.3	350.318
221.335	350.318
221.365	350.318
221.4	350.318
221.435	350.318
221.465	350.318
221.5	350.318
221.535	350.2
221.565	350.2
221.6	350.2
221.635	350.2
221.665	350.2
221.7	350.2
221.735	350.2
221.765	350.2
221.8	350.2
221.835	350.2
221.865	350.2
221.9	350.2
221.935	350.2
221.965	350.2
222	350.2
222.035	350.2
222.065	350.2
222.1	350.2
222.135	350.2
222.165	350.2
222.2	350.2
222.235	350.2
222.265	350.2
222.3	350.879
222.335	351.533
222.365	351.533
222.4	351.533
222.435	351.533
222.465	351.533
222.5	351.533
222.535	352.186
222.565	352.186
222.6	352.869
222.635	353.523
222.665	353.523
222.7	354.209
222.735	354.866
222.765	354.866
222.8	355.558
222.835	356.227
222.865	356.227
222.9	356.227
222.935	356.227
222.965	356.227
223	356.227
223.035	356.227
223.065	356.227
223.1	356.227
223.135	356.227
223.165	356.227
223.2	356.227
223.235	356.227
223.265	356.227
223.3	356.227
223.335	356.227
223.365	356.227
223.4	356.227
223.435	356.227
223.465	356.227
223.5	356.227
223.535	356.227
223.565	356.227
223.6	356.227
223.635	356.227
223.665	356.227
223.7	356.227
223.735	356.227
223.765	356.227
223.8	356.227
223.835	356.227
223.865	356.227
223.9	356.227
223.935	374.101
223.965	374.101
224	374.967
224.035	375.834
224.065	375.834
224.1	376.708
224.135	377.585
224.165	377.585
224.2	378.464
224.235	379.345
224.265	379.345
224.3	380.228
224.335	381.112
224.365	381.112
224.4	381.999
224.435	382.888
224.465	382.888
224.5	383.779
224.535	384.672
224.565	384.672
224.6	385.568
224.635	385.725
224.665	385.725
224.7	385.725
224.735	385.725
224.765	385.725
224.8	385.725
224.835	385.725
224.865	385.725
224.9	385.725
224.935	391.84
224.965	391.84
225	391.84
225.035	391.84
225.065	391.84
225.1	391.84
225.135	391.84
225.165	391.84
225.2	391.84
225.235	391.84
225.265	391.84
225.3	262.471
225.335	262.471
225.365	262.471
225.4	229.772
225.435	229.772
225.465	229.772
225.5	229.772
225.535	229.772
225.565	229.772
225.6	229.772
225.635	229.772
225.665	229.772
225.7	229.772
225.735	229.772
225.765	229.772
225.8	229.772
225.835	229.772
225.865	229.772
225.9	229.772
225.935	229.772
225.965	229.772
226	229.772
226.035	233.319
226.065	233.319
226.1	233.319
226.135	233.319
226.165	233.319
226.2	233.319
226.235	233.319
226.265	233.319
226.3	233.319
226.335	234.214
226.365	234.214
226.4	235.113
226.435	236.016
226.465	236.016
226.5	236.921
226.535	237.83
226.565	237.83
226.6	237.83
226.635	239.639
226.665	239.639
226.7	240.542
226.735	241.444
226.765	241.444
226.8	242.346
226.835	243.247
226.865	243.247
226.9	244.152
226.935	245.051
226.965	245.051
227	245.051
227.035	245.051
227.065	245.051
227.1	176.572
227.135	176.572
227.165	176.572
227.2	176.572
227.235	176.572
227.265	176.572
227.3	176.572
227.325	176.572
227.365	176.572
227.4	177.23
227.435	177.975
227.465	177.975
227.5	178.695
227.535	178.695
227.565	178.695
227.6	178.695
227.635	178.695
227.665	178.695
227.7	178.695
227.735	178.695
227.765	178.695
227.8	178.695
227.835	178.695
227.865	178.695
227.9	178.695
227.935	178.695
227.965	178.695
228	178.695
228.035	179.383
228.065	179.383
228.1	169.923
228.135	169.923
228.165	169.923
228.2	169.923
228.235	169.923
228.265	169.923
228.3	169.923
228.335	169.923
228.365	169.923
228.4	169.923
228.435	169.923
228.465	169.923
228.5	169.923
228.535	169.923
228.565	169.923
228.6	169.923
228.635	169.923
228.665	169.923
228.7	169.923
228.735	169.923
228.765	169.923
228.8	169.923
228.835	169.923
228.865	169.923
228.9	169.923
228.935	169.923
228.965	169.923
229	169.923
229.035	169.923
229.065	169.923
229.1	169.923
229.135	169.923
229.165	169.923
229.2	169.923
229.235	169.923
229.265	169.923
229.3	169.923
229.335	169.923
229.365	169.923
229.4	169.923
229.435	169.923
229.465	169.923
229.5	169.923
229.535	169.923
229.565	169.923
229.6	169.923
229.635	169.923
229.665	169.923
229.7	169.923
229.735	169.923
229.765	169.923
229.8	169.923
229.835	169.923
229.865	169.923
229.9	169.923
229.935	169.923
229.965	169.923
230	169.923
230.035	169.923
230.065	169.923
230.1	169.923
230.135	169.923
230.165	169.923
230.2	169.923
230.235	169.923
230.265	169.923
230.3	169.923
230.335	169.923
230.365	169.923
230.4	169.923
230.435	169.923
230.465	169.923
230.5	169.923
230.535	169.923
230.565	169.923
230.6	169.923
230.635	169.923
230.665	169.923
230.7	169.923
230.735	169.923
230.765	169.923
230.8	169.923
230.835	169.923
230.865	169.923
230.9	169.923
230.935	169.923
230.965	169.923
231	169.923
231.035	169.923
231.065	169.923
231.1	169.923
231.135	169.923
231.165	169.923
231.2	169.923
231.235	169.923
231.265	169.923
231.3	169.923
231.335	169.923
231.365	169.923
231.4	169.923
231.435	169.923
231.465	169.923
231.5	169.923
231.535	169.923
231.565	169.923
231.6	169.923
231.635	169.923
231.665	169.923
231.7	169.923
231.735	169.923
231.765	169.923
231.8	169.923
231.835	169.923
231.865	169.923
231.9	169.923
231.935	169.923
231.965	169.923
232	169.923
232.035	169.923
232.065	169.923
232.1	169.923
232.135	169.923
232.165	169.923
232.2	169.923
232.235	169.923
232.265	169.923
232.3	169.923
232.335	169.923
232.365	169.923
232.4	169.923
232.435	169.923
232.465	169.923
232.5	169.923
232.535	169.923
232.565	169.923
232.6	169.923
232.635	169.923
232.665	169.923
232.7	169.923
232.735	169.923
232.765	169.923
232.8	169.923
232.835	169.923
232.865	169.923
232.9	169.923
232.935	169.923
232.965	169.923
233	169.923
233.035	169.923
233.065	169.923
233.1	169.923
233.135	169.923
233.165	169.923
233.2	169.923
233.235	169.923
233.265	169.923
233.3	169.923
233.335	184.517
233.365	184.517
233.4	184.517
233.435	184.517
233.465	184.517
233.5	184.517
233.535	184.517
233.565	184.517
233.6	184.517
233.635	184.517
233.665	184.517
233.7	184.517
233.735	184.517
233.765	184.517
233.8	184.517
233.835	184.517
233.865	184.517
233.9	184.517
233.935	184.517
233.965	184.517
234	184.517
234.035	184.517
234.065	184.517
234.1	184.517
234.135	184.517
234.165	184.517
234.2	184.517
234.235	184.517
234.265	184.517
234.3	184.517
234.335	200.278
234.365	200.278
234.4	200.278
234.435	200.278
234.465	200.278
234.5	200.278
234.535	200.278
234.565	200.278
234.6	200.278
234.635	200.278
234.665	200.278
234.7	200.278
234.735	200.278
234.765	200.278
234.8	200.278
234.835	200.278
234.865	200.278
234.9	200.278
234.935	200.278
234.965	200.278
235	200.278
235.035	200.278
235.065	200.278
235.1	200.278
235.135	200.278
235.165	200.278
235.2	200.278
235.235	200.278
235.265	200.278
235.3	200.278
235.335	200.278
235.365	200.278
235.4	200.278
235.435	200.278
235.465	200.278
235.5	217.3
235.535	217.3
235.565	217.3
235.6	217.3
235.635	217.3
235.665	217.3
235.7	217.3
235.735	217.3
235.765	217.3
235.8	217.3
235.835	217.3
235.865	217.3
235.9	217.3
235.935	217.3
235.965	217.3
236	217.3
236.035	217.3
236.065	217.3
236.1	217.3
236.135	217.3
236.165	217.3
236.2	217.3
236.235	217.3
236.265	217.3
236.3	217.3
236.335	217.3
236.365	217.3
236.4	217.3
236.435	217.3
236.465	217.3
236.5	235.684
236.535	222.795
236.565	222.795
236.6	222.795
236.635	222.795
236.665	222.795
236.7	222.795
236.735	222.795
236.765	222.795
236.8	222.795
236.835	222.795
236.865	222.795
236.9	222.795
236.935	222.795
236.965	222.795
237	222.795
237.035	222.795
237.065	222.795
237.1	222.795
237.135	222.795
237.165	222.795
237.2	222.795
237.235	222.795
237.265	222.795
237.3	222.795
237.335	222.795
237.365	222.795
237.4	222.795
237.435	222.795
237.465	222.795
237.5	222.795
237.535	222.795
237.565	222.795
237.6	222.795
237.635	222.795
237.665	222.795
237.7	222.795
237.735	222.795
237.765	222.795
237.8	222.795
237.835	222.795
237.865	222.795
237.9	222.795
237.935	222.795
237.965	222.795
238	222.795
238.035	222.795
238.065	222.795
238.1	222.795
238.135	222.795
238.165	222.795
238.2	222.795
238.235	222.795
238.265	222.795
238.3	222.795
238.335	222.795
238.365	222.795
238.4	222.795
238.435	222.795
238.465	222.795
238.5	222.795
238.535	222.795
238.565	222.795
238.6	222.795
238.635	222.795
238.665	222.795
238.7	222.795
238.735	222.795
238.765	222.795
238.8	222.795
238.835	222.795
238.865	222.795
238.9	222.795
238.935	222.795
238.965	222.795
239	222.795
239.035	222.795
239.065	222.795
239.1	222.795
239.135	222.795
239.165	222.795
239.2	222.795
239.235	222.795
239.265	222.795
239.3	222.795
239.335	222.795
239.365	222.795
239.4	222.795
239.435	222.795
239.465	222.795
239.5	222.795
239.535	222.795
239.565	222.795
239.6	222.795
239.635	222.795
239.665	222.795
239.7	222.795
239.735	222.795
239.765	222.795
239.8	222.795
239.835	222.795
239.865	222.795
239.9	222.795
239.935	222.795
239.965	222.795
240	222.795
240.035	222.795
240.065	222.795
240.1	222.795
240.135	222.795
240.165	222.795
240.2	222.795
240.235	222.795
240.265	222.795
240.3	222.795
240.335	222.795
240.365	222.795
240.4	222.795
240.435	222.795
240.465	222.795
240.5	222.795
240.535	222.795
240.565	222.795
240.6	222.795
240.635	222.795
240.665	222.795
240.7	222.795
240.735	241.619
240.765	241.619
240.8	241.619
240.835	241.619
240.865	241.619
240.9	241.619
240.935	241.619
240.965	241.619
241	241.619
241.035	241.619
241.065	241.619
241.1	241.619
241.135	241.619
241.165	241.619
241.2	241.619
241.235	241.619
241.265	241.619
241.3	241.619
241.335	241.619
241.365	241.619
241.4	241.619
241.435	241.619
241.465	241.619
241.5	241.619
241.535	241.619
241.565	241.619
241.6	241.619
241.635	241.619
241.665	241.619
241.7	241.619
241.735	261.949
241.765	261.949
241.8	261.949
241.835	261.949
241.865	261.949
241.9	261.949
241.935	261.949
241.965	261.949
242	261.949
242.035	261.949
242.065	261.949
242.1	261.949
242.135	261.949
242.165	261.949
242.2	261.949
242.235	261.949
242.265	261.949
242.3	261.949
242.335	261.949
242.365	261.949
242.4	261.949
242.435	261.949
242.465	261.949
242.5	261.949
242.535	261.949
242.565	261.949
242.6	261.949
242.635	261.949
242.665	261.949
242.695	261.949
242.735	283.905
242.765	283.905
242.8	283.905
242.835	283.905
242.865	283.905
242.9	283.905
242.935	283.905
242.965	283.905
243	283.905
243.035	283.905
243.065	283.905
243.1	283.905
243.135	283.905
243.165	283.905
243.2	283.905
243.235	283.905
243.265	283.905
243.3	283.905
243.335	283.905
243.365	283.905
243.4	283.905
243.435	283.905
243.465	283.905
243.5	283.905
243.535	283.905
243.565	283.905
243.6	283.905
243.635	283.905
243.665	283.905
243.7	283.905
243.735	283.905
243.765	283.905
243.8	283.905
243.835	283.905
243.865	283.905
243.9	307.617
243.935	307.617
243.965	307.617
244	307.617
244.035	307.617
244.065	307.617
244.1	307.617
244.135	307.617
244.165	307.617
244.2	307.617
244.235	307.617
244.265	307.617
244.3	307.617
244.335	307.617
244.365	307.617
244.4	307.617
244.435	307.617
244.465	307.617
244.5	307.617
244.535	307.617
244.565	307.617
244.6	307.617
244.635	307.617
244.665	307.617
244.7	307.617
244.735	307.617
244.765	307.617
244.8	307.617
244.835	307.617
244.865	307.617
244.9	333.226
244.935	333.226
244.965	333.226
245	333.226
245.035	333.226
245.065	333.226
245.1	333.226
245.135	333.226
245.165	333.226
245.2	333.226
245.235	333.226
245.265	333.226
245.3	333.226
245.335	333.226
245.365	333.226
245.4	333.226
245.435	333.226
245.465	333.226
245.5	333.226
245.535	333.226
245.565	333.226
245.6	333.226
245.635	333.226
245.665	333.226
245.7	333.226
245.735	333.226
245.765	333.226
245.8	333.226
245.835	333.226
245.865	333.226
245.9	333.226
245.935	333.226
245.965	333.226
246	360.884
246.035	360.884
246.065	360.884
246.1	360.884
246.135	360.884
246.165	360.884
246.2	360.884
246.235	360.884
246.265	360.884
246.3	360.884
246.335	360.884
246.365	360.884
246.4	360.884
246.435	360.884
246.465	360.884
246.5	360.884
246.535	360.884
246.565	360.884
246.6	360.884
246.635	360.884
246.665	360.884
246.7	360.884
246.735	360.884
246.765	360.884
246.8	360.884
246.835	360.884
246.865	360.884
246.9	360.884
246.935	360.884
246.965	360.884
247	390.755
247.035	390.755
247.065	390.755
247.1	390.755
247.135	390.755
247.165	390.755
247.2	390.755
247.225	390.755
247.265	390.755
247.3	390.755
247.335	390.755
247.365	390.755
247.4	390.755
247.435	390.755
247.465	390.755
247.5	390.755
247.535	390.755
247.565	390.755
247.6	390.755
247.635	390.755
247.665	390.755
247.7	390.755
247.735	390.755
247.765	390.755
247.8	390.755
247.835	390.755
247.865	390.755
247.9	390.755
247.935	390.755
247.965	390.755
248	390.755
248.035	390.755
248.065	390.755
248.1	423.015
248.135	423.015
248.165	423.015
248.2	423.015
248.235	423.015
248.265	423.015
248.3	423.015
248.335	423.015
248.365	423.015
248.4	423.015
248.435	423.015
248.465	423.015
248.5	423.015
248.535	423.015
248.565	423.015
248.6	423.015
248.635	423.015
248.665	423.015
248.7	423.015
248.735	423.015
248.765	423.015
248.8	423.015
248.835	423.015
248.865	423.015
248.9	423.015
248.935	423.015
248.965	423.015
249	423.015
249.035	423.015
249.065	423.015
249.1	457.856
249.135	457.856
249.165	457.856
249.2	457.856
249.235	457.856
249.265	457.856
249.3	457.856
249.335	457.856
249.365	457.856
249.4	457.856
249.435	457.856
249.465	457.856
249.5	457.856
249.535	457.856
249.565	457.856
249.6	457.856
249.635	457.856
249.665	457.856
249.7	457.856
249.735	457.856
249.765	457.856
249.8	457.856
249.835	457.856
249.865	457.856
249.9	457.856
249.935	457.856
249.965	457.856
250	457.856
250.035	457.856
250.065	457.856
250.1	495.484
250.135	495.484
250.165	495.484
250.2	495.484
250.235	495.484
250.265	495.484
250.3	495.484
250.335	495.484
250.365	495.484
250.4	495.484
250.435	495.484
250.465	495.484
250.5	495.484
250.535	495.484
250.565	495.484
250.6	495.484
250.635	495.484
250.665	495.484
250.7	495.484
250.735	495.484
250.765	495.484
250.8	495.484
250.835	495.484
250.865	495.484
250.9	495.484
250.935	495.484
250.965	495.484
251	495.484
251.035	495.484
251.065	495.484
251.1	536.123
251.135	536.123
251.16	536.123
251.2	536.123
251.235	536.123
251.265	536.123
251.3	536.123
251.335	536.123
251.365	536.123
251.4	536.123
251.435	536.123
251.465	536.123
251.5	536.123
251.535	536.123
251.565	536.123
251.6	536.123
251.635	536.123
251.665	536.123
251.7	536.123
251.735	536.123
251.765	536.123
251.8	398.917
251.835	398.917
251.865	398.917
251.9	358.873
251.925	358.873
251.965	358.873
252	358.873
252.035	358.873
252.065	358.873
252.1	358.873
252.135	358.873
252.165	358.873
252.2	358.873
252.235	358.873
252.265	358.873
252.3	358.873
252.335	358.873
252.365	358.873
252.4	358.873
252.435	358.873
252.465	358.873
252.5	358.873
252.535	358.873
252.565	358.873
252.6	358.873
252.635	358.873
252.665	358.873
252.7	358.873
252.735	358.873
252.765	358.873
252.8	358.873
252.835	358.873
252.865	358.873
252.9	358.873
252.935	358.873
252.965	358.873
253	358.873
253.035	358.873
253.065	358.873
253.1	358.873
253.135	358.873
253.165	358.873
253.2	358.873
253.235	358.873
253.265	358.873
253.3	358.873
253.335	358.873
253.365	358.873
253.4	358.873
253.435	358.873
253.465	358.873
253.5	358.873
253.535	358.873
253.565	358.873
253.6	358.873
253.635	358.873
253.665	358.873
253.7	358.873
253.735	358.873
253.765	358.873
253.8	358.873
253.835	358.873
253.865	358.873
253.9	358.873
253.935	358.873
253.965	358.873
254	358.873
254.035	358.873
254.065	358.873
254.1	358.873
254.135	358.873
254.165	358.873
254.2	358.873
254.235	358.873
254.265	358.873
254.3	358.873
254.335	358.873
254.365	358.873
254.395	358.873
254.435	358.873
254.465	358.873
254.5	358.873
254.535	358.873
254.565	358.873
254.6	358.873
254.635	358.873
254.665	358.873
254.7	358.873
254.735	358.873
254.765	358.873
254.8	358.873
254.835	358.873
254.865	358.873
254.9	358.873
254.935	358.873
254.965	358.873
255	358.873
255.035	358.873
255.065	358.873
255.1	358.873
255.135	358.873
255.165	358.873
255.2	358.873
255.235	358.873
255.265	358.873
255.3	358.873
255.335	358.873
255.365	358.873
255.4	358.873
255.435	358.873
255.465	358.873
255.5	358.873
255.535	358.873
255.565	358.873
255.6	358.873
255.635	358.873
255.665	358.873
255.7	358.873
255.735	358.873
255.765	358.873
255.8	358.873
255.835	358.873
255.865	358.873
255.9	358.873
255.935	358.873
255.965	358.873
256	358.873
256.035	358.873
256.065	358.873
256.1	358.873
256.135	358.873
256.165	358.873
256.2	358.873
256.235	358.873
256.265	358.873
256.3	358.873
256.335	358.873
256.365	358.873
256.4	388.583
256.435	388.583
256.465	388.583
256.5	388.583
256.535	388.583
256.565	388.583
256.6	388.583
256.635	388.583
256.665	388.583
256.7	388.583
256.735	388.583
256.765	388.583
256.8	388.583
256.835	388.583
256.865	388.583
256.9	388.583
256.935	388.583
256.965	388.583
257	388.583
257.035	388.583
257.065	388.583
257.1	388.583
257.135	388.583
257.165	388.583
257.2	388.583
257.235	388.583
257.265	388.583
257.3	388.583
257.335	388.583
257.365	388.583
257.4	420.67
257.435	420.67
257.465	420.67
257.5	420.67
257.535	420.67
257.565	420.67
257.6	420.67
257.635	420.67
257.665	420.67
257.7	420.67
257.735	420.67
257.765	420.67
257.8	420.67
257.835	420.67
257.865	420.67
257.9	420.67
257.935	420.67
257.965	420.67
258	420.67
258.035	420.67
258.065	420.67
258.1	420.67
258.135	420.67
258.165	420.67
258.2	420.67
258.235	420.67
258.265	420.67
258.3	420.67
258.335	420.67
258.365	420.67
258.4	455.324
258.435	455.324
258.465	455.324
258.5	455.324
258.535	455.324
258.565	455.324
258.6	455.324
258.635	455.324
258.665	455.324
258.7	455.324
258.735	455.324
258.765	455.324
258.8	455.324
258.835	455.324
258.865	455.324
258.9	455.324
258.935	455.324
258.965	455.324
259	455.324
259.035	455.324
259.065	455.324
259.1	455.324
259.135	455.324
259.165	455.324
259.2	455.324
259.235	455.324
259.265	455.324
259.3	455.324
259.335	455.324
259.365	455.324
259.4	492.75
259.435	492.75
259.465	492.75
259.5	492.75
259.535	492.75
259.565	492.75
259.6	492.75
259.635	492.75
259.665	492.75
259.7	492.75
259.735	492.75
259.765	492.75
259.8	492.75
259.835	492.75
259.865	492.75
259.9	492.75
259.935	492.75
259.965	492.75
260	492.75
260.035	492.75
260.065	492.75
260.1	492.75
260.135	492.75
260.165	492.75
260.2	492.75
260.23	492.75
260.26	492.75
260.3	492.75
260.335	492.75
260.365	492.75
260.4	518.813
260.435	519.899
260.465	519.899
260.5	521.17
260.535	521.17
260.565	521.17
260.6	521.17
260.635	521.17
260.665	521.17
260.69	521.17
260.73	521.17
260.765	521.17
260.8	521.17
260.835	521.17
260.865	521.17
260.9	521.17
260.935	521.17
260.965	521.17
261	521.17
261.035	521.17
261.065	521.17
261.1	521.17
261.135	521.17
261.165	521.17
261.2	521.17
261.235	521.17
261.265	521.17
261.3	521.17
261.335	521.17
261.365	521.17
261.4	521.17
261.435	521.17
261.465	521.17
261.5	521.17
261.535	521.17
261.565	521.17
261.6	521.17
261.635	521.17
261.665	521.17
261.7	521.17
261.735	521.17
261.765	521.17
261.8	521.17
261.835	521.17
261.865	521.17
261.9	521.17
261.935	521.17
261.965	521.17
262	521.17
262.035	521.17
262.065	521.17
262.1	521.17
262.135	521.17
262.165	521.17
262.2	521.17
262.235	521.17
262.265	521.17
262.29	521.17
262.335	521.17
262.365	521.17
262.4	521.17
262.435	521.17
262.465	521.17
262.5	521.17
262.535	521.17
262.565	521.17
262.6	521.17
262.635	521.17
262.665	521.17
262.7	521.17
262.735	521.17
262.765	521.17
262.8	521.17
262.835	521.17
262.865	521.17
262.9	521.17
262.935	521.17
262.965	521.17
263	521.17
263.035	521.17
263.065	521.17
263.1	521.17
263.135	521.17
263.165	521.17
263.2	521.17
263.235	521.17
263.265	521.17
263.3	521.17
263.335	521.17
263.365	521.17
263.4	521.17
263.435	521.17
263.465	521.17
263.5	521.17
263.535	521.17
263.565	521.17
263.6	521.17
263.635	563.864
263.665	563.864
263.7	563.864
263.735	563.864
263.765	563.864
263.8	563.864
263.835	563.864
263.865	563.864
263.9	563.864
263.935	563.864
263.965	563.864
264	563.864
264.035	563.864
264.065	563.864
264.1	563.864
264.135	563.864
264.165	563.864
264.2	563.864
264.235	563.864
264.265	563.864
264.3	563.864
264.335	563.864
264.365	563.864
264.4	563.864
264.435	563.864
264.465	563.864
264.5	563.864
264.535	563.864
264.565	563.864
264.6	563.864
264.635	609.973
264.665	609.973
264.7	609.973
264.735	609.973
264.765	609.973
264.8	609.973
264.835	609.973
264.865	609.973
264.9	609.973
264.935	609.973
264.965	609.973
265	609.973
265.035	609.973
265.065	609.973
265.1	609.973
265.135	609.973
265.165	609.973
265.2	609.973
265.235	609.973
265.265	609.973
265.3	609.973
265.335	609.973
265.365	609.973
265.4	609.973
265.435	609.973
265.465	609.973
265.5	609.973
265.535	609.973
265.56	609.973
265.6	609.973
265.635	659.771
265.665	659.771
265.7	659.771
265.735	659.771
265.765	659.771
265.8	659.771
265.835	659.771
265.865	659.771
265.9	659.771
265.935	659.771
265.965	659.771
266	659.771
266.035	659.771
266.065	659.771
266.1	659.771
266.135	659.771
266.165	659.771
266.2	659.771
266.235	659.771
266.265	659.771
266.3	659.771
266.335	659.771
266.365	659.771
266.4	659.771
266.435	659.771
266.465	659.771
266.5	659.771
266.535	659.771
266.565	659.771
266.6	659.771
266.635	713.553
266.665	713.553
266.7	713.553
266.735	713.553
266.765	713.553
266.8	713.553
266.835	713.553
266.865	713.553
266.9	713.553
266.935	713.553
266.965	713.553
267	713.553
267.035	713.553
267.065	713.553
267.1	713.553
267.135	713.553
267.165	713.553
267.2	713.553
267.235	713.553
267.265	713.553
267.3	713.553
267.335	713.553
267.365	713.553
267.4	713.553
267.435	713.553
267.465	713.553
267.5	713.553
267.535	713.553
267.565	713.553
267.6	713.553
267.635	713.553
267.665	713.553
267.7	713.553
267.735	713.553
267.765	713.553
267.8	713.553
267.835	771.637
267.865	771.637
267.9	771.637
267.935	771.637
267.965	771.637
268	771.637
268.035	771.637
268.065	771.637
268.1	771.637
268.135	771.637
268.165	771.637
268.2	771.637
268.235	771.637
268.265	771.637
268.3	771.637
268.335	771.637
268.365	771.637
268.4	771.637
268.435	771.637
268.465	771.637
268.5	771.637
268.535	771.637
268.565	771.637
268.6	771.637
268.635	771.637
268.665	771.637
268.7	771.637
268.735	771.637
268.765	771.637
268.8	771.637
268.835	834.368
268.865	834.368
268.9	834.368
268.935	834.368
268.965	834.368
269	834.368
269.035	834.368
269.065	834.368
269.1	834.368
269.135	834.368
269.165	834.368
269.2	834.368
269.235	834.368
269.265	834.368
269.3	834.368
269.335	834.368
269.365	834.368
269.4	834.368
269.435	834.368
269.465	834.368
269.5	834.368
269.535	834.368
269.565	834.368
269.6	834.368
269.635	834.368
269.665	834.368
269.7	834.368
269.735	834.368
269.765	834.368
269.8	834.368
269.835	902.117
269.865	902.117
269.9	902.117
269.935	902.117
269.965	902.117
270	902.117
270.035	902.117
270.065	902.117
270.1	902.117
270.135	902.117
270.165	902.117
270.2	902.117
270.235	902.117
270.265	902.117
270.3	902.117
270.33	902.117
270.365	902.117
270.4	902.117
270.435	902.117
270.465	902.117
270.5	902.117
270.535	902.117
270.565	902.117
270.6	902.117
270.635	902.117
270.665	902.117
270.7	902.117
270.735	902.117
270.765	902.117
270.8	902.117
270.835	975.286
270.865	975.286
270.9	673.865
270.935	673.865
270.965	673.865
271	673.865
271.035	673.865
271.065	673.865
271.1	673.865
271.135	674.769
271.165	674.769
271.2	675.678
271.235	675.678
271.265	675.678
271.3	675.678
271.335	675.678
271.365	675.678
271.4	675.678
271.425	675.678
271.465	675.678
271.49	675.678
271.535	677.517
271.565	677.517
271.6	678.439
271.635	679.367
271.665	679.367
271.7	680.296
271.735	681.231
271.765	681.231
271.8	682.167
271.835	683.109
271.865	683.109
271.9	684.053
271.935	685.002
271.965	685.002
272	685.952
272.035	685.952
272.065	685.952
272.1	685.952
272.135	685.952
272.165	685.952
272.2	685.952
272.235	685.952
272.265	685.952
272.29	685.952
272.335	685.952
272.365	685.952
272.4	685.952
272.435	685.952
272.465	685.952
272.5	685.952
272.535	685.952
272.565	685.952
272.6	685.952
272.635	685.952
272.665	685.952
272.69	685.952
272.735	685.952
272.765	685.952
272.8	685.952
272.835	685.952
272.865	685.952
272.9	685.952
272.935	685.952
272.965	685.952
273	685.952
273.035	685.952
273.065	685.952
273.1	685.952
273.135	685.952
273.165	685.952
273.2	685.952
273.235	685.952
273.265	685.952
273.3	685.952
273.335	685.952
273.365	685.952
273.4	685.952
273.435	685.952
273.465	685.952
273.5	685.952
273.535	685.952
273.565	685.952
273.6	685.952
273.635	685.952
273.665	685.952
273.7	685.952
273.735	685.952
273.765	685.952
273.8	685.952
273.835	685.952
273.865	685.952
273.9	685.952
273.935	685.952
273.965	685.952
274	685.952
274.035	685.952
274.065	685.952
274.1	685.952
274.135	731.347
274.165	731.347
274.2	732.546
274.235	733.657
274.265	733.657
274.3	734.764
274.335	735.806
274.365	735.806
274.4	735.806
274.435	738.015
274.465	738.015
274.5	739.183
274.535	740.198
274.565	740.198
274.6	741.385
274.635	741.828
274.665	741.828
274.7	741.828
274.735	741.828
274.765	741.828
274.8	741.828
274.835	741.828
274.865	741.828
274.9	741.828
274.935	741.828
274.965	741.828
275	741.828
275.035	741.828
275.065	741.828
275.1	741.828
275.135	753.318
275.165	753.318
275.2	754.488
275.235	755.487
275.265	755.487
275.3	756.654
275.335	757.737
275.365	757.737
275.4	758.815
275.43	759.896
275.465	759.896
275.5	760.972
275.535	762.05
275.56	762.05
275.6	763.129
275.635	764.21
275.665	764.21
275.7	765.292
275.735	766.376
275.765	766.376
275.8	767.461
275.835	768.548
275.865	768.548
275.9	769.636
275.935	770.639
275.965	770.639
276	771.818
276.035	772.824
276.065	772.824
276.1	774.006
276.135	775.015
276.165	775.015
276.2	776.2
276.235	777.212
276.265	777.212
276.3	778.401
276.335	779.415
276.365	779.415
276.4	780.608
276.435	781.625
276.465	781.625
276.5	782.821
276.535	783.841
276.565	783.841
276.6	785.041
276.635	786.064
276.665	786.064
276.7	787.267
276.735	788.293
276.765	788.293
276.8	789.499
276.825	789.499
276.865	790.528
276.9	791.738
276.935	792.77
276.96	792.77
277	793.983
277.035	795.018
277.065	795.018
277.1	796.234
277.135	797.272
277.165	797.272
277.2	798.491
277.235	799.622
277.26	799.622
277.3	800.755
277.335	801.821
277.365	801.821
277.4	803.025
277.435	804.094
277.465	804.094
277.5	805.302
277.535	806.351
277.565	806.351
277.6	807.585
277.635	808.638
277.665	808.638
277.7	809.875
277.735	810.931
277.765	810.931
277.8	812.171
277.83	813.229
277.865	813.229
277.9	813.229
277.935	815.533
277.965	815.533
278	816.781
278.035	817.845
278.065	817.845
278.1	819.096
278.135	820.164
278.165	820.164
278.2	821.419
278.235	822.49
278.265	822.49
278.3	822.49
278.335	822.49
278.365	822.49
278.4	822.49
278.435	822.49
278.465	822.49
278.5	822.49
278.535	822.49
278.565	822.49
278.6	822.49
278.635	822.49
278.665	822.49
278.7	822.49
278.735	822.49
278.765	822.49
278.8	822.49
278.835	822.49
278.865	822.49
278.9	822.49
278.935	822.49
278.965	822.49
279	822.49
279.035	822.49
279.065	822.49
279.1	822.49
279.135	822.49
279.165	822.49
279.2	822.49
279.235	822.49
279.265	822.49
279.3	822.49
279.335	822.49
279.365	822.49
279.4	822.49
279.435	822.49
279.465	822.49
279.5	822.49
279.535	822.49
279.565	822.49
279.6	822.49
279.635	822.49
279.665	822.49
279.7	822.49
279.735	822.49
279.765	822.49
279.8	822.49
279.835	822.49
279.865	822.49
279.9	822.49
279.935	822.49
279.965	822.49
280	822.49
280.035	822.49
280.065	822.49
280.1	822.49
280.135	822.49
280.165	822.49
280.2	822.49
280.235	822.49
280.265	822.49
280.3	822.49
280.335	822.49
280.365	822.49
280.4	872.983
280.435	873.915
280.465	873.915
280.5	874.843
280.535	875.772
280.565	875.772
280.6	876.697
280.635	877.623
280.665	877.623
280.7	878.546
280.735	879.47
280.765	879.47
280.8	880.395
280.835	881.321
280.865	881.321
280.9	882.248
280.935	883.176
280.965	883.176
281	886.581
281.035	889.289
281.065	889.289
281.1	889.289
281.135	889.289
281.165	889.289
281.2	889.289
281.235	889.289
281.265	889.289
281.3	889.289
281.335	889.289
281.365	889.289
281.4	914.299
281.435	917.824
281.465	917.824
281.5	921.363
281.535	924.915
281.56	924.915
281.6	928.481
281.635	932.061
281.665	932.061
281.7	935.655
281.735	939.262
281.765	939.262
281.8	942.883
281.835	946.518
281.865	946.518
281.9	950.167
281.935	953.83
281.965	953.83
282	957.507
282.035	961.199
282.065	961.199
282.1	961.432
282.135	961.432
282.165	961.432
282.2	961.432
282.235	961.432
282.265	961.432
282.3	961.432
282.335	961.432
282.365	961.432
282.4	987.442
282.435	991.249
282.465	991.249
282.5	995.071
282.535	998.907
282.565	998.907
282.6	1000
282.635	1000
282.665	1000
282.7	1000
282.735	1000
282.765	1000
282.8	1000
282.835	1000
282.865	1000
282.9	1000
282.935	1000
282.965	1000
283	1000
283.035	1000
283.065	1000
283.1	1000
283.135	1000
283.165	1000
283.2	1000
283.235	1000
283.265	1000
283.3	1000
283.335	1000
283.365	1000
283.4	1000
283.435	1000
283.465	1000
283.5	1000
283.535	1000
283.565	1000
283.6	1000
283.635	1000
283.665	1000
283.7	1000
283.735	1000
283.765	1000
283.8	1000
283.835	1000
283.865	1000
283.9	1000
283.935	1000
283.965	1000
284	1000
284.035	1000
284.065	1000
284.1	1000
284.135	1000
284.165	1000
284.2	1000
284.235	1000
284.265	1000
284.3	1000
284.335	1000
284.365	1000
284.4	1000
284.435	1000
284.465	1000
284.5	1000
284.535	1000
284.565	1000
284.6	1000
284.635	1000
284.665	1000
284.7	1000
284.735	1000
284.765	1000
284.8	1000
284.83	1000
284.865	1000
284.9	1000
284.935	1000
284.965	1000
285	1000
285.035	1000
285.065	1000
285.1	1000
285.135	1000
285.165	1000
285.2	1000
285.235	1000
285.265	1000
285.3	1000
285.335	1000
285.365	1000
285.4	1000
285.435	1000
285.465	1000
285.5	1000
285.535	1000
285.565	1000
285.6	1000
285.635	1000
285.665	1000
285.7	1000
285.735	1000
285.765	1000
285.8	1000
285.835	1000
285.865	1000
285.9	1000
285.935	1000
285.965	1000
286	1000
286.035	1000
286.065	1000
286.1	1000
286.135	1000
286.165	1000
286.2	1000
286.235	1000
286.265	1000
286.3	1000
286.335	1000
286.365	1000
286.4	1000
286.435	1000
286.46	1000
286.5	1000
286.535	1000
286.565	1000
286.6	1000
286.635	1000
286.66	1000
286.7	1000
286.735	1000
286.765	1000
286.8	1000
286.835	1000
286.865	1000
286.9	1000
286.93	1000
286.965	1000
287	1000
287.035	1000
287.065	1000
287.1	1000
287.135	1000
287.165	1000
287.2	1000
287.235	1000
287.265	1000
287.3	1000
287.335	1000
287.365	1000
287.4	1000
287.435	829.037
287.465	829.037
287.5	829.037
287.535	829.037
287.565	829.037
287.6	830.165
287.635	831.295
287.665	831.295
287.7	832.432
287.735	832.432
287.765	832.432
287.8	832.432
287.835	832.432
287.865	832.432
287.9	832.432
287.935	832.432
287.965	832.432
288	832.432
288.035	832.432
288.065	832.432
288.1	832.432
288.135	832.432
288.165	832.432
288.2	832.432
288.235	832.432
288.265	832.432
288.3	832.432
288.335	832.432
288.365	832.432
288.4	832.432
288.435	832.432
288.465	832.432
288.5	832.432
288.535	832.432
288.565	832.432
288.6	832.432
288.635	832.432
288.665	832.432
288.7	832.432
288.735	832.432
288.765	832.432
288.8	855.776
288.835	856.989
288.865	856.989
288.9	858.203
288.935	859.425
288.965	859.425
289	860.649
289.035	861.88
289.065	861.88
289.1	863.114
289.135	864.356
289.165	864.356
289.2	865.288
289.235	866.221
289.265	866.221
289.3	867.155
289.335	868.09
289.365	868.09
289.4	869.026
289.435	869.963
289.465	869.963
289.5	870.901
289.535	871.84
289.565	871.84
289.6	872.78
289.635	873.717
289.665	873.717
289.7	874.65
289.735	875.579
289.765	875.579
289.8	875.579
289.835	657.931
289.865	657.931
289.9	657.931
289.935	657.931
289.965	657.931
290	657.931
290.035	658.835
290.065	658.835
290.1	659.736
290.135	659.736
290.165	659.736
290.2	659.736
290.235	659.736
290.265	659.736
290.3	659.736
290.335	659.736
290.365	659.736
290.4	659.736
290.435	660.647
290.465	660.647
290.5	661.564
290.535	662.482
290.565	662.482
290.6	663.406
290.635	664.331
290.665	664.331
290.7	665.258
290.735	666.186
290.765	666.186
290.8	667.12
290.835	668.056
290.865	668.056
290.9	668.993
290.935	669.931
290.965	669.931
291	670.87
291.035	671.811
291.065	671.811
291.1	672.753
291.135	673.696
291.165	673.696
291.2	674.646
291.235	675.602
291.265	675.602
291.3	676.564
291.335	677.494
291.365	677.494
291.4	678.508
291.435	679.45
291.465	679.45
291.5	680.483
291.535	681.443
291.565	681.443
291.6	682.489
291.635	683.457
291.665	683.457
291.7	684.512
291.735	685.488
291.765	685.488
291.8	686.546
291.835	687.525
291.865	687.525
291.9	688.587
291.935	688.587
291.965	688.587
292	688.587
292.035	688.587
292.065	688.587
292.1	688.587
292.135	688.587
292.165	688.587
292.2	688.587
292.235	688.587
292.265	688.587
292.3	688.587
292.335	688.587
292.365	688.587
292.4	688.587
292.435	688.587
292.465	688.587
292.5	688.587
292.535	688.587
292.565	688.587
292.6	688.587
292.635	688.587
292.665	688.587
292.7	688.587
292.735	688.587
292.765	688.587
292.8	688.587
292.835	688.587
292.865	688.587
292.9	688.587
292.935	688.587
292.965	688.587
293	688.587
293.035	688.587
293.065	688.587
293.1	688.587
293.135	688.587
293.165	688.587
293.2	688.587
293.235	688.587
293.265	688.587
293.3	688.587
293.335	688.587
293.365	688.587
293.4	688.587
293.435	688.587
293.465	688.587
293.5	688.587
293.535	688.587
293.56	688.587
293.6	688.587
293.63	688.587
293.665	688.587
293.7	688.587
293.735	688.587
293.765	688.587
293.8	688.587
293.835	688.587
293.865	688.587
293.9	688.587
293.935	688.587
293.965	688.587
294	688.587
294.035	688.587
294.065	688.587
294.1	688.587
294.135	688.587
294.165	688.587
294.2	688.587
294.235	688.587
294.265	688.587
294.3	688.587
294.335	688.587
294.365	688.587
294.4	688.587
294.435	688.587
294.465	688.587
294.5	688.587
294.535	688.587
294.565	688.587
294.6	688.587
294.635	688.587
294.665	688.587
294.7	688.587
294.735	688.587
294.765	688.587
294.8	688.587
294.835	688.587
294.865	688.587
294.9	688.587
294.935	688.587
294.965	688.587
295	688.587
295.035	688.587
295.065	688.587
295.1	688.587
295.135	688.587
295.165	688.587
295.2	688.587
295.235	688.587
295.265	688.587
295.3	688.587
295.335	688.587
295.365	688.587
295.4	688.587
295.435	688.587
295.465	688.587
295.5	688.587
295.535	688.587
295.565	688.587
295.6	688.587
295.635	688.587
295.665	688.587
295.7	688.587
295.735	688.587
295.765	688.587
295.8	688.587
295.835	688.587
295.865	688.587
295.9	688.587
295.935	688.587
295.965	688.587
296	688.587
296.03	688.587
296.065	688.587
296.1	688.587
296.135	744.674
296.165	744.674
296.2	744.674
296.235	744.674
296.265	744.674
296.3	744.674
296.335	744.674
296.365	744.674
296.4	744.674
296.435	744.674
296.465	744.674
296.5	744.674
296.535	744.674
296.565	744.674
296.6	744.674
296.635	744.674
296.665	744.674
296.7	744.674
296.735	744.674
296.765	744.674
296.8	744.674
296.835	744.674
296.865	744.674
296.9	744.674
296.935	744.674
296.965	744.674
297	744.674
297.035	744.674
297.065	744.674
297.1	744.674
297.135	803.164
297.165	803.164
297.2	804.41
297.235	805.248
297.265	805.248
297.3	805.248
297.335	805.248
297.365	805.248
297.4	805.248
297.435	805.248
297.465	805.248
297.5	805.248
297.535	805.248
297.565	805.248
297.6	805.248
297.635	805.248
297.665	805.248
297.7	805.248
297.735	805.248
297.765	805.248
297.8	805.248
297.835	805.248
297.865	805.248
297.9	805.248
297.935	805.248
297.965	805.248
298	805.248
298.035	805.248
298.065	805.248
298.1	805.248
298.135	827.912
298.165	827.912
298.2	829.276
298.235	830.44
298.265	830.44
298.3	831.8
298.335	831.8
298.365	831.8
298.4	696.012
298.435	696.012
298.465	696.012
298.5	697.141
298.535	698.103
298.565	698.103
298.6	699.229
298.635	700.189
298.665	700.189
298.7	701.311
298.735	702.269
298.765	702.269
298.8	703.389
298.835	704.345
298.865	704.345
298.9	705.468
298.935	706.427
298.965	706.427
299	707.548
299.035	708.504
299.065	708.504
299.1	709.622
299.135	710.576
299.165	710.576
299.2	711.692
299.235	712.643
299.265	712.643
299.3	713.756
299.335	714.705
299.365	714.705
299.4	715.816
299.435	716.763
299.465	716.763
299.5	717.87
299.535	718.815
299.565	718.815
299.6	719.92
299.635	720.863
299.665	720.863
299.7	721.966
299.735	722.907
299.765	722.907
299.8	724.019
299.835	724.968
299.865	724.968
299.9	726.083
299.935	727.034
299.965	727.034
300	728.152
300.035	729.105
300.065	729.105
300.1	730.227
300.135	731.183
300.165	731.183
300.2	732.308
300.235	733.267
300.265	733.267
300.3	734.394
300.335	735.356
300.365	735.356
300.4	736.486
300.435	737.451
300.465	737.451
300.5	738.585
300.535	739.553
300.565	739.553
300.6	740.69
300.635	741.66
300.66	741.66
300.695	742.8
300.735	743.794
300.765	743.794
300.8	744.917
300.835	745.914
300.865	745.914
300.9	747.04
300.935	748.04
300.965	748.04
301	749.169
301.035	750.172
301.065	750.172
301.1	751.304
301.135	752.288
301.16	752.288
301.2	753.445
301.235	754.431
301.265	754.431
301.3	755.591
301.335	756.58
301.365	756.58
301.4	756.58
301.435	756.58
301.465	756.58
301.5	756.58
301.535	756.58
301.565	756.58
301.6	756.58
301.635	756.58
301.665	756.58
301.7	756.58
301.735	756.58
301.765	756.58
301.8	756.58
301.835	756.58
301.865	756.58
301.9	756.58
301.935	756.58
301.965	756.58
302	756.58
302.035	756.58
302.065	756.58
302.1	756.58
302.135	756.58
302.165	756.58
302.2	756.58
302.235	756.58
302.265	756.58
302.3	756.58
302.335	756.58
302.365	756.58
302.4	756.58
302.435	780.638
302.465	780.638
302.5	781.838
302.535	782.862
302.565	782.862
302.6	784.066
302.635	785.093
302.665	785.093
302.7	786.3
302.735	787.33
302.765	787.33
302.8	788.541
302.835	789.574
302.86	789.574
302.9	790.789
302.935	791.825
302.965	791.825
303	793.043
303.025	793.043
303.065	794.081
303.1	795.302
303.135	796.344
303.165	796.344
303.2	797.569
303.235	798.614
303.265	798.614
303.3	799.842
303.335	800.89
303.365	800.89
303.4	802.121
303.435	803.172
303.465	803.172
303.5	804.408
303.535	805.461
303.565	805.461
303.6	806.7
303.635	807.756
303.665	807.756
303.7	808.998
303.735	810.081
303.765	810.081
303.8	811.304
303.835	812.39
303.865	812.39
303.9	813.616
303.935	814.705
303.965	814.705
304	815.935
304.035	817.027
304.065	817.027
304.1	818.26
304.135	819.331
304.165	819.331
304.2	820.591
304.235	821.666
304.265	821.666
304.3	822.929
304.335	824.007
304.365	824.007
304.4	825.274
304.435	826.355
304.465	826.355
304.5	827.626
304.535	828.733
304.565	828.733
304.6	829.984
304.635	831.089
304.665	831.089
304.7	832.337
304.735	833.451
304.765	833.451
304.8	834.709
304.835	835.826
304.865	835.826
304.9	837.088
304.935	838.209
304.965	838.209
305	839.474
305.035	840.598
305.065	840.598
305.1	841.866
305.135	842.993
305.165	842.993
305.2	844.266
305.235	845.396
305.265	845.396
305.3	846.672
305.335	847.781
305.365	847.781
305.4	849.084
305.435	850.196
305.465	850.196
305.5	851.504
305.535	852.62
305.565	852.62
305.6	853.931
305.635	855.05
305.665	855.05
305.7	856.365
305.735	857.486
305.765	857.486
305.8	858.805
305.835	859.93
305.865	859.93
305.9	861.252
305.935	862.38
305.965	862.38
306	863.706
306.035	864.936
306.065	864.936
306.1	865.86
306.135	866.711
306.165	866.711
306.2	870.32
306.235	873.407
306.265	873.407
306.3	877.044
306.335	880.154
306.365	880.154
306.4	883.819
306.435	886.953
306.465	886.953
306.5	890.647
306.535	893.806
306.565	893.806
306.6	897.528
306.635	900.988
306.665	900.988
306.7	904.462
306.735	907.949
306.765	907.949
306.8	911.45
306.835	914.964
306.865	914.964
306.9	918.492
306.935	922.033
306.965	922.033
307	925.588
307.035	929.157
307.065	929.157
307.1	932.739
307.135	936.047
307.165	936.047
307.2	939.945
307.235	943.278
307.265	943.278
307.3	947.206
307.335	950.565
307.365	950.565
307.4	954.524
307.435	957.909
307.465	957.909
307.5	961.898
307.535	965.607
307.565	965.607
307.6	969.33
307.635	973.067
307.665	973.067
307.7	976.819
307.735	980.585
307.765	980.585
307.8	984.366
307.835	988.161
307.865	988.161
307.9	991.971
307.935	995.796
307.965	995.796
308	999.635
308.035	1000
308.065	1000
308.1	1000
308.135	1000
308.165	1000
308.2	1000
308.235	1000
308.265	1000
308.3	1000
308.335	1000
308.365	1000
308.4	1000
308.435	1000
308.465	1000
308.5	1000
308.535	1000
308.565	1000
308.6	1000
308.635	1000
308.665	1000
308.7	1000
308.735	1000
308.765	1000
308.8	1000
308.835	1000
308.865	1000
308.9	1000
308.935	1000
308.965	1000
309	1000
309.035	1000
309.065	1000
309.1	1000
309.135	1000
309.165	1000
309.2	1000
309.235	1000
309.265	1000
309.3	1000
309.335	1000
309.365	1000
309.4	1000
309.435	1000
309.465	1000
309.5	1000
