0.035	500
0.063	500
0.113	500
0.138	501
0.168	501
0.203	557.904
0.238	560.055
0.268	560.055
0.303	481.881
0.338	483.739
0.368	483.739
0.403	485.604
0.438	487.476
0.468	487.476
0.503	489.355
0.538	491.242
0.568	491.242
0.603	493.136
0.638	493.136
0.668	493.136
0.703	493.136
0.738	493.136
0.768	493.136
0.803	494.136
0.838	496.041
0.868	496.041
0.903	497.953
0.938	499.873
0.968	499.873
1.003	501.8
1.038	503.735
1.068	503.735
1.103	505.677
1.138	507.627
1.168	507.627
1.203	509.584
1.238	511.549
1.268	511.549
1.303	513.521
1.338	515.501
1.368	515.501
1.403	517.488
1.438	519.483
1.468	519.483
1.503	521.486
1.538	523.497
1.568	523.497
1.603	525.515
1.638	527.541
1.668	527.541
1.703	529.575
1.738	531.617
1.768	531.617
1.803	533.667
1.838	535.725
1.868	535.725
1.903	537.79
1.938	539.863
1.968	539.863
2.003	539.863
2.038	539.863
2.068	539.863
2.103	402.427
2.138	402.427
2.168	402.427
2.203	402.427
2.238	402.05
2.268	402.05
2.303	402.05
2.338	402.05
2.368	402.05
2.403	392.284
2.438	392.284
2.468	392.284
2.503	392.284
2.538	392.284
2.568	392.284
2.603	393.024
2.638	393.758
2.668	393.758
2.703	394.487
2.738	395.211
2.768	395.211
2.803	395.93
2.838	396.647
2.868	396.647
2.903	397.359
2.938	398.069
2.968	398.069
3.003	398.775
3.038	399.476
3.068	399.476
3.103	400.175
3.138	400.869
3.168	400.869
3.203	401.559
3.238	402.247
3.268	402.247
3.303	402.931
3.338	403.6
3.368	403.6
3.403	404.291
3.438	404.965
3.468	404.965
3.503	405.634
3.538	406.299
3.568	406.299
3.603	406.96
3.638	407.619
3.668	407.619
3.703	408.277
3.738	408.934
3.768	408.934
3.803	409.589
3.838	410.243
3.868	410.243
3.903	410.895
3.938	411.545
3.968	411.545
4.003	412.195
4.038	412.843
4.068	412.843
4.103	413.492
4.138	414.14
4.168	414.14
4.203	414.788
4.238	415.435
4.268	415.435
4.303	416.081
4.338	416.081
4.368	416.081
4.403	416.081
4.438	416.081
4.468	416.081
4.503	339.561
4.538	339.561
4.568	339.561
4.603	339.561
4.638	339.561
4.668	339.561
4.703	312.412
4.738	312.412
4.768	312.412
4.803	312.412
4.838	312.412
4.868	312.412
4.903	274.002
4.938	274.002
4.968	274.002
5.003	274.002
5.038	274.002
5.068	274.002
5.103	273.7
5.138	273.7
5.168	273.7
5.203	273.7
5.238	273.7
5.268	273.7
5.303	274.426
5.338	275.144
5.368	275.144
5.403	275.144
5.438	275.144
5.468	275.144
5.503	275.144
5.538	275.144
5.568	275.144
5.603	275.144
5.638	275.144
5.668	275.144
5.703	275.144
5.738	275.144
5.768	275.144
5.803	275.144
5.838	242.802
5.868	242.802
5.903	242.802
5.938	242.802
5.968	242.802
6.003	242.802
6.038	217.24
6.068	217.24
6.103	217.24
6.138	217.24
6.168	217.24
6.203	217.24
6.238	217.24
6.268	217.24
6.303	217.24
6.338	217.24
6.368	217.24
6.403	217.24
6.438	219.976
6.468	219.976
6.503	219.976
6.538	220.861
6.568	220.861
6.603	221.302
6.638	221.742
6.668	221.742
6.703	222.179
6.738	222.614
6.768	222.614
6.803	223.049
6.838	223.483
6.868	223.483
6.903	223.915
6.938	224.345
6.968	224.345
7.003	224.774
7.038	225.202
7.068	225.202
7.103	225.63
7.138	226.057
7.168	226.057
7.203	226.484
7.238	226.911
7.268	226.911
7.303	227.338
7.338	227.765
7.368	227.765
7.403	228.193
7.438	228.621
7.468	228.621
7.503	229.05
7.538	229.477
7.568	229.477
7.603	229.904
7.638	230.331
7.668	230.331
7.703	230.758
7.738	231.186
7.768	231.186
7.803	231.613
7.838	232.041
7.868	232.041
7.903	232.452
7.938	232.898
7.968	232.898
8.003	233.328
8.038	233.758
8.068	233.758
8.103	234.189
8.138	234.621
8.168	234.621
8.203	235.053
8.238	235.486
8.268	235.486
8.303	235.919
8.338	236.352
8.368	236.352
8.403	236.785
8.438	237.219
8.468	237.219
8.503	237.653
8.538	238.088
8.568	238.088
8.603	238.523
8.638	238.958
8.668	238.958
8.703	239.392
8.738	239.827
8.768	239.827
8.803	240.262
8.838	240.698
8.868	240.698
8.903	241.134
8.938	241.57
8.968	241.57
9.003	242.006
9.038	242.443
9.068	242.443
9.103	242.88
9.138	243.317
9.168	243.317
9.203	243.754
9.238	244.191
9.268	244.191
9.303	244.62
9.338	245.067
9.368	245.067
9.403	245.506
9.438	245.945
9.468	245.945
9.503	246.384
9.538	246.823
9.568	246.823
9.603	247.263
9.638	247.703
9.668	247.703
9.703	248.143
9.738	248.583
9.768	248.583
9.803	249.024
9.838	249.466
9.868	249.466
9.903	249.909
9.938	250.351
9.968	250.351
10.003	250.794
10.038	251.237
10.068	251.237
10.103	251.681
10.138	252.107
10.168	252.107
10.203	252.568
10.238	253.011
10.268	253.011
10.303	253.454
10.338	253.897
10.368	253.897
10.403	254.34
10.438	254.783
10.468	254.783
10.503	255.226
10.538	255.668
10.568	255.668
10.603	256.11
10.638	256.552
10.668	256.552
10.703	256.994
10.738	257.437
10.768	257.437
10.803	257.879
10.838	258.321
10.868	258.321
10.903	258.763
10.938	259.206
10.968	259.206
11.003	259.649
11.038	260.093
11.068	260.093
11.103	260.537
11.138	260.982
11.168	260.982
11.203	261.408
11.238	261.871
11.268	261.871
11.303	262.307
11.338	262.762
11.368	262.762
11.403	263.207
11.438	263.653
11.468	263.653
11.503	264.099
11.538	264.546
11.568	264.546
11.603	264.993
11.638	265.439
11.668	265.439
11.703	265.885
11.738	266.33
11.768	266.33
11.803	266.776
11.838	267.222
11.868	267.222
11.903	267.668
11.938	268.114
11.968	268.114
12.003	268.561
12.038	268.561
12.068	268.561
12.103	268.561
12.138	268.561
12.168	268.561
12.203	202.369
12.238	202.369
12.268	202.369
12.303	202.705
12.338	203.041
12.368	203.041
12.403	203.377
12.438	203.705
12.468	203.705
12.503	204.047
12.538	204.374
12.568	204.374
12.603	204.714
12.638	204.714
12.668	204.714
12.703	204.714
12.738	204.714
12.768	204.714
12.803	177.619
12.838	177.619
12.868	177.619
12.903	177.619
12.938	177.619
12.968	177.619
13.003	159.721
13.038	159.721
13.068	159.721
13.103	159.721
13.138	159.721
13.168	159.721
13.203	153.558
13.238	153.558
13.268	153.558
13.303	153.558
13.338	153.558
13.368	153.558
13.403	150.954
13.438	150.954
13.468	150.954
13.503	150.954
13.538	150.954
13.568	150.954
13.603	140.021
13.638	140.021
13.668	140.021
13.703	140.021
13.738	140.021
13.768	140.021
13.803	131.169
13.838	131.169
13.868	131.169
13.903	131.169
13.938	131.169
13.968	131.169
14.003	117.955
14.038	117.955
14.068	117.955
14.103	118.154
14.138	118.353
14.168	118.353
14.203	118.552
14.238	118.751
14.268	118.751
14.303	118.95
14.338	119.149
14.368	119.149
14.403	119.149
14.438	119.149
14.468	119.149
14.503	119.149
14.538	110.747
14.568	110.747
14.603	110.747
14.638	110.747
14.668	110.747
14.703	110.747
14.738	101.656
14.768	101.656
14.803	101.656
14.838	101.656
14.868	101.656
14.903	101.656
14.938	100
14.968	100
15.003	100
15.038	100
15.068	100
15.103	100
15.138	100.199
15.168	100.199
15.203	100.391
15.238	100.599
15.268	100.599
15.303	100.798
15.338	100.997
15.368	100.997
15.403	101.196
15.438	101.391
15.468	101.391
15.503	101.391
15.538	101.391
15.568	101.391
15.603	101.391
15.638	100
15.668	100
15.703	100
15.738	100.199
15.768	100.199
15.803	100.398
15.838	100.597
15.868	100.597
15.903	100.597
15.938	100.597
15.968	100.597
16.003	100.597
16.038	100.597
16.068	100.597
16.103	100.597
16.138	100.597
16.168	100.597
16.203	100.597
16.238	100.597
16.268	100.597
16.303	100.597
16.338	100.597
16.368	100.597
16.403	100.597
16.438	100.597
16.468	100.597
16.503	100.597
16.538	100.597
16.568	100.597
16.603	100.597
16.638	100.597
16.668	100.597
16.703	100.597
16.738	100.597
16.768	100.597
16.803	100.597
16.838	100.597
16.868	100.597
16.903	100.597
16.938	100.597
16.968	100.597
17.003	100.597
17.038	100.597
17.068	100.597
17.103	100.597
17.138	100.597
17.168	100.597
17.203	100
17.233	100
17.268	100
17.303	100
17.338	100
17.368	100
17.403	100
17.438	100
17.468	100
17.503	100
17.538	100
17.563	100
17.603	100
17.638	100
17.668	100
17.703	100
17.738	100
17.768	100
17.803	100
17.838	100
17.868	100
17.903	100
17.938	100
17.968	100
18.003	100
18.038	100
18.068	100
18.103	100
18.138	100
18.168	100
18.203	100
18.238	100
18.268	100
18.303	100
18.338	100
18.368	100
18.403	100
18.438	100
18.468	100
18.503	100
18.538	100
18.568	100
18.603	100
18.638	100
18.668	100
18.703	100
18.738	100
18.768	100
18.803	100
18.838	100
18.868	100
18.903	100
18.938	100
18.968	100
19.003	100
19.038	100
19.068	100
19.103	100
19.138	100
19.168	100
19.203	100.199
19.238	100.398
19.268	100.398
19.303	100.597
19.338	100.796
19.368	100.796
19.403	100.995
19.438	101.194
19.468	101.194
19.503	101.393
19.538	101.592
19.568	101.592
19.603	101.592
19.638	101.592
19.668	101.592
19.703	101.592
19.738	100
19.768	100
19.803	100
19.838	100
19.868	100
19.903	100
19.938	100
19.968	100
20.003	100.199
20.038	100.391
20.068	100.391
20.103	100.599
20.138	100.798
20.168	100.798
20.203	100.997
20.238	101.196
20.268	101.196
20.303	101.395
20.338	101.395
20.368	101.395
20.403	101.794
20.438	101.993
20.468	101.993
20.503	102.192
20.538	102.391
20.568	102.391
20.603	102.59
20.638	102.789
20.668	102.789
20.703	102.988
20.738	103.187
20.768	103.187
20.803	103.386
20.838	103.585
20.868	103.585
20.903	103.784
20.938	103.983
20.968	103.983
21.003	104.182
21.038	104.381
21.068	104.381
21.103	104.58
21.138	104.58
21.168	104.58
21.203	104.58
21.238	104.58
21.268	104.58
21.303	104.58
21.338	104.58
21.368	104.58
21.403	104.58
21.438	104.58
21.468	104.58
21.503	104.58
21.538	104.58
21.568	104.58
21.603	104.58
21.638	104.58
21.668	104.58
21.703	104.58
21.738	104.58
21.768	104.58
21.803	104.58
21.838	104.58
21.868	104.58
21.903	104.58
21.938	104.58
21.968	104.58
22.003	104.58
22.038	100
22.068	100
22.103	100
22.138	100
22.168	100
22.203	100
22.238	100
22.268	100
22.303	100
22.338	100.199
22.368	100.199
22.403	100.398
22.438	100.597
22.468	100.597
22.503	100.796
22.538	100.995
22.568	100.995
22.603	101.19
22.638	101.19
22.668	101.19
22.703	101.19
22.738	101.19
22.768	101.19
22.803	100
22.838	100
22.868	100
22.903	100
22.938	100
22.968	100
23.003	100
23.038	100
23.068	100
23.103	100
23.138	100
23.168	100
23.203	100
23.238	100
23.268	100
23.303	100
23.338	100
23.368	100
23.403	100
23.438	100
23.468	100
23.503	100
23.538	100
23.568	100
23.603	100
23.638	100
23.668	100
23.703	100
23.738	100
23.768	100
23.803	100
23.838	100.199
23.868	100.199
23.903	100.391
23.938	100.599
23.968	100.599
24.003	100.798
24.038	100.997
24.068	100.997
24.103	101.196
24.138	101.395
24.168	101.395
24.203	101.594
24.238	101.789
24.268	101.789
24.303	101.993
24.338	102.192
24.368	102.192
24.403	102.391
24.438	102.59
24.468	102.59
24.503	102.789
24.538	102.988
24.568	102.988
24.603	103.187
24.638	103.386
24.668	103.386
24.703	103.585
24.738	103.784
24.768	103.784
24.803	103.983
24.838	104.182
24.868	104.182
24.903	104.381
24.938	104.58
24.968	104.58
25.003	104.779
25.038	104.978
25.068	104.978
25.103	105.177
25.138	105.376
25.168	105.376
25.203	105.575
25.238	105.774
25.268	105.774
25.303	105.973
25.338	106.172
25.368	106.172
25.403	106.371
25.438	106.57
25.468	106.57
25.503	106.769
25.538	106.968
25.568	106.968
25.603	107.167
25.638	107.366
25.668	107.366
25.703	107.565
25.738	107.764
25.768	107.764
25.803	107.963
25.838	108.162
25.863	108.162
25.903	108.361
25.938	108.56
25.968	108.56
26.003	108.759
26.038	108.958
26.068	108.958
26.103	109.157
26.138	109.356
26.168	109.356
26.203	109.555
26.238	109.754
26.268	109.754
26.303	109.953
26.338	110.152
26.368	110.152
26.403	110.152
26.438	110.152
26.468	110.152
26.503	110.152
26.538	110.152
26.568	110.152
26.603	110.152
26.638	110.152
26.668	110.152
26.703	110.152
26.738	110.152
26.768	110.152
26.803	110.152
26.838	110.152
26.868	110.152
26.903	110.152
26.938	110.152
26.968	110.152
27.003	110.152
27.038	110.152
27.068	110.152
27.103	110.152
27.138	110.152
27.168	110.152
27.203	110.152
27.238	110.152
27.268	110.152
27.303	110.152
27.338	110.152
27.368	110.152
27.403	110.152
27.433	110.152
27.468	110.152
27.503	110.152
27.538	110.152
27.568	110.152
27.603	110.152
27.638	110.152
27.668	110.152
27.703	110.152
27.738	110.152
27.768	110.152
27.803	100
27.838	100
27.868	100
27.903	100
27.938	100
27.968	100
28.003	100
28.038	100
28.068	100
28.103	100
28.138	100
28.168	100
28.203	100
28.238	100
28.268	100
28.303	100
28.338	100
28.368	100
28.403	100
28.438	100
28.468	100
28.503	100
28.538	100
28.568	100
28.603	100
28.638	100
28.668	100
28.703	100
28.738	100
28.768	100
28.803	100
28.838	100
28.868	100
28.903	100
28.938	100
28.968	100
29.003	100
29.038	100
29.068	100
29.103	100
29.138	100
29.168	100
29.203	100
29.238	100
29.268	100
29.303	100
29.338	100
29.368	100
29.403	100
29.438	100
29.468	100
29.503	100
29.538	100
29.568	100
29.603	100
29.638	100
29.668	100
29.703	100
29.738	100
29.768	100
29.803	100.199
29.838	100.398
29.868	100.398
29.903	100.597
29.938	100.789
29.968	100.789
30.003	100.997
30.038	101.196
30.068	101.196
30.103	101.395
30.138	101.594
30.168	101.594
30.203	101.793
30.238	101.992
30.268	101.992
30.303	102.187
30.338	102.391
30.368	102.391
30.403	102.59
30.438	102.789
30.468	102.789
30.503	102.988
30.538	103.187
30.568	103.187
30.603	103.386
30.638	103.585
30.668	103.585
30.703	103.784
30.738	103.983
30.768	103.983
30.803	104.182
30.838	104.381
30.868	104.381
30.903	104.58
30.938	104.779
30.968	104.779
31.003	104.978
31.038	105.177
31.068	105.177
31.103	105.376
31.138	105.575
31.168	105.575
31.203	105.774
31.238	105.973
31.268	105.973
31.303	106.172
31.338	106.367
31.368	106.367
31.403	106.571
31.438	106.77
31.468	106.77
31.503	106.969
31.538	107.168
31.568	107.168
31.603	107.367
31.638	107.566
31.668	107.566
31.703	107.765
31.738	107.964
31.768	107.964
31.803	108.163
31.838	108.362
31.868	108.362
31.903	108.561
31.938	108.76
31.968	108.76
32.003	108.959
32.038	109.158
32.068	109.158
32.103	109.357
32.138	109.549
32.168	109.549
32.203	109.757
32.238	109.956
32.268	109.956
32.303	110.155
32.338	110.354
32.368	110.354
32.403	110.553
32.438	110.752
32.468	110.752
32.503	110.951
32.538	111.15
32.568	111.15
32.603	111.349
32.638	111.548
32.668	111.548
32.703	111.743
32.738	111.947
32.768	111.947
32.803	112.146
32.838	112.345
32.868	112.345
32.903	112.544
32.938	112.743
32.968	112.743
33.003	112.942
33.038	113.141
33.068	113.141
33.103	113.34
33.138	113.539
33.168	113.539
33.203	113.738
33.238	113.937
33.268	113.937
33.303	114.136
33.338	114.335
33.368	114.335
33.403	114.534
33.438	114.733
33.468	114.733
33.503	114.932
33.538	115.131
33.568	115.131
33.603	115.323
33.638	115.531
33.668	115.531
33.703	115.531
33.738	115.531
33.768	115.531
33.803	115.531
33.838	115.531
33.868	115.531
33.903	115.531
33.938	115.531
33.968	115.531
34.003	115.531
34.038	115.531
34.068	115.531
34.103	115.531
34.138	115.531
34.168	115.531
34.203	115.531
34.238	115.531
34.268	115.531
34.303	115.531
34.338	115.531
34.368	115.531
34.403	115.531
34.438	115.531
34.468	115.531
34.503	115.531
34.538	115.531
34.568	115.531
34.603	115.531
34.638	115.531
34.668	115.531
34.703	115.531
34.738	119.909
34.768	119.909
34.803	120.108
34.838	120.307
34.868	120.307
34.903	120.506
34.938	120.705
34.968	120.705
35.003	120.904
35.038	121.103
35.068	121.103
35.103	121.103
35.138	121.103
35.168	121.103
35.203	121.103
35.238	100
35.268	100
35.303	100
35.338	100
35.368	100
35.403	100
35.438	100.199
35.468	100.199
35.503	100.398
35.538	100.597
35.568	100.597
35.603	100.792
35.638	100.996
35.668	100.996
35.703	100.996
35.738	100.996
35.768	100.996
35.803	100.996
35.838	100
35.868	100
35.903	100
35.938	100
35.968	100
36.003	100
36.033	100
36.068	100
36.103	100
36.138	100
36.168	100
36.203	100
36.238	100
36.268	100
36.303	100
36.338	100
36.368	100
36.403	100
36.438	100
36.468	100
36.503	100
36.538	100
36.568	100
36.603	100
36.638	100
36.668	100
36.703	100
36.738	100
36.768	100
36.803	100
36.838	100
36.868	100
36.903	100
36.938	100
36.968	100
37.003	100
37.038	100
37.068	100
37.103	100
37.138	100
37.168	100
37.203	100
37.238	100
37.268	100
37.303	100
37.338	100
37.368	100
37.403	100
37.438	100
37.468	100
37.503	100
37.538	100
37.568	100
37.603	100
37.638	100
37.668	100
37.703	100
37.738	100
37.768	100
37.803	100
37.838	100
37.868	100
37.903	101.194
37.938	101.393
37.968	101.393
38.003	101.592
38.038	101.791
38.068	101.791
38.103	101.99
38.138	102.189
38.168	102.189
38.203	102.388
38.238	102.587
38.268	102.587
38.303	102.587
38.338	102.587
38.368	102.587
38.403	102.587
38.438	100
38.468	100
38.503	100
38.538	100
38.568	100
38.603	100
38.633	100
38.668	100
38.703	100
38.738	100.199
38.768	100.199
38.803	100.398
38.838	100.597
38.868	100.597
38.903	100.796
38.938	100.796
38.968	100.796
39.003	100.796
39.038	100.796
39.068	100.796
39.103	100.796
39.138	100.796
39.168	100.796
39.203	100.796
39.238	100.796
39.268	100.796
39.303	100.796
39.338	100.796
39.368	100.796
39.403	100.796
39.438	100.796
39.468	100.796
39.503	100.796
39.538	100.796
39.568	100.796
39.603	100.796
39.638	100.796
39.668	100.796
39.703	100
39.738	100
39.768	100
39.803	100
39.838	100
39.868	100
39.903	100
39.938	100
39.968	100
40.003	100
40.038	100
40.068	100
40.103	100
40.138	100
40.168	100
40.203	100
40.238	100
40.268	100
40.303	100.199
40.338	100.398
40.368	100.398
40.403	100.597
40.438	100.796
40.468	100.796
40.503	100.995
40.538	101.194
40.568	101.194
40.603	101.393
40.638	101.393
40.668	101.393
40.703	101.393
40.738	101.393
40.768	101.393
40.803	100
40.838	100
40.868	100
40.903	100
40.938	100
40.968	100
41.003	100
41.038	100
41.068	100
41.103	100
41.138	100
41.168	100
41.203	100
41.238	100
41.268	100
41.303	100
41.338	100
41.368	100
41.403	100
41.438	100
41.468	100
41.503	100
41.538	100.192
41.568	100.192
41.603	100.4
41.638	100.599
41.668	100.599
41.703	100.798
41.738	100.997
41.768	100.997
41.803	101.196
41.838	101.395
41.868	101.395
41.903	101.594
41.938	101.793
41.968	101.793
42.003	101.992
42.038	102.191
42.068	102.191
42.103	102.191
42.138	102.191
42.168	102.191
42.203	102.191
42.238	102.191
42.268	102.191
42.303	102.191
42.338	102.191
42.368	102.191
42.403	102.191
42.438	102.191
42.468	102.191
42.503	102.191
42.538	102.191
42.568	102.191
42.603	102.191
42.638	102.191
42.668	102.191
42.703	102.191
42.738	102.191
42.768	102.191
42.803	102.191
42.838	102.191
42.868	102.191
42.903	102.191
42.938	102.191
42.968	102.191
43.003	102.191
43.038	102.191
43.068	102.191
43.103	102.191
43.138	105.972
43.168	105.972
43.203	100
43.238	100
43.268	100
43.303	100
43.338	100
43.368	100
43.403	100
43.438	100
43.468	100
43.503	100.199
43.538	100.398
43.568	100.398
43.603	100.597
43.638	100.796
43.668	100.796
43.703	100.995
43.738	100.995
43.768	100.995
43.803	100.995
43.838	100.995
43.868	100.995
43.903	100
43.938	100
43.968	100
44.003	100
44.038	100
44.068	100
44.103	100
44.138	100
44.168	100
44.203	100
44.238	100
44.268	100
44.303	100
44.338	100
44.368	100
44.403	100
44.438	100
44.468	100
44.503	100
44.538	100
44.568	100
44.603	100
44.638	100
44.668	100
44.703	100
44.738	100
44.768	100
44.803	100
44.838	100
44.868	100
44.903	100
44.938	100
44.968	100
45.003	100
45.038	100
45.068	100
45.103	100
45.138	100
45.168	100
45.203	100
45.238	101.792
45.268	101.792
45.303	101.991
45.338	102.19
45.368	102.19
45.403	102.389
45.438	102.588
45.468	102.588
45.503	102.787
45.538	102.979
45.568	102.979
45.603	103.187
45.638	103.187
45.668	103.187
45.703	103.187
45.738	103.187
45.768	103.187
45.803	100
45.838	100
45.868	100
45.903	100
45.938	100
45.968	100
46.003	100.199
46.038	100.398
46.068	100.398
46.103	100.398
46.138	100.398
46.168	100.398
46.203	100.398
46.238	100
46.268	100
46.303	100
46.338	100
46.368	100
46.403	100
46.438	100
46.468	100
46.503	100
46.538	100
46.568	100
46.603	100
46.638	100
46.668	100
46.703	100.199
46.738	100.398
46.768	100.398
46.803	100.597
46.838	100.792
46.863	100.792
46.903	100.996
46.938	101.195
46.968	101.195
47.003	101.394
47.038	101.593
47.068	101.593
47.103	101.792
47.138	101.991
47.168	101.991
47.203	102.19
47.238	102.389
47.268	102.389
47.303	102.389
47.338	102.389
47.368	102.389
47.403	102.389
47.438	102.389
47.468	102.389
47.503	102.389
47.538	102.389
47.568	102.389
47.603	102.389
47.638	102.389
47.668	102.389
47.703	102.389
47.738	102.389
47.768	102.389
47.803	102.389
47.838	102.389
47.868	102.389
47.903	102.389
47.938	102.389
47.968	102.389
48.003	102.389
48.038	102.389
48.068	102.389
48.103	102.389
48.138	102.389
48.168	102.389
48.203	102.389
48.238	100
48.268	100
48.303	100
48.338	100
48.368	100
48.403	100
48.438	100
48.468	100
48.503	100
48.538	100
48.568	100
48.603	100
48.638	100
48.668	100
48.703	100
48.738	100
48.768	100
48.803	100
48.838	100
48.868	100
48.903	100
48.938	100
48.968	100
49.003	100
49.038	100
49.068	100
49.103	100
49.138	100
49.168	100
49.203	100
49.238	100
49.268	100
49.303	100
49.338	100
49.368	100
49.403	100.199
49.438	100.398
49.468	100.398
49.503	100.597
49.538	100.597
49.568	100.597
49.603	100.597
49.638	100.597
49.668	100.597
49.703	100
49.738	100
49.768	100
49.803	100
49.838	100
49.868	100
49.903	100
49.938	100
49.968	100
50.003	100
50.038	100
50.068	100
50.103	100
50.138	100.199
50.168	100.199
50.203	100.398
50.238	100.597
50.268	100.597
50.303	100.796
50.338	100.995
50.368	100.995
50.403	101.194
50.438	101.194
50.468	101.194
50.503	101.194
50.538	101.194
50.568	101.194
50.603	101.194
50.638	101.194
50.668	101.194
50.703	101.194
50.738	101.194
50.768	101.194
50.803	101.194
50.838	101.194
50.868	101.194
50.903	101.194
50.938	100
50.968	100
51.003	100
51.038	100
51.068	100
51.103	100
51.138	100
51.168	100
51.203	100
51.238	100
51.268	100
51.303	100
51.338	100
51.368	100
51.403	100
51.438	100
51.468	100
51.503	100.597
51.538	100.796
51.568	100.796
51.603	100.995
51.638	101.194
51.668	101.194
51.703	101.393
51.738	101.393
51.768	101.393
51.803	101.393
51.838	101.393
51.868	101.393
51.903	100
51.938	100
51.968	100
52.003	100
52.038	100
52.068	100
52.103	100.199
52.138	100.398
52.168	100.398
52.203	100.597
52.238	100.796
52.268	100.796
52.303	100.995
52.338	101.194
52.368	101.194
52.403	101.393
52.438	101.592
52.468	101.592
52.503	101.791
52.538	101.791
52.568	101.791
52.603	101.791
52.638	101.791
52.668	101.791
52.703	100
52.738	100
52.768	100
52.803	100
52.838	100
52.868	100
52.903	100
52.938	100
52.968	100
53.003	100
53.038	100
53.068	100
53.103	100
53.138	100
53.168	100
53.203	100
53.238	100
53.268	100
53.303	100
53.338	100.204
53.368	100.204
53.403	100.403
53.438	100.403
53.468	100.403
53.503	100.403
53.538	100.403
53.568	100.403
53.603	100
53.638	100
53.668	100
53.703	100
53.738	100
53.768	100
53.803	100.199
53.838	100.398
53.868	100.398
53.903	100.597
53.938	100.796
53.968	100.796
54.003	100.995
54.038	101.194
54.068	101.194
54.103	101.393
54.138	101.592
54.168	101.592
54.203	101.791
54.238	101.99
54.268	101.99
54.303	102.189
54.338	102.388
54.368	102.388
54.403	102.587
54.438	102.786
54.468	102.786
54.503	102.985
54.538	103.184
54.568	103.184
54.603	103.383
54.638	103.582
54.668	103.582
54.703	103.781
54.738	103.98
54.768	103.98
54.803	104.179
54.838	104.378
54.868	104.378
54.903	104.577
54.938	104.776
54.968	104.776
55.003	104.975
55.038	105.174
55.068	105.174
55.103	105.373
55.138	105.572
55.168	105.572
55.203	105.771
55.238	105.97
55.268	105.97
55.303	106.169
55.338	106.368
55.368	106.368
55.403	106.567
55.438	106.762
55.468	106.762
55.503	106.966
55.538	107.165
55.568	107.165
55.603	107.364
55.638	107.563
55.668	107.563
55.703	107.762
55.738	107.961
55.768	107.961
55.803	108.16
55.838	108.359
55.868	108.359
55.903	108.558
55.938	108.757
55.968	108.757
56.003	108.956
56.038	109.155
56.068	109.155
56.103	109.354
56.138	109.553
56.168	109.553
56.203	109.752
56.238	109.951
56.268	109.951
56.303	110.15
56.338	110.15
56.368	110.15
56.403	110.15
56.438	110.15
56.468	110.15
56.503	110.15
56.538	110.15
56.568	110.15
56.603	110.15
56.638	110.15
56.668	110.15
56.703	110.15
56.738	110.15
56.768	110.15
56.803	110.15
56.838	110.15
56.868	110.15
56.903	110.15
56.938	110.15
56.968	110.15
57.003	110.15
57.038	110.15
57.068	110.15
57.103	110.15
57.138	110.15
57.168	110.15
57.203	110.349
57.238	110.541
57.268	110.541
57.303	110.749
57.338	110.948
57.368	110.948
57.403	111.147
57.438	111.346
57.468	111.346
57.503	111.545
57.538	111.744
57.568	111.744
57.603	111.943
57.638	112.142
57.668	112.142
57.703	112.341
57.738	112.54
57.768	112.54
57.803	112.739
57.838	112.938
57.868	112.938
57.903	113.13
57.938	113.338
57.968	113.338
58.003	113.537
58.038	113.736
58.068	113.736
58.103	113.935
58.138	114.134
58.168	114.134
58.203	114.333
58.238	114.532
58.268	114.532
58.303	114.731
58.338	114.93
58.368	114.93
58.403	115.129
58.438	115.328
58.468	115.328
58.503	115.527
58.538	115.726
58.568	115.726
58.603	115.925
58.638	116.117
58.668	116.117
58.703	116.325
58.738	116.52
58.768	116.52
58.803	116.724
58.838	117.724
58.868	117.724
58.903	118.724
58.938	119.724
58.968	119.724
59.003	120.724
59.038	121.724
59.068	121.724
59.103	122.724
59.138	123.724
59.168	123.724
59.203	124.48
59.238	124.695
59.268	124.695
59.303	124.909
59.338	125.124
59.368	125.124
59.403	125.339
59.438	125.554
59.468	125.554
59.498	125.724
59.538	125.724
59.568	125.724
59.603	125.724
59.638	125.724
59.668	125.724
59.703	125.724
59.738	125.724
59.768	125.724
59.803	125.724
59.838	125.724
59.868	125.724
59.903	125.724
59.938	125.724
59.968	125.724
60.003	125.724
60.038	125.724
60.068	125.724
60.103	125.724
60.138	125.724
60.168	125.724
60.203	125.724
60.238	125.724
60.268	125.724
60.303	125.724
60.338	125.724
60.368	125.724
60.403	125.724
60.438	125.724
60.468	125.724
60.503	125.724
60.538	125.724
60.568	125.724
60.603	125.724
60.638	125.724
60.668	125.724
60.703	125.724
60.738	125.724
60.768	125.724
60.803	125.724
60.838	125.724
60.868	125.724
60.903	125.724
60.938	125.724
60.968	125.724
61.003	125.724
61.038	125.724
61.068	125.724
61.103	125.724
61.138	125.724
61.168	125.724
61.203	125.724
61.238	125.724
61.268	125.724
61.303	125.724
61.338	125.724
61.368	125.724
61.403	125.724
61.438	125.724
61.468	125.724
61.503	125.724
61.538	125.724
61.568	125.724
61.603	125.724
61.638	125.724
61.668	125.724
61.703	125.724
61.738	125.724
61.768	125.724
61.803	125.724
61.838	125.724
61.868	125.724
61.903	125.724
61.938	136.782
61.968	136.782
62.003	136.782
62.038	136.782
62.068	136.782
62.103	136.782
62.138	136.782
62.168	136.782
62.203	136.782
62.238	136.782
62.268	136.782
62.303	136.782
62.338	136.782
62.368	136.782
62.403	136.782
62.438	136.782
62.468	136.782
62.503	136.782
62.538	136.782
62.568	136.782
62.603	136.782
62.638	136.782
62.668	136.782
62.703	136.782
62.738	136.782
62.768	136.782
62.803	136.782
62.838	136.782
62.868	136.782
62.903	136.782
62.938	148.725
62.968	148.725
63.003	148.725
63.038	148.725
63.068	148.725
63.103	148.725
63.138	148.725
63.168	148.725
63.203	148.725
63.238	148.725
63.268	148.725
63.303	148.725
63.338	148.725
63.368	148.725
63.403	148.725
63.438	148.725
63.468	148.725
63.503	148.725
63.538	148.725
63.568	148.725
63.603	148.725
63.638	148.725
63.668	148.725
63.703	148.725
63.738	148.725
63.768	148.725
63.803	148.725
63.838	148.725
63.868	148.725
63.903	148.725
63.938	161.623
63.968	161.623
64.003	161.623
64.038	161.623
64.068	161.623
64.103	161.623
64.138	161.623
64.168	161.623
64.203	161.623
64.238	161.623
64.268	161.623
64.303	161.623
64.338	161.623
64.368	161.623
64.403	161.623
64.438	161.623
64.468	161.623
64.503	161.623
64.538	161.623
64.568	161.623
64.603	161.623
64.638	161.623
64.668	161.623
64.703	161.623
64.738	161.623
64.768	161.623
64.803	161.623
64.838	161.623
64.868	161.623
64.903	161.623
64.938	161.623
64.968	161.623
65.003	161.623
65.038	161.623
65.068	161.623
65.103	175.553
65.138	175.553
65.168	175.553
65.203	175.553
65.238	175.553
65.268	175.553
65.303	175.553
65.338	175.553
65.368	175.553
65.403	175.553
65.438	175.553
65.468	175.553
65.503	175.553
65.538	175.553
65.568	175.553
65.603	175.553
65.638	175.553
65.668	175.553
65.703	175.553
65.738	175.553
65.768	175.553
65.803	175.553
65.838	175.553
65.868	175.553
65.903	175.553
65.938	175.553
65.968	175.553
66.003	175.553
66.038	175.553
66.068	175.553
66.103	190.597
66.138	190.597
66.168	190.597
66.203	190.597
66.238	190.597
66.268	190.597
66.303	190.597
66.338	190.597
66.368	190.597
66.403	190.597
66.438	190.597
66.468	190.597
66.503	190.597
66.538	190.597
66.568	190.597
66.603	190.597
66.638	190.597
66.668	190.597
66.703	190.597
66.738	190.597
66.768	190.597
66.803	190.597
66.838	190.597
66.868	190.597
66.903	190.597
66.938	190.597
66.968	190.597
67.003	190.597
67.038	190.597
67.068	190.597
67.103	206.845
67.138	206.845
67.168	206.845
67.203	206.845
67.238	206.845
67.268	206.845
67.303	206.845
67.338	206.845
67.368	206.845
67.403	206.845
67.438	206.845
67.468	206.845
67.503	206.845
67.538	206.845
67.568	206.845
67.603	206.845
67.638	206.845
67.668	206.845
67.703	206.845
67.738	206.845
67.768	206.845
67.803	206.845
67.838	206.845
67.868	206.845
67.903	206.845
67.938	206.845
67.968	206.845
68.003	206.845
68.038	206.845
68.068	206.845
68.103	220.724
68.138	221.724
68.168	221.724
68.203	222.724
68.238	222.724
68.268	222.724
68.303	222.724
68.338	222.724
68.368	222.724
68.403	222.724
68.438	222.724
68.468	222.724
68.503	222.724
68.538	222.724
68.568	222.724
68.603	222.724
68.638	222.724
68.668	222.724
68.703	222.724
68.738	222.724
68.768	222.724
68.803	222.724
68.838	222.724
68.868	222.724
68.903	222.724
68.938	222.724
68.968	222.724
69.003	222.724
69.038	222.724
69.068	222.724
69.103	222.724
69.138	222.724
69.168	222.724
69.203	222.724
69.238	222.724
69.268	222.724
69.303	233.724
69.338	234.724
69.368	234.724
69.403	235.724
69.438	236.724
69.468	236.724
69.503	237.724
69.538	238.724
69.568	238.724
69.603	239.724
69.638	240.724
69.668	240.724
69.703	241.542
69.738	241.542
69.768	241.542
69.803	241.542
69.838	241.542
69.868	241.542
69.903	241.542
69.938	241.542
69.968	241.542
70.003	241.542
70.038	241.542
70.068	241.542
70.103	241.542
70.138	241.542
70.168	241.542
70.203	241.542
70.238	241.542
70.268	241.542
70.303	248.724
70.338	248.724
70.368	248.724
70.403	248.724
70.438	248.724
70.468	248.724
70.503	248.724
70.538	248.724
70.568	248.724
70.603	248.724
70.638	248.724
70.668	248.724
70.703	248.724
70.738	248.724
70.768	248.724
70.803	248.724
70.838	248.724
70.868	248.724
70.903	248.724
70.938	248.724
70.968	248.724
71.003	248.724
71.038	249.724
71.068	249.724
71.103	250.725
71.138	251.725
71.168	251.725
71.203	252.725
71.238	253.725
71.268	253.725
71.303	254.725
71.338	255.725
71.368	255.725
71.403	256.725
71.438	257.725
71.468	257.725
71.503	258.725
71.538	259.725
71.568	259.725
71.603	260.726
71.638	261.731
71.668	261.731
71.703	262.74
71.738	263.753
71.768	263.753
71.803	264.77
71.838	264.77
71.868	264.77
71.903	264.77
71.938	264.77
71.968	264.77
72.003	264.77
72.038	264.77
72.068	264.77
72.103	264.77
72.138	264.77
72.168	264.77
72.203	264.77
72.238	264.77
72.268	264.77
72.303	264.77
72.338	264.77
72.368	264.77
72.403	264.77
72.438	264.77
72.468	264.77
72.503	264.77
72.538	264.77
72.568	264.77
72.603	265.77
72.638	266.795
72.668	266.795
72.703	267.824
72.738	268.857
72.768	268.857
72.803	269.894
72.838	270.935
72.868	270.935
72.903	271.98
72.938	273.029
72.968	273.029
73.003	274.082
73.038	275.139
73.068	275.139
73.103	276.2
73.138	277.265
73.168	277.265
73.203	278.334
73.238	279.407
73.268	279.407
73.303	280.484
73.338	281.565
73.368	281.565
73.403	282.607
73.438	283.74
73.468	283.74
73.503	284.79
73.538	284.79
73.568	284.79
73.603	284.79
73.638	284.79
73.668	284.79
73.703	284.79
73.738	284.79
73.768	284.79
73.803	284.79
73.838	284.79
73.868	284.79
73.903	284.79
73.938	284.79
73.968	284.79
74.003	284.79
74.038	284.79
74.068	284.79
74.103	284.79
74.138	284.79
74.168	284.79
74.203	284.79
74.238	284.79
74.268	284.79
74.303	284.79
74.338	284.79
74.368	284.79
74.403	284.79
74.438	284.79
74.468	284.79
74.503	285.79
74.538	286.892
74.568	286.892
74.603	287.998
74.638	289.108
74.668	289.108
74.703	290.223
74.738	291.342
74.768	291.342
74.803	292.465
74.838	293.593
74.868	293.593
74.903	294.725
74.938	295.861
74.968	295.861
75.003	297.002
75.038	298.147
75.068	298.147
75.103	299.296
75.138	300.45
75.168	300.45
75.203	301.608
75.238	302.771
75.268	302.771
75.303	303.938
75.338	305.11
75.368	305.11
75.403	306.286
75.438	307.467
75.468	307.467
75.503	308.652
75.538	309.842
75.568	309.842
75.603	311.037
75.638	312.236
75.668	312.236
75.703	313.44
75.738	313.44
75.768	313.44
75.798	313.44
75.838	313.44
75.868	313.44
75.903	313.44
75.938	313.44
75.968	313.44
76.003	313.44
76.038	313.44
76.068	313.44
76.103	313.44
76.138	313.44
76.168	313.44
76.203	313.44
76.238	313.44
76.268	313.44
76.303	313.44
76.338	314.44
76.368	314.44
76.403	315.652
76.438	316.869
76.468	316.869
76.503	318.091
76.538	319.317
76.568	319.317
76.603	319.317
76.638	319.317
76.668	319.317
76.703	319.317
76.738	319.317
76.768	319.317
76.803	319.317
76.838	319.317
76.868	319.317
76.903	319.317
76.938	319.317
76.968	319.317
77.003	319.317
77.038	319.317
77.068	319.317
77.103	319.317
77.138	319.317
77.168	319.317
77.203	319.317
77.238	319.317
77.268	319.317
77.303	319.317
77.338	319.317
77.368	319.317
77.403	319.317
77.438	319.317
77.468	319.317
77.503	319.317
77.538	319.317
77.568	319.317
77.603	319.317
77.638	334.158
77.668	334.158
77.703	273.381
77.738	273.381
77.768	273.381
77.803	273.58
77.838	273.779
77.868	273.779
77.903	273.978
77.938	274.177
77.968	274.177
78.003	274.376
78.038	274.575
78.068	274.575
78.103	274.774
78.138	274.973
78.168	274.973
78.203	275.172
78.238	275.364
78.268	275.364
78.303	275.572
78.338	275.771
78.368	275.771
78.403	275.97
78.438	275.97
78.468	275.97
78.503	275.97
78.538	275.97
78.568	275.97
78.603	241.154
78.638	241.154
78.668	241.154
78.703	241.154
78.738	241.154
78.768	241.154
78.803	214.376
78.838	214.376
78.868	214.376
78.903	214.376
78.938	214.376
78.968	214.376
79.003	214.2
79.038	214.2
79.068	214.2
79.103	214.2
79.138	214.2
79.168	214.2
79.203	207.041
79.238	207.041
79.268	207.041
79.303	207.041
79.338	207.041
79.368	207.041
79.403	162.871
79.438	162.871
79.468	162.871
79.503	162.871
79.538	162.871
79.568	162.871
79.603	162.871
79.638	162.871
79.668	162.871
79.703	162.871
79.738	162.871
79.768	162.871
79.803	155.723
79.838	155.723
79.868	155.723
79.903	155.723
79.938	155.723
79.968	155.723
80.003	138.729
80.038	138.729
80.068	138.729
80.103	138.729
80.138	138.729
80.168	138.729
80.203	138.729
80.238	138.729
80.268	138.729
80.303	138.729
80.338	138.729
80.368	138.729
80.403	134.457
80.438	134.457
80.468	134.457
80.503	134.457
80.538	134.457
80.568	134.457
80.603	105.049
80.638	105.049
80.668	105.049
80.703	105.049
80.738	105.049
80.768	105.049
80.803	105.049
80.838	103.906
80.868	103.906
80.903	103.906
80.938	103.906
80.968	103.906
81.003	103.906
81.038	103.906
81.068	103.906
81.103	103.906
81.138	103.906
81.188	103.906
81.238	103.906
81.268	103.906
81.303	104.305
81.338	104.305
81.368	104.305
81.403	104.305
81.438	104.305
81.468	104.305
81.503	100
81.538	100
81.568	100
81.603	100
81.638	100
81.668	100
81.703	100
81.738	100
81.768	100
81.803	100
81.838	100
81.868	100
81.903	100
81.938	100
81.968	100
82.003	100
82.038	100
82.068	100
82.103	100
82.138	100
82.168	100
82.203	100
82.238	100
82.268	100
82.303	100
82.338	100
82.368	100
82.403	100
82.438	100
82.468	100
82.503	100
82.538	100
82.568	100
82.603	100
82.638	100
82.668	100
82.703	100
82.738	100
82.768	100
82.803	100
82.838	100
82.868	100
82.903	100
82.938	100
82.968	100
83.003	100
83.038	100
83.068	100
83.103	100
83.138	100
83.168	100
83.203	100
83.238	100
83.268	100
83.303	100
83.338	100
83.368	100
83.403	100
83.433	100
83.468	100
83.503	100
83.533	100
83.568	100
83.603	100
83.633	100
83.668	100
83.703	100
83.733	100
83.768	100
83.803	100
83.833	100
83.868	100
83.903	100
83.933	100
83.968	100
84.003	100
84.033	100
84.083	100
84.133	100
84.168	100
84.203	100
84.233	100
84.268	100
84.303	100
84.333	100
84.368	100
84.403	100
84.433	100
84.468	100
84.503	100
84.533	100
84.568	100
84.603	100
84.633	100
84.668	100
84.703	100
84.733	100
84.768	100
84.803	100
84.833	100
84.868	100
84.903	100
84.933	100
84.968	100
85.003	100
85.033	100
85.068	100
85.103	100
85.133	100
85.168	100
85.203	100
85.233	100
85.268	100
85.303	100
85.333	100
85.368	100
85.403	100
85.433	100
85.468	100
85.503	100
85.533	100
85.568	100
85.603	100
85.633	100
85.668	100
85.703	100
85.733	100
85.768	100
85.803	100
85.833	100
85.868	100
85.903	100
85.933	100
85.968	100
86.003	100
86.033	100
86.068	100
86.103	100
86.133	100
86.168	100
86.203	100
86.233	100
86.268	100
86.303	100
86.333	100
86.368	100
86.403	100
86.433	100
86.468	100
86.503	100
86.533	100
86.568	100
86.603	100
86.633	100
86.668	100
86.703	100
86.733	100
86.768	100
86.803	100
86.833	100
86.868	100
86.903	100
86.933	100
86.968	100
87.003	100
87.033	100
87.068	100
87.103	100
87.133	100
87.168	100
87.203	100
87.233	100
87.268	100
87.303	100
87.333	100
87.368	100
87.403	100
87.433	100
87.468	100
87.503	100
87.533	100
87.568	100
87.603	100
87.633	100
87.668	100
87.703	100
87.733	100
87.768	100
87.803	100
87.833	100
87.868	100
87.903	100
87.933	100
87.968	100
88.003	100
88.033	100
88.068	100
88.103	100
88.133	100
88.168	100
88.203	100
88.233	100
88.268	100
88.303	100
88.333	100
88.368	100
88.403	100
88.433	100
88.468	100
88.503	100
88.533	100
88.568	100
88.603	100
88.633	100
88.668	100
88.703	100
88.733	100
88.768	100
88.803	100
88.833	100
88.868	100
88.903	100
88.933	100
88.968	100
89.003	100
89.033	100
89.068	100
89.103	100
89.133	100
89.168	100
89.203	100
89.233	100
89.268	100
89.303	100
89.333	100
89.368	100
89.403	100
89.433	100
89.468	100
89.503	100
89.533	100
89.568	100
89.603	100
89.633	100
89.668	100
89.703	100
89.733	100
89.768	100
89.803	100
89.833	100
89.868	100
89.903	100
89.933	100
89.968	100
90.003	100
90.033	100
90.068	100
90.103	100
90.133	100
90.168	100
90.203	100
90.233	100
90.268	100
90.303	100
90.333	100
90.368	100
90.403	100
90.433	100
90.468	100
90.503	100
90.533	100
90.568	100
90.603	100
90.633	100
90.668	100
90.703	100
90.733	100
90.768	100
90.803	100
90.833	100
90.868	100
90.903	100
90.933	100
90.968	100
91.003	100
91.033	100
91.068	100
91.103	100
91.133	100
91.168	100
91.203	100
91.233	100
91.268	100
91.303	100
91.333	100
91.368	100
91.403	100
91.433	100
91.468	100
91.503	100
91.533	100
91.568	100
91.603	100
91.633	100
91.668	100
91.703	100
91.733	100
91.768	100
91.803	100
91.833	100
91.868	100
91.903	100
91.933	100
91.968	100
92.003	100
92.033	100
92.068	100
92.103	100
92.133	100
92.168	100
92.203	100
92.233	100
92.268	100
92.303	100
92.333	100
92.368	100
92.403	100
92.433	100
92.468	100
92.503	100
92.533	100
92.568	100
92.603	100
92.633	100
92.668	100
92.703	100
92.733	100
92.768	100
92.803	100
92.833	100
92.868	100
92.903	100
92.933	100
92.968	100
93.003	100
93.033	100
93.068	100
93.103	100
93.133	100
93.168	100
93.203	100
93.233	100
93.268	100
93.303	100
93.333	100
93.368	100
93.403	100
93.433	100
93.468	100
93.503	100
93.533	100
93.568	100
93.603	100
93.633	100
93.668	100
93.703	100
93.733	100
93.768	100
93.803	100
93.833	100
93.868	100
93.903	100
93.933	100
93.968	100
94.003	100
94.033	100
94.068	100
94.103	100
94.133	100
94.168	100
94.203	100
94.233	100
94.268	100
94.303	100
94.333	100
94.368	100
94.403	100
94.433	100
94.468	100
94.503	100
94.533	100
94.568	100
94.603	100
94.633	100
94.668	100
94.703	100
94.733	100
94.768	100
94.803	100
94.833	100
94.868	100
94.903	100
94.933	100
94.968	100
95.003	100
95.033	100
95.068	100
95.103	100
95.133	100
95.168	100
95.203	100
95.233	100
95.268	100
95.303	100
95.328	100
95.368	100
95.403	100
95.433	100
95.468	100
95.503	100
95.533	100
95.568	100
95.603	100
95.633	100
95.668	100
95.703	100
95.733	100
95.768	100
95.803	100
95.833	100
95.868	100
95.903	100
95.933	100
95.968	100
96.003	100
96.033	100
96.068	100
96.103	100
96.133	100
96.168	100
96.203	100
96.233	100
96.268	100
96.303	100
96.333	100
96.368	100
96.403	100
96.433	100
96.468	100
96.503	100
96.533	100
96.568	100
96.603	100
96.633	100
96.668	100
96.703	100
96.733	100
96.768	100
96.803	100
96.833	100
96.868	100
96.903	100
96.933	100
96.968	100
97.003	100
97.033	100
97.068	100
97.103	100
97.133	100
97.168	100
97.203	100
97.233	100
97.268	100
97.303	100
97.333	100
97.368	100
97.403	100
97.433	100
97.468	100
97.503	100
97.533	100
97.568	100
97.603	100
97.633	100
97.668	100
97.703	100
97.733	100
97.768	100
97.803	100
97.833	100
97.868	100
97.903	100
97.933	100
97.968	100
98.003	100
98.033	100
98.068	100
98.103	100
98.133	100
98.168	100
98.203	100
98.233	100
98.268	100
98.303	100
98.333	100
98.368	100
98.403	100
98.433	100
98.468	100
98.503	100
98.533	100
98.568	100
98.603	100
98.633	100
98.668	100
98.703	100
98.733	100
98.768	100
98.803	100
98.833	100
98.868	100
98.903	100
98.933	100
98.968	100
99.003	100
99.033	100
99.068	100
99.103	100
99.133	100
99.168	100
99.203	100
99.233	100
99.268	100
99.303	100
99.333	100
99.368	100
99.403	100
99.433	100
99.468	100
99.503	100
99.533	100
99.568	100
99.603	100
99.633	100
99.668	100
99.703	100
99.733	100
99.768	100
99.803	100
99.833	100
99.868	100
99.903	100
99.933	100
99.968	100
99.993	100
100.033	100
100.068	100
100.103	100
100.133	100
100.168	100
100.203	100
100.233	100
100.268	100
100.303	100
100.333	100
100.368	100
100.403	100
100.433	100
100.468	100
100.503	100
100.533	100
100.568	100
100.603	100
100.633	100
100.668	100
100.703	100
100.733	100
100.768	100
100.803	100
100.833	100
100.868	100
100.903	100
100.933	100
100.968	100
101.003	100
101.033	100
101.068	100
101.103	100
101.133	100
101.168	100
101.203	100
101.233	100
101.268	100
101.303	100
101.333	100
101.368	100
101.403	100
101.433	100
101.468	100
101.503	100
101.533	100
101.568	100
101.603	100
101.633	100
101.668	100
101.703	100
101.733	100
101.768	100
101.803	100
101.833	100
101.868	100
101.903	100
101.933	100
101.968	100
102.003	100
102.033	100
102.068	100
102.103	100
102.133	100
102.168	100
102.203	100
102.233	100
102.268	100
102.303	100
102.333	100
102.368	100
102.403	100
102.433	100
102.468	100
102.503	100
102.533	100
102.568	100
102.603	100
102.633	100
102.668	100
102.703	100
102.733	100
102.768	100
102.803	100
102.833	100
102.868	100
102.903	100
102.933	100
102.968	100
103.003	100
103.033	100
103.068	100
103.103	100
103.133	100
103.168	100
103.203	100
103.233	100
103.268	100
103.303	100
103.333	100
103.368	100
103.403	100
103.433	100
103.468	100
103.503	100
103.533	100
103.568	100
103.603	100
103.633	100
103.668	100
103.703	100
103.733	100
103.768	100
103.803	100
103.833	100
103.868	100
103.903	100
103.933	100
103.968	100
104.003	100
104.033	100
104.068	100
104.103	100
104.133	100
104.168	100
104.203	100
104.233	100
104.268	100
104.303	100
104.333	100
104.368	100
104.403	100
104.433	100
104.468	100
104.503	100
104.533	100
104.568	100
104.603	100
104.633	100
104.668	100
104.703	100
104.733	100
104.768	100
104.803	100
104.833	100
104.868	100
104.903	100
104.933	100
104.968	100
105.003	100
105.033	100
105.068	100
105.103	100
105.133	100
105.168	100
105.203	100
105.233	100
105.268	100
105.303	100
105.333	100
105.368	100
105.403	100
105.433	100
105.468	100
105.503	100
105.533	100
105.568	100
105.603	100
105.633	100
105.668	100
105.703	100
105.733	100
105.768	100
105.803	100
105.833	100
105.868	100
105.903	100
105.933	100
105.968	100
106.003	100
106.033	100
106.068	100
106.103	100
106.133	100
106.168	100
106.203	100
106.233	100
106.268	100
106.303	100
106.333	100
106.368	100
106.403	100
106.433	100
106.468	100
106.503	100
106.533	100
106.568	100
106.603	100
106.633	100
106.668	100
106.703	100
106.733	100
106.768	100
106.803	100
106.833	100
106.868	100
106.903	100
106.933	100
106.968	100
107.003	100
107.033	100
107.068	100
107.103	100
107.133	100
107.168	100
107.203	100
107.233	100
107.268	100
107.303	100
107.333	100
107.368	100
107.403	100
107.433	100
107.468	100
107.503	100
107.533	100
107.568	100
107.603	100
107.633	100
107.668	100
107.703	100
107.733	100
107.768	100
107.803	100
107.833	100
107.868	100
107.903	100
107.933	100
107.968	100
108.003	100
108.033	100
108.068	100
108.103	100
108.133	100
108.168	100
108.203	100
108.233	100
108.268	100
108.303	100
108.333	100
108.368	100
108.403	100
108.433	100
108.468	100
108.503	100
108.533	100
108.568	100
108.603	100
108.633	100
108.668	100
108.703	100
108.733	100
108.768	100
108.803	100
108.833	100
108.868	100
108.903	100
108.933	100
108.968	100
109.003	100
109.033	100
109.068	100
109.103	100
109.133	100
109.168	100
109.203	100
109.233	100
109.268	100
109.303	100
109.333	100
109.368	100
109.403	100
109.433	100
109.468	100
109.503	100
109.533	100
109.568	100
109.603	100
109.633	100
109.668	100
109.703	100
109.733	100
109.768	100
109.803	100
109.833	100
109.868	100
109.903	100
109.933	100
109.968	100
110.003	100
110.033	100
110.068	100
110.103	100
110.133	100
110.168	100
110.203	100
110.233	100
110.268	100
110.303	100
110.333	100
110.368	100
110.403	100
110.433	100
110.468	100
110.503	100
110.533	100
110.568	100
110.603	100
110.633	100
110.668	100
110.703	100
110.733	100
110.768	100
110.803	100
110.833	100
110.868	100
110.903	100
110.933	100
110.968	100
111.003	100
111.033	100
111.068	100
111.103	100
111.133	100
111.168	100
111.203	100
111.233	100
111.268	100
111.303	100
111.333	100
111.368	100
111.403	100
111.433	100
111.468	100
111.503	100
111.533	100
111.568	100
111.603	100
111.633	100
111.668	100
111.703	100
111.733	100
111.768	100
111.803	100
111.833	100
111.868	100
111.903	100
111.933	100
111.968	100
112.003	100
112.033	100
112.068	100
112.103	100
112.133	100
112.168	100
112.203	100
112.233	100
112.268	100
112.303	100
112.333	100
112.368	100
112.403	100
112.433	100
112.468	100
112.503	100
112.533	100
112.568	100
112.603	100
112.633	100
112.668	100
112.703	100
112.733	100
112.768	100
112.803	100
112.833	100
112.868	100
112.903	100
112.933	100
112.968	100
113.003	100
113.033	100
113.068	100
113.103	100
113.133	100
113.168	100
113.203	100
113.233	100
113.268	100
113.303	100
113.333	100
113.368	100
113.403	100
113.433	100
113.468	100
113.503	100
113.533	100
113.568	100
113.603	100
113.633	100
113.668	100
113.703	100
113.733	100
113.768	100
113.803	100
113.833	100
113.868	100
113.903	100
113.933	100
113.968	100
114.003	100
114.033	100
114.068	100
114.103	100
114.133	100
114.168	100
114.203	100
114.233	100
114.268	100
114.303	100
114.333	100
114.368	100
114.403	100
114.433	100
114.468	100
114.503	100
114.533	100
114.568	100
114.603	100
114.633	100
114.668	100
114.703	100
114.733	100
114.768	100
114.803	100
114.833	100
114.868	100
114.903	100
114.933	100
114.968	100
115.003	100
115.033	100
115.068	100
115.103	100
115.133	100
115.168	100
115.203	100
115.233	100
115.268	100
115.303	100
115.333	100
115.368	100
115.403	100
115.433	100
115.468	100
115.503	100
115.533	100
115.568	100
115.603	100
115.633	100
115.668	100
115.703	100
115.733	100
115.768	100
115.803	100
115.833	100
115.868	100
115.903	100
115.933	100
115.968	100
116.003	100
116.033	100
116.068	100
116.103	100
116.133	100
116.168	100
116.203	100
116.233	100
116.268	100
116.303	100
116.333	100
116.368	100
116.403	100
116.433	100
116.468	100
116.503	100
116.533	100
116.568	100
116.603	100
116.633	100
116.668	100
116.703	100
116.733	100
116.768	100
116.803	100
116.833	100
116.868	100
116.903	100
116.933	100
116.968	100
117.003	100
117.033	100
117.068	100
117.103	100
117.133	100
117.168	100
117.203	100
117.233	100
117.268	100
117.303	100
117.333	100
117.368	100
117.403	100
117.433	100
117.468	100
117.503	100
117.533	100
117.568	100
117.603	100
117.633	100
117.668	100
117.703	100
117.733	100
117.768	100
117.803	100
117.833	100
117.868	100
117.898	100
117.933	100
117.968	100
118.003	100
118.033	100
118.068	100
118.103	100
118.133	100
118.168	100
118.203	100
118.233	100
118.263	100
118.303	100
118.333	100
118.368	100
118.403	100
118.433	100
118.468	100
118.503	100
118.533	100
118.568	100
118.603	100
118.633	100
118.668	100
118.703	100
118.733	100
118.768	100
118.803	100
118.833	100
118.868	100
118.903	100
118.933	100
118.968	100
119.003	100
119.033	100
119.068	100
119.103	100
119.133	100
119.168	100
119.203	100
119.233	100
119.268	100
119.303	100
119.333	100
119.368	100
119.403	100
119.433	100
119.468	100
119.503	100
119.533	100
119.568	100
119.603	100
119.633	100
119.668	100
119.703	100
119.733	100
119.768	100
119.803	100
119.833	100
119.868	100
119.903	100
119.933	100
119.968	100
120.003	100
120.033	100
120.068	100
120.103	100
120.133	100
120.168	100
120.203	100
120.233	100
120.268	100
120.303	100
120.333	100
120.368	100
120.403	100
120.433	100
120.468	100
120.503	100
120.533	100
120.568	100
120.603	100
120.633	100
120.668	100
120.703	100
120.733	100
120.768	100
120.803	100
120.833	100
120.868	100
120.903	100
120.933	100
120.968	100
121.003	100
121.033	100
121.068	100
121.103	100
121.133	100
121.168	100
121.203	100
121.233	100
121.268	100
121.303	100
121.333	100
121.368	100
121.403	100
121.433	100
121.468	100
121.503	100
121.533	100
121.568	100
121.603	100
121.633	100
121.668	100
121.703	100
121.733	100
121.768	100
121.803	100
121.833	100
121.868	100
121.903	100
121.933	100
121.968	100
122.003	100
122.033	100
122.068	100
122.103	100
122.133	100
122.168	100
122.203	100
122.233	100
122.268	100
122.303	100
122.333	100
122.368	100
122.403	100
122.433	100
122.463	100
122.503	100
122.533	100
122.568	100
122.603	100
122.633	100
122.668	100
122.703	100
122.733	100
122.768	100
122.803	100
122.833	100
122.868	100
122.903	100
122.933	100
122.968	100
123.003	100
123.033	100
123.068	100
123.103	100
123.133	100
123.168	100
123.203	100
123.233	100
123.268	100
123.303	100
123.333	100
123.368	100
123.403	100
123.433	100
123.468	100
123.503	100
123.533	100
123.568	100
123.603	100
123.633	100
123.668	100
123.703	100
123.733	100
123.768	100
123.803	100
123.833	100
123.868	100
123.903	100
123.933	100
123.968	100
124.003	100
124.033	100
124.068	100
124.103	100
124.133	100
124.168	100
124.203	100
124.233	100
124.268	100
124.303	100
124.333	100
124.368	100
124.403	100
124.433	100
124.468	100
124.503	100
124.533	100
124.568	100
124.603	100
124.633	100
124.668	100
124.703	100
124.733	100
124.768	100
124.803	100
124.833	100
124.868	100
124.903	100
124.933	100
124.968	100
125.003	100
125.033	100
125.068	100
125.103	100
125.133	100
125.168	100
125.203	100
125.233	100
125.268	100
125.303	100
125.333	100
125.368	100
125.403	100
125.433	100
125.468	100
125.503	100
125.533	100
125.568	100
125.603	100
125.633	100
125.668	100
125.703	100
125.733	100
125.768	100
125.803	100
125.833	100
125.868	100
125.903	100
125.933	100
125.968	100
126.003	100
126.033	100
126.068	100
126.103	100
126.133	100
126.168	100
126.203	100
126.233	100
126.268	100
126.303	100
126.333	100
126.368	100
126.403	100
126.433	100
126.468	100
126.503	100
126.533	100
126.568	100
126.603	100
126.633	100
126.668	100
126.703	100
126.733	100
126.768	100
126.803	100
126.833	100
126.868	100
126.903	100
126.933	100
126.968	100
127.003	100
127.033	100
127.068	100
127.103	100
127.133	100
127.168	100
127.203	100
127.233	100
127.268	100
127.303	100
127.333	100
127.368	100
127.403	100
127.433	100
127.468	100
127.503	100
127.533	100
127.568	100
127.603	100
127.633	100
127.668	100
127.703	100
127.733	100
127.768	100
127.803	100
127.833	100
127.868	100
127.903	100
127.933	100
127.968	100
128.003	100
128.033	100
128.068	100
128.103	100
128.133	100
128.168	100
128.203	100
128.233	100
128.268	100
128.303	100
128.333	100
128.368	100
128.403	100
128.433	100
128.468	100
128.503	100
128.533	100
128.568	100
128.603	100
128.633	100
128.668	100
128.703	100
128.733	100
128.768	100
128.803	100
128.833	100
128.868	100
128.903	100
128.933	100
128.968	100
129.003	100
129.033	100
129.068	100
129.103	100
129.133	100
129.168	100
129.203	100
129.233	100
129.268	100
129.303	100
129.333	100
129.368	100
129.403	100
129.433	100
129.468	100
129.503	100
129.533	100
129.568	100
129.603	100
129.633	100
129.668	100
129.703	100
129.733	100
129.768	100
129.803	100
129.833	100
129.868	100
129.903	100
129.933	100
129.968	100
130.003	100
130.033	100
130.068	100
130.103	100
130.133	100
130.168	100
130.203	100
130.233	100
130.268	100
130.303	100
130.333	100
130.368	100
130.403	100
130.433	100
130.468	100
130.503	100
130.533	100
130.568	100
130.603	100
130.633	100
130.668	100
130.703	100
130.733	100
130.768	100
130.803	100
130.833	100
130.868	100
130.903	100
130.933	100
130.968	100
131.003	100
131.033	100
131.068	100
131.103	100
131.133	100
131.168	100
131.203	100
131.233	100
131.268	100
131.303	100
131.333	100
131.368	100
131.403	100
131.433	100
131.468	100
131.503	100
131.533	100
131.568	100
131.603	100
131.633	100
131.668	100
131.703	100
131.733	100
131.768	100
131.803	100
131.833	100
131.868	100
131.903	100
131.933	100
131.968	100
132.003	100
132.033	100
132.068	100
132.103	100
132.133	100
132.168	100
132.203	100
132.233	100
132.268	100
132.303	100
132.333	100
132.368	100
132.403	100
132.433	100
132.468	100
132.503	100
132.533	100
132.568	100
132.603	100
132.633	100
132.668	100
132.703	100
132.733	100
132.768	100
132.803	100
132.833	100
132.868	100
132.903	100
132.933	100
132.968	100
133.003	100
133.033	100
133.068	100
133.103	100
133.133	100
133.168	100
133.203	100
133.233	100
133.268	100
133.303	100
133.333	100
133.368	100
133.403	100
133.433	100
133.468	100
133.503	100
133.533	100
133.568	100
133.603	100
133.633	100
133.668	100
133.703	100
133.733	100
133.768	100
133.803	100
133.833	100
133.868	100
133.903	100
133.933	100
133.968	100
134.003	100
134.033	100
134.068	100
134.103	100
134.133	100
134.168	100
134.203	100
134.233	100
134.268	100
134.303	100
134.333	100
134.368	100
134.403	100
134.433	100
134.468	100
134.503	100
134.533	100
134.568	100
134.603	100
134.633	100
134.668	100
134.703	100
134.733	100
134.768	100
134.803	100
134.833	100
134.868	100
134.903	100
134.933	100
134.968	100
135.003	100
135.033	100
135.068	100
135.103	100
135.133	100
135.168	100
135.203	100
135.233	100
135.268	100
135.303	100
135.333	100
135.368	100
135.403	100
135.433	100
135.468	100
135.503	100
135.533	100
135.568	100
135.603	100
135.633	100
135.668	100
135.703	100
135.733	100
135.768	100
135.803	100
135.833	100
135.868	100
135.903	100
135.933	100
135.968	100
136.003	100
136.033	100
136.068	100
136.103	100
136.133	100
136.168	100
136.203	100
136.233	100
136.268	100
136.303	100
136.333	100
136.368	100
136.403	100
136.433	100
136.468	100
136.503	100
136.533	100
136.568	100
136.603	100
136.633	100
136.668	100
136.703	100
136.733	100
136.768	100
136.803	100
136.833	100
136.868	100
136.903	100
136.933	100
136.968	100
137.003	100
137.033	100
137.068	100
137.103	100
137.133	100
137.168	100
137.203	100
137.233	100
137.268	100
137.303	100
137.333	100
137.368	100
137.403	100
137.433	100
137.468	100
137.503	100
137.533	100
137.568	100
137.603	100
137.633	100
137.668	100
137.703	100
137.733	100
137.768	100
137.803	100
137.833	100
137.868	100
137.903	100
137.933	100
137.968	100
138.003	100
138.033	100
138.068	100
138.103	100
138.133	100
138.168	100
138.203	100
138.233	100
138.268	100
138.303	100
138.333	100
138.368	100
138.403	100
138.433	100
138.468	100
138.503	100
138.533	100
138.568	100
138.603	100
138.633	100
138.668	100
138.703	100
138.733	100
138.768	100
138.803	100
138.833	100
138.868	100
138.903	100
138.933	100
138.968	100
139.003	100
139.033	100
139.068	100
139.103	100
139.133	100
139.168	100
139.203	100
139.233	100
139.268	100
139.303	100
139.333	100
139.368	100
139.403	100
139.433	100
139.468	100
139.503	100
139.533	100
139.568	100
139.603	100
139.633	100
139.668	100
139.703	100
139.733	100
139.768	100
139.803	100
139.833	100
139.868	100
139.903	100
139.933	100
139.968	100
140.003	100
140.033	100
140.068	100
140.103	100
140.133	100
140.168	100
140.203	100
140.233	100
140.268	100
140.303	100
140.333	100
140.368	100
140.403	100
140.433	100
140.463	100
140.503	100
140.533	100
140.568	100
140.603	100
140.633	100
140.668	100
140.703	100
140.733	100
140.768	100
140.803	100
140.833	100
140.868	100
140.903	100
140.933	100
140.968	100
141.003	100
141.033	100
141.068	100
141.103	100
141.133	100
141.168	100
141.203	100
141.233	100
141.268	100
141.303	100
141.333	100
141.368	100
141.403	100
141.433	100
141.468	100
141.503	100
141.533	100
141.568	100
141.603	100
141.633	100
141.668	100
141.703	100
141.733	100
141.768	100
141.803	100
141.833	100
141.868	100
141.903	100
141.933	100
141.968	100
142.003	100
142.033	100
142.068	100
142.103	100
142.133	100
142.168	100
142.203	100
142.233	100
142.268	100
142.303	100
142.333	100
142.368	100
142.403	100
142.433	100
142.468	100
142.503	100
142.533	100
142.568	100
142.603	100
142.633	100
142.668	100
142.703	100
142.733	100
142.768	100
142.803	100
142.833	100
142.868	100
142.903	100
142.933	100
142.968	100
143.003	100
143.033	100
143.068	100
143.103	100
143.133	100
143.168	100
143.203	100
143.233	100
143.268	100
143.303	100
143.333	100
143.368	100
143.403	100
143.433	100
143.468	100
143.503	100
143.533	100
143.568	100
143.603	100
143.633	100
143.668	100
143.703	100
143.733	100
143.768	100
143.803	100
143.833	100
143.868	100
143.903	100
143.933	100
143.968	100
144.003	100
144.033	100
144.068	100
144.103	100
144.133	100
144.168	100
144.203	100
144.233	100
144.268	100
144.303	100
144.333	100
144.368	100
144.403	100
144.433	100
144.468	100
144.503	100
144.533	100
144.568	100
144.603	100
144.633	100
144.668	100
144.703	100
144.733	100
144.768	100
144.803	100
144.833	100
144.868	100
144.903	100
144.933	100
144.968	100
145.003	100
145.033	100
145.068	100
145.103	100
145.133	100
145.168	100
145.203	100
145.233	100
145.268	100
145.303	100
145.333	100
145.368	100
145.403	100
145.433	100
145.468	100
145.503	100
145.533	100
145.568	100
145.603	100
145.633	100
145.668	100
145.703	100
145.733	100
145.768	100
145.803	100
145.833	100
145.868	100
145.903	100
145.933	100
145.968	100
146.003	100
146.033	100
146.068	100
146.103	100
146.133	100
146.168	100
146.203	100
146.233	100
146.268	100
146.303	100
146.333	100
146.368	100
146.403	100
146.433	100
146.468	100
146.503	100
146.533	100
146.568	100
146.603	100
146.633	100
146.668	100
146.703	100
146.733	100
146.768	100
146.803	100
146.833	100
146.868	100
146.903	100
146.933	100
146.968	100
147.003	100
147.033	100
147.068	100
147.103	100
147.133	100
147.168	100
147.203	100
147.233	100
147.268	100
147.303	100
147.333	100
147.363	100
147.393	100
147.433	100
147.468	100
147.503	100
147.533	100
147.568	100
147.603	100
147.633	100
147.668	100
147.703	100
147.733	100
147.768	100
147.803	100
147.833	100
147.868	100
147.903	100
147.933	100
147.968	100
148.003	100
148.033	100
148.068	100
148.103	100
148.133	100
148.168	100
148.203	100
148.233	100
148.268	100
148.303	100
148.333	100
148.368	100
148.403	100
148.433	100
148.458	100
148.503	100
148.533	100
148.568	100
148.603	100
148.633	100
148.668	100
148.703	100
148.733	100
148.768	100
148.803	100
148.833	100
148.868	100
148.903	100
148.933	100
148.968	100
149.003	100
149.033	100
149.068	100
149.103	100
149.133	100
149.168	100
149.203	100
149.233	100
149.268	100
149.303	100
149.333	100
149.368	100
149.403	100
149.433	100
149.468	100
149.503	100
149.533	100
149.568	100
149.603	100
149.633	100
149.668	100
149.703	100
149.733	100
149.768	100
149.803	100
149.833	100
149.868	100
149.903	100
149.933	100
149.968	100
150.003	100
150.033	100
150.068	100
150.103	100
150.133	100
150.168	100
150.203	100
150.233	100
150.268	100
150.303	100
150.333	100
150.368	100
150.403	100
150.433	100
150.468	100
150.503	100
150.533	100
150.568	100
150.603	100
150.633	100
150.668	100
150.703	100
150.733	100
150.768	100
150.803	100
150.833	100
150.868	100
150.903	100
150.933	100
150.968	100
151.003	100
151.033	100
151.068	100
151.103	100
151.133	100
151.168	100
151.193	100
151.233	100
151.268	100
151.303	100
151.333	100
151.368	100
151.403	100
151.433	100
151.468	100
151.503	100
151.533	100
151.568	100
151.603	100
151.633	100
151.668	100
151.703	100
151.733	100
151.768	100
151.803	100
151.833	100
151.868	100
151.903	100
151.933	100
151.968	100
152.003	100
152.033	100
152.068	100
152.103	100
152.133	100
152.168	100
152.203	100
152.233	100
152.268	100
152.303	100
152.333	100
152.368	100
152.403	100
152.433	100
152.468	100
152.503	100
152.533	100
152.568	100
152.603	100
152.633	100
152.668	100
152.703	100
152.733	100
152.768	100
152.803	100
152.833	100
152.868	100
152.903	100
152.933	100
152.968	100
153.003	100
153.033	100
153.068	100
153.103	100
153.133	100
153.168	100
153.203	100
153.233	100
153.268	100
153.303	100
153.333	100
153.368	100
153.403	100
153.433	100
153.468	100
153.503	100
153.533	100
153.568	100
153.603	100
153.633	100
153.668	100
153.703	100
153.733	100
153.768	100
153.803	100
153.833	100
153.868	100
153.903	100
153.933	100
153.968	100
154.003	100
154.033	100
154.068	100
154.103	100
154.133	100
154.168	100
154.203	100
154.233	100
154.268	100
154.303	100
154.333	100
154.368	100
154.403	100
154.433	100
154.468	100
154.503	100
154.533	100
154.568	100
154.603	100
154.633	100
154.668	100
154.703	100
154.733	100
154.768	100
154.803	100
154.833	100
154.868	100
154.903	100
154.933	100
154.968	100
155.003	100
155.033	100
155.068	100
155.103	100
155.133	100
155.168	100
155.203	100
155.233	100
155.268	100
155.303	100
155.333	100
155.368	100
155.403	100
155.433	100
155.468	100
155.503	100
155.533	100
155.568	100
155.603	100
155.633	100
155.668	100
155.703	100
155.733	100
155.768	100
155.803	100
155.833	100
155.868	100
155.903	100
155.933	100
155.968	100
156.003	100
156.033	100
156.068	100
156.103	100
156.133	100
156.168	100
156.203	100
156.233	100
156.268	100
156.303	100
156.333	100
156.368	100
156.403	100
156.433	100
156.468	100
156.503	100
156.533	100
156.568	100
156.603	100
156.633	100
156.668	100
156.703	100
156.733	100
156.768	100
156.803	100
156.833	100
156.868	100
156.903	100
156.933	100
156.968	100
157.003	100
157.033	100
157.068	100
157.103	100
157.133	100
157.168	100
157.203	100
157.233	100
157.268	100
157.303	100
157.333	100
157.368	100
157.403	100
157.433	100
157.468	100
157.503	100
157.533	100
157.568	100
157.603	100
157.633	100
157.668	100
157.703	100
157.733	100
157.768	100
157.803	100
157.833	100
157.868	100
157.903	100
157.933	100
157.968	100
158.003	100
158.033	100
158.068	100
158.103	100
158.133	100
158.168	100
158.203	100
158.233	100
158.268	100
158.303	100
158.333	100
158.368	100
158.403	100
158.433	100
158.468	100
158.503	100
158.533	100
158.568	100
158.603	100
158.633	100
158.668	100
158.703	100
158.733	100
158.768	100
158.803	100
158.833	100
158.868	100
158.903	100
158.933	100
158.968	100
159.003	100
159.033	100
159.068	100
159.103	100
159.133	100
159.168	100
159.203	100
159.233	100
159.268	100
159.303	100
159.333	100
159.368	100
159.403	100
159.433	100
159.468	100
159.493	100
159.533	100
159.568	100
159.603	100
159.633	100
159.668	100
159.703	100
159.733	100
159.768	100
159.803	100
159.833	100
159.868	100
159.903	100
159.933	100
159.968	100
160.003	100
160.033	100
160.063	100
160.103	100
160.133	100
160.168	100
160.203	100
160.233	100
160.268	100
160.303	100
160.333	100
160.368	100
160.403	100
160.433	100
160.468	100
160.503	100
160.533	100
160.568	100
160.603	100
160.633	100
160.668	100
160.703	100
160.733	100
160.768	100
160.803	100
160.833	100
160.868	100
160.903	100
160.933	100
160.968	100
161.003	100
161.033	100
161.068	100
161.103	100
161.133	100
161.168	100
161.203	100
161.233	100
161.268	100
161.303	100
161.333	100
161.368	100
161.403	100
161.433	100
161.468	100
161.503	100
161.533	100
161.568	100
161.603	100
161.633	100
161.668	100
161.703	100
161.733	100
161.768	100
161.803	100
161.833	100
161.868	100
161.903	100
161.933	100
161.968	100
162.003	100
162.033	100
162.068	100
162.103	100
162.133	100
162.168	100
162.203	100
162.233	100
162.268	100
162.303	100
162.333	100
162.368	100
162.403	100
162.433	100
162.468	100
162.503	100
162.533	100
162.568	100
162.603	100
162.633	100
162.668	100
162.703	100
162.733	100
162.768	100
162.803	100
162.833	100
162.868	100
162.903	100
162.933	100
162.968	100
163.003	100
163.033	100
163.068	100
163.103	100
163.133	100
163.168	100
163.203	100
163.233	100
163.268	100
163.303	100
163.333	100
163.363	100
163.403	100
163.433	100
163.468	100
163.503	100
163.533	100
163.568	100
163.603	100
163.633	100
163.668	100
163.703	100
163.733	100
163.768	100
163.803	100
163.833	100
163.868	100
163.903	100
163.933	100
163.968	100
164.003	100
164.033	100
164.068	100
164.103	100
164.133	100
164.168	100
164.203	100
164.233	100
164.268	100
164.303	100
164.333	100
164.368	100
164.403	100
164.433	100
164.468	100
164.503	100
164.533	100
164.568	100
164.603	100
164.633	100
164.668	100
164.703	100
164.733	100
164.768	100
164.803	100
164.833	100
164.868	100
164.903	100
164.933	100
164.968	100
165.003	100
165.033	100
165.068	100
165.103	100
165.133	100
165.168	100
165.203	100
165.233	100
165.268	100
165.303	100
165.333	100
165.368	100
165.403	100
165.433	100
165.468	100
165.503	100
165.533	100
165.568	100
165.603	100
165.633	100
165.668	100
165.703	100
165.733	100
165.768	100
165.803	100
165.833	100
165.868	100
165.903	100
165.933	100
165.968	100
166.003	100
166.033	100
166.068	100
166.103	100
166.133	100
166.168	100
166.203	100
166.233	100
166.268	100
166.303	100
166.333	100
166.368	100
166.398	100
166.433	100
166.468	100
166.503	100
166.533	100
166.568	100
166.603	100
166.633	100
166.668	100
166.703	100
166.733	100
166.768	100
166.803	100
166.833	100
166.868	100
166.903	100
166.933	100
166.968	100
167.003	100
167.033	100
167.068	100
167.103	100
167.133	100
167.168	100
167.203	100
167.233	100
167.268	100
167.303	100
167.333	100
167.368	100
167.403	100
167.433	100
167.468	100
167.503	100
167.533	100
167.568	100
167.603	100
167.633	100
167.668	100
167.703	100
167.733	100
167.768	100
167.803	100
167.833	100
167.868	100
167.903	100
167.933	100
167.968	100
168.003	100
168.033	100
168.068	100
168.103	100
168.133	100
168.168	100
168.203	100
168.233	100
168.268	100
168.303	100
168.333	100
168.368	100
168.403	100
168.433	100
168.468	100
168.503	100
168.533	100
168.568	100
168.603	100
168.633	100
168.668	100
168.703	100
168.733	100
168.768	100
168.803	100
168.833	100
168.868	100
168.903	100
168.933	100
168.968	100
169.003	100
169.033	100
169.068	100
169.103	100
169.133	100
169.168	100
169.203	100
169.233	100
169.268	100
169.303	100
169.333	100
169.368	100
169.403	100
169.433	100
169.468	100
169.503	100
169.533	100
169.568	100
169.603	100
169.633	100
169.668	100
169.703	100
169.733	100
169.768	100
169.803	100
169.833	100
169.868	100
169.903	100
169.933	100
169.968	100
170.003	100
170.033	100
170.068	100
170.103	100
170.133	100
170.168	100
170.203	100
170.233	100
170.268	100
170.303	100
170.333	100
170.368	100
170.403	100
170.433	100
170.468	100
170.503	100
170.533	100
170.568	100
170.603	100
170.633	100
170.668	100
170.703	100
170.733	100
170.768	100
170.803	100
170.833	100
170.868	100
170.903	100
170.933	100
170.968	100
171.003	100
171.033	100
171.068	100
171.103	100
171.133	100
171.168	100
171.203	100
171.233	100
171.268	100
171.303	100
171.333	100
171.368	100
171.403	100
171.433	100
171.468	100
171.503	100
171.533	100
171.568	100
171.603	100
171.633	100
171.668	100
171.703	100
171.733	100
171.768	100
171.803	100
171.833	100
171.868	100
171.903	100
171.933	100
171.968	100
172.003	100
172.033	100
172.068	100
172.103	100
172.133	100
172.168	100
172.203	100
172.233	100
172.268	100
172.303	100
172.333	100
172.368	100
172.403	100
172.433	100
172.468	100
172.503	100
172.533	100
172.568	100
172.603	100
172.633	100
172.668	100
172.703	100
172.733	100
172.768	100
172.803	100
172.833	100
172.868	100
172.903	100
172.933	100
172.968	100
173.003	100
173.033	100
173.068	100
173.103	100
173.133	100
173.168	100
173.203	100
173.233	100
173.268	100
173.303	100
173.333	100
173.368	100
173.403	100
173.433	100
173.468	100
173.503	100
173.533	100
173.568	100
173.603	100
173.633	100
173.668	100
173.703	100
173.733	100
173.768	100
173.803	100
173.833	100
173.868	100
173.903	100
173.933	100
173.968	100
174.003	100
174.033	100
174.068	100
174.103	100
174.133	100
174.168	100
174.203	100
174.233	100
174.268	100
174.303	100
174.333	100
174.368	100
174.403	100
174.433	100
174.468	100
174.503	100
174.533	100
174.568	100
174.603	100
174.633	100
174.668	100
174.703	100
174.733	100
174.768	100
174.803	100
174.833	100
174.868	100
174.903	100
174.933	100
174.968	100
175.003	100
175.033	100
175.068	100
175.103	100
175.133	100
175.168	100
175.203	100
175.233	100
175.268	100
175.303	100
175.333	100
175.368	100
175.403	100
175.433	100
175.468	100
175.503	100
175.533	100
175.568	100
175.603	100
175.633	100
175.668	100
175.703	100
175.733	100
175.768	100
175.803	100
175.833	100
175.868	100
175.903	100
175.933	100
175.968	100
176.003	100
176.033	100
176.068	100
176.103	100
176.133	100
176.168	100
176.203	100
176.233	100
176.268	100
176.303	100
176.333	100
176.368	100
176.403	100
176.433	100
176.468	100
176.503	100
176.533	100
176.568	100
176.603	100
176.633	100
176.668	100
176.703	100
176.733	100
176.768	100
176.803	100
176.833	100
176.868	100
176.903	100
176.933	100
176.968	100
177.003	100
177.033	100
177.068	100
177.103	100
177.133	100
177.168	100
177.203	100
177.233	100
177.268	100
177.303	100
177.333	100
177.368	100
177.403	100
177.433	100
177.468	100
177.503	100
177.533	100
177.568	100
177.603	100
177.633	100
177.668	100
177.703	100
177.733	100
177.768	100
177.803	100
177.833	100
177.868	100
177.903	100
177.933	100
177.968	100
178.003	100
178.033	100
178.068	100
178.098	100
178.133	100
178.168	100
178.203	100
178.233	100
178.268	100
178.303	100
178.333	100
178.368	100
178.403	100
178.433	100
178.468	100
178.503	100
178.533	100
178.568	100
178.603	100
178.633	100
178.668	100
178.703	100
178.733	100
178.768	100
178.803	100
178.833	100
178.868	100
178.903	100
178.933	100
178.968	100
179.003	100
179.033	100
179.068	100
179.103	100
179.133	100
179.168	100
179.203	100
179.233	100
179.268	100
179.303	100
179.333	100
179.368	100
179.403	100
179.433	100
179.468	100
179.503	100
179.533	100
179.568	100
179.603	100
179.633	100
179.668	100
179.703	100
179.733	100
179.768	100
179.803	100
179.833	100
179.868	100
179.903	100
179.933	100
179.968	100
180.003	100
180.033	100
180.068	100
180.103	100
180.133	100
180.168	100
180.203	100
180.233	100
180.268	100
180.303	100
180.333	100
180.368	100
180.403	100
180.433	100
180.468	100
180.503	100
180.533	100
180.568	100
180.603	100
180.633	100
180.668	100
180.703	100
180.733	100
180.768	100
180.803	100
180.833	100
180.868	100
180.903	100
180.933	100
180.968	100
181.003	100
181.033	100
181.068	100
181.103	100
181.133	100
181.168	100
181.203	100
181.233	100
181.268	100
181.303	100
181.333	100
181.368	100
181.403	100
181.433	100
181.468	100
181.503	100
181.533	100
181.568	100
181.603	100
181.633	100
181.668	100
181.703	100
181.733	100
181.768	100
181.803	100
181.833	100
181.868	100
181.903	100
181.933	100
181.968	100
182.003	100
182.033	100
182.068	100
182.103	100
182.133	100
182.168	100
182.203	100
182.233	100
182.268	100
182.303	100
182.333	100
182.368	100
182.403	100
182.433	100
182.468	100
182.503	100
182.533	100
182.568	100
182.603	100
182.633	100
182.668	100
182.703	100
182.733	100
182.768	100
182.803	100
182.833	100
182.868	100
182.903	100
182.933	100
182.968	100
183.003	100
183.033	100
183.068	100
183.103	100
183.133	100
183.168	100
183.203	100
183.233	100
183.268	100
183.303	100
183.333	100
183.368	100
183.403	100
183.433	100
183.468	100
183.503	100
183.533	100
183.568	100
183.603	100
183.633	100
183.668	100
183.703	100
183.733	100
183.768	100
183.803	100
183.833	100
183.868	100
183.903	100
183.933	100
183.968	100
184.003	100
184.033	100
184.068	100
184.103	100
184.133	100
184.168	100
184.203	100
184.233	100
184.268	100
184.303	100
184.333	100
184.368	100
184.403	100
184.433	100
184.468	100
184.503	100
184.533	100
184.568	100
184.603	100
184.633	100
184.668	100
184.703	100
184.733	100
184.768	100
184.803	100
184.833	100
184.868	100
184.903	100
184.933	100
184.968	100
185.003	100
185.033	100
185.068	100
185.103	100
185.133	100
185.168	100
185.203	100
185.233	100
185.268	100
185.303	100
185.333	100
185.368	100
185.403	100
185.433	100
185.468	100
185.503	100
185.533	100
185.568	100
185.603	100
185.633	100
185.668	100
185.703	100
185.733	100
185.768	100
185.803	100
185.833	100
185.868	100
185.903	100
185.933	100
185.968	100
186.003	100
186.033	100
186.068	100
186.103	100
186.133	100
186.168	100
186.203	100
186.233	100
186.268	100
186.303	100
186.333	100
186.368	100
186.403	100
186.433	100
186.468	100
186.503	100
186.533	100
186.568	100
186.603	100
186.633	100
186.668	100
186.703	100
186.733	100
186.768	100
186.803	100
186.833	100
186.868	100
186.903	100
186.933	100
186.968	100
187.003	100
187.033	100
187.068	100
187.103	100
187.133	100
187.168	100
187.203	100
187.233	100
187.268	100
187.303	100
187.333	100
187.368	100
187.403	100
187.433	100
187.468	100
187.503	100
187.533	100
187.568	100
187.603	100
187.633	100
187.668	100
187.703	100
187.733	100
187.768	100
187.803	100
187.833	100
187.868	100
187.903	100
187.933	100
187.968	100
188.003	100
188.033	100
188.068	100
188.103	100
188.133	100
188.168	100
188.203	100
188.233	100
188.268	100
188.303	100
188.333	100
188.368	100
188.403	100
188.433	100
188.468	100
188.503	100
188.533	100
188.568	100
188.603	100
188.633	100
188.668	100
188.703	100
188.733	100
188.768	100
188.803	100
188.833	100
188.868	100
188.903	100
188.933	100
188.968	100
189.003	100
189.033	100
189.068	100
189.103	100
189.133	100
189.168	100
189.203	100
189.233	100
189.268	100
189.303	100
189.333	100
189.368	100
189.403	100
189.433	100
189.468	100
189.503	100
189.533	100
189.568	100
189.603	100
189.633	100
189.668	100
189.703	100
189.733	100
189.768	100
189.803	100
189.833	100
189.868	100
189.903	100
189.933	100
189.968	100
190.003	100
190.033	100
190.068	100
190.103	100
190.133	100
190.168	100
190.203	100
190.233	100
190.268	100
190.303	100
190.333	100
190.368	100
190.403	100
190.433	100
190.468	100
190.503	100
190.533	100
190.568	100
190.603	100
190.633	100
190.668	100
190.703	100
190.733	100
190.768	100
190.803	100
190.833	100
190.868	100
190.903	100
190.933	100
190.968	100
190.993	100
191.033	100
191.068	100
191.103	100
191.133	100
191.168	100
191.203	100
191.233	100
191.268	100
191.303	100
191.333	100
191.368	100
191.403	100
191.433	100
191.468	100
191.503	100
191.533	100
191.568	100
191.603	100
191.633	100
191.668	100
191.703	100
191.733	100
191.768	100
191.803	100
191.833	100
191.868	100
191.903	100
191.933	100
191.968	100
192.003	100
192.033	100
192.068	100
192.103	100
192.133	100
192.168	100
192.203	100
192.233	100
192.268	100
192.303	100
192.333	100
192.368	100
192.403	100
192.433	100
192.468	100
192.503	100
192.533	100
192.568	100
192.603	100
192.633	100
192.668	100
192.703	100
192.733	100
192.768	100
192.803	100
192.833	100
192.868	100
192.903	100
192.933	100
192.968	100
193.003	100
193.033	100
193.068	100
193.103	100
193.133	100
193.168	100
193.203	100
193.233	100
193.268	100
193.303	100
193.333	100
193.368	100
193.403	100
193.433	100
193.468	100
193.503	100
193.533	100
193.568	100
193.603	100
193.633	100
193.668	100
193.703	100
193.733	100
193.768	100
193.803	100
193.833	100
193.868	100
193.903	100
193.933	100
193.968	100
194.003	100
194.033	100
194.068	100
194.098	100
194.133	100
194.168	100
194.203	100
194.233	100
194.268	100
194.303	100
194.333	100
194.368	100
194.403	100
194.433	100
194.468	100
194.503	100
194.533	100
194.568	100
194.603	100
194.633	100
194.668	100
194.703	100
194.733	100
194.768	100
194.803	100
194.833	100
194.868	100
194.903	100
194.933	100
194.968	100
195.003	100
195.033	100
195.068	100
195.103	100
195.133	100
195.168	100
195.203	100
195.233	100
195.268	100
195.303	100
195.333	100
195.368	100
195.403	100
195.433	100
195.468	100
195.503	100
195.533	100
195.568	100
195.603	100
195.633	100
195.668	100
195.703	100
195.733	100
195.768	100
195.803	100
195.833	100
195.868	100
195.903	100
195.933	100
195.968	100
196.003	100
196.033	100
196.068	100
196.103	100
196.133	100
196.168	100
196.203	100
196.233	100
196.268	100
196.303	100
196.333	100
196.368	100
196.403	100
196.433	100
196.468	100
196.503	100
196.533	100
196.568	100
196.603	100
196.633	100
196.668	100
196.703	100
196.733	100
196.768	100
196.803	100
196.833	100
196.868	100
196.903	100
196.933	100
196.968	100
197.003	100
197.033	100
197.068	100
197.098	100
197.133	100
197.168	100
197.203	100
197.233	100
197.268	100
197.303	100
197.333	100
197.368	100
197.403	100
197.433	100
197.468	100
197.503	100
197.533	100
197.568	100
197.603	100
197.633	100
197.668	100
197.703	100
197.733	100
197.768	100
197.803	100
197.833	100
197.868	100
197.903	100
197.933	100
197.968	100
198.003	100
198.033	100
198.068	100
198.103	100
198.133	100
198.168	100
198.203	100
198.233	100
198.268	100
198.303	100
198.333	100
198.368	100
198.403	100
198.433	100
198.468	100
198.503	100
198.533	100
198.568	100
198.603	100
198.633	100
198.668	100
198.703	100
198.733	100
198.768	100
198.803	100
198.833	100
198.868	100
198.903	100
198.933	100
198.968	100
199.003	100
199.033	100
199.068	100
199.103	100
199.133	100
199.168	100
199.203	100
199.233	100
199.268	100
199.303	100
199.333	100
199.368	100
199.403	100
199.433	100
199.468	100
199.503	100
199.533	100
199.568	100
199.603	100
199.633	100
199.668	100
199.703	100
199.733	100
199.768	100
199.803	100
199.833	100
199.868	100
199.903	100
199.933	100
199.968	100
200.003	100
200.033	100
200.068	100
200.098	100
200.133	100
200.168	100
200.203	100
200.233	100
200.268	100
200.303	100
200.333	100
200.368	100
200.403	100
200.433	100
200.468	100
200.503	100
200.533	100
200.568	100
200.603	100
200.633	100
200.668	100
200.703	100
200.733	100
200.768	100
200.803	100
200.833	100
200.868	100
200.903	100
200.933	100
200.968	100
201.003	100
201.033	100
201.068	100
201.103	100
201.133	100
201.168	100
201.203	100
201.233	100
201.268	100
201.303	100
201.333	100
201.368	100
201.403	100
201.433	100
201.468	100
201.503	100
201.533	100
201.568	100
201.603	100
201.633	100
201.668	100
201.703	100
201.733	100
201.768	100
201.803	100
201.833	100
201.868	100
201.903	100
201.933	100
201.968	100
202.003	100
202.033	100
202.068	100
202.103	100
202.133	100
202.168	100
202.203	100
202.233	100
202.268	100
202.303	100
202.333	100
202.368	100
202.403	100
202.433	100
202.468	100
202.503	100
202.533	100
202.568	100
202.603	100
202.633	100
202.668	100
202.703	100
202.733	100
202.768	100
202.803	100
202.833	100
202.868	100
202.903	100
202.933	100
202.968	100
203.003	100
203.033	100
203.068	100
203.103	100
203.133	100
203.168	100
203.203	100
203.233	100
203.268	100
203.303	100
203.333	100
203.368	100
203.403	100
203.433	100
203.468	100
203.503	100
203.533	100
203.568	100
203.603	100
203.633	100
203.668	100
203.703	100
203.733	100
203.768	100
203.803	100
203.833	100
203.868	100
203.903	100
203.933	100
203.968	100
204.003	100
204.033	100
204.068	100
204.103	100
204.133	100
204.168	100
204.203	100
204.233	100
204.268	100
204.303	100
204.333	100
204.368	100
204.403	100
204.433	100
204.468	100
204.503	100
204.533	100
204.568	100
204.603	100
204.633	100
204.668	100
204.703	100
204.733	100
204.768	100
204.803	100
204.833	100
204.868	100
204.903	100
204.933	100
204.968	100
205.003	100
205.033	100
205.068	100
205.103	100
205.133	100
205.168	100
205.203	100
205.233	100
205.268	100
205.303	100
205.333	100
205.368	100
205.403	100
205.433	100
205.468	100
205.503	100
205.533	100
205.568	100
205.603	100
205.633	100
205.668	100
205.703	100
205.733	100
205.768	100
205.803	100
205.833	100
205.868	100
205.903	100
205.933	100
205.968	100
206.003	100
206.033	100
206.068	100
206.103	100
206.133	100
206.168	100
206.203	100
206.233	100
206.268	100
206.303	100
206.333	100
206.368	100
206.403	100
206.433	100
206.468	100
206.503	100
206.533	100
206.568	100
206.603	100
206.633	100
206.668	100
206.703	100
206.733	100
206.768	100
206.803	100
206.833	100
206.868	100
206.903	100
206.933	100
206.968	100
207.003	100
207.033	100
207.068	100
207.103	100
207.133	100
207.168	100
207.203	100
207.233	100
207.268	100
207.303	100
207.333	100
207.368	100
207.403	100
207.433	100
207.468	100
207.503	100
207.533	100
207.568	100
207.603	100
207.633	100
207.668	100
207.703	100
207.733	100
207.768	100
207.803	100
207.833	100
207.868	100
207.903	100
207.933	100
207.968	100
208.003	100
208.033	100
208.068	100
208.103	100
208.133	100
208.168	100
208.203	100
208.233	100
208.268	100
208.303	100
208.333	100
208.368	100
208.403	100
208.433	100
208.468	100
208.503	100
208.533	100
208.568	100
208.603	100
208.633	100
208.668	100
208.703	100
208.733	100
208.768	100
208.803	100
208.833	100
208.868	100
208.903	100
208.933	100
208.968	100
209.003	100
209.033	100
209.068	100
209.103	100
209.133	100
209.168	100
209.203	100
209.233	100
209.268	100
209.303	100
209.333	100
209.368	100
209.403	100
209.433	100
209.468	100
209.503	100
209.533	100
209.568	100
209.603	100
209.633	100
209.668	100
209.703	100
209.733	100
209.768	100
209.803	100
209.833	100
209.868	100
209.903	100
209.933	100
209.968	100
210.003	100
210.033	100
210.068	100
210.103	100
210.133	100
210.168	100
210.193	100
210.233	100
210.268	100
210.303	100
210.333	100
210.368	100
210.403	100
210.433	100
210.468	100
210.503	100
210.533	100
210.568	100
210.603	100
210.633	100
210.668	100
210.703	100
210.733	100
210.768	100
210.803	100
210.833	100
210.868	100
210.903	100
210.933	100
210.968	100
211.003	100
211.033	100
211.068	100
211.103	100
211.133	100
211.168	100
211.203	100
211.233	100
211.268	100
211.303	100
211.333	100
211.368	100
211.403	100
211.433	100
211.468	100
211.503	100
211.533	100
211.568	100
211.603	100
211.633	100
211.668	100
211.703	100
211.733	100
211.768	100
211.803	100
211.833	100
211.868	100
211.903	100
211.933	100
211.968	100
212.003	100
212.033	100
212.068	100
212.103	100
212.133	100
212.168	100
212.203	100
212.233	100
212.268	100
212.303	100
212.333	100
212.368	100
212.403	100
212.433	100
212.468	100
212.503	100
212.533	100
212.568	100
212.603	100
212.633	100
212.668	100
212.703	100
212.733	100
212.768	100
212.803	100
212.833	100
212.868	100
212.903	100
212.933	100
212.968	100
213.003	100
213.033	100
213.068	100
213.103	100
213.133	100
213.168	100
213.203	100
213.233	100
213.263	100
213.298	100
213.333	100
213.368	100
213.403	100
213.433	100
213.468	100
213.503	100
213.533	100
213.568	100
213.603	100
213.633	100
213.668	100
213.703	100
213.733	100
213.768	100
213.803	100
213.833	100
213.868	100
213.903	100
213.933	100
213.968	100
214.003	100
214.033	100
214.068	100
214.103	100
214.133	100
214.168	100
214.203	100
214.233	100
214.268	100
214.303	100
214.333	100
214.368	100
214.403	100
214.433	100
214.468	100
214.503	100
214.533	100
214.568	100
214.603	100
214.633	100
214.668	100
214.703	100
214.733	100
214.768	100
214.803	100
214.833	100
214.868	100
214.903	100
214.933	100
214.968	100
215.003	100
215.033	100
215.068	100
215.103	100
215.133	100
215.168	100
215.203	100
215.233	100
215.268	100
215.303	100
215.333	100
215.368	100
215.403	100
215.433	100
215.468	100
215.503	100
215.533	100
215.568	100
215.603	100
215.633	100
215.668	100
215.703	100
215.733	100
215.768	100
215.803	100
215.833	100
215.868	100
215.903	100
215.933	100
215.968	100
216.003	100
216.033	100
216.068	100
216.103	100
216.133	100
216.168	100
216.203	100
216.233	100
216.268	100
216.303	100
216.333	100
216.368	100
216.403	100
216.433	100
216.468	100
216.503	100
216.533	100
216.568	100
216.603	100
216.633	100
216.668	100
216.703	100
216.733	100
216.768	100
216.803	100
216.833	100
216.868	100
216.903	100
216.933	100
216.968	100
217.003	100
217.033	100
217.068	100
217.103	100
217.133	100
217.168	100
217.203	100
217.233	100
217.268	100
217.303	100
217.333	100
217.368	100
217.403	100
217.433	100
217.468	100
217.503	100
217.533	100
217.568	100
217.603	100
217.633	100
217.668	100
217.703	100
217.733	100
217.768	100
217.803	100
217.833	100
217.868	100
217.903	100
217.933	100
217.968	100
218.003	100
218.033	100
218.068	100
218.103	100
218.133	100
218.168	100
218.203	100
218.233	100
218.268	100
218.303	100
218.333	100
218.368	100
218.403	100
218.433	100
218.468	100
218.503	100
218.533	100
218.568	100
218.603	100
218.633	100
218.668	100
218.703	100
218.733	100
218.768	100
218.803	100
218.833	100
218.868	100
218.903	100
218.933	100
218.968	100
219.003	100
219.033	100
219.068	100
219.103	100
219.133	100
219.168	100
219.203	100
219.233	100
219.268	100
219.303	100
219.333	100
219.368	100
219.403	100
219.433	100
219.468	100
219.503	100
219.533	100
219.568	100
219.603	100
219.633	100
219.668	100
219.703	100
219.733	100
219.768	100
219.803	100
219.833	100
219.868	100
219.903	100
219.933	100
219.968	100
220.003	100
220.033	100
220.068	100
220.103	100
220.133	100
220.168	100
220.203	100
220.233	100
220.268	100
220.303	100
220.333	100
220.368	100
220.403	100
220.433	100
220.468	100
220.503	100
220.533	100
220.568	100
220.603	100
220.633	100
220.668	100
220.703	100
220.733	100
220.768	100
220.803	100
220.833	100
220.868	100
220.903	100
220.933	100
220.968	100
221.003	100
221.033	100
221.068	100
221.103	100
221.133	100
221.168	100
221.203	100
221.233	100
221.268	100
221.303	100
221.333	100
221.368	100
221.403	100
221.433	100
221.468	100
221.503	100
221.533	100
221.568	100
221.603	100
221.633	100
221.668	100
221.703	100
221.733	100
221.768	100
221.803	100
221.833	100
221.868	100
221.903	100
221.933	100
221.968	100
222.003	100
222.033	100
222.068	100
222.103	100
222.133	100
222.168	100
222.203	100
222.233	100
222.268	100
222.303	100
222.333	100
222.368	100
222.403	100
222.433	100
222.468	100
222.503	100
222.533	100
222.568	100
222.603	100
222.633	100
222.668	100
222.703	100
222.733	100
222.768	100
222.803	100
222.833	100
222.868	100
222.903	100
222.933	100
222.968	100
223.003	100
223.033	100
223.068	100
223.103	100
223.133	100
223.168	100
223.203	100
223.233	100
223.268	100
223.303	100
223.333	100
223.368	100
223.403	100
223.433	100
223.468	100
223.503	100
223.533	100
223.568	100
223.603	100
223.633	100
223.668	100
223.703	100
223.733	100
223.768	100
223.803	100
223.833	100
223.868	100
223.903	100
223.933	100
223.968	100
224.003	100
224.033	100
224.068	100
224.103	100
224.133	100
224.168	100
224.203	100
224.233	100
224.268	100
224.303	100
224.333	100
224.368	100
224.403	100
224.433	100
224.468	100
224.503	100
224.533	100
224.568	100
224.603	100
224.633	100
224.668	100
224.703	100
224.733	100
224.768	100
224.803	100
224.833	100
224.868	100
224.903	100
224.933	100
224.968	100
225.003	100
225.033	100
225.068	100
225.103	100
225.133	100
225.168	100
225.203	100
225.233	100
225.268	100
225.303	100
225.333	100
225.368	100
225.403	100
225.433	100
225.468	100
225.503	100
225.533	100
225.568	100
225.603	100
225.633	100
225.668	100
225.703	100
225.733	100
225.768	100
225.803	100
225.833	100
225.868	100
225.903	100
225.933	100
225.968	100
226.003	100
226.033	100
226.068	100
226.103	100
226.133	100
226.168	100
226.203	100
226.233	100
226.268	100
226.303	100
226.333	100
226.368	100
226.403	100
226.433	100
226.468	100
226.503	100
226.533	100
226.568	100
226.603	100
226.633	100
226.668	100
226.703	100
226.733	100
226.768	100
226.803	100
226.833	100
226.868	100
226.903	100
226.933	100
226.968	100
227.003	100
227.033	100
227.068	100
227.103	100
227.133	100
227.168	100
227.203	100
227.233	100
227.268	100
227.303	100
227.333	100
227.368	100
227.403	100
227.433	100
227.468	100
227.503	100
227.533	100
227.568	100
227.603	100
227.633	100
227.668	100
227.703	100
227.733	100
227.768	100
227.803	100
227.833	100
227.868	100
227.903	100
227.933	100
227.968	100
228.003	100
228.033	100
228.068	100
228.103	100
228.133	100
228.168	100
228.203	100
228.233	100
228.268	100
228.303	100
228.333	100
228.368	100
228.403	100
228.433	100
228.468	100
228.503	100
228.533	100
228.568	100
228.603	100
228.633	100
228.668	100
228.703	100
228.733	100
228.768	100
228.803	100
228.833	100
228.868	100
228.903	100
228.933	100
228.968	100
229.003	100
229.033	100
229.068	100
229.103	100
229.133	100
229.168	100
229.203	100
229.233	100
229.268	100
229.303	100
229.333	100
229.368	100
229.403	100
229.433	100
229.468	100
229.503	100
229.533	100
229.568	100
229.603	100
229.633	100
229.668	100
229.703	100
229.733	100
229.768	100
229.803	100
229.833	100
229.863	100
229.893	100
229.933	100
229.968	100
230.003	100
230.033	100
230.068	100
230.103	100
230.133	100
230.168	100
230.203	100
230.233	100
230.268	100
230.303	100
230.333	100
230.368	100
230.403	100
230.433	100
230.468	100
230.503	100
230.533	100
230.568	100
230.603	100
230.633	100
230.668	100
230.703	100
230.733	100
230.768	100
230.803	100
230.833	100
230.868	100
230.903	100
230.933	100
230.968	100
231.003	100
231.033	100
231.068	100
231.103	100
231.133	100
231.168	100
231.203	100
231.233	100
231.268	100
231.303	100
231.333	100
231.368	100
231.403	100
231.433	100
231.468	100
231.503	100
231.533	100
231.568	100
231.603	100
231.633	100
231.668	100
231.703	100
231.733	100
231.768	100
231.803	100
231.833	100
231.868	100
231.903	100
231.933	100
231.968	100
232.003	100
232.033	100
232.068	100
232.103	100
232.133	100
232.168	100
232.203	100
232.233	100
232.268	100
232.303	100
232.333	100
232.368	100
232.403	100
232.433	100
232.468	100
232.503	100
232.533	100
232.568	100
232.603	100
232.633	100
232.668	100
232.703	100
232.733	100
232.768	100
232.803	100
232.833	100
232.863	100
232.898	100
232.933	100
232.968	100
233.003	100
233.033	100
233.068	100
233.103	100
233.133	100
233.168	100
233.203	100
233.233	100
233.268	100
233.303	100
233.333	100
233.368	100
233.403	100
233.433	100
233.468	100
233.503	100
233.533	100
233.568	100
233.603	100
233.633	100
233.668	100
233.703	100
233.733	100
233.768	100
233.803	100
233.833	100
233.868	100
233.903	100
233.933	100
233.968	100
234.003	100
234.033	100
234.068	100
234.103	100
234.133	100
234.168	100
234.203	100
234.233	100
234.268	100
234.303	100
234.333	100
234.368	100
234.403	100
234.433	100
234.468	100
234.503	100
234.533	100
234.568	100
234.603	100
234.633	100
234.668	100
234.703	100
234.733	100
234.768	100
234.803	100
234.833	100
234.868	100
234.903	100
234.933	100
234.968	100
235.003	100
235.033	100
235.068	100
235.103	100
235.133	100
235.168	100
235.203	100
235.233	100
235.268	100
235.303	100
235.333	100
235.368	100
235.403	100
235.433	100
235.468	100
235.503	100
235.533	100
235.568	100
235.603	100
235.633	100
235.668	100
235.703	100
235.733	100
235.768	100
235.803	100
235.833	100
235.863	100
235.898	100
235.933	100
235.968	100
236.003	100
236.033	100
236.068	100
236.103	100
236.133	100
236.168	100
236.203	100
236.233	100
236.268	100
236.303	100
236.333	100
236.368	100
236.403	100
236.433	100
236.468	100
236.503	100
236.533	100
236.568	100
236.603	100
236.633	100
236.668	100
236.703	100
236.733	100
236.768	100
236.803	100
236.833	100
236.868	100
236.903	100
236.933	100
236.968	100
237.003	100
237.033	100
237.068	100
237.103	100
237.133	100
237.168	100
237.203	100
237.233	100
237.268	100
237.303	100
237.333	100
237.368	100
237.403	100
237.433	100
237.468	100
237.503	100
237.533	100
237.568	100
237.603	100
237.633	100
237.668	100
237.703	100
237.733	100
237.768	100
237.803	100
237.833	100
237.868	100
237.903	100
237.933	100
237.968	100
238.003	100
238.033	100
238.068	100
238.103	100
238.133	100
238.168	100
238.203	100
238.233	100
238.268	100
238.303	100
238.333	100
238.368	100
238.403	100
238.433	100
238.468	100
238.503	100
238.533	100
238.568	100
238.603	100
238.633	100
238.668	100
238.703	100
238.733	100
238.768	100
238.803	100
238.833	100
238.868	100
238.903	100
238.933	100
238.968	100
239.003	100
239.033	100
239.068	100
239.103	100
239.133	100
239.168	100
239.203	100
239.233	100
239.268	100
239.303	100
239.333	100
239.368	100
239.403	100
239.433	100
239.468	100
239.503	100
239.533	100
239.568	100
239.603	100
239.633	100
239.668	100
239.703	100
239.733	100
239.768	100
239.803	100
239.833	100
239.868	100
239.903	100
239.933	100
239.968	100
240.003	100
240.033	100
240.068	100
240.103	100
240.133	100
240.168	100
240.203	100
240.233	100
240.268	100
240.303	100
240.333	100
240.368	100
240.403	100
240.433	100
240.468	100
240.503	100
240.533	100
240.568	100
240.603	100
240.633	100
240.668	100
240.703	100
240.733	100
240.768	100
240.803	100
240.833	100
240.868	100
240.903	100
240.933	100
240.968	100
241.003	100
241.033	100
241.063	100
241.098	100
241.133	100
241.168	100
241.203	100
241.233	100
241.268	100
241.303	100
241.333	100
241.368	100
241.403	100
241.433	100
241.468	100
241.503	100
241.533	100
241.568	100
241.603	100
241.633	100
241.668	100
241.703	100
241.733	100
241.768	100
241.803	100
241.833	100
241.868	100
241.903	100
241.933	100
241.968	100
242.003	100
242.033	100
242.068	100
242.103	100
242.133	100
242.168	100
242.203	100
242.233	100
242.268	100
242.303	100
242.333	100
242.368	100
242.403	100
242.433	100
242.468	100
242.503	100
242.533	100
242.568	100
242.603	100
242.633	100
242.668	100
242.703	100
242.733	100
242.768	100
242.803	100
242.833	100
242.868	100
242.903	100
242.933	100
242.968	100
243.003	100
243.033	100
243.068	100
243.103	100
243.133	100
243.168	100
243.203	100
243.233	100
243.268	100
243.303	100
243.333	100
243.368	100
243.403	100
243.433	100
243.468	100
243.503	100
243.533	100
243.568	100
243.603	100
243.633	100
243.668	100
243.703	100
243.733	100
243.768	100
243.803	100
243.833	100
243.868	100
243.903	100
243.933	100
243.968	100
244.003	100
244.033	100
244.068	100
244.103	100
244.133	100
244.168	100
244.203	100
244.233	100
244.268	100
244.303	100
244.333	100
244.368	100
244.403	100
244.433	100
244.468	100
244.503	100
244.533	100
244.568	100
244.603	100
244.633	100
244.668	100
244.703	100
244.733	100
244.768	100
244.803	100
244.833	100
244.868	100
244.903	100
244.933	100
244.968	100
245.003	100
245.033	100
245.068	100
245.103	100
245.133	100
245.168	100
245.203	100
245.233	100
245.268	100
245.303	100
245.333	100
245.368	100
245.403	100
245.433	100
245.468	100
245.503	100
245.533	100
245.568	100
245.603	100
245.633	100
245.668	100
245.703	100
245.733	100
245.768	100
245.803	100
245.833	100
245.868	100
245.903	100
245.933	100
245.968	100
246.003	100
246.033	100
246.068	100
246.103	100
246.133	100
246.168	100
246.203	100
246.233	100
246.268	100
246.303	100
246.333	100
246.368	100
246.403	100
246.433	100
246.468	100
246.503	100
246.533	100
246.568	100
246.603	100
246.633	100
246.668	100
246.703	100
246.733	100
246.768	100
246.803	100
246.833	100
246.868	100
246.903	100
246.933	100
246.968	100
247.003	100
247.033	100
247.068	100
247.103	100
247.133	100
247.168	100
247.203	100
247.233	100
247.268	100
247.303	100
247.333	100
247.368	100
247.403	100
247.433	100
247.468	100
247.503	100
247.533	100
247.568	100
247.603	100
247.633	100
247.668	100
247.703	100
247.733	100
247.768	100
247.803	100
247.833	100
247.868	100
247.903	100
247.933	100
247.968	100
248.003	100
248.033	100
248.068	100
248.103	100
248.133	100
248.168	100
248.203	100
248.233	100
248.268	100
248.303	100
248.333	100
248.368	100
248.403	100
248.433	100
248.468	100
248.503	100
248.533	100
248.568	100
248.603	100
248.633	100
248.668	100
248.703	100
248.733	100
248.768	100
248.803	100
248.833	100
248.868	100
248.903	100
248.933	100
248.968	100
249.003	100
249.033	100
249.068	100
249.103	100
249.133	100
249.168	100
249.203	100
249.233	100
249.268	100
249.303	100
249.333	100
249.368	100
249.403	100
249.433	100
249.468	100
249.503	100
249.533	100
249.568	100
249.603	100
249.633	100
249.668	100
249.703	100
249.733	100
249.768	100
249.803	100
249.833	100
249.868	100
249.903	100
249.933	100
249.968	100
250.003	100
250.033	100
250.068	100
250.098	100
250.133	100
250.168	100
250.198	100
250.233	100
250.268	100
250.298	100
250.333	100
250.368	100
250.398	100
250.433	100
250.468	100
250.498	100
250.533	100
250.568	100
250.598	100
250.633	100
250.668	100
250.698	100
250.733	100
250.768	100
250.798	100
250.833	100
250.868	100
250.898	100
250.933	100
250.968	100
250.998	100
251.033	100
251.068	100
251.098	100
251.133	100
251.168	100
251.198	100
251.233	100
251.268	100
251.298	100
251.333	100
251.368	100
251.398	100
251.433	100
251.468	100
251.498	100
251.533	100
251.568	100
251.598	100
251.633	100
251.668	100
251.698	100
251.733	100
251.768	100
251.798	100
251.833	100
251.868	100
251.898	100
251.933	100
251.968	100
251.998	100
252.028	100
252.068	100
252.098	100
252.133	100
252.168	100
252.198	100
252.233	100
252.268	100
252.298	100
252.333	100
252.368	100
252.398	100
252.433	100
252.468	100
252.498	100
252.533	100
252.568	100
252.598	100
252.633	100
252.668	100
252.698	100
252.733	100
252.768	100
252.798	100
252.833	100
252.868	100
252.898	100
252.933	100
252.968	100
252.998	100
253.033	100
253.068	100
253.098	100
253.133	100
253.168	100
253.198	100
253.233	100
253.268	100
253.298	100
253.333	100
253.368	100
253.398	100
253.433	100
253.468	100
253.498	100
253.533	100
253.568	100
253.598	100
253.633	100
253.668	100
253.698	100
253.733	100
253.768	100
253.798	100
253.833	100
253.868	100
253.898	100
253.933	100
253.968	100
253.998	100
254.033	100
254.068	100
254.098	100
254.133	100
254.168	100
254.198	100
254.233	100
254.268	100
254.298	100
254.333	100
254.368	100
254.398	100
254.433	100
254.468	100
254.498	100
254.533	100
254.568	100
254.598	100
254.633	100
254.668	100
254.698	100
254.733	100
254.768	100
254.798	100
254.833	100
254.868	100
254.898	100
254.933	100
254.968	100
254.998	100
255.033	100
255.068	100
255.098	100
255.133	100
255.168	100
255.198	100
255.233	100
255.268	100
255.298	100
255.333	100
255.368	100
255.398	100
255.433	100
255.468	100
255.498	100
255.533	100
255.568	100
255.598	100
255.633	100
255.668	100
255.698	100
255.733	100
255.768	100
255.798	100
255.833	100
255.868	100
255.898	100
255.933	100
255.968	100
255.998	100
256.033	100
256.068	100
256.098	100
256.133	100
256.168	100
256.198	100
256.233	100
256.268	100
256.298	100
256.333	100
256.368	100
256.398	100
256.433	100
256.468	100
256.498	100
256.533	100
256.568	100
256.598	100
256.633	100
256.668	100
256.698	100
256.733	100
256.768	100
256.798	100
256.833	100
256.868	100
256.898	100
256.933	100
256.968	100
256.998	100
257.033	100
257.068	100
257.098	100
257.133	100
257.168	100
257.198	100
257.233	100
257.268	100
257.298	100
257.333	100
257.368	100
257.398	100
257.433	100
257.468	100
257.498	100
257.533	100
257.568	100
257.598	100
257.633	100
257.668	100
257.698	100
257.733	100
257.768	100
257.798	100
257.833	100
257.868	100
257.898	100
257.933	100
257.968	100
257.998	100
258.033	100
258.068	100
258.098	100
258.133	100
258.168	100
258.198	100
258.233	100
258.268	100
258.298	100
258.333	100
258.368	100
258.398	100
258.433	100
258.468	100
258.498	100
258.533	100
258.568	100
258.598	100
258.633	100
258.668	100
258.698	100
258.733	100
258.768	100
258.798	100
258.833	100
258.868	100
258.898	100
258.933	100
258.968	100
258.998	100
259.033	100
259.068	100
259.098	100
259.133	100
259.168	100
259.198	100
259.233	100
259.268	100
259.298	100
259.333	100
259.368	100
259.398	100
259.433	100
259.468	100
259.498	100
259.533	100
259.568	100
259.598	100
259.633	100
259.668	100
259.698	100
259.733	100
259.768	100
259.798	100
259.833	100
259.868	100
259.898	100
259.933	100
259.968	100
259.998	100
260.033	100
260.068	100
260.098	100
260.133	100
260.168	100
260.198	100
260.233	100
260.268	100
260.298	100
260.333	100
260.368	100
260.398	100
260.433	100
260.468	100
260.498	100
260.533	100
260.568	100
260.598	100
260.633	100
260.668	100
260.698	100
260.733	100
260.768	100
260.798	100
260.833	100
260.868	100
260.898	100
260.933	100
260.968	100
260.998	100
261.033	100
261.068	100
261.098	100
261.133	100
261.168	100
261.198	100
261.233	100
261.268	100
261.298	100
261.333	100
261.368	100
261.398	100
261.433	100
261.468	100
261.498	100
261.533	100
261.568	100
261.598	100
261.633	100
261.668	100
261.698	100
261.733	100
261.768	100
261.798	100
261.833	100
261.868	100
261.898	100
261.933	100
261.968	100
261.998	100
262.033	100
262.068	100
262.098	100
262.133	100
262.168	100
262.198	100
262.233	100
262.268	100
262.298	100
262.333	100
262.368	100
262.398	100
262.433	100
262.468	100
262.498	100
262.533	100
262.568	100
262.598	100
262.633	100
262.668	100
262.698	100
262.733	100
262.768	100
262.798	100
262.833	100
262.868	100
262.898	100
262.933	100
262.968	100
262.998	100
263.033	100
263.068	100
263.098	100
263.133	100
263.168	100
263.198	100
263.233	100
263.268	100
263.298	100
263.333	100
263.368	100
263.398	100
263.433	100
263.468	100
263.498	100
263.533	100
263.568	100
263.598	100
263.633	100
263.668	100
263.698	100
263.733	100
263.768	100
263.798	100
263.833	100
263.868	100
263.898	100
263.933	100
263.968	100
263.998	100
264.033	100
264.068	100
264.098	100
264.133	100
264.168	100
264.198	100
264.233	100
264.268	100
264.298	100
264.333	100
264.368	100
264.398	100
264.433	100
264.468	100
264.498	100
264.533	100
264.568	100
264.598	100
264.633	100
264.668	100
264.698	100
264.733	100
264.768	100
264.798	100
264.833	100
264.868	100
264.898	100
264.933	100
264.968	100
264.998	100
265.033	100
265.068	100
265.098	100
265.133	100
265.168	100
265.198	100
265.233	100
265.268	100
265.298	100
265.333	100
265.368	100
265.398	100
265.433	100
265.468	100
265.498	100
265.533	100
265.568	100
265.598	100
265.633	100
265.668	100
265.698	100
265.733	100
265.768	100
265.798	100
265.833	100
265.868	100
265.898	100
265.933	100
265.968	100
265.998	100
266.033	100
266.068	100
266.098	100
266.133	100
266.168	100
266.198	100
266.233	100
266.268	100
266.298	100
266.333	100
266.368	100
266.398	100
266.433	100
266.463	100
266.498	100
266.533	100
266.568	100
266.598	100
266.633	100
266.668	100
266.698	100
266.733	100
266.768	100
266.798	100
266.833	100
266.868	100
266.898	100
266.933	100
266.968	100
266.998	100
267.033	100
267.068	100
267.098	100
267.133	100
267.168	100
267.198	100
267.233	100
267.268	100
267.298	100
267.333	100
267.368	100
267.398	100
267.433	100
267.468	100
267.498	100
267.533	100
267.568	100
267.598	100
267.633	100
267.668	100
267.698	100
267.733	100
267.768	100
267.798	100
267.833	100
267.868	100
267.898	100
267.933	100
267.968	100
267.998	100
268.033	100
268.068	100
268.098	100
268.133	100
268.168	100
268.198	100
268.233	100
268.268	100
268.298	100
268.333	100
268.368	100
268.398	100
268.433	100
268.468	100
268.498	100
268.533	100
268.568	100
268.598	100
268.633	100
268.668	100
268.698	100
268.733	100
268.768	100
268.798	100
268.833	100
268.868	100
268.898	100
268.933	100
268.968	100
268.998	100
269.033	100
269.068	100
269.098	100
269.133	100
269.168	100
269.198	100
269.233	100
269.268	100
269.298	100
269.333	100
269.368	100
269.398	100
269.433	100
269.463	100
269.498	100
269.533	100
269.568	100
269.598	100
269.633	100
269.668	100
269.698	100
269.733	100
269.768	100
269.798	100
269.833	100
269.868	100
269.898	100
269.933	100
269.968	100
269.998	100
270.033	100
270.068	100
270.098	100
270.133	100
270.168	100
270.198	100
270.233	100
270.268	100
270.298	100
270.333	100
270.368	100
270.398	100
270.433	100
270.468	100
270.498	100
270.533	100
270.568	100
270.598	100
270.633	100
270.668	100
270.698	100
270.733	100
270.768	100
270.798	100
270.833	100
270.868	100
270.898	100
270.933	100
270.968	100
270.998	100
271.033	100
271.068	100
271.098	100
271.133	100
271.168	100
271.198	100
271.233	100
271.268	100
271.298	100
271.333	100
271.368	100
271.398	100
271.433	100
271.468	100
271.498	100
271.533	100
271.568	100
271.598	100
271.633	100
271.668	100
271.698	100
271.733	100
271.768	100
271.798	100
271.833	100
271.868	100
271.898	100
271.933	100
271.968	100
271.998	100
272.033	100
272.068	100
272.098	100
272.133	100
272.168	100
272.198	100
272.233	100
272.268	100
272.298	100
272.333	100
272.368	100
272.398	100
272.433	100
272.463	100
272.498	100
272.533	100
272.568	100
272.598	100
272.633	100
272.668	100
272.698	100
272.733	100
272.768	100
272.798	100
272.833	100
272.868	100
272.898	100
272.933	100
272.968	100
272.998	100
273.033	100
273.068	100
273.098	100
273.133	100
273.168	100
273.198	100
273.233	100
273.268	100
273.298	100
273.333	100
273.368	100
273.398	100
273.433	100
273.468	100
273.498	100
273.533	100
273.568	100
273.598	100
273.633	100
273.668	100
273.698	100
273.733	100
273.768	100
273.798	100
273.833	100
273.868	100
273.898	100
273.933	100
273.968	100
273.998	100
274.033	100
274.068	100
274.098	100
274.133	100
274.168	100
274.198	100
274.233	100
274.268	100
274.298	100
274.333	100
274.368	100
274.398	100
274.433	100
274.468	100
274.498	100
274.533	100
274.568	100
274.598	100
274.633	100
274.668	100
274.698	100
274.733	100
274.768	100
274.798	100
274.833	100
274.868	100
274.898	100
274.933	100
274.968	100
274.998	100
275.033	100
275.068	100
275.098	100
275.133	100
275.168	100
275.198	100
275.223	100
275.268	100
275.298	100
275.333	100
275.368	100
275.398	100
275.433	100
275.468	100
275.498	100
275.533	100
275.568	100
275.598	100
275.633	100
275.668	100
275.698	100
275.733	100
275.768	100
275.798	100
275.833	100
275.868	100
275.898	100
275.933	100
275.968	100
275.998	100
276.033	100
276.058	100
276.098	100
276.133	100
276.168	100
276.198	100
276.233	100
276.268	100
276.298	100
276.333	100
276.368	100
276.398	100
276.433	100
276.468	100
276.498	100
276.533	100
276.568	100
276.598	100
276.633	100
276.668	100
276.698	100
276.733	100
276.768	100
276.798	100
276.833	100
276.868	100
276.898	100
276.933	100
276.968	100
276.998	100
277.033	100
277.068	100
277.098	100
277.133	100
277.168	100
277.198	100
277.233	100
277.268	100
277.298	100
277.333	100
277.368	100
277.398	100
277.433	100
277.468	100
277.498	100
277.533	100
277.568	100
277.598	100
277.633	100
277.668	100
277.698	100
277.733	100
277.768	100
277.798	100
277.833	100
277.868	100
277.898	100
277.933	100
277.968	100
277.998	100
278.033	100
278.068	100
278.098	100
278.133	100
278.168	100
278.198	100
278.233	100
278.268	100
278.298	100
278.333	100
278.368	100
278.398	100
278.433	100
278.468	100
278.498	100
278.533	100
278.568	100
278.598	100
278.633	100
278.668	100
278.698	100
278.733	100
278.768	100
278.798	100
278.833	100
278.868	100
278.898	100
278.933	100
278.968	100
278.998	100
279.033	100
279.068	100
279.098	100
279.133	100
279.168	100
279.198	100
279.233	100
279.268	100
279.298	100
279.333	100
279.368	100
279.398	100
279.433	100
279.468	100
279.498	100
279.533	100
279.568	100
279.598	100
279.633	100
279.668	100
279.698	100
279.733	100
279.768	100
279.798	100
279.833	100
279.868	100
279.898	100
279.933	100
279.968	100
279.998	100
280.033	100
280.068	100
280.098	100
280.133	100
280.168	100
280.198	100
280.233	100
280.268	100
280.298	100
280.333	100
280.368	100
280.398	100
280.433	100
280.468	100
280.498	100
280.533	100
280.568	100
280.598	100
280.633	100
280.668	100
280.698	100
280.733	100
280.768	100
280.798	100
280.833	100
280.868	100
280.898	100
280.933	100
280.963	100
280.998	100
281.033	100
281.068	100
281.098	100
281.133	100
281.168	100
281.198	100
281.233	100
281.258	100
281.298	100
281.333	100
281.368	100
281.398	100
281.433	100
281.468	100
281.498	100
281.533	100
281.568	100
281.598	100
281.633	100
281.668	100
281.698	100
281.733	100
281.768	100
281.798	100
281.833	100
281.868	100
281.898	100
281.933	100
281.968	100
281.998	100
282.033	100
282.068	100
282.098	100
282.133	100
282.168	100
282.198	100
282.233	100
282.268	100
282.298	100
282.333	100
282.368	100
282.398	100
282.433	100
282.468	100
282.498	100
282.533	100
282.568	100
282.598	100
282.633	100
282.668	100
282.698	100
282.733	100
282.783	100
282.833	100
282.868	100
282.898	100
282.933	100
282.968	100
282.998	100
283.033	100
283.068	100
283.098	100
283.133	100
283.168	100
283.198	100
283.233	100
283.268	100
283.298	100
283.333	100
283.368	100
283.398	100
283.433	100
283.468	100
283.498	100
283.533	100
283.568	100
283.598	100
283.633	100
283.668	100
283.698	100
283.733	100
283.768	100
283.798	100
283.833	100
283.868	100
283.898	100
283.933	100
283.963	100
283.998	100
284.033	100
284.068	100
284.098	100
284.133	100
284.168	100
284.198	100
284.233	100
284.268	100
284.298	100
284.333	100
284.368	100
284.398	100
284.433	100
284.468	100
284.498	100
284.533	100
284.568	100
284.598	100
284.633	100
284.668	100
284.698	100
284.733	100
284.768	100
284.798	100
284.833	100
284.868	100
284.898	100
284.933	100
284.968	100
284.998	100
285.033	100
285.068	100
285.098	100
285.133	100
285.168	100
285.198	100
285.233	100
285.268	100
285.298	100
285.333	100
285.368	100
285.398	100
285.433	100
285.468	100
285.498	100
285.533	100
285.568	100
285.598	100
285.633	100
285.668	100
285.698	100
285.733	100
285.768	100
285.798	100
285.833	100
285.868	100
285.898	100
285.933	100
285.968	100
285.998	100
286.033	100
286.068	100
286.098	100
286.133	100
286.168	100
286.198	100
286.233	100
286.268	100
286.298	100
286.333	100
286.368	100
286.398	100
286.433	100
286.468	100
286.498	100
286.533	100
286.568	100
286.598	100
286.633	100
286.668	100
286.698	100
286.733	100
286.768	100
286.798	100
286.833	100
286.868	100
286.898	100
286.933	100
286.968	100
286.998	100
287.033	100
287.068	100
287.098	100
287.133	100
287.168	100
287.198	100
287.233	100
287.268	100
287.298	100
287.333	100
287.368	100
287.398	100
287.433	100
287.468	100
287.498	100
287.533	100
287.568	100
287.598	100
287.633	100
287.668	100
287.698	100
287.733	100
287.768	100
287.798	100
287.833	100
287.868	100
287.898	100
287.933	100
287.968	100
287.998	100
288.033	100
288.068	100
288.098	100
288.133	100
288.168	100
288.198	100
288.233	100
288.268	100
288.298	100
288.333	100
288.368	100
288.398	100
288.433	100
288.468	100
288.498	100
288.533	100
288.568	100
288.598	100
288.633	100
288.668	100
288.698	100
288.733	100
288.768	100
288.798	100
288.833	100
288.868	100
288.898	100
288.933	100
288.968	100
288.998	100
289.033	100
289.068	100
289.098	100
289.133	100
289.168	100
289.198	100
289.233	100
289.268	100
289.298	100
289.333	100
289.368	100
289.398	100
289.433	100
289.468	100
289.498	100
289.533	100
289.568	100
289.598	100
289.633	100
289.668	100
289.698	100
289.733	100
289.768	100
289.798	100
289.833	100
289.868	100
289.898	100
289.933	100
289.968	100
289.998	100
290.033	100
290.068	100
290.098	100
290.133	100
290.168	100
290.198	100
290.233	100
290.268	100
290.298	100
290.333	100
290.368	100
290.398	100
290.433	100
290.468	100
290.498	100
290.533	100
290.568	100
290.598	100
290.633	100
290.668	100
290.698	100
290.733	100
290.768	100
290.798	100
290.833	100
290.868	100
290.898	100
290.933	100
290.968	100
290.998	100
291.033	100
291.068	100
291.098	100
291.133	100
291.168	100
291.198	100
291.233	100
291.268	100
291.298	100
291.333	100
291.368	100
291.398	100
291.433	100
291.468	100
291.498	100
291.533	100
291.568	100
291.598	100
291.633	100
291.668	100
291.698	100
291.733	100
291.768	100
291.798	100
291.833	100
291.868	100
291.898	100
291.933	100
291.968	100
291.998	100
292.033	100
292.068	100
292.098	100
292.133	100
292.168	100
292.198	100
292.233	100
292.268	100
292.298	100
292.333	100
292.368	100
292.398	100
292.433	100
292.468	100
292.498	100
292.533	100
292.568	100
292.598	100
292.633	100
292.668	100
292.698	100
292.733	100
292.768	100
292.798	100
292.833	100
292.868	100
292.898	100
292.933	100
292.968	100
292.998	100
293.033	100
293.068	100
293.098	100
293.133	100
293.168	100
293.198	100
293.233	100
293.268	100
293.298	100
293.333	100
293.368	100
293.398	100
293.433	100
293.468	100
293.498	100
293.533	100
293.568	100
293.598	100
293.633	100
293.668	100
293.698	100
293.733	100
293.768	100
293.798	100
293.833	100
293.868	100
293.898	100
293.933	100
293.968	100
293.998	100
294.033	100
294.068	100
294.098	100
294.133	100
294.168	100
294.198	100
294.233	100
294.268	100
294.298	100
294.333	100
294.368	100
294.398	100
294.433	100
294.468	100
294.498	100
294.533	100
294.568	100
294.598	100
294.633	100
294.668	100
294.698	100
294.733	100
294.768	100
294.798	100
294.833	100
294.868	100
294.898	100
294.933	100
294.968	100
294.998	100
295.033	100
295.068	100
295.098	100
295.133	100
295.168	100
295.198	100
295.233	100
295.268	100
295.298	100
295.333	100
295.368	100
295.398	100
295.433	100
295.468	100
295.498	100
295.533	100
295.568	100
295.598	100
295.633	100
295.668	100
295.698	100
295.733	100
295.768	100
295.798	100
295.833	100
295.868	100
295.898	100
295.933	100
295.968	100
295.998	100
296.033	100
296.068	100
296.098	100
296.133	100
296.168	100
296.198	100
296.233	100
296.268	100
296.298	100
296.333	100
296.368	100
296.398	100
296.433	100
296.468	100
296.498	100
296.528	100
296.568	100
296.598	100
296.633	100
296.668	100
296.698	100
296.733	100
296.768	100
296.798	100
296.833	100
296.868	100
296.898	100
296.933	100
296.968	100
296.998	100
297.033	100
297.068	100
297.098	100
297.133	100
297.168	100
297.198	100
297.233	100
297.268	100
297.298	100
297.333	100
297.368	100
297.398	100
297.433	100
297.468	100
297.493	100
297.533	100
297.568	100
297.598	100
297.633	100
297.668	100
297.698	100
297.733	100
297.768	100
297.798	100
297.833	100
297.868	100
297.898	100
297.933	100
297.968	100
297.998	100
298.033	100
298.068	100
298.098	100
298.133	100
298.168	100
298.198	100
298.233	100
298.268	100
298.298	100
298.333	100
298.368	100
298.398	100
298.433	100
298.468	100
298.498	100
298.533	100
298.568	100
298.598	100
298.633	100
298.668	100
298.698	100
298.733	100
298.768	100
298.798	100
298.833	100
298.868	100
298.898	100
298.933	100
298.968	100
298.998	100
299.033	100
299.068	100
299.098	100
299.133	100
299.168	100
299.198	100
299.233	100
299.268	100
299.298	100
299.333	100
299.368	100
299.398	100
299.433	100
299.468	100
299.498	100
299.533	100
299.568	100
299.598	100
299.633	100
299.668	100
299.698	100
299.733	100
299.768	100
299.798	100
299.833	100
299.868	100
299.898	100
299.933	100
299.968	100
299.998	100
300.033	100
300.068	100
300.098	100
300.133	100
300.168	100
300.198	100
300.233	100
300.268	100
300.298	100
300.333	100
300.368	100
300.398	100
300.433	100
300.468	100
300.498	100
300.533	100
300.568	100
300.598	100
300.633	100
300.668	100
300.698	100
300.733	100
300.768	100
300.798	100
300.833	100
300.868	100
300.898	100
300.933	100
300.968	100
300.998	100
301.033	100
301.068	100
301.098	100
301.133	100
301.168	100
301.198	100
301.233	100
301.268	100
301.298	100
301.333	100
301.368	100
301.398	100
301.433	100
301.468	100
301.498	100
301.533	100
301.568	100
301.598	100
301.633	100
301.668	100
301.698	100
301.733	100
301.768	100
301.798	100
301.833	100
301.868	100
301.898	100
301.933	100
301.968	100
301.998	100
302.033	100
302.068	100
302.098	100
302.133	100
302.168	100
302.198	100
302.233	100
302.268	100
302.298	100
302.333	100
302.368	100
302.398	100
302.433	100
302.468	100
302.498	100
302.533	100
302.568	100
302.598	100
302.633	100
302.668	100
302.698	100
302.733	100
302.768	100
302.798	100
302.833	100
302.868	100
302.898	100
302.933	100
302.963	100
302.998	100
303.033	100
303.068	100
303.098	100
303.133	100
303.168	100
303.198	100
303.233	100
303.268	100
303.298	100
303.333	100
303.368	100
303.398	100
303.433	100
303.468	100
303.498	100
303.533	100
303.568	100
303.598	100
303.633	100
303.668	100
303.698	100
303.733	100
303.768	100
303.798	100
303.833	100
303.868	100
303.898	100
303.933	100
303.968	100
303.998	100
304.033	100
304.068	100
304.098	100
304.133	100
304.168	100
304.198	100
304.233	100
304.268	100
304.298	100
304.333	100
304.368	100
304.398	100
304.433	100
304.468	100
304.498	100
304.533	100
304.568	100
304.598	100
304.633	100
304.668	100
304.698	100
304.733	100
304.768	100
304.798	100
304.833	100
304.868	100
304.898	100
304.933	100
304.968	100
304.998	100
305.033	100
305.068	100
305.098	100
305.133	100
305.168	100
305.198	100
305.233	100
305.268	100
305.298	100
305.333	100
305.368	100
305.398	100
305.433	100
305.468	100
305.498	100
305.533	100
305.568	100
305.598	100
305.633	100
305.668	100
305.698	100
305.733	100
305.768	100
305.798	100
305.833	100
305.868	100
305.898	100
305.933	100
305.968	100
305.998	100
306.033	100
306.068	100
306.098	100
306.133	100
306.168	100
306.198	100
306.233	100
306.268	100
306.298	100
306.333	100
306.368	100
306.398	100
306.433	100
306.468	100
306.498	100
306.533	100
306.568	100
306.598	100
306.633	100
306.668	100
306.698	100
306.733	100
306.768	100
306.798	100
306.833	100
306.868	100
306.898	100
306.933	100
306.968	100
306.998	100
307.033	100
307.068	100
307.098	100
307.133	100
307.168	100
307.198	100
307.233	100
307.268	100
307.298	100
307.333	100
307.368	100
307.398	100
307.433	100
307.468	100
307.498	100
307.533	100
307.568	100
307.598	100
307.633	100
307.668	100
307.698	100
307.733	100
307.768	100
307.798	100
307.833	100
307.868	100
307.898	100
307.933	100
307.968	100
307.998	100
308.033	100
308.068	100
308.098	100
308.133	100
308.168	100
308.198	100
308.233	100
308.268	100
308.298	100
308.333	100
308.368	100
308.398	100
308.433	100
308.468	100
308.498	100
308.533	100
308.568	100
308.598	100
308.633	100
308.668	100
308.698	100
308.733	100
308.768	100
308.798	100
308.833	100
308.868	100
308.898	100
308.933	100
308.968	100
308.998	100
309.033	100
309.068	100
309.098	100
309.133	100
309.168	100
309.198	100
309.233	100
309.268	100
309.298	100
309.333	100
309.368	100
309.398	100
309.433	100
309.468	100
309.498	100
