frame_id,frame_type,deadline_time,first_packet_time,last_packet_time,frame_size,total_packets,packets_received,packets_before_deadline,delivery_ratio,missed_deadline,stall_duration_ms
0,1,0.133333,0.056,0.542,45000,30,30,5,16.6667,1,408
1,0,0.166667,0.559,1.03,45000,30,30,0,0,1,863
2,0,0.2,1.046,1.518,45000,30,30,0,0,1,1317
3,0,0.233333,1.535,2.008,45000,30,30,0,0,1,1774
4,0,0.266667,2.025,2.513,45000,30,30,0,0,1,2246
5,0,0.3,2.531,2.999,45000,30,30,0,0,1,2698
6,0,0.333333,3.016,3.494,45000,30,30,0,0,1,3160
7,0,0.366667,3.51,3.987,45000,30,30,0,0,1,3620
8,0,0.4,4.004,4.49,45000,30,30,0,0,1,4089
9,0,0.433333,4.49,5.337,45000,30,30,0,0,1,4903
10,0,0.466667,5.369,6.289,45000,30,30,0,0,1,5822
11,0,0.5,6.322,7.279,45000,30,30,0,0,1,6778
12,0,0.533333,7.319,8.416,45000,30,30,0,0,1,7882
13,0,0.566667,8.454,9.509,45000,30,30,0,0,1,8942
14,0,0.6,9.545,10.466,45000,30,30,0,0,1,9866
15,0,0.633333,10.5,11.418,45000,30,30,0,0,1,10784
16,0,0.666667,11.453,12.401,45000,30,30,0,0,1,11734
17,0,0.7,12.435,13.351,45000,30,30,0,0,1,12650
18,0,0.733333,13.385,14.301,45000,30,30,0,0,1,13567
19,0,0.766667,14.336,15.249,45000,30,30,0,0,1,14482
20,0,0.8,15.283,16.267,45000,30,30,0,0,1,15467
21,0,0.833333,16.302,17.389,45000,30,30,0,0,1,16555
22,0,0.866667,17.429,18.416,45000,30,30,0,0,1,17549
23,0,0.9,18.447,19.343,45000,30,30,0,0,1,18442
24,0,0.933333,19.373,20.27,45000,30,30,0,0,1,19336
25,0,0.966667,20.303,21.224,45000,30,30,0,0,1,20257
26,0,1,21.257,22.185,45000,30,30,0,0,1,21185
27,0,1.03333,22.221,23.224,45000,30,30,0,0,1,22190
28,0,1.06667,23.259,24.197,45000,30,30,0,0,1,23130
29,0,1.1,24.23,25.133,45000,30,30,0,0,1,24033
30,1,1.13333,25.166,26.095,45000,30,30,0,0,1,24961
31,0,1.16667,26.128,27.065,45000,30,30,0,0,1,25898
32,0,1.2,27.067,28.064,45000,30,30,0,0,1,26863
33,0,1.23333,28.102,29.138,45000,30,30,0,0,1,27904
34,0,1.26667,29.177,30.109,45000,30,30,0,0,1,28842
35,0,1.3,30.144,31.053,45000,30,30,0,0,1,29752
36,0,1.33333,31.087,31.973,45000,30,30,0,0,1,30639
37,0,1.36667,32.006,32.894,45000,30,30,0,0,1,31527
38,0,1.4,32.927,33.849,45000,30,30,0,0,1,32449
39,0,1.43333,33.882,34.82,45000,30,30,0,0,1,33386
40,0,1.46667,34.851,35.815,45000,30,30,0,0,1,34348
41,0,1.5,35.854,37.039,45000,30,30,0,0,1,35539
42,0,1.53333,37.081,38.044,45000,30,30,0,0,1,36510
43,0,1.56667,38.076,39.01,45000,30,30,0,0,1,37443
44,0,1.6,39.044,40.008,45000,30,30,0,0,1,38408
45,0,1.63333,40.043,40.982,45000,30,30,0,0,1,39348
46,0,1.66667,41.016,41.974,45000,30,30,0,0,1,40307
47,0,1.7,42.009,42.948,45000,30,30,0,0,1,41247
48,0,1.73333,42.983,43.957,45000,30,30,0,0,1,42223
49,0,1.76667,43.992,44.957,45000,30,30,0,0,1,43190
50,0,1.8,44.99,45.944,45000,30,30,0,0,1,44143
51,0,1.83333,45.976,46.914,45000,30,30,0,0,1,45080
52,0,1.86667,46.948,47.874,45000,30,30,0,0,1,46007
53,0,1.9,47.908,48.869,45000,30,30,0,0,1,46969
54,0,1.93333,48.904,49.874,45000,30,30,0,0,1,47940
55,0,1.96667,49.909,50.891,45000,30,30,0,0,1,48924
56,0,2,50.925,51.859,45000,30,30,0,0,1,49859
57,0,2.03333,51.893,52.826,45000,30,30,0,0,1,50792
58,0,2.06667,52.86,53.77,45000,30,30,0,0,1,51703
59,0,2.1,53.804,54.728,45000,30,30,0,0,1,52628
60,1,2.13333,54.762,55.721,45000,30,30,0,0,1,53587
61,0,2.16667,55.756,56.692,45000,30,30,0,0,1,54525
62,0,2.2,56.726,57.655,45000,30,30,0,0,1,55455
63,0,2.23333,57.688,58.571,45000,30,30,0,0,1,56337
64,0,2.26667,58.603,59.491,45000,30,30,0,0,1,57224
65,0,2.3,59.492,60.438,45000,30,30,0,0,1,58137
66,0,2.33333,60.471,61.416,45000,30,30,0,0,1,59082
67,0,2.36667,61.45,62.349,45000,30,30,0,0,1,59982
68,0,2.4,62.381,63.204,45000,30,30,0,0,1,60804
69,0,2.43333,63.232,64.028,45000,30,30,0,0,1,61594
70,0,2.46667,64.054,64.799,45000,30,30,0,0,1,62332
71,0,2.5,64.828,65.603,45000,30,30,0,0,1,63102
72,0,2.53333,65.632,66.429,45000,30,30,0,0,1,63895
73,0,2.56667,66.43,67.227,45000,30,30,0,0,1,64660
74,0,2.6,67.256,68.106,45000,30,30,0,0,1,65506
75,0,2.63333,68.137,68.921,45000,30,30,0,0,1,66287
76,0,2.66667,68.95,69.765,45000,30,30,0,0,1,67098
77,0,2.7,69.793,70.589,45000,30,30,0,0,1,67889
78,0,2.73333,70.618,71.436,45000,30,30,0,0,1,68702
79,0,2.76667,71.465,72.309,45000,30,30,0,0,1,69542
80,0,2.8,72.341,73.19,45000,30,30,0,0,1,70389
81,0,2.83333,73.223,74.116,45000,30,30,0,0,1,71282
82,0,2.86667,74.149,75.011,45000,30,30,0,0,1,72144
83,0,2.9,75.043,75.946,45000,30,30,0,0,1,73046
84,0,2.93333,75.978,76.853,45000,30,30,0,0,1,73919
85,0,2.96667,76.886,77.76,45000,30,30,0,0,1,74793
86,0,3,77.79,78.627,45000,30,30,0,0,1,75626
87,0,3.03333,78.66,79.525,45000,30,30,0,0,1,76491
88,0,3.06667,79.556,80.445,45000,30,30,0,0,1,77378
89,0,3.1,80.477,81.231,45000,30,30,0,0,1,78131
90,1,3.13333,81.262,82.055,45000,30,30,0,0,1,78921
91,0,3.16667,82.07,82.52,45000,30,30,0,0,1,79353
92,0,3.2,82.536,82.997,45000,30,30,0,0,1,79797
93,0,3.23333,83.013,83.466,45000,30,30,0,0,1,80232
94,0,3.26667,83.482,83.928,45000,30,30,0,0,1,80661
95,0,3.3,83.945,84.403,45000,30,30,0,0,1,81102
96,0,3.33333,84.419,84.884,45000,30,30,0,0,1,81550
97,0,3.36667,84.899,85.35,45000,30,30,0,0,1,81983
98,0,3.4,85.365,85.818,45000,30,30,0,0,1,82418
99,0,3.43333,85.833,86.294,45000,30,30,0,0,1,82860
100,0,3.46667,86.31,86.762,45000,30,30,0,0,1,83295
101,0,3.5,86.762,87.23,45000,30,30,0,0,1,83729
102,0,3.53333,87.246,87.708,45000,30,30,0,0,1,84174
103,0,3.56667,87.723,88.171,45000,30,30,0,0,1,84604
104,0,3.6,88.187,88.624,45000,30,30,0,0,1,85024
105,0,3.63333,88.639,89.093,45000,30,30,0,0,1,85459
106,0,3.66667,89.11,89.57,45000,30,30,0,0,1,85903
107,0,3.7,89.586,90.035,45000,30,30,0,0,1,86335
108,0,3.73333,90.051,90.488,45000,30,30,0,0,1,86754
109,0,3.76667,90.504,90.969,45000,30,30,0,0,1,87202
110,0,3.8,90.985,91.424,45000,30,30,0,0,1,87623
111,0,3.83333,91.439,91.887,45000,30,30,0,0,1,88053
112,0,3.86667,91.903,92.349,45000,30,30,0,0,1,88482
113,0,3.9,92.367,92.824,45000,30,30,0,0,1,88924
114,0,3.93333,92.839,93.273,45000,30,30,0,0,1,89339
115,0,3.96667,93.289,93.749,45000,30,30,0,0,1,89782
116,0,4,93.767,94.227,45000,30,30,0,0,1,90226
117,0,4.03333,94.243,94.669,45000,30,30,0,0,1,90635
118,0,4.06667,94.686,95.112,45000,30,30,0,0,1,91045
119,0,4.1,95.127,95.498,45000,30,30,0,0,1,91398
120,1,4.13333,95.508,95.818,45000,30,30,0,0,1,91684
121,0,4.16667,95.83,96.134,45000,30,30,0,0,1,91967
122,0,4.2,96.145,96.435,45000,30,30,0,0,1,92235
123,0,4.23333,96.445,96.748,45000,30,30,0,0,1,92514
124,0,4.26667,96.758,97.078,45000,30,30,0,0,1,92811
125,0,4.3,97.09,97.401,45000,30,30,0,0,1,93101
126,0,4.33333,97.413,97.718,45000,30,30,0,0,1,93384
127,0,4.36667,97.728,98.026,45000,30,30,0,0,1,93659
128,0,4.4,98.035,98.332,45000,30,30,0,0,1,93931
129,0,4.43333,98.341,98.638,45000,30,30,0,0,1,94204
130,0,4.46667,98.648,98.953,45000,30,30,0,0,1,94486
131,0,4.5,98.953,99.259,45000,30,30,0,0,1,94758
132,0,4.53333,99.27,99.573,45000,30,30,0,0,1,95039
133,0,4.56667,99.583,99.871,45000,30,30,0,0,1,95304
134,0,4.6,99.881,100.184,45000,30,30,0,0,1,95584
135,0,4.63333,100.194,100.492,45000,30,30,0,0,1,95858
136,0,4.66667,100.503,100.81,45000,30,30,0,0,1,96143
137,0,4.7,100.82,101.11,45000,30,30,0,0,1,96410
138,0,4.73333,101.121,101.412,45000,30,30,0,0,1,96678
139,0,4.76667,101.424,101.73,45000,30,30,0,0,1,96963
140,0,4.8,101.741,102.038,45000,30,30,0,0,1,97238
141,0,4.83333,102.05,102.341,45000,30,30,0,0,1,97507
142,0,4.86667,102.35,102.653,45000,30,30,0,0,1,97786
143,0,4.9,102.664,102.915,45000,30,30,0,0,1,98014
144,0,4.93333,102.924,103.17,45000,30,30,0,0,1,98236
145,0,4.96667,103.178,103.403,45000,30,30,0,0,1,98436
146,0,5,103.412,103.649,45000,30,30,0,0,1,98648
147,0,5.03333,103.657,103.883,45000,30,30,0,0,1,98849
148,0,5.06667,103.89,104.115,45000,30,30,0,0,1,99048
149,0,5.1,104.124,104.351,45000,30,30,0,0,1,99251
150,1,5.13333,104.359,104.591,45000,30,30,0,0,1,99457
151,0,5.16667,104.599,104.832,45000,30,30,0,0,1,99665
152,0,5.2,104.84,105.065,45000,30,30,0,0,1,99865
153,0,5.23333,105.073,105.297,45000,30,30,0,0,1,100063
154,0,5.26667,105.305,105.521,45000,30,30,0,0,1,100254
155,0,5.3,105.528,105.763,45000,30,30,0,0,1,100463
156,0,5.33333,105.773,105.998,45000,30,30,0,0,1,100664
157,0,5.36667,106.006,106.228,45000,30,30,0,0,1,100861
158,0,5.4,106.236,106.463,45000,30,30,0,0,1,101062
159,0,5.43333,106.477,106.688,45000,30,30,0,0,1,101254
160,0,5.46667,106.695,106.922,45000,30,30,0,0,1,101455
161,0,5.5,106.93,107.149,45000,30,30,0,0,1,101648
162,0,5.53333,107.158,107.38,45000,30,30,0,0,1,101846
163,0,5.56667,107.387,107.6,45000,30,30,0,0,1,102033
164,0,5.6,107.607,107.831,45000,30,30,0,0,1,102231
165,0,5.63333,107.838,108.058,45000,30,30,0,0,1,102424
166,0,5.66667,108.066,108.267,45000,30,30,0,0,1,102600
167,0,5.7,108.273,108.459,45000,30,30,0,0,1,102759
168,0,5.73333,108.467,108.65,45000,30,30,0,0,1,102916
169,0,5.76667,108.657,108.832,45000,30,30,0,0,1,103065
170,0,5.8,108.839,109.024,45000,30,30,0,0,1,103224
171,0,5.83333,109.031,109.215,45000,30,30,0,0,1,103381
172,0,5.86667,109.215,109.395,45000,30,30,0,0,1,103528
173,0,5.9,109.403,109.586,45000,30,30,0,0,1,103685
174,0,5.93333,109.586,109.77,45000,30,30,0,0,1,103836
175,0,5.96667,109.777,109.957,45000,30,30,0,0,1,103990
176,0,6,109.963,110.157,45000,30,30,0,0,1,104156
177,0,6.03333,110.163,110.348,45000,30,30,0,0,1,104314
178,0,6.06667,110.355,110.53,45000,30,30,0,0,1,104463
179,0,6.1,110.536,110.705,45000,30,30,0,0,1,104605
180,1,6.13333,110.712,110.881,45000,30,30,0,0,1,104747
181,0,6.16667,110.888,111.073,45000,30,30,0,0,1,104906
182,0,6.2,111.08,111.266,45000,30,30,0,0,1,105066
183,0,6.23333,111.274,111.447,45000,30,30,0,0,1,105213
184,0,6.26667,111.455,111.639,45000,30,30,0,0,1,105372
185,0,6.3,111.646,111.817,45000,30,30,0,0,1,105517
186,0,6.33333,111.823,112.002,45000,30,30,0,0,1,105668
187,0,6.36667,112.008,112.18,45000,30,30,0,0,1,105813
188,0,6.4,112.193,112.368,45000,30,30,0,0,1,105967
189,0,6.43333,112.376,112.532,45000,30,30,0,0,1,106098
190,0,6.46667,112.536,112.688,45000,30,30,0,0,1,106221
191,0,6.5,112.692,112.838,45000,30,30,0,0,1,106337
192,0,6.53333,112.844,112.996,45000,30,30,0,0,1,106462
193,0,6.56667,113.001,113.149,45000,30,30,0,0,1,106582
194,0,6.6,113.154,113.307,45000,30,30,0,0,1,106707
195,0,6.63333,113.312,113.459,45000,30,30,0,0,1,106825
196,0,6.66667,113.463,113.609,45000,30,30,0,0,1,106942
197,0,6.7,113.615,113.768,45000,30,30,0,0,1,107068
198,0,6.73333,113.772,113.924,45000,30,30,0,0,1,107190
199,0,6.76667,113.93,114.078,45000,30,30,0,0,1,107311
200,0,6.8,114.083,114.236,45000,30,30,0,0,1,107436
201,0,6.83333,114.241,114.39,45000,30,30,0,0,1,107556
202,0,6.86667,114.396,114.543,45000,30,30,0,0,1,107676
203,0,6.9,114.549,114.701,45000,30,30,0,0,1,107800
204,0,6.93333,114.707,114.854,45000,30,30,0,0,1,107920
205,0,6.96667,114.859,115,45000,30,30,0,0,1,108033
206,0,7,115.004,115.138,45000,30,30,0,0,1,108137
207,0,7.03333,115.144,115.27,45000,30,30,0,0,1,108236
208,0,7.06667,115.273,115.404,45000,30,30,0,0,1,108337
209,0,7.1,115.409,115.536,45000,30,30,0,0,1,108436
210,1,7.13333,115.54,115.672,45000,30,30,0,0,1,108538
211,0,7.16667,115.677,115.804,45000,30,30,0,0,1,108637
212,0,7.2,115.809,115.935,45000,30,30,0,0,1,108735
213,0,7.23333,115.941,116.075,45000,30,30,0,0,1,108841
214,0,7.26667,116.081,116.206,45000,30,30,0,0,1,108939
215,0,7.3,116.211,116.341,45000,30,30,0,0,1,109041
216,0,7.33333,116.342,116.476,45000,30,30,0,0,1,109142
217,0,7.36667,116.481,116.606,45000,30,30,0,0,1,109239
218,0,7.4,116.61,116.741,45000,30,30,0,0,1,109340
219,0,7.43333,116.745,116.872,45000,30,30,0,0,1,109438
220,0,7.46667,116.876,117.007,45000,30,30,0,0,1,109540
221,0,7.5,117.01,117.135,45000,30,30,0,0,1,109634
222,0,7.53333,117.139,117.254,45000,30,30,0,0,1,109720
223,0,7.56667,117.258,117.366,45000,30,30,0,0,1,109799
224,0,7.6,117.37,117.485,45000,30,30,0,0,1,109885
225,0,7.63333,117.488,117.597,45000,30,30,0,0,1,109963
226,0,7.66667,117.601,117.712,45000,30,30,0,0,1,110045
227,0,7.7,117.716,117.829,45000,30,30,0,0,1,110129
228,0,7.73333,117.834,117.944,45000,30,30,0,0,1,110210
229,0,7.76667,117.947,118.069,45000,30,30,0,0,1,110302
230,0,7.8,118.073,118.185,45000,30,30,0,0,1,110385
231,0,7.83333,118.188,118.3,45000,30,30,0,0,1,110466
232,0,7.86667,118.307,118.422,45000,30,30,0,0,1,110555
233,0,7.9,118.426,118.54,45000,30,30,0,0,1,110639
234,0,7.93333,118.544,118.654,45000,30,30,0,0,1,110720
235,0,7.96667,118.659,118.772,45000,30,30,0,0,1,110805
236,0,8,118.776,118.89,45000,30,30,0,0,1,110889
237,0,8.03333,118.894,118.993,45000,30,30,0,0,1,110959
238,0,8.06667,118.996,119.097,45000,30,30,0,0,1,111030
239,0,8.1,119.101,119.204,45000,30,30,0,0,1,111104
240,1,8.13333,119.209,119.306,45000,30,30,0,0,1,111172
241,0,8.16667,119.309,119.406,45000,30,30,0,0,1,111239
242,0,8.2,119.409,119.513,45000,30,30,0,0,1,111312
243,0,8.23333,119.516,119.614,45000,30,30,0,0,1,111380
244,0,8.26667,119.618,119.718,45000,30,30,0,0,1,111451
245,0,8.3,119.721,119.821,45000,30,30,0,0,1,111521
246,0,8.33333,119.825,119.926,45000,30,30,0,0,1,111592
247,0,8.36667,119.929,120.026,45000,30,30,0,0,1,111659
248,0,8.4,120.031,120.127,45000,30,30,0,0,1,111726
249,0,8.43333,120.132,120.229,45000,30,30,0,0,1,111795
250,0,8.46667,120.232,120.332,45000,30,30,0,0,1,111865
251,0,8.5,120.337,120.429,45000,30,30,0,0,1,111929
252,0,8.53333,120.432,120.521,45000,30,30,0,0,1,111987
253,0,8.56667,120.524,120.615,45000,30,30,0,0,1,112048
254,0,8.6,120.615,120.707,45000,30,30,0,0,1,112107
255,0,8.63333,120.71,120.801,45000,30,30,0,0,1,112167
256,0,8.66667,120.805,120.893,45000,30,30,0,0,1,112226
257,0,8.7,120.896,120.984,45000,30,30,0,0,1,112283
258,0,8.73333,120.988,121.082,45000,30,30,0,0,1,112348
259,0,8.76667,121.087,121.182,45000,30,30,0,0,1,112415
260,0,8.8,121.188,121.28,45000,30,30,0,0,1,112480
261,0,8.83333,121.284,121.373,45000,30,30,0,0,1,112539
262,0,8.86667,121.375,121.468,45000,30,30,0,0,1,112601
263,0,8.9,121.471,121.559,45000,30,30,0,0,1,112658
264,0,8.93333,121.562,121.654,45000,30,30,0,0,1,112720
265,0,8.96667,121.658,121.745,45000,30,30,0,0,1,112778
266,0,9,121.748,121.833,45000,30,30,0,0,1,112833
267,0,9.03333,121.836,121.922,45000,30,30,0,0,1,112888
268,0,9.06667,121.925,122.007,45000,30,30,0,0,1,112940
269,0,9.1,122.009,122.089,45000,30,30,0,0,1,112989
270,1,9.13333,122.092,122.172,45000,30,30,0,0,1,113038
271,0,9.16667,122.175,122.256,45000,30,30,0,0,1,113089
272,0,9.2,122.259,122.339,45000,30,30,0,0,1,113138
273,0,9.23333,122.342,122.424,45000,30,30,0,0,1,113190
274,0,9.26667,122.427,122.506,45000,30,30,0,0,1,113239
275,0,9.3,122.508,122.59,45000,30,30,0,0,1,113290
276,0,9.33333,122.594,122.673,45000,30,30,0,0,1,113339
277,0,9.36667,122.677,122.756,45000,30,30,0,0,1,113389
278,0,9.4,122.759,122.843,45000,30,30,0,0,1,113442
279,0,9.43333,122.846,122.922,45000,30,30,0,0,1,113488
280,0,9.46667,122.926,123.005,45000,30,30,0,0,1,113538
281,0,9.5,123.006,123.081,45000,30,30,0,0,1,113581
282,0,9.53333,123.084,123.16,45000,30,30,0,0,1,113626
283,0,9.56667,123.162,123.239,45000,30,30,0,0,1,113672
284,0,9.6,123.241,123.317,45000,30,30,0,0,1,113717
285,0,9.63333,123.32,123.399,45000,30,30,0,0,1,113765
286,0,9.66667,123.403,123.476,45000,30,30,0,0,1,113809
287,0,9.7,123.479,123.555,45000,30,30,0,0,1,113854
288,0,9.73333,123.559,123.635,45000,30,30,0,0,1,113901
289,0,9.76667,123.638,123.713,45000,30,30,0,0,1,113946
290,0,9.8,123.713,123.793,45000,30,30,0,0,1,113993
291,0,9.83333,123.795,123.868,45000,30,30,0,0,1,114034
292,0,9.86667,123.872,123.948,45000,30,30,0,0,1,114081
293,0,9.9,123.95,124.027,45000,30,30,0,0,1,114126
294,0,9.93333,124.029,124.098,45000,30,30,0,0,1,114164
295,0,9.96667,124.101,124.17,45000,30,30,0,0,1,114203
296,0,10,124.172,124.241,45000,30,30,0,0,1,114241
297,0,10.0333,124.244,124.313,45000,30,30,0,0,1,114279
298,0,10.0667,124.315,124.389,45000,30,30,0,0,1,114322
299,0,10.1,124.391,124.459,45000,30,30,0,0,1,114359
300,1,10.1333,124.461,124.531,45000,30,30,0,0,1,114397
301,0,10.1667,124.534,124.6,45000,30,30,0,0,1,114433
302,0,10.2,124.604,124.671,45000,30,30,0,0,1,114470
303,0,10.2333,124.673,124.741,45000,30,30,0,0,1,114507
304,0,10.2667,124.744,124.814,45000,30,30,0,0,1,114547
305,0,10.3,124.816,124.886,45000,30,30,0,0,1,114586
306,0,10.3333,124.889,124.961,45000,30,30,0,0,1,114627
307,0,10.3667,124.964,125.034,45000,30,30,0,0,1,114667
308,0,10.4,125.036,125.101,45000,30,30,0,0,1,114700
309,0,10.4333,125.104,125.166,45000,30,30,0,0,1,114732
310,0,10.4667,125.168,125.237,45000,30,30,0,0,1,114770
311,0,10.5,125.24,125.303,45000,30,30,0,0,1,114803
312,0,10.5333,125.304,125.368,45000,30,30,0,0,1,114834
313,0,10.5667,125.371,125.436,45000,30,30,0,0,1,114869
314,0,10.6,125.438,125.5,45000,30,30,0,0,1,114900
315,0,10.6333,125.504,125.569,45000,30,30,0,0,1,114935
316,0,10.6667,125.57,125.636,45000,30,30,0,0,1,114969
317,0,10.7,125.638,125.701,45000,30,30,0,0,1,115000
318,0,10.7333,125.703,125.767,45000,30,30,0,0,1,115033
319,0,10.7667,125.769,125.834,45000,30,30,0,0,1,115067
320,0,10.8,125.837,125.905,45000,30,30,0,0,1,115105
321,0,10.8333,125.907,125.97,45000,30,30,0,0,1,115136
322,0,10.8667,125.972,126.037,45000,30,30,0,0,1,115170
323,0,10.9,126.04,126.1,45000,30,30,0,0,1,115199
324,0,10.9333,126.101,126.16,45000,30,30,0,0,1,115226
325,0,10.9667,126.163,126.224,45000,30,30,0,0,1,115257
326,0,11,126.226,126.287,45000,30,30,0,0,1,115287
327,0,11.0333,126.289,126.348,45000,30,30,0,0,1,115314
328,0,11.0667,126.35,126.409,45000,30,30,0,0,1,115342
329,0,11.1,126.411,126.472,45000,30,30,0,0,1,115372
330,1,11.1333,126.475,126.537,45000,30,30,0,0,1,115403
331,0,11.1667,126.539,126.599,45000,30,30,0,0,1,115432
332,0,11.2,126.601,126.665,45000,30,30,0,0,1,115464
333,0,11.2333,126.667,126.726,45000,30,30,0,0,1,115492
334,0,11.2667,126.728,126.787,45000,30,30,0,0,1,115520
335,0,11.3,126.79,126.85,45000,30,30,0,0,1,115550
336,0,11.3333,126.85,126.912,45000,30,30,0,0,1,115578
337,0,11.3667,126.914,126.97,45000,30,30,0,0,1,115603
338,0,11.4,126.971,127.027,45000,30,30,0,0,1,115626
339,0,11.4333,127.028,127.086,45000,30,30,0,0,1,115652
340,0,11.4667,127.088,127.146,45000,30,30,0,0,1,115679
341,0,11.5,127.148,127.205,45000,30,30,0,0,1,115705
342,0,11.5333,127.207,127.262,45000,30,30,0,0,1,115728
343,0,11.5667,127.264,127.32,45000,30,30,0,0,1,115753
344,0,11.6,127.322,127.379,45000,30,30,0,0,1,115779
345,0,11.6333,127.379,127.437,45000,30,30,0,0,1,115803
346,0,11.6667,127.439,127.496,45000,30,30,0,0,1,115829
347,0,11.7,127.498,127.554,45000,30,30,0,0,1,115853
348,0,11.7333,127.556,127.611,45000,30,30,0,0,1,115877
349,0,11.7667,127.613,127.673,45000,30,30,0,0,1,115906
350,0,11.8,127.675,127.737,45000,30,30,0,0,1,115937
351,0,11.8333,127.738,127.792,45000,30,30,0,0,1,115958
352,0,11.8667,127.794,127.848,45000,30,30,0,0,1,115981
353,0,11.9,127.85,127.907,45000,30,30,0,0,1,116006
354,0,11.9333,127.907,127.961,45000,30,30,0,0,1,116027
355,0,11.9667,127.963,128.015,45000,30,30,0,0,1,116048
356,0,12,128.017,128.073,45000,30,30,0,0,1,116073
357,0,12.0333,128.075,128.127,45000,30,30,0,0,1,116093
358,0,12.0667,128.129,128.183,45000,30,30,0,0,1,116116
359,0,12.1,128.183,128.237,45000,30,30,0,0,1,116137
360,1,12.1333,128.239,128.292,45000,30,30,0,0,1,116158
361,0,12.1667,128.294,128.348,45000,30,30,0,0,1,116181
362,0,12.2,128.35,128.403,45000,30,30,0,0,1,116202
363,0,12.2333,128.405,128.457,45000,30,30,0,0,1,116223
364,0,12.2667,128.459,128.514,45000,30,30,0,0,1,116247
365,0,12.3,128.516,128.57,45000,30,30,0,0,1,116270
366,0,12.3333,128.572,128.625,45000,30,30,0,0,1,116291
367,0,12.3667,128.627,128.683,45000,30,30,0,0,1,116316
368,0,12.4,128.685,128.736,45000,30,30,0,0,1,116335
369,0,12.4333,128.738,128.789,45000,30,30,0,0,1,116355
370,0,12.4667,128.791,128.842,45000,30,30,0,0,1,116375
371,0,12.5,128.844,128.895,45000,30,30,0,0,1,116395
372,0,12.5333,128.897,128.952,45000,30,30,0,0,1,116418
373,0,12.5667,128.954,129.005,45000,30,30,0,0,1,116438
374,0,12.6,129.007,129.058,45000,30,30,0,0,1,116458
375,0,12.6333,129.06,129.113,45000,30,30,0,0,1,116479
376,0,12.6667,129.115,129.166,45000,30,30,0,0,1,116499
377,0,12.7,129.168,129.221,45000,30,30,0,0,1,116520
378,0,12.7333,129.223,129.28,45000,30,30,0,0,1,116546
379,0,12.7667,129.282,129.336,45000,30,30,0,0,1,116569
380,0,12.8,129.338,129.395,45000,30,30,0,0,1,116595
381,0,12.8333,129.397,129.45,45000,30,30,0,0,1,116616
382,0,12.8667,129.452,129.506,45000,30,30,0,0,1,116639
383,0,12.9,129.506,129.559,45000,30,30,0,0,1,116658
384,0,12.9333,129.561,129.613,45000,30,30,0,0,1,116679
385,0,12.9667,129.615,129.668,45000,30,30,0,0,1,116701
386,0,13,129.67,129.723,45000,30,30,0,0,1,116723
387,0,13.0333,129.727,129.782,45000,30,30,0,0,1,116748
388,0,13.0667,129.782,129.835,45000,30,30,0,0,1,116768
389,0,13.1,129.837,129.888,45000,30,30,0,0,1,116788
390,1,13.1333,129.89,129.943,45000,30,30,0,0,1,116809
391,0,13.1667,129.945,129.996,45000,30,30,0,0,1,116829
392,0,13.2,129.998,130.052,45000,30,30,0,0,1,116851
393,0,13.2333,130.054,130.105,45000,30,30,0,0,1,116871
394,0,13.2667,130.107,130.16,45000,30,30,0,0,1,116893
395,0,13.3,130.162,130.217,45000,30,30,0,0,1,116917
396,0,13.3333,130.219,130.273,45000,30,30,0,0,1,116939
397,0,13.3667,130.275,130.33,45000,30,30,0,0,1,116963
398,0,13.4,130.332,130.388,45000,30,30,0,0,1,116987
399,0,13.4333,130.39,130.443,45000,30,30,0,0,1,117009
400,0,13.4667,130.445,130.5,45000,30,30,0,0,1,117033
401,0,13.5,130.502,130.555,45000,30,30,0,0,1,117055
402,0,13.5333,130.557,130.61,45000,30,30,0,0,1,117076
403,0,13.5667,130.612,130.668,45000,30,30,0,0,1,117101
404,0,13.6,130.67,130.727,45000,30,30,0,0,1,117127
405,0,13.6333,130.729,130.784,45000,30,30,0,0,1,117150
406,0,13.6667,130.786,130.841,45000,30,30,0,0,1,117174
407,0,13.7,130.843,130.898,45000,30,30,0,0,1,117197
408,0,13.7333,130.9,130.953,45000,30,30,0,0,1,117219
409,0,13.7667,130.955,131.01,45000,30,30,0,0,1,117243
410,0,13.8,131.012,131.067,45000,30,30,0,0,1,117267
411,0,13.8333,131.069,131.122,45000,30,30,0,0,1,117288
412,0,13.8667,131.124,131.181,45000,30,30,0,0,1,117314
413,0,13.9,131.183,131.238,45000,30,30,0,0,1,117337
414,0,13.9333,131.24,131.296,45000,30,30,0,0,1,117362
415,0,13.9667,131.298,131.355,45000,30,30,0,0,1,117388
416,0,14,131.357,131.413,45000,30,30,0,0,1,117413
417,0,14.0333,131.415,131.468,45000,30,30,0,0,1,117434
418,0,14.0667,131.47,131.523,45000,30,30,0,0,1,117456
419,0,14.1,131.524,131.577,45000,30,30,0,0,1,117477
420,1,14.1333,131.579,131.634,45000,30,30,0,0,1,117500
421,0,14.1667,131.636,131.692,45000,30,30,0,0,1,117525
422,0,14.2,131.694,131.75,45000,30,30,0,0,1,117549
423,0,14.2333,131.752,131.807,45000,30,30,0,0,1,117573
424,0,14.2667,131.808,131.861,45000,30,30,0,0,1,117594
425,0,14.3,131.863,131.919,45000,30,30,0,0,1,117619
426,0,14.3333,131.921,131.977,45000,30,30,0,0,1,117643
427,0,14.3667,131.981,132.037,45000,30,30,0,0,1,117670
428,0,14.4,132.039,132.093,45000,30,30,0,0,1,117692
429,0,14.4333,132.095,132.147,45000,30,30,0,0,1,117713
430,0,14.4667,132.149,132.201,45000,30,30,0,0,1,117734
431,0,14.5,132.203,132.256,45000,30,30,0,0,1,117756
432,0,14.5333,132.257,132.312,45000,30,30,0,0,1,117778
433,0,14.5667,132.314,132.368,45000,30,30,0,0,1,117801
434,0,14.6,132.37,132.422,45000,30,30,0,0,1,117822
435,0,14.6333,132.424,132.476,45000,30,30,0,0,1,117842
436,0,14.6667,132.477,132.531,45000,30,30,0,0,1,117864
437,0,14.7,132.533,132.59,45000,30,30,0,0,1,117889
438,0,14.7333,132.592,132.647,45000,30,30,0,0,1,117913
439,0,14.7667,132.649,132.701,45000,30,30,0,0,1,117934
440,0,14.8,132.705,132.757,45000,30,30,0,0,1,117957
441,0,14.8333,132.759,132.81,45000,30,30,0,0,1,117976
442,0,14.8667,132.812,132.864,45000,30,30,0,0,1,117997
443,0,14.9,132.865,132.919,45000,30,30,0,0,1,118018
444,0,14.9333,132.92,132.974,45000,30,30,0,0,1,118040
445,0,14.9667,132.976,133.027,45000,30,30,0,0,1,118060
446,0,15,133.029,133.082,45000,30,30,0,0,1,118082
447,0,15.0333,133.084,133.134,45000,30,30,0,0,1,118100
448,0,15.0667,133.135,133.189,45000,30,30,0,0,1,118122
449,0,15.1,133.19,133.244,45000,30,30,0,0,1,118144
450,1,15.1333,133.246,133.299,45000,30,30,0,0,1,118165
451,0,15.1667,133.301,133.355,45000,30,30,0,0,1,118188
452,0,15.2,133.357,133.409,45000,30,30,0,0,1,118208
453,0,15.2333,133.411,133.464,45000,30,30,0,0,1,118230
454,0,15.2667,133.466,133.522,45000,30,30,0,0,1,118255
455,0,15.3,133.524,133.577,45000,30,30,0,0,1,118277
456,0,15.3333,133.579,133.631,45000,30,30,0,0,1,118297
457,0,15.3667,133.633,133.686,45000,30,30,0,0,1,118319
458,0,15.4,133.687,133.742,45000,30,30,0,0,1,118341
459,0,15.4333,133.743,133.798,45000,30,30,0,0,1,118364
460,0,15.4667,133.8,133.854,45000,30,30,0,0,1,118387
461,0,15.5,133.856,133.909,45000,30,30,0,0,1,118409
462,0,15.5333,133.911,133.968,45000,30,30,0,0,1,118434
463,0,15.5667,133.97,134.024,45000,30,30,0,0,1,118457
464,0,15.6,134.026,134.081,45000,30,30,0,0,1,118481
465,0,15.6333,134.083,134.136,45000,30,30,0,0,1,118502
466,0,15.6667,134.138,134.191,45000,30,30,0,0,1,118524
467,0,15.7,134.193,134.25,45000,30,30,0,0,1,118549
468,0,15.7333,134.25,134.306,45000,30,30,0,0,1,118572
469,0,15.7667,134.308,134.361,45000,30,30,0,0,1,118594
470,0,15.8,134.363,134.421,45000,30,30,0,0,1,118621
471,0,15.8333,134.422,134.478,45000,30,30,0,0,1,118644
472,0,15.8667,134.48,134.533,45000,30,30,0,0,1,118666
473,0,15.9,134.535,134.593,45000,30,30,0,0,1,118692
474,0,15.9333,134.595,134.65,45000,30,30,0,0,1,118716
475,0,15.9667,134.652,134.705,45000,30,30,0,0,1,118738
476,0,16,134.707,134.763,45000,30,30,0,0,1,118763
477,0,16.0333,134.765,134.818,45000,30,30,0,0,1,118784
478,0,16.0667,134.82,134.873,45000,30,30,0,0,1,118806
479,0,16.1,134.875,134.932,45000,30,30,0,0,1,118832
480,1,16.1333,134.934,134.99,45000,30,30,0,0,1,118856
481,0,16.1667,134.992,135.045,45000,30,30,0,0,1,118878
482,0,16.2,135.047,135.102,45000,30,30,0,0,1,118901
483,0,16.2333,135.104,135.157,45000,30,30,0,0,1,118923
484,0,16.2667,135.159,135.212,45000,30,30,0,0,1,118945
485,0,16.3,135.214,135.267,45000,30,30,0,0,1,118966
486,0,16.3333,135.269,135.322,45000,30,30,0,0,1,118988
487,0,16.3667,135.324,135.381,45000,30,30,0,0,1,119014
488,0,16.4,135.381,135.436,45000,30,30,0,0,1,119036
489,0,16.4333,135.438,135.491,45000,30,30,0,0,1,119057
490,0,16.4667,135.493,135.55,45000,30,30,0,0,1,119083
491,0,16.5,135.552,135.607,45000,30,30,0,0,1,119107
492,0,16.5333,135.609,135.664,45000,30,30,0,0,1,119130
493,0,16.5667,135.666,135.721,45000,30,30,0,0,1,119154
494,0,16.6,135.723,135.778,45000,30,30,0,0,1,119178
495,0,16.6333,135.778,135.833,45000,30,30,0,0,1,119199
496,0,16.6667,135.835,135.892,45000,30,30,0,0,1,119225
497,0,16.7,135.894,135.953,45000,30,30,0,0,1,119252
498,0,16.7333,135.953,136.01,45000,30,30,0,0,1,119276
499,0,16.7667,136.012,136.067,45000,30,30,0,0,1,119300
500,0,16.8,136.069,136.122,45000,30,30,0,0,1,119321
501,0,16.8333,136.124,136.18,45000,30,30,0,0,1,119346
502,0,16.8667,136.182,136.235,45000,30,30,0,0,1,119368
503,0,16.9,136.237,136.294,45000,30,30,0,0,1,119394
504,0,16.9333,136.296,136.349,45000,30,30,0,0,1,119415
505,0,16.9667,136.353,136.408,45000,30,30,0,0,1,119441
506,0,17,136.41,136.465,45000,30,30,0,0,1,119465
507,0,17.0333,136.465,136.52,45000,30,30,0,0,1,119486
508,0,17.0667,136.522,136.575,45000,30,30,0,0,1,119508
509,0,17.1,136.577,136.632,45000,30,30,0,0,1,119532
510,1,17.1333,136.634,136.689,45000,30,30,0,0,1,119555
511,0,17.1667,136.691,136.744,45000,30,30,0,0,1,119577
512,0,17.2,136.746,136.799,45000,30,30,0,0,1,119598
513,0,17.2333,136.801,136.854,45000,30,30,0,0,1,119620
514,0,17.2667,136.856,136.911,45000,30,30,0,0,1,119644
515,0,17.3,136.913,136.971,45000,30,30,0,0,1,119670
516,0,17.3333,136.973,137.026,45000,30,30,0,0,1,119692
517,0,17.3667,137.028,137.08,45000,30,30,0,0,1,119713
518,0,17.4,137.082,137.137,45000,30,30,0,0,1,119737
519,0,17.4333,137.139,137.192,45000,30,30,0,0,1,119758
520,0,17.4667,137.194,137.246,45000,30,30,0,0,1,119779
521,0,17.5,137.248,137.303,45000,30,30,0,0,1,119803
522,0,17.5333,137.305,137.358,45000,30,30,0,0,1,119824
523,0,17.5667,137.36,137.412,45000,30,30,0,0,1,119845
524,0,17.6,137.414,137.471,45000,30,30,0,0,1,119871
525,0,17.6333,137.472,137.526,45000,30,30,0,0,1,119892
526,0,17.6667,137.528,137.584,45000,30,30,0,0,1,119917
527,0,17.7,137.586,137.642,45000,30,30,0,0,1,119941
528,0,17.7333,137.644,137.7,45000,30,30,0,0,1,119966
529,0,17.7667,137.702,137.756,45000,30,30,0,0,1,119989
530,0,17.8,137.758,137.813,45000,30,30,0,0,1,120012
531,0,17.8333,137.815,137.867,45000,30,30,0,0,1,120033
532,0,17.8667,137.869,137.921,45000,30,30,0,0,1,120054
533,0,17.9,137.923,137.978,45000,30,30,0,0,1,120078
534,0,17.9333,137.979,138.032,45000,30,30,0,0,1,120098
535,0,17.9667,138.034,138.09,45000,30,30,0,0,1,120123
536,0,18,138.092,138.144,45000,30,30,0,0,1,120144
537,0,18.0333,138.146,138.198,45000,30,30,0,0,1,120164
538,0,18.0667,138.2,138.254,45000,30,30,0,0,1,120187
539,0,18.1,138.256,138.308,45000,30,30,0,0,1,120208
540,1,18.1333,138.31,138.366,45000,30,30,0,0,1,120232
541,0,18.1667,138.368,138.422,45000,30,30,0,0,1,120255
542,0,18.2,138.424,138.478,45000,30,30,0,0,1,120277
543,0,18.2333,138.48,138.535,45000,30,30,0,0,1,120301
544,0,18.2667,138.537,138.591,45000,30,30,0,0,1,120324
545,0,18.3,138.593,138.645,45000,30,30,0,0,1,120344
546,0,18.3333,138.647,138.701,45000,30,30,0,0,1,120367
547,0,18.3667,138.703,138.758,45000,30,30,0,0,1,120391
548,0,18.4,138.76,138.812,45000,30,30,0,0,1,120412
549,0,18.4333,138.814,138.868,45000,30,30,0,0,1,120434
550,0,18.4667,138.87,138.922,45000,30,30,0,0,1,120455
551,0,18.5,138.924,138.978,45000,30,30,0,0,1,120478
552,0,18.5333,138.978,139.033,45000,30,30,0,0,1,120499
553,0,18.5667,139.034,139.087,45000,30,30,0,0,1,120520
554,0,18.6,139.089,139.141,45000,30,30,0,0,1,120541
555,0,18.6333,139.143,139.197,45000,30,30,0,0,1,120563
556,0,18.6667,139.199,139.251,45000,30,30,0,0,1,120584
557,0,18.7,139.253,139.307,45000,30,30,0,0,1,120606
558,0,18.7333,139.309,139.361,45000,30,30,0,0,1,120627
559,0,18.7667,139.363,139.415,45000,30,30,0,0,1,120648
560,0,18.8,139.417,139.472,45000,30,30,0,0,1,120671
561,0,18.8333,139.473,139.528,45000,30,30,0,0,1,120694
562,0,18.8667,139.53,139.584,45000,30,30,0,0,1,120717
563,0,18.9,139.584,139.638,45000,30,30,0,0,1,120738
564,0,18.9333,139.64,139.693,45000,30,30,0,0,1,120759
565,0,18.9667,139.695,139.749,45000,30,30,0,0,1,120782
566,0,19,139.751,139.806,45000,30,30,0,0,1,120806
567,0,19.0333,139.807,139.86,45000,30,30,0,0,1,120826
568,0,19.0667,139.862,139.915,45000,30,30,0,0,1,120848
569,0,19.1,139.917,139.972,45000,30,30,0,0,1,120872
570,1,19.1333,139.974,140.027,45000,30,30,0,0,1,120893
571,0,19.1667,140.029,140.084,45000,30,30,0,0,1,120917
572,0,19.2,140.086,140.141,45000,30,30,0,0,1,120940
573,0,19.2333,140.143,140.196,45000,30,30,0,0,1,120962
574,0,19.2667,140.198,140.256,45000,30,30,0,0,1,120989
575,0,19.3,140.258,140.315,45000,30,30,0,0,1,121014
576,0,19.3333,140.317,140.37,45000,30,30,0,0,1,121036
577,0,19.3667,140.372,140.426,45000,30,30,0,0,1,121059
578,0,19.4,140.428,140.485,45000,30,30,0,0,1,121085
579,0,19.4333,140.489,140.544,45000,30,30,0,0,1,121110
580,0,19.4667,140.546,140.597,45000,30,30,0,0,1,121130
581,0,19.5,140.598,140.653,45000,30,30,0,0,1,121153
582,0,19.5333,140.655,140.711,45000,30,30,0,0,1,121177
583,0,19.5667,140.713,140.768,45000,30,30,0,0,1,121201
584,0,19.6,140.77,140.826,45000,30,30,0,0,1,121226
585,0,19.6333,140.828,140.881,45000,30,30,0,0,1,121247
586,0,19.6667,140.883,140.936,45000,30,30,0,0,1,121269
587,0,19.7,140.938,140.994,45000,30,30,0,0,1,121293
588,0,19.7333,140.994,141.049,45000,30,30,0,0,1,121315
589,0,19.7667,141.051,141.106,45000,30,30,0,0,1,121339
590,0,19.8,141.106,141.161,45000,30,30,0,0,1,121360
591,0,19.8333,141.163,141.22,45000,30,30,0,0,1,121386
592,0,19.8667,141.222,141.279,45000,30,30,0,0,1,121412
593,0,19.9,141.281,141.336,45000,30,30,0,0,1,121436
594,0,19.9333,141.338,141.391,45000,30,30,0,0,1,121457
595,0,19.9667,141.393,141.448,45000,30,30,0,0,1,121481
596,0,20,141.45,141.505,45000,30,30,0,0,1,121505
597,0,20.0333,141.507,141.56,45000,30,30,0,0,1,121526
598,0,20.0667,141.562,141.615,45000,30,30,0,0,1,121548
599,0,20.1,141.617,141.674,45000,30,30,0,0,1,121574
600,1,20.1333,141.676,141.731,45000,30,30,0,0,1,121597
601,0,20.1667,141.733,141.79,45000,30,30,0,0,1,121623
602,0,20.2,141.792,141.845,45000,30,30,0,0,1,121644
603,0,20.2333,141.847,141.903,45000,30,30,0,0,1,121669
604,0,20.2667,141.905,141.958,45000,30,30,0,0,1,121691
605,0,20.3,141.96,142.013,45000,30,30,0,0,1,121712
606,0,20.3333,142.015,142.073,45000,30,30,0,0,1,121739
607,0,20.3667,142.074,142.128,45000,30,30,0,0,1,121761
608,0,20.4,142.13,142.183,45000,30,30,0,0,1,121783
609,0,20.4333,142.185,142.239,45000,30,30,0,0,1,121805
610,0,20.4667,142.241,142.294,45000,30,30,0,0,1,121827
611,0,20.5,142.296,142.352,45000,30,30,0,0,1,121852
612,0,20.5333,142.354,142.407,45000,30,30,0,0,1,121873
613,0,20.5667,142.409,142.462,45000,30,30,0,0,1,121895
614,0,20.6,142.464,142.521,45000,30,30,0,0,1,121921
615,0,20.6333,142.523,142.579,45000,30,30,0,0,1,121945
616,0,20.6667,142.58,142.636,45000,30,30,0,0,1,121969
617,0,20.7,142.638,142.693,45000,30,30,0,0,1,121992
618,0,20.7333,142.693,142.748,45000,30,30,0,0,1,122014
619,0,20.7667,142.75,142.807,45000,30,30,0,0,1,122040
620,0,20.8,142.809,142.864,45000,30,30,0,0,1,122063
621,0,20.8333,142.866,142.921,45000,30,30,0,0,1,122087
622,0,20.8667,142.923,142.976,45000,30,30,0,0,1,122109
623,0,20.9,142.978,143.032,45000,30,30,0,0,1,122132
624,0,20.9333,143.034,143.089,45000,30,30,0,0,1,122155
625,0,20.9667,143.089,143.146,45000,30,30,0,0,1,122179
626,0,21,143.148,143.202,45000,30,30,0,0,1,122202
627,0,21.0333,143.204,143.261,45000,30,30,0,0,1,122227
628,0,21.0667,143.263,143.316,45000,30,30,0,0,1,122249
629,0,21.1,143.318,143.371,45000,30,30,0,0,1,122271
630,1,21.1333,143.373,143.428,45000,30,30,0,0,1,122294
631,0,21.1667,143.428,143.484,45000,30,30,0,0,1,122317
632,0,21.2,143.486,143.539,45000,30,30,0,0,1,122338
633,0,21.2333,143.541,143.598,45000,30,30,0,0,1,122364
634,0,21.2667,143.6,143.656,45000,30,30,0,0,1,122389
635,0,21.3,143.658,143.713,45000,30,30,0,0,1,122412
636,0,21.3333,143.715,143.774,45000,30,30,0,0,1,122440
637,0,21.3667,143.776,143.83,45000,30,30,0,0,1,122463
638,0,21.4,143.832,143.885,45000,30,30,0,0,1,122485
639,0,21.4333,143.887,143.942,45000,30,30,0,0,1,122508
640,0,21.4667,143.944,143.998,45000,30,30,0,0,1,122531
641,0,21.5,144,144.053,45000,30,30,0,0,1,122553
642,0,21.5333,144.055,144.109,45000,30,30,0,0,1,122575
643,0,21.5667,144.111,144.166,45000,30,30,0,0,1,122599
644,0,21.6,144.168,144.221,45000,30,30,0,0,1,122621
645,0,21.6333,144.223,144.279,45000,30,30,0,0,1,122645
646,0,21.6667,144.281,144.336,45000,30,30,0,0,1,122669
647,0,21.7,144.338,144.39,45000,30,30,0,0,1,122689
648,0,21.7333,144.392,144.447,45000,30,30,0,0,1,122713
649,0,21.7667,144.449,144.502,45000,30,30,0,0,1,122735
650,0,21.8,144.504,144.559,45000,30,30,0,0,1,122758
651,0,21.8333,144.561,144.616,45000,30,30,0,0,1,122782
652,0,21.8667,144.618,144.672,45000,30,30,0,0,1,122805
653,0,21.9,144.674,144.729,45000,30,30,0,0,1,122829
654,0,21.9333,144.731,144.786,45000,30,30,0,0,1,122852
655,0,21.9667,144.787,144.84,45000,30,30,0,0,1,122873
656,0,22,144.842,144.899,45000,30,30,0,0,1,122899
657,0,22.0333,144.901,144.954,45000,30,30,0,0,1,122920
658,0,22.0667,144.956,145.007,45000,30,30,0,0,1,122940
659,0,22.1,145.009,145.065,45000,30,30,0,0,1,122965
660,1,22.1333,145.067,145.123,45000,30,30,0,0,1,122989
661,0,22.1667,145.125,145.179,45000,30,30,0,0,1,123012
662,0,22.2,145.181,145.236,45000,30,30,0,0,1,123035
663,0,22.2333,145.238,145.292,45000,30,30,0,0,1,123058
664,0,22.2667,145.294,145.346,45000,30,30,0,0,1,123079
665,0,22.3,145.348,145.402,45000,30,30,0,0,1,123101
666,0,22.3333,145.404,145.457,45000,30,30,0,0,1,123123
667,0,22.3667,145.459,145.511,45000,30,30,0,0,1,123144
668,0,22.4,145.513,145.568,45000,30,30,0,0,1,123168
669,0,22.4333,145.57,145.624,45000,30,30,0,0,1,123190
670,0,22.4667,145.626,145.68,45000,30,30,0,0,1,123213
671,0,22.5,145.68,145.74,45000,30,30,0,0,1,123240
672,0,22.5333,145.742,145.794,45000,30,30,0,0,1,123260
673,0,22.5667,145.796,145.85,45000,30,30,0,0,1,123283
674,0,22.6,145.852,145.905,45000,30,30,0,0,1,123305
675,0,22.6333,145.906,145.961,45000,30,30,0,0,1,123327
676,0,22.6667,145.962,146.017,45000,30,30,0,0,1,123350
677,0,22.7,146.019,146.073,45000,30,30,0,0,1,123372
678,0,22.7333,146.075,146.128,45000,30,30,0,0,1,123394
679,0,22.7667,146.13,146.182,45000,30,30,0,0,1,123415
680,0,22.8,146.184,146.239,45000,30,30,0,0,1,123438
681,0,22.8333,146.241,146.293,45000,30,30,0,0,1,123459
682,0,22.8667,146.295,146.351,45000,30,30,0,0,1,123484
683,0,22.9,146.353,146.408,45000,30,30,0,0,1,123508
684,0,22.9333,146.41,146.462,45000,30,30,0,0,1,123528
685,0,22.9667,146.464,146.517,45000,30,30,0,0,1,123550
686,0,23,146.519,146.571,45000,30,30,0,0,1,123571
687,0,23.0333,146.573,146.629,45000,30,30,0,0,1,123595
688,0,23.0667,146.631,146.683,45000,30,30,0,0,1,123616
689,0,23.1,146.685,146.738,45000,30,30,0,0,1,123638
690,1,23.1333,146.739,146.794,45000,30,30,0,0,1,123660
691,0,23.1667,146.796,146.852,45000,30,30,0,0,1,123685
692,0,23.2,146.854,146.91,45000,30,30,0,0,1,123709
693,0,23.2333,146.912,146.969,45000,30,30,0,0,1,123735
694,0,23.2667,146.971,147.028,45000,30,30,0,0,1,123761
695,0,23.3,147.03,147.08,45000,30,30,0,0,1,123779
696,0,23.3333,147.082,147.134,45000,30,30,0,0,1,123800
697,0,23.3667,147.136,147.185,45000,30,30,0,0,1,123818
698,0,23.4,147.187,147.241,45000,30,30,0,0,1,123841
699,0,23.4333,147.243,147.298,45000,30,30,0,0,1,123864
700,0,23.4667,147.3,147.352,45000,30,30,0,0,1,123885
701,0,23.5,147.354,147.407,45000,30,30,0,0,1,123907
702,0,23.5333,147.409,147.462,45000,30,30,0,0,1,123928
703,0,23.5667,147.464,147.519,45000,30,30,0,0,1,123952
704,0,23.6,147.521,147.579,45000,30,30,0,0,1,123979
705,0,23.6333,147.581,147.632,45000,30,30,0,0,1,123998
706,0,23.6667,147.634,147.683,45000,30,30,0,0,1,124016
707,0,23.7,147.685,147.733,45000,30,30,0,0,1,124032
708,0,23.7333,147.735,147.79,45000,30,30,0,0,1,124056
709,0,23.7667,147.792,147.845,45000,30,30,0,0,1,124078
710,0,23.8,147.847,147.904,45000,30,30,0,0,1,124103
711,0,23.8333,147.906,147.961,45000,30,30,0,0,1,124127
712,0,23.8667,147.963,148.016,45000,30,30,0,0,1,124149
713,0,23.9,148.018,148.074,45000,30,30,0,0,1,124174
714,0,23.9333,148.076,148.131,45000,30,30,0,0,1,124197
715,0,23.9667,148.133,148.187,45000,30,30,0,0,1,124220
716,0,24,148.189,148.244,45000,30,30,0,0,1,124244
717,0,24.0333,148.248,148.305,45000,30,30,0,0,1,124271
718,0,24.0667,148.307,148.362,45000,30,30,0,0,1,124295
719,0,24.1,148.364,148.417,45000,30,30,0,0,1,124317
720,1,24.1333,148.419,148.474,45000,30,30,0,0,1,124340
721,0,24.1667,148.476,148.529,45000,30,30,0,0,1,124362
722,0,24.2,148.531,148.584,45000,30,30,0,0,1,124383
723,0,24.2333,148.586,148.64,45000,30,30,0,0,1,124406
724,0,24.2667,148.642,148.695,45000,30,30,0,0,1,124428
725,0,24.3,148.697,148.752,45000,30,30,0,0,1,124451
726,0,24.3333,148.754,148.807,45000,30,30,0,0,1,124473
727,0,24.3667,148.809,148.862,45000,30,30,0,0,1,124495
728,0,24.4,148.864,148.919,45000,30,30,0,0,1,124519
729,0,24.4333,148.921,148.976,45000,30,30,0,0,1,124542
730,0,24.4667,148.978,149.033,45000,30,30,0,0,1,124566
731,0,24.5,149.035,149.09,45000,30,30,0,0,1,124590
732,0,24.5333,149.092,149.145,45000,30,30,0,0,1,124611
733,0,24.5667,149.147,149.2,45000,30,30,0,0,1,124633
734,0,24.6,149.202,149.257,45000,30,30,0,0,1,124657
735,0,24.6333,149.259,149.312,45000,30,30,0,0,1,124678
736,0,24.6667,149.314,149.367,45000,30,30,0,0,1,124700
737,0,24.7,149.369,149.424,45000,30,30,0,0,1,124723
738,0,24.7333,149.426,149.479,45000,30,30,0,0,1,124745
739,0,24.7667,149.481,149.536,45000,30,30,0,0,1,124769
740,0,24.8,149.538,149.597,45000,30,30,0,0,1,124796
741,0,24.8333,149.599,149.656,45000,30,30,0,0,1,124822
742,0,24.8667,149.658,149.716,45000,30,30,0,0,1,124849
743,0,24.9,149.717,149.775,45000,30,30,0,0,1,124875
744,0,24.9333,149.777,149.832,45000,30,30,0,0,1,124898
745,0,24.9667,149.834,149.891,45000,30,30,0,0,1,124924
746,0,25,149.893,149.947,45000,30,30,0,0,1,124947
747,0,25.0333,149.949,150.003,45000,30,30,0,0,1,124969
748,0,25.0667,150.005,150.062,45000,30,30,0,0,1,124995
749,0,25.1,150.064,150.118,45000,30,30,0,0,1,125018
750,1,25.1333,150.12,150.174,45000,30,30,0,0,1,125040
751,0,25.1667,150.176,150.231,45000,30,30,0,0,1,125064
752,0,25.2,150.233,150.285,45000,30,30,0,0,1,125084
753,0,25.2333,150.287,150.344,45000,30,30,0,0,1,125110
754,0,25.2667,150.344,150.399,45000,30,30,0,0,1,125132
755,0,25.3,150.401,150.455,45000,30,30,0,0,1,125154
756,0,25.3333,150.457,150.51,45000,30,30,0,0,1,125176
757,0,25.3667,150.512,150.568,45000,30,30,0,0,1,125201
758,0,25.4,150.57,150.627,45000,30,30,0,0,1,125227
759,0,25.4333,150.629,150.684,45000,30,30,0,0,1,125250
760,0,25.4667,150.686,150.743,45000,30,30,0,0,1,125276
761,0,25.5,150.745,150.798,45000,30,30,0,0,1,125298
762,0,25.5333,150.8,150.853,45000,30,30,0,0,1,125319
763,0,25.5667,150.855,150.908,45000,30,30,0,0,1,125341
764,0,25.6,150.91,150.963,45000,30,30,0,0,1,125363
765,0,25.6333,150.965,151.019,45000,30,30,0,0,1,125385
766,0,25.6667,151.021,151.076,45000,30,30,0,0,1,125409
767,0,25.7,151.078,151.131,45000,30,30,0,0,1,125430
768,0,25.7333,151.133,151.189,45000,30,30,0,0,1,125455
769,0,25.7667,151.191,151.244,45000,30,30,0,0,1,125477
770,0,25.8,151.246,151.301,45000,30,30,0,0,1,125500
771,0,25.8333,151.302,151.355,45000,30,30,0,0,1,125521
772,0,25.8667,151.357,151.411,45000,30,30,0,0,1,125544
773,0,25.9,151.413,151.468,45000,30,30,0,0,1,125568
774,0,25.9333,151.468,151.522,45000,30,30,0,0,1,125588
775,0,25.9667,151.524,151.578,45000,30,30,0,0,1,125611
776,0,26,151.58,151.634,45000,30,30,0,0,1,125634
777,0,26.0333,151.636,151.692,45000,30,30,0,0,1,125658
778,0,26.0667,151.694,151.752,45000,30,30,0,0,1,125685
779,0,26.1,151.753,151.808,45000,30,30,0,0,1,125708
780,1,26.1333,151.809,151.865,45000,30,30,0,0,1,125731
781,0,26.1667,151.867,151.923,45000,30,30,0,0,1,125756
782,0,26.2,151.925,151.981,45000,30,30,0,0,1,125780
783,0,26.2333,151.983,152.039,45000,30,30,0,0,1,125805
784,0,26.2667,152.041,152.1,45000,30,30,0,0,1,125833
785,0,26.3,152.102,152.158,45000,30,30,0,0,1,125857
786,0,26.3333,152.16,152.215,45000,30,30,0,0,1,125881
787,0,26.3667,152.217,152.271,45000,30,30,0,0,1,125904
788,0,26.4,152.273,152.325,45000,30,30,0,0,1,125925
789,0,26.4333,152.327,152.38,45000,30,30,0,0,1,125946
790,0,26.4667,152.382,152.434,45000,30,30,0,0,1,125967
791,0,26.5,152.436,152.49,45000,30,30,0,0,1,125990
792,0,26.5333,152.49,152.544,45000,30,30,0,0,1,126010
793,0,26.5667,152.546,152.6,45000,30,30,0,0,1,126033
794,0,26.6,152.602,152.654,45000,30,30,0,0,1,126054
795,0,26.6333,152.656,152.708,45000,30,30,0,0,1,126074
796,0,26.6667,152.71,152.766,45000,30,30,0,0,1,126099
797,0,26.7,152.768,152.822,45000,30,30,0,0,1,126121
798,0,26.7333,152.824,152.878,45000,30,30,0,0,1,126144
799,0,26.7667,152.88,152.932,45000,30,30,0,0,1,126165
800,0,26.8,152.934,152.99,45000,30,30,0,0,1,126189
801,0,26.8333,152.992,153.044,45000,30,30,0,0,1,126210
802,0,26.8667,153.046,153.1,45000,30,30,0,0,1,126233
803,0,26.9,153.102,153.156,45000,30,30,0,0,1,126256
804,0,26.9333,153.158,153.212,45000,30,30,0,0,1,126278
805,0,26.9667,153.214,153.269,45000,30,30,0,0,1,126302
806,0,27,153.271,153.324,45000,30,30,0,0,1,126324
807,0,27.0333,153.326,153.378,45000,30,30,0,0,1,126344
808,0,27.0667,153.38,153.434,45000,30,30,0,0,1,126367
809,0,27.1,153.436,153.489,45000,30,30,0,0,1,126389
810,1,27.1333,153.491,153.545,45000,30,30,0,0,1,126411
811,0,27.1667,153.547,153.601,45000,30,30,0,0,1,126434
812,0,27.2,153.601,153.655,45000,30,30,0,0,1,126454
813,0,27.2333,153.657,153.709,45000,30,30,0,0,1,126475
814,0,27.2667,153.711,153.765,45000,30,30,0,0,1,126498
815,0,27.3,153.767,153.819,45000,30,30,0,0,1,126518
816,0,27.3333,153.821,153.874,45000,30,30,0,0,1,126540
817,0,27.3667,153.876,153.93,45000,30,30,0,0,1,126563
818,0,27.4,153.932,153.985,45000,30,30,0,0,1,126585
819,0,27.4333,153.987,154.04,45000,30,30,0,0,1,126606
820,0,27.4667,154.042,154.096,45000,30,30,0,0,1,126629
821,0,27.5,154.098,154.151,45000,30,30,0,0,1,126651
822,0,27.5333,154.153,154.208,45000,30,30,0,0,1,126674
823,0,27.5667,154.21,154.265,45000,30,30,0,0,1,126698
824,0,27.6,154.267,154.322,45000,30,30,0,0,1,126722
825,0,27.6333,154.324,154.377,45000,30,30,0,0,1,126743
826,0,27.6667,154.379,154.434,45000,30,30,0,0,1,126767
827,0,27.7,154.436,154.489,45000,30,30,0,0,1,126788
828,0,27.7333,154.491,154.547,45000,30,30,0,0,1,126813
829,0,27.7667,154.549,154.604,45000,30,30,0,0,1,126837
830,0,27.8,154.606,154.663,45000,30,30,0,0,1,126862
831,0,27.8333,154.664,154.717,45000,30,30,0,0,1,126883
832,0,27.8667,154.719,154.772,45000,30,30,0,0,1,126905
833,0,27.9,154.776,154.831,45000,30,30,0,0,1,126931
834,0,27.9333,154.833,154.891,45000,30,30,0,0,1,126957
835,0,27.9667,154.893,154.948,45000,30,30,0,0,1,126981
836,0,28,154.95,155.003,45000,30,30,0,0,1,127003
837,0,28.0333,155.005,155.058,45000,30,30,0,0,1,127024
838,0,28.0667,155.059,155.111,45000,30,30,0,0,1,127044
839,0,28.1,155.112,155.163,45000,30,30,0,0,1,127063
840,1,28.1333,155.165,155.22,45000,30,30,0,0,1,127086
841,0,28.1667,155.222,155.278,45000,30,30,0,0,1,127111
842,0,28.2,155.28,155.339,45000,30,30,0,0,1,127138
843,0,28.2333,155.341,155.392,45000,30,30,0,0,1,127158
844,0,28.2667,155.394,155.444,45000,30,30,0,0,1,127177
845,0,28.3,155.445,155.495,45000,30,30,0,0,1,127194
846,0,28.3333,155.497,155.552,45000,30,30,0,0,1,127218
847,0,28.3667,155.554,155.607,45000,30,30,0,0,1,127240
848,0,28.4,155.609,155.664,45000,30,30,0,0,1,127264
849,0,28.4333,155.666,155.721,45000,30,30,0,0,1,127287
850,0,28.4667,155.723,155.776,45000,30,30,0,0,1,127309
851,0,28.5,155.778,155.833,45000,30,30,0,0,1,127333
852,0,28.5333,155.835,155.889,45000,30,30,0,0,1,127355
853,0,28.5667,155.891,155.944,45000,30,30,0,0,1,127377
854,0,28.6,155.946,156,45000,30,30,0,0,1,127400
855,0,28.6333,156.002,156.055,45000,30,30,0,0,1,127421
856,0,28.6667,156.057,156.11,45000,30,30,0,0,1,127443
857,0,28.7,156.112,156.167,45000,30,30,0,0,1,127466
858,0,28.7333,156.169,156.223,45000,30,30,0,0,1,127489
859,0,28.7667,156.225,156.281,45000,30,30,0,0,1,127514
860,0,28.8,156.283,156.339,45000,30,30,0,0,1,127538
861,0,28.8333,156.341,156.393,45000,30,30,0,0,1,127559
862,0,28.8667,156.395,156.447,45000,30,30,0,0,1,127580
863,0,28.9,156.449,156.503,45000,30,30,0,0,1,127603
864,0,28.9333,156.505,156.558,45000,30,30,0,0,1,127624
865,0,28.9667,156.56,156.612,45000,30,30,0,0,1,127645
866,0,29,156.614,156.668,45000,30,30,0,0,1,127668
867,0,29.0333,156.67,156.723,45000,30,30,0,0,1,127689
868,0,29.0667,156.725,156.779,45000,30,30,0,0,1,127712
869,0,29.1,156.781,156.834,45000,30,30,0,0,1,127734
870,1,29.1333,156.836,156.89,45000,30,30,0,0,1,127756
871,0,29.1667,156.892,156.945,45000,30,30,0,0,1,127778
872,0,29.2,156.947,157.002,45000,30,30,0,0,1,127801
873,0,29.2333,157.004,157.056,45000,30,30,0,0,1,127822
874,0,29.2667,157.058,157.115,45000,30,30,0,0,1,127848
875,0,29.3,157.116,157.169,45000,30,30,0,0,1,127868
876,0,29.3333,157.171,157.223,45000,30,30,0,0,1,127889
877,0,29.3667,157.225,157.278,45000,30,30,0,0,1,127911
878,0,29.4,157.28,157.333,45000,30,30,0,0,1,127933
879,0,29.4333,157.335,157.39,45000,30,30,0,0,1,127956
880,0,29.4667,157.39,157.445,45000,30,30,0,0,1,127978
881,0,29.5,157.447,157.5,45000,30,30,0,0,1,128000
882,0,29.5333,157.502,157.555,45000,30,30,0,0,1,128021
883,0,29.5667,157.557,157.609,45000,30,30,0,0,1,128042
884,0,29.6,157.611,157.665,45000,30,30,0,0,1,128065
885,0,29.6333,157.666,157.721,45000,30,30,0,0,1,128087
886,0,29.6667,157.723,157.776,45000,30,30,0,0,1,128109
887,0,29.7,157.778,157.831,45000,30,30,0,0,1,128130
888,0,29.7333,157.833,157.888,45000,30,30,0,0,1,128154
889,0,29.7667,157.89,157.945,45000,30,30,0,0,1,128178
890,0,29.8,157.947,158.002,45000,30,30,0,0,1,128201
891,0,29.8333,158.004,158.061,45000,30,30,0,0,1,128227
892,0,29.8667,158.063,158.117,45000,30,30,0,0,1,128250
893,0,29.9,158.119,158.172,45000,30,30,0,0,1,128272
894,0,29.9333,158.174,158.229,45000,30,30,0,0,1,128295
895,0,29.9667,158.231,158.284,45000,30,30,0,0,1,128317
896,0,30,158.286,158.34,45000,30,30,0,0,1,128340
897,0,30.0333,158.342,158.397,45000,30,30,0,0,1,128363
898,0,30.0667,158.399,158.452,45000,30,30,0,0,1,128385
899,0,30.1,158.454,158.507,45000,30,30,0,0,1,128407
900,1,30.1333,158.509,158.564,45000,30,30,0,0,1,128430
901,0,30.1667,158.566,158.619,45000,30,30,0,0,1,128452
902,0,30.2,158.621,158.677,45000,30,30,0,0,1,128476
903,0,30.2333,158.679,158.732,45000,30,30,0,0,1,128498
904,0,30.2667,158.734,158.789,45000,30,30,0,0,1,128522
905,0,30.3,158.791,158.851,45000,30,30,0,0,1,128550
906,0,30.3333,158.853,158.91,45000,30,30,0,0,1,128576
907,0,30.3667,158.912,158.965,45000,30,30,0,0,1,128598
908,0,30.4,158.967,159.02,45000,30,30,0,0,1,128620
909,0,30.4333,159.022,159.077,45000,30,30,0,0,1,128643
910,0,30.4667,159.079,159.135,45000,30,30,0,0,1,128668
911,0,30.5,159.137,159.19,45000,30,30,0,0,1,128690
912,0,30.5333,159.192,159.249,45000,30,30,0,0,1,128715
913,0,30.5667,159.251,159.306,45000,30,30,0,0,1,128739
914,0,30.6,159.308,159.362,45000,30,30,0,0,1,128762
915,0,30.6333,159.364,159.419,45000,30,30,0,0,1,128785
916,0,30.6667,159.419,159.476,45000,30,30,0,0,1,128809
917,0,30.7,159.478,159.531,45000,30,30,0,0,1,128830
918,0,30.7333,159.533,159.587,45000,30,30,0,0,1,128853
919,0,30.7667,159.589,159.644,45000,30,30,0,0,1,128877
920,0,30.8,159.646,159.7,45000,30,30,0,0,1,128899
921,0,30.8333,159.701,159.757,45000,30,30,0,0,1,128923
922,0,30.8667,159.759,159.814,45000,30,30,0,0,1,128947
923,0,30.9,159.816,159.875,45000,30,30,0,0,1,128975
924,0,30.9333,159.877,159.934,45000,30,30,0,0,1,129000
925,0,30.9667,159.936,159.99,45000,30,30,0,0,1,129023
926,0,31,159.992,160.049,45000,30,30,0,0,1,129049
927,0,31.0333,160.051,160.11,45000,30,30,0,0,1,129076
928,0,31.0667,160.112,160.168,45000,30,30,0,0,1,129101
929,0,31.1,160.17,160.225,45000,30,30,0,0,1,129125
930,1,31.1333,160.227,160.281,45000,30,30,0,0,1,129147
931,0,31.1667,160.283,160.336,45000,30,30,0,0,1,129169
932,0,31.2,160.338,160.395,45000,30,30,0,0,1,129194
933,0,31.2333,160.397,160.451,45000,30,30,0,0,1,129217
934,0,31.2667,160.453,160.506,45000,30,30,0,0,1,129239
935,0,31.3,160.508,160.563,45000,30,30,0,0,1,129262
936,0,31.3333,160.564,160.619,45000,30,30,0,0,1,129285
937,0,31.3667,160.621,160.674,45000,30,30,0,0,1,129307
938,0,31.4,160.676,160.731,45000,30,30,0,0,1,129331
939,0,31.4333,160.733,160.787,45000,30,30,0,0,1,129353
940,0,31.4667,160.789,160.842,45000,30,30,0,0,1,129375
941,0,31.5,160.844,160.9,45000,30,30,0,0,1,129400
942,0,31.5333,160.9,160.955,45000,30,30,0,0,1,129421
943,0,31.5667,160.957,161.011,45000,30,30,0,0,1,129444
944,0,31.6,161.013,161.068,45000,30,30,0,0,1,129468
945,0,31.6333,161.07,161.123,45000,30,30,0,0,1,129489
946,0,31.6667,161.125,161.179,45000,30,30,0,0,1,129512
947,0,31.7,161.181,161.238,45000,30,30,0,0,1,129537
948,0,31.7333,161.24,161.294,45000,30,30,0,0,1,129560
949,0,31.7667,161.296,161.349,45000,30,30,0,0,1,129582
950,0,31.8,161.351,161.406,45000,30,30,0,0,1,129605
951,0,31.8333,161.408,161.466,45000,30,30,0,0,1,129632
952,0,31.8667,161.468,161.523,45000,30,30,0,0,1,129656
953,0,31.9,161.525,161.581,45000,30,30,0,0,1,129681
954,0,31.9333,161.583,161.638,45000,30,30,0,0,1,129704
955,0,31.9667,161.64,161.695,45000,30,30,0,0,1,129728
956,0,32,161.697,161.752,45000,30,30,0,0,1,129752
957,0,32.0333,161.754,161.808,45000,30,30,0,0,1,129774
958,0,32.0667,161.81,161.863,45000,30,30,0,0,1,129796
959,0,32.1,161.865,161.923,45000,30,30,0,0,1,129823
960,1,32.1333,161.923,161.978,45000,30,30,0,0,1,129844
961,0,32.1667,161.98,162.034,45000,30,30,0,0,1,129867
962,0,32.2,162.035,162.091,45000,30,30,0,0,1,129891
963,0,32.2333,162.093,162.15,45000,30,30,0,0,1,129916
964,0,32.2667,162.152,162.206,45000,30,30,0,0,1,129939
965,0,32.3,162.208,162.271,45000,30,30,0,0,1,129970
966,0,32.3333,162.273,162.331,45000,30,30,0,0,1,129997
967,0,32.3667,162.331,162.386,45000,30,30,0,0,1,130019
968,0,32.4,162.388,162.442,45000,30,30,0,0,1,130042
969,0,32.4333,162.444,162.499,45000,30,30,0,0,1,130065
970,0,32.4667,162.501,162.555,45000,30,30,0,0,1,130088
971,0,32.5,162.557,162.61,45000,30,30,0,0,1,130109
972,0,32.5333,162.612,162.667,45000,30,30,0,0,1,130133
973,0,32.5667,162.669,162.722,45000,30,30,0,0,1,130155
974,0,32.6,162.724,162.78,45000,30,30,0,0,1,130180
975,0,32.6333,162.782,162.837,45000,30,30,0,0,1,130203
976,0,32.6667,162.839,162.892,45000,30,30,0,0,1,130225
977,0,32.7,162.894,162.947,45000,30,30,0,0,1,130247
978,0,32.7333,162.949,163.004,45000,30,30,0,0,1,130270
979,0,32.7667,163.004,163.059,45000,30,30,0,0,1,130292
980,0,32.8,163.06,163.113,45000,30,30,0,0,1,130312
981,0,32.8333,163.115,163.17,45000,30,30,0,0,1,130336
982,0,32.8667,163.172,163.225,45000,30,30,0,0,1,130358
983,0,32.9,163.226,163.283,45000,30,30,0,0,1,130383
984,0,32.9333,163.285,163.338,45000,30,30,0,0,1,130404
985,0,32.9667,163.34,163.393,45000,30,30,0,0,1,130426
986,0,33,163.395,163.45,45000,30,30,0,0,1,130449
987,0,33.0333,163.452,163.505,45000,30,30,0,0,1,130471
988,0,33.0667,163.507,163.56,45000,30,30,0,0,1,130493
989,0,33.1,163.562,163.617,45000,30,30,0,0,1,130517
990,1,33.1333,163.619,163.674,45000,30,30,0,0,1,130540
991,0,33.1667,163.676,163.729,45000,30,30,0,0,1,130562
992,0,33.2,163.731,163.786,45000,30,30,0,0,1,130586
993,0,33.2333,163.788,163.843,45000,30,30,0,0,1,130609
994,0,33.2667,163.845,163.898,45000,30,30,0,0,1,130631
995,0,33.3,163.9,163.953,45000,30,30,0,0,1,130652
996,0,33.3333,163.955,164.012,45000,30,30,0,0,1,130678
997,0,33.3667,164.014,164.067,45000,30,30,0,0,1,130700
998,0,33.4,164.069,164.124,45000,30,30,0,0,1,130724
999,0,33.4333,164.126,164.181,45000,30,30,0,0,1,130747
1000,0,33.4667,164.183,164.235,45000,30,30,0,0,1,130768
1001,0,33.5,164.237,164.29,45000,30,30,0,0,1,130789
1002,0,33.5333,164.292,164.347,45000,30,30,0,0,1,130813
1003,0,33.5667,164.349,164.403,45000,30,30,0,0,1,130836
1004,0,33.6,164.403,164.46,45000,30,30,0,0,1,130860
1005,0,33.6333,164.462,164.515,45000,30,30,0,0,1,130881
1006,0,33.6667,164.517,164.571,45000,30,30,0,0,1,130904
1007,0,33.7,164.573,164.63,45000,30,30,0,0,1,130930
1008,0,33.7333,164.632,164.686,45000,30,30,0,0,1,130952
1009,0,33.7667,164.688,164.743,45000,30,30,0,0,1,130976
1010,0,33.8,164.745,164.799,45000,30,30,0,0,1,130998
1011,0,33.8333,164.801,164.856,45000,30,30,0,0,1,131022
1012,0,33.8667,164.858,164.912,45000,30,30,0,0,1,131045
1013,0,33.9,164.912,164.969,45000,30,30,0,0,1,131069
1014,0,33.9333,164.971,165.025,45000,30,30,0,0,1,131091
1015,0,33.9667,165.027,165.082,45000,30,30,0,0,1,131115
1016,0,34,165.083,165.138,45000,30,30,0,0,1,131137
1017,0,34.0333,165.14,165.193,45000,30,30,0,0,1,131159
1018,0,34.0667,165.195,165.249,45000,30,30,0,0,1,131182
1019,0,34.1,165.251,165.306,45000,30,30,0,0,1,131206
1020,1,34.1333,165.308,165.361,45000,30,30,0,0,1,131227
1021,0,34.1667,165.363,165.417,45000,30,30,0,0,1,131250
1022,0,34.2,165.419,165.472,45000,30,30,0,0,1,131272
1023,0,34.2333,165.474,165.526,45000,30,30,0,0,1,131292
1024,0,34.2667,165.528,165.583,45000,30,30,0,0,1,131316
1025,0,34.3,165.585,165.637,45000,30,30,0,0,1,131336
1026,0,34.3333,165.639,165.691,45000,30,30,0,0,1,131357
1027,0,34.3667,165.693,165.748,45000,30,30,0,0,1,131381
1028,0,34.4,165.75,165.802,45000,30,30,0,0,1,131402
1029,0,34.4333,165.804,165.859,45000,30,30,0,0,1,131425
1030,0,34.4667,165.86,165.915,45000,30,30,0,0,1,131448
1031,0,34.5,165.917,165.973,45000,30,30,0,0,1,131472
1032,0,34.5333,165.974,166.031,45000,30,30,0,0,1,131497
1033,0,34.5667,166.033,166.09,45000,30,30,0,0,1,131523
1034,0,34.6,166.092,166.149,45000,30,30,0,0,1,131549
1035,0,34.6333,166.15,166.205,45000,30,30,0,0,1,131571
1036,0,34.6667,166.207,166.261,45000,30,30,0,0,1,131594
1037,0,34.7,166.263,166.316,45000,30,30,0,0,1,131616
1038,0,34.7333,166.318,166.37,45000,30,30,0,0,1,131636
1039,0,34.7667,166.372,166.427,45000,30,30,0,0,1,131660
1040,0,34.8,166.428,166.481,45000,30,30,0,0,1,131680
1041,0,34.8333,166.483,166.536,45000,30,30,0,0,1,131702
1042,0,34.8667,166.538,166.594,45000,30,30,0,0,1,131727
1043,0,34.9,166.596,166.651,45000,30,30,0,0,1,131751
1044,0,34.9333,166.653,166.714,45000,30,30,0,0,1,131780
1045,0,34.9667,166.716,166.776,45000,30,30,0,0,1,131809
1046,0,35,166.778,166.841,45000,30,30,0,0,1,131840
1047,0,35.0333,166.843,166.898,45000,30,30,0,0,1,131864
1048,0,35.0667,166.9,166.955,45000,30,30,0,0,1,131888
1049,0,35.1,166.957,167.011,45000,30,30,0,0,1,131911
1050,1,35.1333,167.013,167.07,45000,30,30,0,0,1,131936
1051,0,35.1667,167.07,167.126,45000,30,30,0,0,1,131959
1052,0,35.2,167.128,167.181,45000,30,30,0,0,1,131981
1053,0,35.2333,167.183,167.238,45000,30,30,0,0,1,132004
1054,0,35.2667,167.24,167.296,45000,30,30,0,0,1,132029
1055,0,35.3,167.298,167.351,45000,30,30,0,0,1,132050
1056,0,35.3333,167.353,167.407,45000,30,30,0,0,1,132073
1057,0,35.3667,167.409,167.464,45000,30,30,0,0,1,132097
1058,0,35.4,167.466,167.522,45000,30,30,0,0,1,132122
1059,0,35.4333,167.524,167.58,45000,30,30,0,0,1,132146
1060,0,35.4667,167.582,167.639,45000,30,30,0,0,1,132172
1061,0,35.5,167.641,167.694,45000,30,30,0,0,1,132193
1062,0,35.5333,167.696,167.752,45000,30,30,0,0,1,132218
1063,0,35.5667,167.754,167.809,45000,30,30,0,0,1,132242
1064,0,35.6,167.811,167.864,45000,30,30,0,0,1,132264
1065,0,35.6333,167.866,167.921,45000,30,30,0,0,1,132287
1066,0,35.6667,167.922,167.977,45000,30,30,0,0,1,132310
1067,0,35.7,167.979,168.034,45000,30,30,0,0,1,132334
1068,0,35.7333,168.036,168.09,45000,30,30,0,0,1,132356
1069,0,35.7667,168.092,168.145,45000,30,30,0,0,1,132378
1070,0,35.8,168.147,168.2,45000,30,30,0,0,1,132399
1071,0,35.8333,168.202,168.255,45000,30,30,0,0,1,132421
1072,0,35.8667,168.257,168.314,45000,30,30,0,0,1,132447
1073,0,35.9,168.316,168.369,45000,30,30,0,0,1,132469
1074,0,35.9333,168.371,168.427,45000,30,30,0,0,1,132493
1075,0,35.9667,168.429,168.484,45000,30,30,0,0,1,132517
1076,0,36,168.486,168.538,45000,30,30,0,0,1,132537
1077,0,36.0333,168.54,168.597,45000,30,30,0,0,1,132563
1078,0,36.0667,168.599,168.651,45000,30,30,0,0,1,132584
1079,0,36.1,168.653,168.708,45000,30,30,0,0,1,132608
1080,1,36.1333,168.71,168.763,45000,30,30,0,0,1,132629
1081,0,36.1667,168.765,168.819,45000,30,30,0,0,1,132652
1082,0,36.2,168.821,168.873,45000,30,30,0,0,1,132673
1083,0,36.2333,168.875,168.93,45000,30,30,0,0,1,132696
1084,0,36.2667,168.93,168.986,45000,30,30,0,0,1,132719
1085,0,36.3,168.988,169.041,45000,30,30,0,0,1,132740
1086,0,36.3333,169.043,169.096,45000,30,30,0,0,1,132762
1087,0,36.3667,169.098,169.154,45000,30,30,0,0,1,132787
1088,0,36.4,169.156,169.211,45000,30,30,0,0,1,132811
1089,0,36.4333,169.213,169.268,45000,30,30,0,0,1,132834
1090,0,36.4667,169.27,169.326,45000,30,30,0,0,1,132859
1091,0,36.5,169.327,169.383,45000,30,30,0,0,1,132882
1092,0,36.5333,169.385,169.442,45000,30,30,0,0,1,132908
1093,0,36.5667,169.444,169.502,45000,30,30,0,0,1,132935
1094,0,36.6,169.504,169.559,45000,30,30,0,0,1,132959
1095,0,36.6333,169.561,169.618,45000,30,30,0,0,1,132984
1096,0,36.6667,169.62,169.68,45000,30,30,0,0,1,133013
1097,0,36.7,169.68,169.735,45000,30,30,0,0,1,133035
1098,0,36.7333,169.737,169.789,45000,30,30,0,0,1,133055
1099,0,36.7667,169.791,169.846,45000,30,30,0,0,1,133079
1100,0,36.8,169.848,169.901,45000,30,30,0,0,1,133100
1101,0,36.8333,169.903,169.956,45000,30,30,0,0,1,133122
1102,0,36.8667,169.958,170.012,45000,30,30,0,0,1,133145
1103,0,36.9,170.014,170.071,45000,30,30,0,0,1,133171
1104,0,36.9333,170.073,170.128,45000,30,30,0,0,1,133194
1105,0,36.9667,170.13,170.184,45000,30,30,0,0,1,133217
1106,0,37,170.186,170.243,45000,30,30,0,0,1,133242
1107,0,37.0333,170.245,170.304,45000,30,30,0,0,1,133270
1108,0,37.0667,170.306,170.363,45000,30,30,0,0,1,133296
1109,0,37.1,170.365,170.421,45000,30,30,0,0,1,133321
1110,1,37.1333,170.423,170.476,45000,30,30,0,0,1,133342
1111,0,37.1667,170.477,170.53,45000,30,30,0,0,1,133363
1112,0,37.2,170.532,170.587,45000,30,30,0,0,1,133387
1113,0,37.2333,170.589,170.643,45000,30,30,0,0,1,133409
1114,0,37.2667,170.645,170.698,45000,30,30,0,0,1,133431
1115,0,37.3,170.7,170.757,45000,30,30,0,0,1,133456
1116,0,37.3333,170.759,170.812,45000,30,30,0,0,1,133478
1117,0,37.3667,170.814,170.87,45000,30,30,0,0,1,133503
1118,0,37.4,170.872,170.927,45000,30,30,0,0,1,133527
1119,0,37.4333,170.929,170.984,45000,30,30,0,0,1,133550
1120,0,37.4667,170.986,171.04,45000,30,30,0,0,1,133573
1121,0,37.5,171.042,171.099,45000,30,30,0,0,1,133598
1122,0,37.5333,171.101,171.156,45000,30,30,0,0,1,133622
1123,0,37.5667,171.158,171.211,45000,30,30,0,0,1,133644
1124,0,37.6,171.213,171.266,45000,30,30,0,0,1,133666
1125,0,37.6333,171.268,171.324,45000,30,30,0,0,1,133690
1126,0,37.6667,171.326,171.379,45000,30,30,0,0,1,133712
1127,0,37.7,171.381,171.436,45000,30,30,0,0,1,133736
1128,0,37.7333,171.436,171.493,45000,30,30,0,0,1,133759
1129,0,37.7667,171.495,171.548,45000,30,30,0,0,1,133781
1130,0,37.8,171.55,171.604,45000,30,30,0,0,1,133803
1131,0,37.8333,171.606,171.661,45000,30,30,0,0,1,133827
1132,0,37.8667,171.663,171.717,45000,30,30,0,0,1,133850
1133,0,37.9,171.719,171.771,45000,30,30,0,0,1,133871
1134,0,37.9333,171.773,171.826,45000,30,30,0,0,1,133892
1135,0,37.9667,171.828,171.88,45000,30,30,0,0,1,133913
1136,0,38,171.882,171.937,45000,30,30,0,0,1,133936
1137,0,38.0333,171.939,171.994,45000,30,30,0,0,1,133960
1138,0,38.0667,171.996,172.049,45000,30,30,0,0,1,133982
1139,0,38.1,172.051,172.113,45000,30,30,0,0,1,134013
1140,1,38.1333,172.114,172.172,45000,30,30,0,0,1,134038
1141,0,38.1667,172.174,172.229,45000,30,30,0,0,1,134062
1142,0,38.2,172.231,172.284,45000,30,30,0,0,1,134084
1143,0,38.2333,172.286,172.339,45000,30,30,0,0,1,134105
1144,0,38.2667,172.341,172.397,45000,30,30,0,0,1,134130
1145,0,38.3,172.399,172.454,45000,30,30,0,0,1,134153
1146,0,38.3333,172.454,172.513,45000,30,30,0,0,1,134179
1147,0,38.3667,172.513,172.571,45000,30,30,0,0,1,134204
1148,0,38.4,172.573,172.628,45000,30,30,0,0,1,134228
1149,0,38.4333,172.63,172.685,45000,30,30,0,0,1,134251
1150,0,38.4667,172.687,172.741,45000,30,30,0,0,1,134274
1151,0,38.5,172.743,172.798,45000,30,30,0,0,1,134297
1152,0,38.5333,172.8,172.855,45000,30,30,0,0,1,134321
1153,0,38.5667,172.857,172.913,45000,30,30,0,0,1,134346
1154,0,38.6,172.915,172.972,45000,30,30,0,0,1,134372
1155,0,38.6333,172.974,173.029,45000,30,30,0,0,1,134395
1156,0,38.6667,173.029,173.085,45000,30,30,0,0,1,134418
1157,0,38.7,173.087,173.14,45000,30,30,0,0,1,134440
1158,0,38.7333,173.142,173.196,45000,30,30,0,0,1,134462
1159,0,38.7667,173.198,173.251,45000,30,30,0,0,1,134484
1160,0,38.8,173.253,173.309,45000,30,30,0,0,1,134508
1161,0,38.8333,173.311,173.37,45000,30,30,0,0,1,134536
1162,0,38.8667,173.372,173.427,45000,30,30,0,0,1,134560
1163,0,38.9,173.429,173.484,45000,30,30,0,0,1,134584
1164,0,38.9333,173.484,173.54,45000,30,30,0,0,1,134606
1165,0,38.9667,173.542,173.597,45000,30,30,0,0,1,134630
1166,0,39,173.599,173.652,45000,30,30,0,0,1,134651
1167,0,39.0333,173.654,173.709,45000,30,30,0,0,1,134675
1168,0,39.0667,173.711,173.762,45000,30,30,0,0,1,134695
1169,0,39.1,173.764,173.817,45000,30,30,0,0,1,134717
1170,1,39.1333,173.819,173.876,45000,30,30,0,0,1,134742
1171,0,39.1667,173.878,173.931,45000,30,30,0,0,1,134764
1172,0,39.2,173.933,173.986,45000,30,30,0,0,1,134786
1173,0,39.2333,173.988,174.043,45000,30,30,0,0,1,134809
1174,0,39.2667,174.045,174.1,45000,30,30,0,0,1,134833
1175,0,39.3,174.1,174.156,45000,30,30,0,0,1,134855
1176,0,39.3333,174.158,174.213,45000,30,30,0,0,1,134879
1177,0,39.3667,174.215,174.272,45000,30,30,0,0,1,134905
1178,0,39.4,174.274,174.328,45000,30,30,0,0,1,134928
1179,0,39.4333,174.33,174.385,45000,30,30,0,0,1,134951
1180,0,39.4667,174.387,174.442,45000,30,30,0,0,1,134975
1181,0,39.5,174.444,174.499,45000,30,30,0,0,1,134998
1182,0,39.5333,174.501,174.554,45000,30,30,0,0,1,135020
1183,0,39.5667,174.556,174.613,45000,30,30,0,0,1,135046
1184,0,39.6,174.615,174.67,45000,30,30,0,0,1,135070
1185,0,39.6333,174.672,174.726,45000,30,30,0,0,1,135092
1186,0,39.6667,174.728,174.787,45000,30,30,0,0,1,135120
1187,0,39.7,174.787,174.842,45000,30,30,0,0,1,135142
1188,0,39.7333,174.844,174.898,45000,30,30,0,0,1,135164
1189,0,39.7667,174.9,174.953,45000,30,30,0,0,1,135186
1190,0,39.8,174.955,175.009,45000,30,30,0,0,1,135208
1191,0,39.8333,175.011,175.066,45000,30,30,0,0,1,135232
1192,0,39.8667,175.068,175.124,45000,30,30,0,0,1,135257
1193,0,39.9,175.126,175.179,45000,30,30,0,0,1,135279
1194,0,39.9333,175.181,175.237,45000,30,30,0,0,1,135303
1195,0,39.9667,175.239,175.295,45000,30,30,0,0,1,135328
1196,0,40,175.297,175.352,45000,30,30,0,0,1,135351
1197,0,40.0333,175.354,175.408,45000,30,30,0,0,1,135374
1198,0,40.0667,175.41,175.465,45000,30,30,0,0,1,135398
1199,0,40.1,175.465,175.523,45000,30,30,0,0,1,135423
1200,1,40.1333,175.525,175.58,45000,30,30,0,0,1,135446
1201,0,40.1667,175.582,175.641,45000,30,30,0,0,1,135474
1202,0,40.2,175.643,175.696,45000,30,30,0,0,1,135496
1203,0,40.2333,175.698,175.749,45000,30,30,0,0,1,135515
1204,0,40.2667,175.749,175.804,45000,30,30,0,0,1,135537
1205,0,40.3,175.806,175.861,45000,30,30,0,0,1,135560
1206,0,40.3333,175.863,175.917,45000,30,30,0,0,1,135583
1207,0,40.3667,175.918,175.974,45000,30,30,0,0,1,135607
1208,0,40.4,175.976,176.029,45000,30,30,0,0,1,135629
1209,0,40.4333,176.031,176.088,45000,30,30,0,0,1,135654
1210,0,40.4667,176.09,176.147,45000,30,30,0,0,1,135680
1211,0,40.5,176.149,176.202,45000,30,30,0,0,1,135701
1212,0,40.5333,176.204,176.258,45000,30,30,0,0,1,135724
1213,0,40.5667,176.26,176.315,45000,30,30,0,0,1,135748
1214,0,40.6,176.317,176.372,45000,30,30,0,0,1,135772
1215,0,40.6333,176.374,176.427,45000,30,30,0,0,1,135793
1216,0,40.6667,176.429,176.484,45000,30,30,0,0,1,135817
1217,0,40.7,176.484,176.539,45000,30,30,0,0,1,135839
1218,0,40.7333,176.541,176.595,45000,30,30,0,0,1,135861
1219,0,40.7667,176.596,176.65,45000,30,30,0,0,1,135883
1220,0,40.8,176.652,176.709,45000,30,30,0,0,1,135908
1221,0,40.8333,176.711,176.764,45000,30,30,0,0,1,135930
1222,0,40.8667,176.766,176.824,45000,30,30,0,0,1,135957
1223,0,40.9,176.826,176.884,45000,30,30,0,0,1,135984
1224,0,40.9333,176.885,176.94,45000,30,30,0,0,1,136006
1225,0,40.9667,176.942,176.999,45000,30,30,0,0,1,136032
1226,0,41,177.001,177.06,45000,30,30,0,0,1,136059
1227,0,41.0333,177.062,177.122,45000,30,30,0,0,1,136088
1228,0,41.0667,177.124,177.178,45000,30,30,0,0,1,136111
1229,0,41.1,177.179,177.233,45000,30,30,0,0,1,136133
1230,1,41.1333,177.235,177.289,45000,30,30,0,0,1,136155
1231,0,41.1667,177.291,177.342,45000,30,30,0,0,1,136175
1232,0,41.2,177.344,177.399,45000,30,30,0,0,1,136199
1233,0,41.2333,177.401,177.457,45000,30,30,0,0,1,136223
1234,0,41.2667,177.459,177.512,45000,30,30,0,0,1,136245
1235,0,41.3,177.514,177.572,45000,30,30,0,0,1,136271
1236,0,41.3333,177.574,177.631,45000,30,30,0,0,1,136297
1237,0,41.3667,177.633,177.691,45000,30,30,0,0,1,136324
1238,0,41.4,177.693,177.75,45000,30,30,0,0,1,136350
1239,0,41.4333,177.752,177.811,45000,30,30,0,0,1,136377
1240,0,41.4667,177.813,177.875,45000,30,30,0,0,1,136408
1241,0,41.5,177.877,177.931,45000,30,30,0,0,1,136430
1242,0,41.5333,177.933,177.984,45000,30,30,0,0,1,136450
1243,0,41.5667,177.986,178.039,45000,30,30,0,0,1,136472
1244,0,41.6,178.041,178.094,45000,30,30,0,0,1,136494
1245,0,41.6333,178.096,178.152,45000,30,30,0,0,1,136518
1246,0,41.6667,178.154,178.209,45000,30,30,0,0,1,136542
1247,0,41.7,178.211,178.269,45000,30,30,0,0,1,136569
1248,0,41.7333,178.271,178.326,45000,30,30,0,0,1,136592
1249,0,41.7667,178.328,178.383,45000,30,30,0,0,1,136616
1250,0,41.8,178.385,178.441,45000,30,30,0,0,1,136640
1251,0,41.8333,178.443,178.498,45000,30,30,0,0,1,136664
1252,0,41.8667,178.5,178.553,45000,30,30,0,0,1,136686
1253,0,41.9,178.555,178.612,45000,30,30,0,0,1,136712
1254,0,41.9333,178.614,178.667,45000,30,30,0,0,1,136733
1255,0,41.9667,178.669,178.722,45000,30,30,0,0,1,136755
1256,0,42,178.724,178.78,45000,30,30,0,0,1,136779
1257,0,42.0333,178.781,178.837,45000,30,30,0,0,1,136803
1258,0,42.0667,178.839,178.892,45000,30,30,0,0,1,136825
1259,0,42.1,178.894,178.95,45000,30,30,0,0,1,136850
1260,1,42.1333,178.952,179.005,45000,30,30,0,0,1,136871
1261,0,42.1667,179.007,179.06,45000,30,30,0,0,1,136893
1262,0,42.2,179.062,179.119,45000,30,30,0,0,1,136919
1263,0,42.2333,179.121,179.174,45000,30,30,0,0,1,136940
1264,0,42.2667,179.176,179.23,45000,30,30,0,0,1,136963
1265,0,42.3,179.231,179.287,45000,30,30,0,0,1,136986
1266,0,42.3333,179.289,179.344,45000,30,30,0,0,1,137010
1267,0,42.3667,179.346,179.401,45000,30,30,0,0,1,137034
1268,0,42.4,179.403,179.458,45000,30,30,0,0,1,137058
1269,0,42.4333,179.46,179.515,45000,30,30,0,0,1,137081
1270,0,42.4667,179.517,179.572,45000,30,30,0,0,1,137105
1271,0,42.5,179.574,179.629,45000,30,30,0,0,1,137128
1272,0,42.5333,179.631,179.686,45000,30,30,0,0,1,137152
1273,0,42.5667,179.688,179.743,45000,30,30,0,0,1,137176
1274,0,42.6,179.745,179.804,45000,30,30,0,0,1,137204
1275,0,42.6333,179.806,179.86,45000,30,30,0,0,1,137226
1276,0,42.6667,179.862,179.915,45000,30,30,0,0,1,137248
1277,0,42.7,179.917,179.97,45000,30,30,0,0,1,137270
1278,0,42.7333,179.972,180.027,45000,30,30,0,0,1,137293
1279,0,42.7667,180.029,180.084,45000,30,30,0,0,1,137317
1280,0,42.8,180.085,180.141,45000,30,30,0,0,1,137340
1281,0,42.8333,180.141,180.196,45000,30,30,0,0,1,137362
1282,0,42.8667,180.198,180.251,45000,30,30,0,0,1,137384
1283,0,42.9,180.253,180.309,45000,30,30,0,0,1,137409
1284,0,42.9333,180.311,180.368,45000,30,30,0,0,1,137434
1285,0,42.9667,180.37,180.425,45000,30,30,0,0,1,137458
1286,0,43,180.427,180.48,45000,30,30,0,0,1,137479
1287,0,43.0333,180.482,180.54,45000,30,30,0,0,1,137506
1288,0,43.0667,180.54,180.597,45000,30,30,0,0,1,137530
1289,0,43.1,180.599,180.652,45000,30,30,0,0,1,137552
1290,1,43.1333,180.654,180.712,45000,30,30,0,0,1,137578
1291,0,43.1667,180.713,180.773,45000,30,30,0,0,1,137606
1292,0,43.2,180.775,180.828,45000,30,30,0,0,1,137628
1293,0,43.2333,180.83,180.885,45000,30,30,0,0,1,137651
1294,0,43.2667,180.887,180.943,45000,30,30,0,0,1,137676
1295,0,43.3,180.945,180.998,45000,30,30,0,0,1,137697
1296,0,43.3333,181,181.055,45000,30,30,0,0,1,137721
1297,0,43.3667,181.057,181.112,45000,30,30,0,0,1,137745
1298,0,43.4,181.114,181.167,45000,30,30,0,0,1,137767
1299,0,43.4333,181.169,181.224,45000,30,30,0,0,1,137790
1300,0,43.4667,181.226,181.281,45000,30,30,0,0,1,137814
1301,0,43.5,181.283,181.337,45000,30,30,0,0,1,137836
1302,0,43.5333,181.339,181.394,45000,30,30,0,0,1,137860
1303,0,43.5667,181.395,181.451,45000,30,30,0,0,1,137884
1304,0,43.6,181.453,181.508,45000,30,30,0,0,1,137908
1305,0,43.6333,181.51,181.563,45000,30,30,0,0,1,137929
1306,0,43.6667,181.565,181.62,45000,30,30,0,0,1,137953
1307,0,43.7,181.622,181.677,45000,30,30,0,0,1,137977
1308,0,43.7333,181.679,181.732,45000,30,30,0,0,1,137998
1309,0,43.7667,181.734,181.789,45000,30,30,0,0,1,138022
1310,0,43.8,181.791,181.846,45000,30,30,0,0,1,138045
1311,0,43.8333,181.848,181.905,45000,30,30,0,0,1,138071
1312,0,43.8667,181.907,181.964,45000,30,30,0,0,1,138097
1313,0,43.9,181.966,182.02,45000,30,30,0,0,1,138120
1314,0,43.9333,182.022,182.075,45000,30,30,0,0,1,138141
1315,0,43.9667,182.077,182.13,45000,30,30,0,0,1,138163
1316,0,44,182.132,182.187,45000,30,30,0,0,1,138186
1317,0,44.0333,182.189,182.244,45000,30,30,0,0,1,138210
1318,0,44.0667,182.246,182.303,45000,30,30,0,0,1,138236
1319,0,44.1,182.305,182.364,45000,30,30,0,0,1,138264
1320,1,44.1333,182.366,182.423,45000,30,30,0,0,1,138289
1321,0,44.1667,182.425,182.482,45000,30,30,0,0,1,138315
1322,0,44.2,182.484,182.541,45000,30,30,0,0,1,138341
1323,0,44.2333,182.543,182.599,45000,30,30,0,0,1,138365
1324,0,44.2667,182.601,182.655,45000,30,30,0,0,1,138388
1325,0,44.3,182.657,182.708,45000,30,30,0,0,1,138407
1326,0,44.3333,182.708,182.761,45000,30,30,0,0,1,138427
1327,0,44.3667,182.763,182.817,45000,30,30,0,0,1,138450
1328,0,44.4,182.819,182.874,45000,30,30,0,0,1,138474
1329,0,44.4333,182.876,182.929,45000,30,30,0,0,1,138495
1330,0,44.4667,182.931,182.984,45000,30,30,0,0,1,138517
1331,0,44.5,182.986,183.039,45000,30,30,0,0,1,138538
1332,0,44.5333,183.041,183.094,45000,30,30,0,0,1,138560
1333,0,44.5667,183.096,183.152,45000,30,30,0,0,1,138585
1334,0,44.6,183.152,183.207,45000,30,30,0,0,1,138607
1335,0,44.6333,183.209,183.263,45000,30,30,0,0,1,138629
1336,0,44.6667,183.265,183.32,45000,30,30,0,0,1,138653
1337,0,44.7,183.322,183.378,45000,30,30,0,0,1,138678
1338,0,44.7333,183.38,183.434,45000,30,30,0,0,1,138700
1339,0,44.7667,183.435,183.489,45000,30,30,0,0,1,138722
1340,0,44.8,183.491,183.547,45000,30,30,0,0,1,138746
1341,0,44.8333,183.549,183.606,45000,30,30,0,0,1,138772
1342,0,44.8667,183.608,183.662,45000,30,30,0,0,1,138795
1343,0,44.9,183.664,183.719,45000,30,30,0,0,1,138819
1344,0,44.9333,183.721,183.775,45000,30,30,0,0,1,138841
1345,0,44.9667,183.777,183.831,45000,30,30,0,0,1,138864
1346,0,45,183.833,183.885,45000,30,30,0,0,1,138884
1347,0,45.0333,183.887,183.94,45000,30,30,0,0,1,138906
1348,0,45.0667,183.942,183.995,45000,30,30,0,0,1,138928
1349,0,45.1,183.997,184.048,45000,30,30,0,0,1,138948
1350,1,45.1333,184.049,184.1,45000,30,30,0,0,1,138966
1351,0,45.1667,184.102,184.155,45000,30,30,0,0,1,138988
1352,0,45.2,184.157,184.206,45000,30,30,0,0,1,139006
1353,0,45.2333,184.208,184.261,45000,30,30,0,0,1,139027
1354,0,45.2667,184.263,184.315,45000,30,30,0,0,1,139048
1355,0,45.3,184.317,184.368,45000,30,30,0,0,1,139067
1356,0,45.3333,184.37,184.423,45000,30,30,0,0,1,139089
1357,0,45.3667,184.425,184.476,45000,30,30,0,0,1,139109
1358,0,45.4,184.478,184.535,45000,30,30,0,0,1,139135
1359,0,45.4333,184.535,184.588,45000,30,30,0,0,1,139154
1360,0,45.4667,184.59,184.641,45000,30,30,0,0,1,139174
1361,0,45.5,184.642,184.695,45000,30,30,0,0,1,139194
1362,0,45.5333,184.697,184.748,45000,30,30,0,0,1,139214
1363,0,45.5667,184.75,184.801,45000,30,30,0,0,1,139234
1364,0,45.6,184.803,184.854,45000,30,30,0,0,1,139254
1365,0,45.6333,184.856,184.909,45000,30,30,0,0,1,139275
1366,0,45.6667,184.911,184.964,45000,30,30,0,0,1,139297
1367,0,45.7,184.965,185.017,45000,30,30,0,0,1,139317
1368,0,45.7333,185.018,185.072,45000,30,30,0,0,1,139338
1369,0,45.7667,185.074,185.13,45000,30,30,0,0,1,139363
1370,0,45.8,185.132,185.189,45000,30,30,0,0,1,139388
1371,0,45.8333,185.191,185.249,45000,30,30,0,0,1,139415
1372,0,45.8667,185.251,185.304,45000,30,30,0,0,1,139437
1373,0,45.9,185.306,185.36,45000,30,30,0,0,1,139460
1374,0,45.9333,185.362,185.417,45000,30,30,0,0,1,139483
1375,0,45.9667,185.419,185.472,45000,30,30,0,0,1,139505
1376,0,46,185.474,185.528,45000,30,30,0,0,1,139527
1377,0,46.0333,185.53,185.585,45000,30,30,0,0,1,139551
1378,0,46.0667,185.587,185.64,45000,30,30,0,0,1,139573
1379,0,46.1,185.642,185.695,45000,30,30,0,0,1,139595
1380,1,46.1333,185.697,185.754,45000,30,30,0,0,1,139620
1381,0,46.1667,185.756,185.812,45000,30,30,0,0,1,139645
1382,0,46.2,185.813,185.867,45000,30,30,0,0,1,139667
1383,0,46.2333,185.869,185.924,45000,30,30,0,0,1,139690
1384,0,46.2667,185.926,185.979,45000,30,30,0,0,1,139712
1385,0,46.3,185.981,186.034,45000,30,30,0,0,1,139733
1386,0,46.3333,186.036,186.092,45000,30,30,0,0,1,139758
1387,0,46.3667,186.094,186.147,45000,30,30,0,0,1,139780
1388,0,46.4,186.149,186.205,45000,30,30,0,0,1,139805
1389,0,46.4333,186.207,186.26,45000,30,30,0,0,1,139826
1390,0,46.4667,186.262,186.318,45000,30,30,0,0,1,139851
1391,0,46.5,186.32,186.373,45000,30,30,0,0,1,139872
1392,0,46.5333,186.375,186.432,45000,30,30,0,0,1,139898
1393,0,46.5667,186.434,186.49,45000,30,30,0,0,1,139923
1394,0,46.6,186.492,186.545,45000,30,30,0,0,1,139945
1395,0,46.6333,186.547,186.601,45000,30,30,0,0,1,139967
1396,0,46.6667,186.603,186.658,45000,30,30,0,0,1,139991
1397,0,46.7,186.66,186.714,45000,30,30,0,0,1,140014
1398,0,46.7333,186.716,186.771,45000,30,30,0,0,1,140037
1399,0,46.7667,186.773,186.829,45000,30,30,0,0,1,140062
1400,0,46.8,186.831,186.884,45000,30,30,0,0,1,140083
1401,0,46.8333,186.886,186.937,45000,30,30,0,0,1,140103
1402,0,46.8667,186.939,186.993,45000,30,30,0,0,1,140126
1403,0,46.9,186.995,187.048,45000,30,30,0,0,1,140148
1404,0,46.9333,187.05,187.106,45000,30,30,0,0,1,140172
1405,0,46.9667,187.108,187.164,45000,30,30,0,0,1,140197
1406,0,47,187.166,187.223,45000,30,30,0,0,1,140222
1407,0,47.0333,187.225,187.281,45000,30,30,0,0,1,140247
1408,0,47.0667,187.283,187.336,45000,30,30,0,0,1,140269
1409,0,47.1,187.338,187.392,45000,30,30,0,0,1,140292
1410,1,47.1333,187.394,187.451,45000,30,30,0,0,1,140317
1411,0,47.1667,187.451,187.507,45000,30,30,0,0,1,140340
1412,0,47.2,187.509,187.563,45000,30,30,0,0,1,140363
1413,0,47.2333,187.565,187.62,45000,30,30,0,0,1,140386
1414,0,47.2667,187.622,187.676,45000,30,30,0,0,1,140409
1415,0,47.3,187.678,187.732,45000,30,30,0,0,1,140431
1416,0,47.3333,187.734,187.787,45000,30,30,0,0,1,140453
1417,0,47.3667,187.789,187.845,45000,30,30,0,0,1,140478
1418,0,47.4,187.847,187.9,45000,30,30,0,0,1,140500
1419,0,47.4333,187.902,187.958,45000,30,30,0,0,1,140524
1420,0,47.4667,187.958,188.013,45000,30,30,0,0,1,140546
1421,0,47.5,188.015,188.071,45000,30,30,0,0,1,140570
1422,0,47.5333,188.073,188.129,45000,30,30,0,0,1,140595
1423,0,47.5667,188.131,188.184,45000,30,30,0,0,1,140617
1424,0,47.6,188.186,188.24,45000,30,30,0,0,1,140640
1425,0,47.6333,188.242,188.303,45000,30,30,0,0,1,140669
1426,0,47.6667,188.305,188.363,45000,30,30,0,0,1,140696
1427,0,47.7,188.365,188.422,45000,30,30,0,0,1,140722
1428,0,47.7333,188.424,188.478,45000,30,30,0,0,1,140744
1429,0,47.7667,188.48,188.537,45000,30,30,0,0,1,140770
1430,0,47.8,188.539,188.593,45000,30,30,0,0,1,140792
1431,0,47.8333,188.595,188.648,45000,30,30,0,0,1,140814
1432,0,47.8667,188.65,188.703,45000,30,30,0,0,1,140836
1433,0,47.9,188.705,188.761,45000,30,30,0,0,1,140861
1434,0,47.9333,188.763,188.82,45000,30,30,0,0,1,140886
1435,0,47.9667,188.82,188.877,45000,30,30,0,0,1,140910
1436,0,48,188.879,188.935,45000,30,30,0,0,1,140934
1437,0,48.0333,188.937,188.989,45000,30,30,0,0,1,140955
1438,0,48.0667,188.991,189.04,45000,30,30,0,0,1,140973
1439,0,48.1,189.04,189.097,45000,30,30,0,0,1,140997
1440,1,48.1333,189.099,189.152,45000,30,30,0,0,1,141018
1441,0,48.1667,189.154,189.21,45000,30,30,0,0,1,141043
1442,0,48.2,189.212,189.267,45000,30,30,0,0,1,141067
1443,0,48.2333,189.269,189.324,45000,30,30,0,0,1,141090
1444,0,48.2667,189.326,189.38,45000,30,30,0,0,1,141113
1445,0,48.3,189.382,189.435,45000,30,30,0,0,1,141134
1446,0,48.3333,189.437,189.49,45000,30,30,0,0,1,141156
1447,0,48.3667,189.492,189.548,45000,30,30,0,0,1,141181
1448,0,48.4,189.55,189.607,45000,30,30,0,0,1,141207
1449,0,48.4333,189.609,189.666,45000,30,30,0,0,1,141232
1450,0,48.4667,189.668,189.726,45000,30,30,0,0,1,141259
1451,0,48.5,189.728,189.785,45000,30,30,0,0,1,141284
1452,0,48.5333,189.787,189.84,45000,30,30,0,0,1,141306
1453,0,48.5667,189.841,189.896,45000,30,30,0,0,1,141329
1454,0,48.6,189.897,189.955,45000,30,30,0,0,1,141355
1455,0,48.6333,189.957,190.012,45000,30,30,0,0,1,141378
1456,0,48.6667,190.014,190.067,45000,30,30,0,0,1,141400
1457,0,48.7,190.069,190.125,45000,30,30,0,0,1,141425
1458,0,48.7333,190.125,190.18,45000,30,30,0,0,1,141446
1459,0,48.7667,190.182,190.235,45000,30,30,0,0,1,141468
1460,0,48.8,190.237,190.294,45000,30,30,0,0,1,141493
1461,0,48.8333,190.296,190.349,45000,30,30,0,0,1,141515
1462,0,48.8667,190.351,190.404,45000,30,30,0,0,1,141537
1463,0,48.9,190.406,190.461,45000,30,30,0,0,1,141561
1464,0,48.9333,190.463,190.516,45000,30,30,0,0,1,141582
1465,0,48.9667,190.518,190.571,45000,30,30,0,0,1,141604
1466,0,49,190.573,190.628,45000,30,30,0,0,1,141627
1467,0,49.0333,190.632,190.687,45000,30,30,0,0,1,141653
1468,0,49.0667,190.689,190.742,45000,30,30,0,0,1,141675
1469,0,49.1,190.744,190.798,45000,30,30,0,0,1,141698
1470,1,49.1333,190.8,190.856,45000,30,30,0,0,1,141722
1471,0,49.1667,190.858,190.913,45000,30,30,0,0,1,141746
1472,0,49.2,190.915,190.972,45000,30,30,0,0,1,141772
1473,0,49.2333,190.974,191.028,45000,30,30,0,0,1,141794
1474,0,49.2667,191.03,191.089,45000,30,30,0,0,1,141822
1475,0,49.3,191.091,191.148,45000,30,30,0,0,1,141847
1476,0,49.3333,191.15,191.211,45000,30,30,0,0,1,141877
1477,0,49.3667,191.213,191.27,45000,30,30,0,0,1,141903
1478,0,49.4,191.272,191.331,45000,30,30,0,0,1,141931
1479,0,49.4333,191.333,191.386,45000,30,30,0,0,1,141952
1480,0,49.4667,191.388,191.445,45000,30,30,0,0,1,141978
1481,0,49.5,191.447,191.501,45000,30,30,0,0,1,142000
1482,0,49.5333,191.503,191.56,45000,30,30,0,0,1,142026
1483,0,49.5667,191.562,191.619,45000,30,30,0,0,1,142052
1484,0,49.6,191.621,191.676,45000,30,30,0,0,1,142076
1485,0,49.6333,191.678,191.732,45000,30,30,0,0,1,142098
1486,0,49.6667,191.734,191.787,45000,30,30,0,0,1,142120
1487,0,49.7,191.789,191.845,45000,30,30,0,0,1,142145
1488,0,49.7333,191.846,191.9,45000,30,30,0,0,1,142166
1489,0,49.7667,191.902,191.955,45000,30,30,0,0,1,142188
1490,0,49.8,191.957,192.011,45000,30,30,0,0,1,142210
1491,0,49.8333,192.013,192.066,45000,30,30,0,0,1,142232
1492,0,49.8667,192.068,192.123,45000,30,30,0,0,1,142256
1493,0,49.9,192.125,192.178,45000,30,30,0,0,1,142278
1494,0,49.9333,192.18,192.236,45000,30,30,0,0,1,142302
1495,0,49.9667,192.238,192.291,45000,30,30,0,0,1,142324
1496,0,50,192.293,192.348,45000,30,30,0,0,1,142347
1497,0,50.0333,192.35,192.406,45000,30,30,0,0,1,142372
1498,0,50.0667,192.408,192.463,45000,30,30,0,0,1,142396
1499,0,50.1,192.463,192.519,45000,30,30,0,0,1,142419
1500,1,50.1333,192.521,192.576,45000,30,30,0,0,1,142442
1501,0,50.1667,192.578,192.635,45000,30,30,0,0,1,142468
1502,0,50.2,192.635,192.691,45000,30,30,0,0,1,142491
1503,0,50.2333,192.693,192.746,45000,30,30,0,0,1,142512
1504,0,50.2667,192.748,192.803,45000,30,30,0,0,1,142536
1505,0,50.3,192.805,192.858,45000,30,30,0,0,1,142557
1506,0,50.3333,192.86,192.913,45000,30,30,0,0,1,142579
1507,0,50.3667,192.915,192.968,45000,30,30,0,0,1,142601
1508,0,50.4,192.97,193.023,45000,30,30,0,0,1,142623
1509,0,50.4333,193.025,193.078,45000,30,30,0,0,1,142644
1510,0,50.4667,193.08,193.137,45000,30,30,0,0,1,142670
1511,0,50.5,193.139,193.195,45000,30,30,0,0,1,142694
1512,0,50.5333,193.197,193.252,45000,30,30,0,0,1,142718
1513,0,50.5667,193.254,193.309,45000,30,30,0,0,1,142742
1514,0,50.6,193.311,193.366,45000,30,30,0,0,1,142766
1515,0,50.6333,193.368,193.423,45000,30,30,0,0,1,142789
1516,0,50.6667,193.425,193.479,45000,30,30,0,0,1,142812
1517,0,50.7,193.481,193.534,45000,30,30,0,0,1,142834
1518,0,50.7333,193.536,193.592,45000,30,30,0,0,1,142858
1519,0,50.7667,193.593,193.647,45000,30,30,0,0,1,142880
1520,0,50.8,193.649,193.706,45000,30,30,0,0,1,142905
1521,0,50.8333,193.708,193.762,45000,30,30,0,0,1,142928
1522,0,50.8667,193.764,193.819,45000,30,30,0,0,1,142952
1523,0,50.9,193.823,193.883,45000,30,30,0,0,1,142983
1524,0,50.9333,193.885,193.946,45000,30,30,0,0,1,143012
1525,0,50.9667,193.948,194.006,45000,30,30,0,0,1,143039
1526,0,51,194.008,194.061,45000,30,30,0,0,1,143060
1527,0,51.0333,194.063,194.119,45000,30,30,0,0,1,143085
1528,0,51.0667,194.121,194.178,45000,30,30,0,0,1,143111
1529,0,51.1,194.18,194.234,45000,30,30,0,0,1,143134
1530,1,51.1333,194.236,194.29,45000,30,30,0,0,1,143156
1531,0,51.1667,194.292,194.347,45000,30,30,0,0,1,143180
1532,0,51.2,194.349,194.405,45000,30,30,0,0,1,143205
1533,0,51.2333,194.407,194.462,45000,30,30,0,0,1,143228
1534,0,51.2667,194.464,194.522,45000,30,30,0,0,1,143255
1535,0,51.3,194.524,194.579,45000,30,30,0,0,1,143278
1536,0,51.3333,194.581,194.635,45000,30,30,0,0,1,143301
1537,0,51.3667,194.636,194.687,45000,30,30,0,0,1,143320
1538,0,51.4,194.689,194.737,45000,30,30,0,0,1,143337
1539,0,51.4333,194.739,194.794,45000,30,30,0,0,1,143360
1540,0,51.4667,194.796,194.849,45000,30,30,0,0,1,143382
1541,0,51.5,194.851,194.905,45000,30,30,0,0,1,143404
1542,0,51.5333,194.907,194.962,45000,30,30,0,0,1,143428
1543,0,51.5667,194.964,195.019,45000,30,30,0,0,1,143452
1544,0,51.6,195.021,195.074,45000,30,30,0,0,1,143474
1545,0,51.6333,195.076,195.132,45000,30,30,0,0,1,143498
1546,0,51.6667,195.134,195.187,45000,30,30,0,0,1,143520
1547,0,51.7,195.189,195.244,45000,30,30,0,0,1,143544
1548,0,51.7333,195.246,195.297,45000,30,30,0,0,1,143563
1549,0,51.7667,195.299,195.354,45000,30,30,0,0,1,143587
1550,0,51.8,195.356,195.411,45000,30,30,0,0,1,143610
1551,0,51.8333,195.413,195.466,45000,30,30,0,0,1,143632
1552,0,51.8667,195.468,195.522,45000,30,30,0,0,1,143655
1553,0,51.9,195.524,195.579,45000,30,30,0,0,1,143679
1554,0,51.9333,195.581,195.633,45000,30,30,0,0,1,143699
1555,0,51.9667,195.635,195.688,45000,30,30,0,0,1,143721
1556,0,52,195.69,195.744,45000,30,30,0,0,1,143743
1557,0,52.0333,195.746,195.799,45000,30,30,0,0,1,143765
1558,0,52.0667,195.801,195.854,45000,30,30,0,0,1,143787
1559,0,52.1,195.856,195.911,45000,30,30,0,0,1,143811
1560,1,52.1333,195.913,195.966,45000,30,30,0,0,1,143832
1561,0,52.1667,195.968,196.021,45000,30,30,0,0,1,143854
1562,0,52.2,196.023,196.08,45000,30,30,0,0,1,143880
1563,0,52.2333,196.082,196.136,45000,30,30,0,0,1,143902
1564,0,52.2667,196.138,196.189,45000,30,30,0,0,1,143922
1565,0,52.3,196.191,196.246,45000,30,30,0,0,1,143945
1566,0,52.3333,196.248,196.301,45000,30,30,0,0,1,143967
1567,0,52.3667,196.303,196.357,45000,30,30,0,0,1,143990
1568,0,52.4,196.359,196.416,45000,30,30,0,0,1,144016
1569,0,52.4333,196.418,196.472,45000,30,30,0,0,1,144038
1570,0,52.4667,196.474,196.531,45000,30,30,0,0,1,144064
1571,0,52.5,196.533,196.589,45000,30,30,0,0,1,144088
1572,0,52.5333,196.589,196.643,45000,30,30,0,0,1,144109
1573,0,52.5667,196.645,196.698,45000,30,30,0,0,1,144131
1574,0,52.6,196.7,196.754,45000,30,30,0,0,1,144154
1575,0,52.6333,196.756,196.808,45000,30,30,0,0,1,144174
1576,0,52.6667,196.81,196.862,45000,30,30,0,0,1,144195
1577,0,52.7,196.864,196.917,45000,30,30,0,0,1,144217
1578,0,52.7333,196.919,196.974,45000,30,30,0,0,1,144240
1579,0,52.7667,196.976,197.031,45000,30,30,0,0,1,144264
1580,0,52.8,197.033,197.088,45000,30,30,0,0,1,144287
1581,0,52.8333,197.09,197.144,45000,30,30,0,0,1,144310
1582,0,52.8667,197.146,197.201,45000,30,30,0,0,1,144334
1583,0,52.9,197.203,197.257,45000,30,30,0,0,1,144357
1584,0,52.9333,197.259,197.312,45000,30,30,0,0,1,144378
1585,0,52.9667,197.312,197.367,45000,30,30,0,0,1,144400
1586,0,53,197.369,197.424,45000,30,30,0,0,1,144423
1587,0,53.0333,197.426,197.483,45000,30,30,0,0,1,144449
1588,0,53.0667,197.485,197.538,45000,30,30,0,0,1,144471
1589,0,53.1,197.54,197.59,45000,30,30,0,0,1,144490
1590,1,53.1333,197.592,197.639,45000,30,30,0,0,1,144505
1591,0,53.1667,197.641,197.699,45000,30,30,0,0,1,144532
1592,0,53.2,197.701,197.756,45000,30,30,0,0,1,144556
1593,0,53.2333,197.758,197.816,45000,30,30,0,0,1,144582
1594,0,53.2667,197.818,197.874,45000,30,30,0,0,1,144607
1595,0,53.3,197.876,197.93,45000,30,30,0,0,1,144629
1596,0,53.3333,197.932,197.987,45000,30,30,0,0,1,144653
1597,0,53.3667,197.989,198.043,45000,30,30,0,0,1,144676
1598,0,53.4,198.045,198.099,45000,30,30,0,0,1,144699
1599,0,53.4333,198.101,198.154,45000,30,30,0,0,1,144720
1600,0,53.4667,198.156,198.212,45000,30,30,0,0,1,144745
1601,0,53.5,198.214,198.269,45000,30,30,0,0,1,144768
1602,0,53.5333,198.271,198.325,45000,30,30,0,0,1,144791
1603,0,53.5667,198.327,198.382,45000,30,30,0,0,1,144815
1604,0,53.6,198.384,198.441,45000,30,30,0,0,1,144841
1605,0,53.6333,198.443,198.497,45000,30,30,0,0,1,144863
1606,0,53.6667,198.499,198.554,45000,30,30,0,0,1,144887
1607,0,53.7,198.556,198.611,45000,30,30,0,0,1,144911
1608,0,53.7333,198.613,198.668,45000,30,30,0,0,1,144934
1609,0,53.7667,198.67,198.729,45000,30,30,0,0,1,144962
1610,0,53.8,198.731,198.788,45000,30,30,0,0,1,144987
1611,0,53.8333,198.79,198.843,45000,30,30,0,0,1,145009
1612,0,53.8667,198.845,198.903,45000,30,30,0,0,1,145036
1613,0,53.9,198.905,198.96,45000,30,30,0,0,1,145060
1614,0,53.9333,198.962,199.016,45000,30,30,0,0,1,145082
1615,0,53.9667,199.018,199.07,45000,30,30,0,0,1,145103
1616,0,54,199.072,199.129,45000,30,30,0,0,1,145128
1617,0,54.0333,199.131,199.187,45000,30,30,0,0,1,145153
1618,0,54.0667,199.189,199.243,45000,30,30,0,0,1,145176
1619,0,54.1,199.244,199.298,45000,30,30,0,0,1,145198
1620,1,54.1333,199.3,199.356,45000,30,30,0,0,1,145222
1621,0,54.1667,199.358,199.411,45000,30,30,0,0,1,145244
1622,0,54.2,199.413,199.469,45000,30,30,0,0,1,145269
1623,0,54.2333,199.471,199.524,45000,30,30,0,0,1,145290
1624,0,54.2667,199.526,199.579,45000,30,30,0,0,1,145312
1625,0,54.3,199.581,199.637,45000,30,30,0,0,1,145336
1626,0,54.3333,199.639,199.692,45000,30,30,0,0,1,145358
1627,0,54.3667,199.694,199.749,45000,30,30,0,0,1,145382
1628,0,54.4,199.751,199.807,45000,30,30,0,0,1,145407
1629,0,54.4333,199.809,199.862,45000,30,30,0,0,1,145428
1630,0,54.4667,199.864,199.922,45000,30,30,0,0,1,145455
1631,0,54.5,199.924,199.981,45000,30,30,0,0,1,145480
1632,0,54.5333,199.983,200.036,45000,30,30,0,0,1,145502
1633,0,54.5667,200.038,200.091,45000,30,30,0,0,1,145524
1634,0,54.6,200.093,200.15,45000,30,30,0,0,1,145550
1635,0,54.6333,200.152,200.207,45000,30,30,0,0,1,145573
1636,0,54.6667,200.209,200.266,45000,30,30,0,0,1,145599
1637,0,54.7,200.268,200.32,45000,30,30,0,0,1,145620
1638,0,54.7333,200.322,200.374,45000,30,30,0,0,1,145640
1639,0,54.7667,200.376,200.433,45000,30,30,0,0,1,145666
1640,0,54.8,200.435,200.49,45000,30,30,0,0,1,145689
1641,0,54.8333,200.492,200.548,45000,30,30,0,0,1,145714
1642,0,54.8667,200.55,200.605,45000,30,30,0,0,1,145738
1643,0,54.9,200.607,200.661,45000,30,30,0,0,1,145761
1644,0,54.9333,200.663,200.72,45000,30,30,0,0,1,145786
1645,0,54.9667,200.722,200.775,45000,30,30,0,0,1,145808
1646,0,55,200.777,200.832,45000,30,30,0,0,1,145831
1647,0,55.0333,200.834,200.889,45000,30,30,0,0,1,145855
1648,0,55.0667,200.893,200.949,45000,30,30,0,0,1,145882
1649,0,55.1,200.951,201.006,45000,30,30,0,0,1,145906
1650,1,55.1333,201.008,201.065,45000,30,30,0,0,1,145931
1651,0,55.1667,201.067,201.122,45000,30,30,0,0,1,145955
1652,0,55.2,201.124,201.177,45000,30,30,0,0,1,145977
1653,0,55.2333,201.179,201.234,45000,30,30,0,0,1,146000
1654,0,55.2667,201.236,201.293,45000,30,30,0,0,1,146026
1655,0,55.3,201.295,201.348,45000,30,30,0,0,1,146047
1656,0,55.3333,201.35,201.407,45000,30,30,0,0,1,146073
1657,0,55.3667,201.409,201.464,45000,30,30,0,0,1,146097
1658,0,55.4,201.466,201.521,45000,30,30,0,0,1,146121
1659,0,55.4333,201.521,201.578,45000,30,30,0,0,1,146144
1660,0,55.4667,201.58,201.637,45000,30,30,0,0,1,146170
1661,0,55.5,201.639,201.692,45000,30,30,0,0,1,146191
1662,0,55.5333,201.694,201.748,45000,30,30,0,0,1,146214
1663,0,55.5667,201.75,201.803,45000,30,30,0,0,1,146236
1664,0,55.6,201.805,201.858,45000,30,30,0,0,1,146258
1665,0,55.6333,201.86,201.914,45000,30,30,0,0,1,146280
1666,0,55.6667,201.916,201.973,45000,30,30,0,0,1,146306
1667,0,55.7,201.975,202.028,45000,30,30,0,0,1,146328
1668,0,55.7333,202.03,202.085,45000,30,30,0,0,1,146351
1669,0,55.7667,202.087,202.141,45000,30,30,0,0,1,146374
1670,0,55.8,202.143,202.198,45000,30,30,0,0,1,146397
1671,0,55.8333,202.2,202.253,45000,30,30,0,0,1,146419
1672,0,55.8667,202.255,202.31,45000,30,30,0,0,1,146443
1673,0,55.9,202.312,202.37,45000,30,30,0,0,1,146470
1674,0,55.9333,202.372,202.427,45000,30,30,0,0,1,146493
1675,0,55.9667,202.429,202.482,45000,30,30,0,0,1,146515
1676,0,56,202.484,202.542,45000,30,30,0,0,1,146541
1677,0,56.0333,202.544,202.597,45000,30,30,0,0,1,146563
1678,0,56.0667,202.599,202.654,45000,30,30,0,0,1,146587
1679,0,56.1,202.656,202.71,45000,30,30,0,0,1,146610
1680,1,56.1333,202.711,202.765,45000,30,30,0,0,1,146631
1681,0,56.1667,202.767,202.822,45000,30,30,0,0,1,146655
1682,0,56.2,202.824,202.883,45000,30,30,0,0,1,146683
1683,0,56.2333,202.884,202.941,45000,30,30,0,0,1,146707
1684,0,56.2667,202.943,202.998,45000,30,30,0,0,1,146731
1685,0,56.3,203,203.055,45000,30,30,0,0,1,146754
1686,0,56.3333,203.057,203.112,45000,30,30,0,0,1,146778
1687,0,56.3667,203.114,203.167,45000,30,30,0,0,1,146800
1688,0,56.4,203.169,203.225,45000,30,30,0,0,1,146825
1689,0,56.4333,203.227,203.282,45000,30,30,0,0,1,146848
1690,0,56.4667,203.284,203.339,45000,30,30,0,0,1,146872
1691,0,56.5,203.341,203.397,45000,30,30,0,0,1,146896
1692,0,56.5333,203.399,203.449,45000,30,30,0,0,1,146915
1693,0,56.5667,203.449,203.502,45000,30,30,0,0,1,146935
1694,0,56.6,203.502,203.557,45000,30,30,0,0,1,146957
1695,0,56.6333,203.559,203.613,45000,30,30,0,0,1,146979
1696,0,56.6667,203.615,203.671,45000,30,30,0,0,1,147004
1697,0,56.7,203.672,203.726,45000,30,30,0,0,1,147026
1698,0,56.7333,203.728,203.781,45000,30,30,0,0,1,147047
1699,0,56.7667,203.783,203.838,45000,30,30,0,0,1,147071
1700,0,56.8,203.84,203.893,45000,30,30,0,0,1,147092
1701,0,56.8333,203.895,203.948,45000,30,30,0,0,1,147114
1702,0,56.8667,203.95,204.006,45000,30,30,0,0,1,147139
1703,0,56.9,204.008,204.061,45000,30,30,0,0,1,147161
1704,0,56.9333,204.063,204.116,45000,30,30,0,0,1,147182
1705,0,56.9667,204.118,204.173,45000,30,30,0,0,1,147206
1706,0,57,204.175,204.23,45000,30,30,0,0,1,147229
1707,0,57.0333,204.232,204.287,45000,30,30,0,0,1,147253
1708,0,57.0667,204.289,204.344,45000,30,30,0,0,1,147277
1709,0,57.1,204.346,204.399,45000,30,30,0,0,1,147299
1710,1,57.1333,204.401,204.454,45000,30,30,0,0,1,147320
1711,0,57.1667,204.456,204.511,45000,30,30,0,0,1,147344
1712,0,57.2,204.513,204.57,45000,30,30,0,0,1,147370
1713,0,57.2333,204.572,204.626,45000,30,30,0,0,1,147392
1714,0,57.2667,204.628,204.687,45000,30,30,0,0,1,147420
1715,0,57.3,204.688,204.745,45000,30,30,0,0,1,147444
1716,0,57.3333,204.747,204.801,45000,30,30,0,0,1,147467
1717,0,57.3667,204.803,204.856,45000,30,30,0,0,1,147489
1718,0,57.4,204.858,204.913,45000,30,30,0,0,1,147513
1719,0,57.4333,204.915,204.97,45000,30,30,0,0,1,147536
1720,0,57.4667,204.972,205.027,45000,30,30,0,0,1,147560
1721,0,57.5,205.029,205.085,45000,30,30,0,0,1,147584
1722,0,57.5333,205.087,205.142,45000,30,30,0,0,1,147608
1723,0,57.5667,205.144,205.198,45000,30,30,0,0,1,147631
1724,0,57.6,205.199,205.255,45000,30,30,0,0,1,147655
1725,0,57.6333,205.256,205.31,45000,30,30,0,0,1,147676
1726,0,57.6667,205.312,205.367,45000,30,30,0,0,1,147700
1727,0,57.7,205.367,205.424,45000,30,30,0,0,1,147724
1728,0,57.7333,205.426,205.485,45000,30,30,0,0,1,147751
1729,0,57.7667,205.487,205.54,45000,30,30,0,0,1,147773
1730,0,57.8,205.542,205.598,45000,30,30,0,0,1,147797
1731,0,57.8333,205.6,205.655,45000,30,30,0,0,1,147821
1732,0,57.8667,205.657,205.714,45000,30,30,0,0,1,147847
1733,0,57.9,205.716,205.773,45000,30,30,0,0,1,147873
1734,0,57.9333,205.775,205.832,45000,30,30,0,0,1,147898
1735,0,57.9667,205.834,205.889,45000,30,30,0,0,1,147922
1736,0,58,205.891,205.948,45000,30,30,0,0,1,147947
1737,0,58.0333,205.95,206.004,45000,30,30,0,0,1,147970
1738,0,58.0667,206.005,206.054,45000,30,30,0,0,1,147987
1739,0,58.1,206.056,206.106,45000,30,30,0,0,1,148006
1740,1,58.1333,206.108,206.163,45000,30,30,0,0,1,148029
1741,0,58.1667,206.165,206.221,45000,30,30,0,0,1,148054
1742,0,58.2,206.223,206.278,45000,30,30,0,0,1,148078
1743,0,58.2333,206.278,206.336,45000,30,30,0,0,1,148102
1744,0,58.2667,206.338,206.391,45000,30,30,0,0,1,148124
1745,0,58.3,206.393,206.449,45000,30,30,0,0,1,148148
1746,0,58.3333,206.449,206.504,45000,30,30,0,0,1,148170
1747,0,58.3667,206.506,206.559,45000,30,30,0,0,1,148192
1748,0,58.4,206.561,206.617,45000,30,30,0,0,1,148217
1749,0,58.4333,206.619,206.674,45000,30,30,0,0,1,148240
1750,0,58.4667,206.676,206.732,45000,30,30,0,0,1,148265
1751,0,58.5,206.734,206.787,45000,30,30,0,0,1,148286
1752,0,58.5333,206.789,206.842,45000,30,30,0,0,1,148308
1753,0,58.5667,206.844,206.897,45000,30,30,0,0,1,148330
1754,0,58.6,206.899,206.953,45000,30,30,0,0,1,148353
1755,0,58.6333,206.955,207.012,45000,30,30,0,0,1,148378
1756,0,58.6667,207.014,207.068,45000,30,30,0,0,1,148401
1757,0,58.7,207.07,207.125,45000,30,30,0,0,1,148425
1758,0,58.7333,207.127,207.18,45000,30,30,0,0,1,148446
1759,0,58.7667,207.182,207.238,45000,30,30,0,0,1,148471
1760,0,58.8,207.24,207.295,45000,30,30,0,0,1,148494
1761,0,58.8333,207.295,207.353,45000,30,30,0,0,1,148519
1762,0,58.8667,207.355,207.408,45000,30,30,0,0,1,148541
1763,0,58.9,207.41,207.466,45000,30,30,0,0,1,148566
1764,0,58.9333,207.468,207.523,45000,30,30,0,0,1,148589
1765,0,58.9667,207.525,207.578,45000,30,30,0,0,1,148611
1766,0,59,207.58,207.635,45000,30,30,0,0,1,148634
1767,0,59.0333,207.637,207.693,45000,30,30,0,0,1,148659
1768,0,59.0667,207.695,207.75,45000,30,30,0,0,1,148683
1769,0,59.1,207.752,207.805,45000,30,30,0,0,1,148705
1770,1,59.1333,207.807,207.864,45000,30,30,0,0,1,148730
1771,0,59.1667,207.866,207.919,45000,30,30,0,0,1,148752
1772,0,59.2,207.921,207.977,45000,30,30,0,0,1,148777
1773,0,59.2333,207.978,208.034,45000,30,30,0,0,1,148800
1774,0,59.2667,208.035,208.089,45000,30,30,0,0,1,148822
1775,0,59.3,208.091,208.144,45000,30,30,0,0,1,148843
1776,0,59.3333,208.146,208.202,45000,30,30,0,0,1,148868
1777,0,59.3667,208.204,208.257,45000,30,30,0,0,1,148890
1778,0,59.4,208.259,208.313,45000,30,30,0,0,1,148913
1779,0,59.4333,208.315,208.37,45000,30,30,0,0,1,148936
1780,0,59.4667,208.372,208.43,45000,30,30,0,0,1,148963
1781,0,59.5,208.432,208.489,45000,30,30,0,0,1,148988
1782,0,59.5333,208.491,208.546,45000,30,30,0,0,1,149012
1783,0,59.5667,208.548,208.599,45000,30,30,0,0,1,149032
1784,0,59.6,208.601,208.651,45000,30,30,0,0,1,149051
1785,0,59.6333,208.653,208.708,45000,30,30,0,0,1,149074
1786,0,59.6667,208.71,208.764,45000,30,30,0,0,1,149097
1787,0,59.7,208.766,208.82,45000,30,30,0,0,1,149120
1788,0,59.7333,208.822,208.876,45000,30,30,0,0,1,149142
1789,0,59.7667,208.878,208.933,45000,30,30,0,0,1,149166
1790,0,59.8,208.935,208.989,45000,30,30,0,0,1,149188
1791,0,59.8333,208.991,209.046,45000,30,30,0,0,1,149212
1792,0,59.8667,209.048,209.104,45000,30,30,0,0,1,149237
1793,0,59.9,209.106,209.16,45000,30,30,0,0,1,149260
1794,0,59.9333,209.162,209.217,45000,30,30,0,0,1,149283
1795,0,59.9667,209.219,209.274,45000,30,30,0,0,1,149307
1796,0,60,209.276,209.327,45000,30,30,0,0,1,149326
1797,0,60.0333,209.329,209.382,45000,30,30,0,0,1,149348
1798,0,60.0667,209.384,209.437,45000,30,30,0,0,1,149370
1799,0,60.1,209.439,209.494,45000,30,30,0,0,1,149394
1800,1,60.1333,209.496,209.552,45000,30,30,0,0,1,149418
1801,0,60.1667,209.554,209.611,45000,30,30,0,0,1,149444
1802,0,60.2,209.613,209.672,45000,30,30,0,0,1,149472
1803,0,60.2333,209.674,209.73,45000,30,30,0,0,1,149496
1804,0,60.2667,209.732,209.781,45000,30,30,0,0,1,149514
1805,0,60.3,209.783,209.834,45000,30,30,0,0,1,149533
1806,0,60.3333,209.836,209.891,45000,30,30,0,0,1,149557
1807,0,60.3667,209.893,209.949,45000,30,30,0,0,1,149582
1808,0,60.4,209.951,210.004,45000,30,30,0,0,1,149604
1809,0,60.4333,210.006,210.062,45000,30,30,0,0,1,149628
1810,0,60.4667,210.064,210.117,45000,30,30,0,0,1,149650
1811,0,60.5,210.117,210.171,45000,30,30,0,0,1,149670
1812,0,60.5333,210.173,210.23,45000,30,30,0,0,1,149696
1813,0,60.5667,210.232,210.287,45000,30,30,0,0,1,149720
1814,0,60.6,210.289,210.345,45000,30,30,0,0,1,149745
1815,0,60.6333,210.347,210.402,45000,30,30,0,0,1,149768
1816,0,60.6667,210.402,210.457,45000,30,30,0,0,1,149790
1817,0,60.7,210.459,210.515,45000,30,30,0,0,1,149815
1818,0,60.7333,210.517,210.574,45000,30,30,0,0,1,149840
1819,0,60.7667,210.578,210.634,45000,30,30,0,0,1,149867
1820,0,60.8,210.636,210.697,45000,30,30,0,0,1,149896
1821,0,60.8333,210.701,210.756,45000,30,30,0,0,1,149922
1822,0,60.8667,210.758,210.814,45000,30,30,0,0,1,149947
1823,0,60.9,210.814,210.869,45000,30,30,0,0,1,149969
1824,0,60.9333,210.871,210.925,45000,30,30,0,0,1,149991
1825,0,60.9667,210.927,210.98,45000,30,30,0,0,1,150013
1826,0,61,210.982,211.038,45000,30,30,0,0,1,150037
1827,0,61.0333,211.04,211.095,45000,30,30,0,0,1,150061
1828,0,61.0667,211.097,211.154,45000,30,30,0,0,1,150087
1829,0,61.1,211.156,211.21,45000,30,30,0,0,1,150110
1830,1,61.1333,211.212,211.261,45000,30,30,0,0,1,150127
1831,0,61.1667,211.263,211.313,45000,30,30,0,0,1,150146
1832,0,61.2,211.315,211.365,45000,30,30,0,0,1,150165
1833,0,61.2333,211.367,211.422,45000,30,30,0,0,1,150188
1834,0,61.2667,211.424,211.477,45000,30,30,0,0,1,150210
1835,0,61.3,211.479,211.534,45000,30,30,0,0,1,150233
1836,0,61.3333,211.538,211.593,45000,30,30,0,0,1,150259
1837,0,61.3667,211.595,211.648,45000,30,30,0,0,1,150281
1838,0,61.4,211.65,211.707,45000,30,30,0,0,1,150307
1839,0,61.4333,211.709,211.766,45000,30,30,0,0,1,150332
1840,0,61.4667,211.768,211.823,45000,30,30,0,0,1,150356
1841,0,61.5,211.825,211.884,45000,30,30,0,0,1,150383
1842,0,61.5333,211.886,211.94,45000,30,30,0,0,1,150406
1843,0,61.5667,211.941,211.998,45000,30,30,0,0,1,150431
1844,0,61.6,212,212.053,45000,30,30,0,0,1,150453
1845,0,61.6333,212.055,212.108,45000,30,30,0,0,1,150474
1846,0,61.6667,212.11,212.165,45000,30,30,0,0,1,150498
1847,0,61.7,212.167,212.22,45000,30,30,0,0,1,150520
1848,0,61.7333,212.222,212.278,45000,30,30,0,0,1,150544
1849,0,61.7667,212.278,212.333,45000,30,30,0,0,1,150566
1850,0,61.8,212.335,212.388,45000,30,30,0,0,1,150587
1851,0,61.8333,212.389,212.444,45000,30,30,0,0,1,150610
1852,0,61.8667,212.446,212.501,45000,30,30,0,0,1,150634
1853,0,61.9,212.503,212.556,45000,30,30,0,0,1,150656
1854,0,61.9333,212.558,212.615,45000,30,30,0,0,1,150681
1855,0,61.9667,212.617,212.674,45000,30,30,0,0,1,150707
1856,0,62,212.676,212.733,45000,30,30,0,0,1,150732
1857,0,62.0333,212.735,212.788,45000,30,30,0,0,1,150754
1858,0,62.0667,212.79,212.842,45000,30,30,0,0,1,150775
1859,0,62.1,212.844,212.893,45000,30,30,0,0,1,150793
1860,1,62.1333,212.895,212.95,45000,30,30,0,0,1,150816
1861,0,62.1667,212.952,213.005,45000,30,30,0,0,1,150838
1862,0,62.2,213.007,213.06,45000,30,30,0,0,1,150860
1863,0,62.2333,213.061,213.116,45000,30,30,0,0,1,150882
1864,0,62.2667,213.118,213.171,45000,30,30,0,0,1,150904
1865,0,62.3,213.173,213.228,45000,30,30,0,0,1,150927
1866,0,62.3333,213.23,213.285,45000,30,30,0,0,1,150951
1867,0,62.3667,213.287,213.341,45000,30,30,0,0,1,150974
1868,0,62.4,213.342,213.398,45000,30,30,0,0,1,150998
1869,0,62.4333,213.4,213.453,45000,30,30,0,0,1,151019
1870,0,62.4667,213.455,213.512,45000,30,30,0,0,1,151045
1871,0,62.5,213.514,213.567,45000,30,30,0,0,1,151066
1872,0,62.5333,213.569,213.624,45000,30,30,0,0,1,151090
1873,0,62.5667,213.626,213.678,45000,30,30,0,0,1,151111
1874,0,62.6,213.68,213.735,45000,30,30,0,0,1,151135
1875,0,62.6333,213.737,213.794,45000,30,30,0,0,1,151160
1876,0,62.6667,213.796,213.848,45000,30,30,0,0,1,151181
1877,0,62.7,213.85,213.903,45000,30,30,0,0,1,151203
1878,0,62.7333,213.905,213.958,45000,30,30,0,0,1,151224
1879,0,62.7667,213.96,214.013,45000,30,30,0,0,1,151246
1880,0,62.8,214.015,214.07,45000,30,30,0,0,1,151269
1881,0,62.8333,214.072,214.129,45000,30,30,0,0,1,151295
1882,0,62.8667,214.131,214.184,45000,30,30,0,0,1,151317
1883,0,62.9,214.186,214.244,45000,30,30,0,0,1,151344
1884,0,62.9333,214.246,214.301,45000,30,30,0,0,1,151367
1885,0,62.9667,214.302,214.357,45000,30,30,0,0,1,151390
1886,0,63,214.359,214.412,45000,30,30,0,0,1,151411
1887,0,63.0333,214.414,214.469,45000,30,30,0,0,1,151435
1888,0,63.0667,214.471,214.524,45000,30,30,0,0,1,151457
1889,0,63.1,214.526,214.579,45000,30,30,0,0,1,151479
1890,1,63.1333,214.581,214.636,45000,30,30,0,0,1,151502
1891,0,63.1667,214.638,214.692,45000,30,30,0,0,1,151525
1892,0,63.2,214.694,214.747,45000,30,30,0,0,1,151547
1893,0,63.2333,214.749,214.803,45000,30,30,0,0,1,151569
1894,0,63.2667,214.805,214.862,45000,30,30,0,0,1,151595
1895,0,63.3,214.864,214.921,45000,30,30,0,0,1,151620
1896,0,63.3333,214.923,214.978,45000,30,30,0,0,1,151644
1897,0,63.3667,214.98,215.034,45000,30,30,0,0,1,151667
1898,0,63.4,215.036,215.091,45000,30,30,0,0,1,151691
1899,0,63.4333,215.093,215.148,45000,30,30,0,0,1,151714
1900,0,63.4667,215.15,215.205,45000,30,30,0,0,1,151738
1901,0,63.5,215.207,215.262,45000,30,30,0,0,1,151761
1902,0,63.5333,215.264,215.318,45000,30,30,0,0,1,151784
1903,0,63.5667,215.32,215.379,45000,30,30,0,0,1,151812
1904,0,63.6,215.381,215.434,45000,30,30,0,0,1,151834
1905,0,63.6333,215.436,215.494,45000,30,30,0,0,1,151860
1906,0,63.6667,215.496,215.553,45000,30,30,0,0,1,151886
1907,0,63.7,215.555,215.61,45000,30,30,0,0,1,151910
1908,0,63.7333,215.612,215.665,45000,30,30,0,0,1,151931
1909,0,63.7667,215.667,215.721,45000,30,30,0,0,1,151954
1910,0,63.8,215.723,215.78,45000,30,30,0,0,1,151979
1911,0,63.8333,215.782,215.837,45000,30,30,0,0,1,152003
1912,0,63.8667,215.839,215.894,45000,30,30,0,0,1,152027
1913,0,63.9,215.896,215.952,45000,30,30,0,0,1,152052
1914,0,63.9333,215.954,216.006,45000,30,30,0,0,1,152072
1915,0,63.9667,216.007,216.058,45000,30,30,0,0,1,152091
1916,0,64,216.06,216.109,45000,30,30,0,0,1,152108
1917,0,64.0333,216.111,216.164,45000,30,30,0,0,1,152130
1918,0,64.0667,216.166,216.224,45000,30,30,0,0,1,152157
1919,0,64.1,216.226,216.279,45000,30,30,0,0,1,152179
1920,1,64.1333,216.281,216.336,45000,30,30,0,0,1,152202
1921,0,64.1667,216.338,216.395,45000,30,30,0,0,1,152228
1922,0,64.2,216.397,216.455,45000,30,30,0,0,1,152255
1923,0,64.2333,216.457,216.512,45000,30,30,0,0,1,152278
1924,0,64.2667,216.514,216.57,45000,30,30,0,0,1,152303
1925,0,64.3,216.572,216.625,45000,30,30,0,0,1,152325
1926,0,64.3333,216.627,216.683,45000,30,30,0,0,1,152349
1927,0,64.3667,216.685,216.737,45000,30,30,0,0,1,152370
1928,0,64.4,216.739,216.793,45000,30,30,0,0,1,152392
1929,0,64.4333,216.795,216.848,45000,30,30,0,0,1,152414
1930,0,64.4667,216.85,216.906,45000,30,30,0,0,1,152439
1931,0,64.5,216.906,216.961,45000,30,30,0,0,1,152460
1932,0,64.5333,216.963,217.02,45000,30,30,0,0,1,152486
1933,0,64.5667,217.022,217.075,45000,30,30,0,0,1,152508
1934,0,64.6,217.075,217.128,45000,30,30,0,0,1,152528
1935,0,64.6333,217.13,217.183,45000,30,30,0,0,1,152549
1936,0,64.6667,217.185,217.243,45000,30,30,0,0,1,152576
1937,0,64.7,217.244,217.302,45000,30,30,0,0,1,152602
1938,0,64.7333,217.304,217.358,45000,30,30,0,0,1,152624
1939,0,64.7667,217.36,217.417,45000,30,30,0,0,1,152650
1940,0,64.8,217.417,217.472,45000,30,30,0,0,1,152672
1941,0,64.8333,217.474,217.532,45000,30,30,0,0,1,152698
1942,0,64.8667,217.534,217.587,45000,30,30,0,0,1,152720
1943,0,64.9,217.589,217.644,45000,30,30,0,0,1,152743
1944,0,64.9333,217.646,217.699,45000,30,30,0,0,1,152765
1945,0,64.9667,217.701,217.758,45000,30,30,0,0,1,152791
1946,0,65,217.76,217.817,45000,30,30,0,0,1,152816
1947,0,65.0333,217.819,217.875,45000,30,30,0,0,1,152841
1948,0,65.0667,217.876,217.934,45000,30,30,0,0,1,152867
1949,0,65.1,217.936,217.993,45000,30,30,0,0,1,152893
1950,1,65.1333,217.993,218.048,45000,30,30,0,0,1,152914
1951,0,65.1667,218.05,218.105,45000,30,30,0,0,1,152938
1952,0,65.2,218.107,218.161,45000,30,30,0,0,1,152961
1953,0,65.2333,218.163,218.216,45000,30,30,0,0,1,152982
1954,0,65.2667,218.218,218.272,45000,30,30,0,0,1,153005
1955,0,65.3,218.274,218.329,45000,30,30,0,0,1,153029
1956,0,65.3333,218.331,218.387,45000,30,30,0,0,1,153053
1957,0,65.3667,218.389,218.442,45000,30,30,0,0,1,153075
1958,0,65.4,218.444,218.498,45000,30,30,0,0,1,153097
1959,0,65.4333,218.5,218.554,45000,30,30,0,0,1,153120
1960,0,65.4667,218.556,218.611,45000,30,30,0,0,1,153144
1961,0,65.5,218.613,218.669,45000,30,30,0,0,1,153168
1962,0,65.5333,218.671,218.724,45000,30,30,0,0,1,153190
1963,0,65.5667,218.726,218.78,45000,30,30,0,0,1,153213
1964,0,65.6,218.782,218.835,45000,30,30,0,0,1,153235
1965,0,65.6333,218.837,218.894,45000,30,30,0,0,1,153260
1966,0,65.6667,218.896,218.949,45000,30,30,0,0,1,153282
1967,0,65.7,218.951,219.007,45000,30,30,0,0,1,153307
1968,0,65.7333,219.009,219.062,45000,30,30,0,0,1,153328
1969,0,65.7667,219.064,219.119,45000,30,30,0,0,1,153352
1970,0,65.8,219.121,219.178,45000,30,30,0,0,1,153378
1971,0,65.8333,219.18,219.233,45000,30,30,0,0,1,153399
1972,0,65.8667,219.235,219.288,45000,30,30,0,0,1,153421
1973,0,65.9,219.29,219.346,45000,30,30,0,0,1,153445
1974,0,65.9333,219.348,219.405,45000,30,30,0,0,1,153471
1975,0,65.9667,219.405,219.462,45000,30,30,0,0,1,153495
1976,0,66,219.464,219.516,45000,30,30,0,0,1,153515
1977,0,66.0333,219.517,219.571,45000,30,30,0,0,1,153537
1978,0,66.0667,219.573,219.625,45000,30,30,0,0,1,153558
1979,0,66.1,219.627,219.681,45000,30,30,0,0,1,153581
1980,1,66.1333,219.683,219.736,45000,30,30,0,0,1,153602
1981,0,66.1667,219.738,219.791,45000,30,30,0,0,1,153624
1982,0,66.2,219.793,219.85,45000,30,30,0,0,1,153650
1983,0,66.2333,219.852,219.906,45000,30,30,0,0,1,153672
1984,0,66.2667,219.908,219.961,45000,30,30,0,0,1,153694
1985,0,66.3,219.963,220.018,45000,30,30,0,0,1,153718
1986,0,66.3333,220.02,220.073,45000,30,30,0,0,1,153739
1987,0,66.3667,220.075,220.129,45000,30,30,0,0,1,153762
1988,0,66.4,220.131,220.186,45000,30,30,0,0,1,153785
1989,0,66.4333,220.186,220.239,45000,30,30,0,0,1,153805
1990,0,66.4667,220.241,220.295,45000,30,30,0,0,1,153828
1991,0,66.5,220.297,220.352,45000,30,30,0,0,1,153851
1992,0,66.5333,220.354,220.411,45000,30,30,0,0,1,153877
1993,0,66.5667,220.413,220.466,45000,30,30,0,0,1,153899
1994,0,66.6,220.468,220.524,45000,30,30,0,0,1,153924
1995,0,66.6333,220.526,220.579,45000,30,30,0,0,1,153945
1996,0,66.6667,220.581,220.638,45000,30,30,0,0,1,153971
1997,0,66.7,220.64,220.696,45000,30,30,0,0,1,153996
1998,0,66.7333,220.698,220.751,45000,30,30,0,0,1,154017
1999,0,66.7667,220.753,220.807,45000,30,30,0,0,1,154040
2000,0,66.8,220.809,220.866,45000,30,30,0,0,1,154066
2001,0,66.8333,220.868,220.924,45000,30,30,0,0,1,154090
2002,0,66.8667,220.926,220.98,45000,30,30,0,0,1,154113
2003,0,66.9,220.982,221.033,45000,30,30,0,0,1,154132
2004,0,66.9333,221.035,221.088,45000,30,30,0,0,1,154154
2005,0,66.9667,221.09,221.144,45000,30,30,0,0,1,154177
2006,0,67,221.145,221.202,45000,30,30,0,0,1,154201
2007,0,67.0333,221.202,221.255,45000,30,30,0,0,1,154221
2008,0,67.0667,221.257,221.311,45000,30,30,0,0,1,154244
2009,0,67.1,221.313,221.366,45000,30,30,0,0,1,154266
2010,1,67.1333,221.368,221.421,45000,30,30,0,0,1,154287
2011,0,67.1667,221.423,221.477,45000,30,30,0,0,1,154310
2012,0,67.2,221.479,221.532,45000,30,30,0,0,1,154332
2013,0,67.2333,221.534,221.585,45000,30,30,0,0,1,154351
2014,0,67.2667,221.587,221.638,45000,30,30,0,0,1,154371
2015,0,67.3,221.64,221.691,45000,30,30,0,0,1,154391
2016,0,67.3333,221.693,221.748,45000,30,30,0,0,1,154414
2017,0,67.3667,221.749,221.804,45000,30,30,0,0,1,154437
2018,0,67.4,221.806,221.861,45000,30,30,0,0,1,154460
2019,0,67.4333,221.863,221.916,45000,30,30,0,0,1,154482
2020,0,67.4667,221.916,221.969,45000,30,30,0,0,1,154502
2021,0,67.5,221.97,222.025,45000,30,30,0,0,1,154524
2022,0,67.5333,222.027,222.08,45000,30,30,0,0,1,154546
2023,0,67.5667,222.082,222.135,45000,30,30,0,0,1,154568
2024,0,67.6,222.137,222.192,45000,30,30,0,0,1,154592
2025,0,67.6333,222.194,222.252,45000,30,30,0,0,1,154618
2026,0,67.6667,222.254,222.308,45000,30,30,0,0,1,154641
2027,0,67.7,222.31,222.362,45000,30,30,0,0,1,154662
2028,0,67.7333,222.364,222.421,45000,30,30,0,0,1,154687
2029,0,67.7667,222.423,222.481,45000,30,30,0,0,1,154714
2030,0,67.8,222.483,222.538,45000,30,30,0,0,1,154738
2031,0,67.8333,222.54,222.592,45000,30,30,0,0,1,154758
2032,0,67.8667,222.594,222.647,45000,30,30,0,0,1,154780
2033,0,67.9,222.649,222.703,45000,30,30,0,0,1,154802
2034,0,67.9333,222.705,222.761,45000,30,30,0,0,1,154827
2035,0,67.9667,222.763,222.816,45000,30,30,0,0,1,154849
2036,0,68,222.818,222.872,45000,30,30,0,0,1,154871
2037,0,68.0333,222.874,222.927,45000,30,30,0,0,1,154893
2038,0,68.0667,222.929,222.982,45000,30,30,0,0,1,154915
2039,0,68.1,222.984,223.039,45000,30,30,0,0,1,154939
2040,1,68.1333,223.041,223.097,45000,30,30,0,0,1,154963
2041,0,68.1667,223.098,223.152,45000,30,30,0,0,1,154985
2042,0,68.2,223.154,223.207,45000,30,30,0,0,1,155007
2043,0,68.2333,223.209,223.262,45000,30,30,0,0,1,155028
2044,0,68.2667,223.264,223.321,45000,30,30,0,0,1,155054
2045,0,68.3,223.323,223.378,45000,30,30,0,0,1,155078
2046,0,68.3333,223.38,223.434,45000,30,30,0,0,1,155100
2047,0,68.3667,223.435,223.488,45000,30,30,0,0,1,155121
2048,0,68.4,223.49,223.545,45000,30,30,0,0,1,155144
2049,0,68.4333,223.546,223.6,45000,30,30,0,0,1,155166
2050,0,68.4667,223.602,223.657,45000,30,30,0,0,1,155190
2051,0,68.5,223.659,223.714,45000,30,30,0,0,1,155213
2052,0,68.5333,223.716,223.769,45000,30,30,0,0,1,155235
2053,0,68.5667,223.771,223.826,45000,30,30,0,0,1,155259
2054,0,68.6,223.828,223.882,45000,30,30,0,0,1,155282
2055,0,68.6333,223.884,223.937,45000,30,30,0,0,1,155303
2056,0,68.6667,223.939,223.992,45000,30,30,0,0,1,155325
2057,0,68.7,223.994,224.049,45000,30,30,0,0,1,155349
2058,0,68.7333,224.051,224.104,45000,30,30,0,0,1,155370
2059,0,68.7667,224.106,224.159,45000,30,30,0,0,1,155392
2060,0,68.8,224.161,224.216,45000,30,30,0,0,1,155416
2061,0,68.8333,224.218,224.274,45000,30,30,0,0,1,155440
2062,0,68.8667,224.276,224.333,45000,30,30,0,0,1,155466
2063,0,68.9,224.335,224.388,45000,30,30,0,0,1,155487
2064,0,68.9333,224.39,224.447,45000,30,30,0,0,1,155513
2065,0,68.9667,224.449,224.505,45000,30,30,0,0,1,155538
2066,0,69,224.507,224.56,45000,30,30,0,0,1,155559
2067,0,69.0333,224.562,224.619,45000,30,30,0,0,1,155585
2068,0,69.0667,224.621,224.675,45000,30,30,0,0,1,155608
2069,0,69.1,224.677,224.732,45000,30,30,0,0,1,155632
2070,1,69.1333,224.734,224.791,45000,30,30,0,0,1,155657
2071,0,69.1667,224.793,224.854,45000,30,30,0,0,1,155687
2072,0,69.2,224.856,224.912,45000,30,30,0,0,1,155712
2073,0,69.2333,224.914,224.966,45000,30,30,0,0,1,155732
2074,0,69.2667,224.968,225.021,45000,30,30,0,0,1,155754
2075,0,69.3,225.023,225.077,45000,30,30,0,0,1,155777
2076,0,69.3333,225.079,225.135,45000,30,30,0,0,1,155801
2077,0,69.3667,225.135,225.192,45000,30,30,0,0,1,155825
2078,0,69.4,225.194,225.251,45000,30,30,0,0,1,155850
2079,0,69.4333,225.253,225.307,45000,30,30,0,0,1,155873
2080,0,69.4667,225.309,225.367,45000,30,30,0,0,1,155900
2081,0,69.5,225.369,225.422,45000,30,30,0,0,1,155921
2082,0,69.5333,225.424,225.48,45000,30,30,0,0,1,155946
2083,0,69.5667,225.482,225.537,45000,30,30,0,0,1,155970
2084,0,69.6,225.539,225.593,45000,30,30,0,0,1,155993
2085,0,69.6333,225.595,225.65,45000,30,30,0,0,1,156016
2086,0,69.6667,225.652,225.712,45000,30,30,0,0,1,156045
2087,0,69.7,225.714,225.771,45000,30,30,0,0,1,156071
2088,0,69.7333,225.773,225.826,45000,30,30,0,0,1,156092
2089,0,69.7667,225.828,225.882,45000,30,30,0,0,1,156115
2090,0,69.8,225.884,225.939,45000,30,30,0,0,1,156139
2091,0,69.8333,225.941,225.996,45000,30,30,0,0,1,156162
2092,0,69.8667,225.998,226.052,45000,30,30,0,0,1,156185
2093,0,69.9,226.054,226.113,45000,30,30,0,0,1,156212
2094,0,69.9333,226.115,226.172,45000,30,30,0,0,1,156238
2095,0,69.9667,226.174,226.23,45000,30,30,0,0,1,156263
2096,0,70,226.23,226.286,45000,30,30,0,0,1,156285
2097,0,70.0333,226.288,226.343,45000,30,30,0,0,1,156309
2098,0,70.0667,226.345,226.403,45000,30,30,0,0,1,156336
2099,0,70.1,226.405,226.458,45000,30,30,0,0,1,156358
2100,1,70.1333,226.46,226.513,45000,30,30,0,0,1,156379
2101,0,70.1667,226.515,226.569,45000,30,30,0,0,1,156402
2102,0,70.2,226.571,226.628,45000,30,30,0,0,1,156428
2103,0,70.2333,226.63,226.683,45000,30,30,0,0,1,156449
2104,0,70.2667,226.685,226.741,45000,30,30,0,0,1,156474
2105,0,70.3,226.743,226.796,45000,30,30,0,0,1,156496
2106,0,70.3333,226.798,226.853,45000,30,30,0,0,1,156519
2107,0,70.3667,226.855,226.908,45000,30,30,0,0,1,156541
2108,0,70.4,226.91,226.965,45000,30,30,0,0,1,156564
2109,0,70.4333,226.967,227.024,45000,30,30,0,0,1,156590
2110,0,70.4667,227.026,227.079,45000,30,30,0,0,1,156612
2111,0,70.5,227.081,227.134,45000,30,30,0,0,1,156633
2112,0,70.5333,227.136,227.191,45000,30,30,0,0,1,156657
2113,0,70.5667,227.193,227.246,45000,30,30,0,0,1,156679
2114,0,70.6,227.248,227.303,45000,30,30,0,0,1,156703
2115,0,70.6333,227.305,227.362,45000,30,30,0,0,1,156728
2116,0,70.6667,227.364,227.419,45000,30,30,0,0,1,156752
2117,0,70.7,227.421,227.474,45000,30,30,0,0,1,156774
2118,0,70.7333,227.476,227.533,45000,30,30,0,0,1,156799
2119,0,70.7667,227.535,227.588,45000,30,30,0,0,1,156821
2120,0,70.8,227.59,227.645,45000,30,30,0,0,1,156845
2121,0,70.8333,227.647,227.702,45000,30,30,0,0,1,156868
2122,0,70.8667,227.704,227.757,45000,30,30,0,0,1,156890
2123,0,70.9,227.759,227.814,45000,30,30,0,0,1,156913
2124,0,70.9333,227.816,227.869,45000,30,30,0,0,1,156935
2125,0,70.9667,227.871,227.928,45000,30,30,0,0,1,156961
2126,0,71,227.929,227.982,45000,30,30,0,0,1,156981
2127,0,71.0333,227.984,228.038,45000,30,30,0,0,1,157004
2128,0,71.0667,228.039,228.092,45000,30,30,0,0,1,157025
2129,0,71.1,228.094,228.149,45000,30,30,0,0,1,157049
2130,1,71.1333,228.151,228.208,45000,30,30,0,0,1,157074
2131,0,71.1667,228.21,228.263,45000,30,30,0,0,1,157096
2132,0,71.2,228.265,228.32,45000,30,30,0,0,1,157120
2133,0,71.2333,228.322,228.377,45000,30,30,0,0,1,157143
2134,0,71.2667,228.379,228.432,45000,30,30,0,0,1,157165
2135,0,71.3,228.434,228.489,45000,30,30,0,0,1,157189
2136,0,71.3333,228.491,228.548,45000,30,30,0,0,1,157214
2137,0,71.3667,228.55,228.608,45000,30,30,0,0,1,157241
2138,0,71.4,228.61,228.667,45000,30,30,0,0,1,157266
2139,0,71.4333,228.669,228.726,45000,30,30,0,0,1,157292
2140,0,71.4667,228.728,228.784,45000,30,30,0,0,1,157317
2141,0,71.5,228.786,228.835,45000,30,30,0,0,1,157334
2142,0,71.5333,228.837,228.892,45000,30,30,0,0,1,157358
2143,0,71.5667,228.894,228.95,45000,30,30,0,0,1,157383
2144,0,71.6,228.952,229.005,45000,30,30,0,0,1,157405
2145,0,71.6333,229.007,229.061,45000,30,30,0,0,1,157427
2146,0,71.6667,229.062,229.118,45000,30,30,0,0,1,157451
2147,0,71.7,229.12,229.175,45000,30,30,0,0,1,157475
2148,0,71.7333,229.177,229.232,45000,30,30,0,0,1,157498
2149,0,71.7667,229.234,229.288,45000,30,30,0,0,1,157521
2150,0,71.8,229.29,229.343,45000,30,30,0,0,1,157543
2151,0,71.8333,229.345,229.402,45000,30,30,0,0,1,157568
2152,0,71.8667,229.404,229.457,45000,30,30,0,0,1,157590
2153,0,71.9,229.459,229.512,45000,30,30,0,0,1,157611
2154,0,71.9333,229.514,229.571,45000,30,30,0,0,1,157637
2155,0,71.9667,229.573,229.632,45000,30,30,0,0,1,157665
2156,0,72,229.634,229.691,45000,30,30,0,0,1,157690
2157,0,72.0333,229.693,229.75,45000,30,30,0,0,1,157716
2158,0,72.0667,229.752,229.807,45000,30,30,0,0,1,157740
2159,0,72.1,229.809,229.866,45000,30,30,0,0,1,157766
2160,1,72.1333,229.868,229.927,45000,30,30,0,0,1,157793
2161,0,72.1667,229.929,229.984,45000,30,30,0,0,1,157817
2162,0,72.2,229.985,230.038,45000,30,30,0,0,1,157838
2163,0,72.2333,230.04,230.089,45000,30,30,0,0,1,157855
2164,0,72.2667,230.091,230.147,45000,30,30,0,0,1,157880
2165,0,72.3,230.149,230.202,45000,30,30,0,0,1,157902
2166,0,72.3333,230.204,230.257,45000,30,30,0,0,1,157923
2167,0,72.3667,230.259,230.314,45000,30,30,0,0,1,157947
2168,0,72.4,230.316,230.373,45000,30,30,0,0,1,157972
2169,0,72.4333,230.375,230.428,45000,30,30,0,0,1,157994
2170,0,72.4667,230.43,230.485,45000,30,30,0,0,1,158018
2171,0,72.5,230.487,230.541,45000,30,30,0,0,1,158040
2172,0,72.5333,230.543,230.596,45000,30,30,0,0,1,158062
2173,0,72.5667,230.598,230.651,45000,30,30,0,0,1,158084
2174,0,72.6,230.653,230.706,45000,30,30,0,0,1,158106
2175,0,72.6333,230.708,230.761,45000,30,30,0,0,1,158127
2176,0,72.6667,230.763,230.821,45000,30,30,0,0,1,158154
2177,0,72.7,230.823,230.878,45000,30,30,0,0,1,158178
2178,0,72.7333,230.88,230.935,45000,30,30,0,0,1,158201
2179,0,72.7667,230.937,230.989,45000,30,30,0,0,1,158222
2180,0,72.8,230.991,231.041,45000,30,30,0,0,1,158241
2181,0,72.8333,231.043,231.095,45000,30,30,0,0,1,158261
2182,0,72.8667,231.096,231.151,45000,30,30,0,0,1,158284
2183,0,72.9,231.153,231.206,45000,30,30,0,0,1,158305
2184,0,72.9333,231.208,231.261,45000,30,30,0,0,1,158327
2185,0,72.9667,231.263,231.32,45000,30,30,0,0,1,158353
2186,0,73,231.322,231.378,45000,30,30,0,0,1,158377
2187,0,73.0333,231.38,231.435,45000,30,30,0,0,1,158401
2188,0,73.0667,231.435,231.492,45000,30,30,0,0,1,158425
2189,0,73.1,231.494,231.548,45000,30,30,0,0,1,158448
2190,1,73.1333,231.549,231.603,45000,30,30,0,0,1,158469
2191,0,73.1667,231.605,231.659,45000,30,30,0,0,1,158492
2192,0,73.2,231.663,231.716,45000,30,30,0,0,1,158516
2193,0,73.2333,231.718,231.771,45000,30,30,0,0,1,158537
2194,0,73.2667,231.773,231.829,45000,30,30,0,0,1,158562
2195,0,73.3,231.831,231.885,45000,30,30,0,0,1,158585
2196,0,73.3333,231.887,231.942,45000,30,30,0,0,1,158608
2197,0,73.3667,231.944,231.999,45000,30,30,0,0,1,158632
2198,0,73.4,232.001,232.055,45000,30,30,0,0,1,158654
2199,0,73.4333,232.057,232.112,45000,30,30,0,0,1,158678
2200,0,73.4667,232.114,232.167,45000,30,30,0,0,1,158700
2201,0,73.5,232.169,232.228,45000,30,30,0,0,1,158727
2202,0,73.5333,232.23,232.284,45000,30,30,0,0,1,158750
2203,0,73.5667,232.286,232.341,45000,30,30,0,0,1,158774
2204,0,73.6,232.343,232.396,45000,30,30,0,0,1,158796
2205,0,73.6333,232.398,232.452,45000,30,30,0,0,1,158818
2206,0,73.6667,232.454,232.507,45000,30,30,0,0,1,158840
2207,0,73.7,232.509,232.565,45000,30,30,0,0,1,158865
2208,0,73.7333,232.567,232.62,45000,30,30,0,0,1,158886
2209,0,73.7667,232.622,232.681,45000,30,30,0,0,1,158914
2210,0,73.8,232.683,232.739,45000,30,30,0,0,1,158939
2211,0,73.8333,232.741,232.796,45000,30,30,0,0,1,158962
2212,0,73.8667,232.798,232.85,45000,30,30,0,0,1,158983
2213,0,73.9,232.852,232.907,45000,30,30,0,0,1,159006
2214,0,73.9333,232.909,232.965,45000,30,30,0,0,1,159031
2215,0,73.9667,232.967,233.022,45000,30,30,0,0,1,159055
2216,0,74,233.024,233.08,45000,30,30,0,0,1,159079
2217,0,74.0333,233.082,233.139,45000,30,30,0,0,1,159105
2218,0,74.0667,233.141,233.195,45000,30,30,0,0,1,159128
2219,0,74.1,233.196,233.248,45000,30,30,0,0,1,159148
2220,1,74.1333,233.249,233.299,45000,30,30,0,0,1,159165
2221,0,74.1667,233.301,233.354,45000,30,30,0,0,1,159187
2222,0,74.2,233.356,233.407,45000,30,30,0,0,1,159207
2223,0,74.2333,233.409,233.462,45000,30,30,0,0,1,159228
2224,0,74.2667,233.464,233.519,45000,30,30,0,0,1,159252
2225,0,74.3,233.521,233.573,45000,30,30,0,0,1,159273
2226,0,74.3333,233.577,233.633,45000,30,30,0,0,1,159299
2227,0,74.3667,233.635,233.688,45000,30,30,0,0,1,159321
2228,0,74.4,233.69,233.744,45000,30,30,0,0,1,159343
2229,0,74.4333,233.746,233.799,45000,30,30,0,0,1,159365
2230,0,74.4667,233.801,233.859,45000,30,30,0,0,1,159392
2231,0,74.5,233.861,233.914,45000,30,30,0,0,1,159413
2232,0,74.5333,233.916,233.974,45000,30,30,0,0,1,159440
2233,0,74.5667,233.976,234.031,45000,30,30,0,0,1,159464
2234,0,74.6,234.033,234.091,45000,30,30,0,0,1,159491
2235,0,74.6333,234.093,234.148,45000,30,30,0,0,1,159514
2236,0,74.6667,234.15,234.206,45000,30,30,0,0,1,159539
2237,0,74.7,234.208,234.263,45000,30,30,0,0,1,159563
2238,0,74.7333,234.265,234.324,45000,30,30,0,0,1,159590
2239,0,74.7667,234.326,234.382,45000,30,30,0,0,1,159615
2240,0,74.8,234.383,234.439,45000,30,30,0,0,1,159639
2241,0,74.8333,234.441,234.495,45000,30,30,0,0,1,159661
2242,0,74.8667,234.497,234.55,45000,30,30,0,0,1,159683
2243,0,74.9,234.552,234.608,45000,30,30,0,0,1,159707
2244,0,74.9333,234.61,234.663,45000,30,30,0,0,1,159729
2245,0,74.9667,234.663,234.719,45000,30,30,0,0,1,159752
2246,0,75,234.721,234.778,45000,30,30,0,0,1,159777
2247,0,75.0333,234.78,234.836,45000,30,30,0,0,1,159802
2248,0,75.0667,234.838,234.895,45000,30,30,0,0,1,159828
2249,0,75.1,234.897,234.953,45000,30,30,0,0,1,159853
2250,1,75.1333,234.955,235.01,45000,30,30,0,0,1,159876
2251,0,75.1667,235.012,235.067,45000,30,30,0,0,1,159900
2252,0,75.2,235.069,235.123,45000,30,30,0,0,1,159923
2253,0,75.2333,235.125,235.18,45000,30,30,0,0,1,159946
2254,0,75.2667,235.182,235.235,45000,30,30,0,0,1,159968
2255,0,75.3,235.237,235.297,45000,30,30,0,0,1,159997
2256,0,75.3333,235.299,235.356,45000,30,30,0,0,1,160022
2257,0,75.3667,235.358,235.414,45000,30,30,0,0,1,160047
2258,0,75.4,235.416,235.467,45000,30,30,0,0,1,160066
2259,0,75.4333,235.469,235.521,45000,30,30,0,0,1,160087
2260,0,75.4667,235.523,235.577,45000,30,30,0,0,1,160110
2261,0,75.5,235.579,235.634,45000,30,30,0,0,1,160133
2262,0,75.5333,235.634,235.689,45000,30,30,0,0,1,160155
2263,0,75.5667,235.691,235.745,45000,30,30,0,0,1,160178
2264,0,75.6,235.747,235.799,45000,30,30,0,0,1,160199
2265,0,75.6333,235.801,235.86,45000,30,30,0,0,1,160226
2266,0,75.6667,235.862,235.915,45000,30,30,0,0,1,160248
2267,0,75.7,235.917,235.975,45000,30,30,0,0,1,160275
2268,0,75.7333,235.979,236.034,45000,30,30,0,0,1,160300
2269,0,75.7667,236.036,236.089,45000,30,30,0,0,1,160322
2270,0,75.8,236.089,236.14,45000,30,30,0,0,1,160340
2271,0,75.8333,236.14,236.189,45000,30,30,0,0,1,160355
2272,0,75.8667,236.191,236.246,45000,30,30,0,0,1,160379
2273,0,75.9,236.246,236.301,45000,30,30,0,0,1,160400
2274,0,75.9333,236.303,236.356,45000,30,30,0,0,1,160422
2275,0,75.9667,236.358,236.413,45000,30,30,0,0,1,160446
2276,0,76,236.415,236.472,45000,30,30,0,0,1,160471
2277,0,76.0333,236.474,236.527,45000,30,30,0,0,1,160493
2278,0,76.0667,236.529,236.582,45000,30,30,0,0,1,160515
2279,0,76.1,236.584,236.637,45000,30,30,0,0,1,160537
2280,1,76.1333,236.639,236.692,45000,30,30,0,0,1,160558
2281,0,76.1667,236.694,236.749,45000,30,30,0,0,1,160582
2282,0,76.2,236.749,236.805,45000,30,30,0,0,1,160605
2283,0,76.2333,236.807,236.86,45000,30,30,0,0,1,160626
2284,0,76.2667,236.862,236.915,45000,30,30,0,0,1,160648
2285,0,76.3,236.917,236.972,45000,30,30,0,0,1,160672
2286,0,76.3333,236.974,237.027,45000,30,30,0,0,1,160693
2287,0,76.3667,237.029,237.084,45000,30,30,0,0,1,160717
2288,0,76.4,237.086,237.143,45000,30,30,0,0,1,160742
2289,0,76.4333,237.145,237.202,45000,30,30,0,0,1,160768
2290,0,76.4667,237.204,237.258,45000,30,30,0,0,1,160791
2291,0,76.5,237.26,237.317,45000,30,30,0,0,1,160816
2292,0,76.5333,237.319,237.373,45000,30,30,0,0,1,160839
2293,0,76.5667,237.375,237.43,45000,30,30,0,0,1,160863
2294,0,76.6,237.432,237.487,45000,30,30,0,0,1,160887
2295,0,76.6333,237.489,237.547,45000,30,30,0,0,1,160913
2296,0,76.6667,237.549,237.605,45000,30,30,0,0,1,160938
2297,0,76.7,237.607,237.658,45000,30,30,0,0,1,160958
2298,0,76.7333,237.66,237.712,45000,30,30,0,0,1,160978
2299,0,76.7667,237.714,237.767,45000,30,30,0,0,1,161000
2300,0,76.8,237.769,237.825,45000,30,30,0,0,1,161025
2301,0,76.8333,237.827,237.88,45000,30,30,0,0,1,161046
2302,0,76.8667,237.882,237.938,45000,30,30,0,0,1,161071
2303,0,76.9,237.94,237.995,45000,30,30,0,0,1,161094
2304,0,76.9333,237.997,238.05,45000,30,30,0,0,1,161116
2305,0,76.9667,238.052,238.107,45000,30,30,0,0,1,161140
2306,0,77,238.107,238.164,45000,30,30,0,0,1,161163
2307,0,77.0333,238.166,238.222,45000,30,30,0,0,1,161188
2308,0,77.0667,238.223,238.279,45000,30,30,0,0,1,161212
2309,0,77.1,238.281,238.334,45000,30,30,0,0,1,161234
2310,1,77.1333,238.336,238.39,45000,30,30,0,0,1,161256
2311,0,77.1667,238.392,238.445,45000,30,30,0,0,1,161278
2312,0,77.2,238.447,238.503,45000,30,30,0,0,1,161303
2313,0,77.2333,238.505,238.558,45000,30,30,0,0,1,161324
2314,0,77.2667,238.56,238.614,45000,30,30,0,0,1,161347
2315,0,77.3,238.616,238.671,45000,30,30,0,0,1,161371
2316,0,77.3333,238.673,238.727,45000,30,30,0,0,1,161393
2317,0,77.3667,238.729,238.782,45000,30,30,0,0,1,161415
2318,0,77.4,238.784,238.838,45000,30,30,0,0,1,161437
2319,0,77.4333,238.84,238.895,45000,30,30,0,0,1,161461
2320,0,77.4667,238.897,238.953,45000,30,30,0,0,1,161486
2321,0,77.5,238.955,239.01,45000,30,30,0,0,1,161509
2322,0,77.5333,239.012,239.07,45000,30,30,0,0,1,161536
2323,0,77.5667,239.072,239.125,45000,30,30,0,0,1,161558
2324,0,77.6,239.127,239.178,45000,30,30,0,0,1,161578
2325,0,77.6333,239.178,239.228,45000,30,30,0,0,1,161594
2326,0,77.6667,239.23,239.285,45000,30,30,0,0,1,161618
2327,0,77.7,239.285,239.341,45000,30,30,0,0,1,161641
2328,0,77.7333,239.343,239.397,45000,30,30,0,0,1,161663
2329,0,77.7667,239.399,239.452,45000,30,30,0,0,1,161685
2330,0,77.8,239.454,239.511,45000,30,30,0,0,1,161711
2331,0,77.8333,239.513,239.572,45000,30,30,0,0,1,161738
2332,0,77.8667,239.574,239.63,45000,30,30,0,0,1,161763
2333,0,77.9,239.632,239.689,45000,30,30,0,0,1,161788
2334,0,77.9333,239.691,239.744,45000,30,30,0,0,1,161810
2335,0,77.9667,239.746,239.8,45000,30,30,0,0,1,161833
2336,0,78,239.802,239.855,45000,30,30,0,0,1,161854
2337,0,78.0333,239.857,239.911,45000,30,30,0,0,1,161877
2338,0,78.0667,239.913,239.968,45000,30,30,0,0,1,161901
2339,0,78.1,239.968,240.023,45000,30,30,0,0,1,161923
2340,1,78.1333,240.025,240.078,45000,30,30,0,0,1,161944
2341,0,78.1667,240.08,240.135,45000,30,30,0,0,1,161968
2342,0,78.2,240.137,240.19,45000,30,30,0,0,1,161990
2343,0,78.2333,240.192,240.245,45000,30,30,0,0,1,162011
2344,0,78.2667,240.247,240.302,45000,30,30,0,0,1,162035
2345,0,78.3,240.304,240.357,45000,30,30,0,0,1,162057
2346,0,78.3333,240.359,240.413,45000,30,30,0,0,1,162079
2347,0,78.3667,240.415,240.47,45000,30,30,0,0,1,162103
2348,0,78.4,240.472,240.525,45000,30,30,0,0,1,162124
2349,0,78.4333,240.527,240.58,45000,30,30,0,0,1,162146
2350,0,78.4667,240.582,240.638,45000,30,30,0,0,1,162171
2351,0,78.5,240.64,240.695,45000,30,30,0,0,1,162194
2352,0,78.5333,240.697,240.752,45000,30,30,0,0,1,162218
2353,0,78.5667,240.754,240.808,45000,30,30,0,0,1,162241
2354,0,78.6,240.809,240.862,45000,30,30,0,0,1,162262
2355,0,78.6333,240.864,240.919,45000,30,30,0,0,1,162285
2356,0,78.6667,240.921,240.977,45000,30,30,0,0,1,162310
2357,0,78.7,240.979,241.032,45000,30,30,0,0,1,162332
2358,0,78.7333,241.034,241.088,45000,30,30,0,0,1,162354
2359,0,78.7667,241.09,241.145,45000,30,30,0,0,1,162378
2360,0,78.8,241.147,241.204,45000,30,30,0,0,1,162404
2361,0,78.8333,241.206,241.26,45000,30,30,0,0,1,162426
2362,0,78.8667,241.262,241.317,45000,30,30,0,0,1,162450
2363,0,78.9,241.319,241.372,45000,30,30,0,0,1,162471
2364,0,78.9333,241.374,241.43,45000,30,30,0,0,1,162496
2365,0,78.9667,241.432,241.487,45000,30,30,0,0,1,162520
2366,0,79,241.489,241.544,45000,30,30,0,0,1,162543
2367,0,79.0333,241.546,241.608,45000,30,30,0,0,1,162574
2368,0,79.0667,241.609,241.665,45000,30,30,0,0,1,162598
2369,0,79.1,241.667,241.724,45000,30,30,0,0,1,162624
2370,1,79.1333,241.726,241.779,45000,30,30,0,0,1,162645
2371,0,79.1667,241.781,241.833,45000,30,30,0,0,1,162666
2372,0,79.2,241.835,241.89,45000,30,30,0,0,1,162690
2373,0,79.2333,241.892,241.945,45000,30,30,0,0,1,162711
2374,0,79.2667,241.947,242.004,45000,30,30,0,0,1,162737
2375,0,79.3,242.006,242.061,45000,30,30,0,0,1,162761
2376,0,79.3333,242.063,242.116,45000,30,30,0,0,1,162782
2377,0,79.3667,242.118,242.173,45000,30,30,0,0,1,162806
2378,0,79.4,242.175,242.23,45000,30,30,0,0,1,162829
2379,0,79.4333,242.232,242.286,45000,30,30,0,0,1,162852
2380,0,79.4667,242.288,242.343,45000,30,30,0,0,1,162876
2381,0,79.5,242.345,242.398,45000,30,30,0,0,1,162897
2382,0,79.5333,242.4,242.457,45000,30,30,0,0,1,162923
2383,0,79.5667,242.459,242.517,45000,30,30,0,0,1,162950
2384,0,79.6,242.519,242.578,45000,30,30,0,0,1,162978
2385,0,79.6333,242.58,242.635,45000,30,30,0,0,1,163001
2386,0,79.6667,242.635,242.69,45000,30,30,0,0,1,163023
2387,0,79.7,242.692,242.745,45000,30,30,0,0,1,163045
2388,0,79.7333,242.747,242.803,45000,30,30,0,0,1,163069
2389,0,79.7667,242.805,242.858,45000,30,30,0,0,1,163091
2390,0,79.8,242.86,242.914,45000,30,30,0,0,1,163114
2391,0,79.8333,242.916,242.967,45000,30,30,0,0,1,163133
2392,0,79.8667,242.969,243.021,45000,30,30,0,0,1,163154
2393,0,79.9,243.023,243.076,45000,30,30,0,0,1,163175
2394,0,79.9333,243.076,243.131,45000,30,30,0,0,1,163197
2395,0,79.9667,243.133,243.187,45000,30,30,0,0,1,163220
2396,0,80,243.189,243.24,45000,30,30,0,0,1,163239
2397,0,80.0333,243.242,243.297,45000,30,30,0,0,1,163263
2398,0,80.0667,243.299,243.355,45000,30,30,0,0,1,163288
2399,0,80.1,243.355,243.41,45000,30,30,0,0,1,163310
2400,1,80.1333,243.412,243.466,45000,30,30,0,0,1,163332
2401,0,80.1667,243.468,243.525,45000,30,30,0,0,1,163358
2402,0,80.2,243.527,243.582,45000,30,30,0,0,1,163382
2403,0,80.2333,243.582,243.64,45000,30,30,0,0,1,163406
2404,0,80.2667,243.642,243.699,45000,30,30,0,0,1,163432
2405,0,80.3,243.701,243.758,45000,30,30,0,0,1,163458
2406,0,80.3333,243.76,243.814,45000,30,30,0,0,1,163480
2407,0,80.3667,243.816,243.869,45000,30,30,0,0,1,163502
2408,0,80.4,243.871,243.924,45000,30,30,0,0,1,163523
2409,0,80.4333,243.926,243.979,45000,30,30,0,0,1,163545
2410,0,80.4667,243.981,244.036,45000,30,30,0,0,1,163569
2411,0,80.5,244.038,244.093,45000,30,30,0,0,1,163592
2412,0,80.5333,244.095,244.15,45000,30,30,0,0,1,163616
2413,0,80.5667,244.152,244.207,45000,30,30,0,0,1,163640
2414,0,80.6,244.209,244.264,45000,30,30,0,0,1,163664
2415,0,80.6333,244.265,244.32,45000,30,30,0,0,1,163686
2416,0,80.6667,244.322,244.375,45000,30,30,0,0,1,163708
2417,0,80.7,244.377,244.43,45000,30,30,0,0,1,163730
2418,0,80.7333,244.432,244.486,45000,30,30,0,0,1,163752
2419,0,80.7667,244.488,244.541,45000,30,30,0,0,1,163774
2420,0,80.8,244.543,244.601,45000,30,30,0,0,1,163801
2421,0,80.8333,244.603,244.658,45000,30,30,0,0,1,163824
2422,0,80.8667,244.66,244.713,45000,30,30,0,0,1,163846
2423,0,80.9,244.715,244.771,45000,30,30,0,0,1,163870
2424,0,80.9333,244.773,244.826,45000,30,30,0,0,1,163892
2425,0,80.9667,244.828,244.881,45000,30,30,0,0,1,163914
2426,0,81,244.883,244.939,45000,30,30,0,0,1,163938
2427,0,81.0333,244.941,244.994,45000,30,30,0,0,1,163960
2428,0,81.0667,244.996,245.05,45000,30,30,0,0,1,163983
2429,0,81.1,245.052,245.107,45000,30,30,0,0,1,164007
2430,1,81.1333,245.109,245.167,45000,30,30,0,0,1,164033
2431,0,81.1667,245.169,245.223,45000,30,30,0,0,1,164056
2432,0,81.2,245.225,245.276,45000,30,30,0,0,1,164076
2433,0,81.2333,245.278,245.329,45000,30,30,0,0,1,164095
2434,0,81.2667,245.331,245.384,45000,30,30,0,0,1,164117
2435,0,81.3,245.386,245.442,45000,30,30,0,0,1,164142
2436,0,81.3333,245.444,245.499,45000,30,30,0,0,1,164165
2437,0,81.3667,245.501,245.555,45000,30,30,0,0,1,164188
2438,0,81.4,245.557,245.612,45000,30,30,0,0,1,164211
2439,0,81.4333,245.614,245.67,45000,30,30,0,0,1,164236
2440,0,81.4667,245.672,245.727,45000,30,30,0,0,1,164260
2441,0,81.5,245.729,245.787,45000,30,30,0,0,1,164286
2442,0,81.5333,245.789,245.846,45000,30,30,0,0,1,164312
2443,0,81.5667,245.848,245.903,45000,30,30,0,0,1,164336
2444,0,81.6,245.905,245.956,45000,30,30,0,0,1,164356
2445,0,81.6333,245.958,246.014,45000,30,30,0,0,1,164380
2446,0,81.6667,246.016,246.069,45000,30,30,0,0,1,164402
2447,0,81.7,246.071,246.125,45000,30,30,0,0,1,164425
2448,0,81.7333,246.127,246.182,45000,30,30,0,0,1,164448
2449,0,81.7667,246.184,246.238,45000,30,30,0,0,1,164471
2450,0,81.8,246.24,246.294,45000,30,30,0,0,1,164494
2451,0,81.8333,246.296,246.349,45000,30,30,0,0,1,164515
2452,0,81.8667,246.351,246.405,45000,30,30,0,0,1,164538
2453,0,81.9,246.407,246.462,45000,30,30,0,0,1,164561
2454,0,81.9333,246.462,246.518,45000,30,30,0,0,1,164584
2455,0,81.9667,246.52,246.573,45000,30,30,0,0,1,164606
2456,0,82,246.575,246.63,45000,30,30,0,0,1,164629
2457,0,82.0333,246.632,246.686,45000,30,30,0,0,1,164652
2458,0,82.0667,246.688,246.743,45000,30,30,0,0,1,164676
2459,0,82.1,246.745,246.8,45000,30,30,0,0,1,164700
2460,1,82.1333,246.802,246.857,45000,30,30,0,0,1,164723
2461,0,82.1667,246.859,246.918,45000,30,30,0,0,1,164751
2462,0,82.2,246.92,246.975,45000,30,30,0,0,1,164775
2463,0,82.2333,246.975,247.03,45000,30,30,0,0,1,164796
2464,0,82.2667,247.032,247.086,45000,30,30,0,0,1,164819
2465,0,82.3,247.088,247.143,45000,30,30,0,0,1,164843
2466,0,82.3333,247.145,247.202,45000,30,30,0,0,1,164868
2467,0,82.3667,247.202,247.258,45000,30,30,0,0,1,164891
2468,0,82.4,247.26,247.313,45000,30,30,0,0,1,164912
2469,0,82.4333,247.315,247.37,45000,30,30,0,0,1,164936
2470,0,82.4667,247.372,247.426,45000,30,30,0,0,1,164959
2471,0,82.5,247.428,247.481,45000,30,30,0,0,1,164980
2472,0,82.5333,247.483,247.538,45000,30,30,0,0,1,165004
2473,0,82.5667,247.54,247.594,45000,30,30,0,0,1,165027
2474,0,82.6,247.596,247.655,45000,30,30,0,0,1,165055
2475,0,82.6333,247.659,247.716,45000,30,30,0,0,1,165082
2476,0,82.6667,247.718,247.772,45000,30,30,0,0,1,165105
2477,0,82.7,247.774,247.824,45000,30,30,0,0,1,165124
2478,0,82.7333,247.826,247.88,45000,30,30,0,0,1,165146
2479,0,82.7667,247.882,247.935,45000,30,30,0,0,1,165168
2480,0,82.8,247.937,247.991,45000,30,30,0,0,1,165191
2481,0,82.8333,247.993,248.049,45000,30,30,0,0,1,165215
2482,0,82.8667,248.05,248.102,45000,30,30,0,0,1,165235
2483,0,82.9,248.104,248.16,45000,30,30,0,0,1,165259
2484,0,82.9333,248.162,248.217,45000,30,30,0,0,1,165283
2485,0,82.9667,248.219,248.275,45000,30,30,0,0,1,165308
2486,0,83,248.277,248.33,45000,30,30,0,0,1,165329
2487,0,83.0333,248.332,248.388,45000,30,30,0,0,1,165354
2488,0,83.0667,248.39,248.445,45000,30,30,0,0,1,165378
2489,0,83.1,248.447,248.499,45000,30,30,0,0,1,165399
2490,1,83.1333,248.501,248.554,45000,30,30,0,0,1,165420
2491,0,83.1667,248.555,248.606,45000,30,30,0,0,1,165439
2492,0,83.2,248.608,248.659,45000,30,30,0,0,1,165459
2493,0,83.2333,248.661,248.719,45000,30,30,0,0,1,165485
2494,0,83.2667,248.721,248.774,45000,30,30,0,0,1,165507
2495,0,83.3,248.776,248.833,45000,30,30,0,0,1,165533
2496,0,83.3333,248.833,248.888,45000,30,30,0,0,1,165554
2497,0,83.3667,248.89,248.945,45000,30,30,0,0,1,165578
2498,0,83.4,248.947,248.998,45000,30,30,0,0,1,165597
2499,0,83.4333,249,249.052,45000,30,30,0,0,1,165618
2500,0,83.4667,249.054,249.108,45000,30,30,0,0,1,165641
2501,0,83.5,249.109,249.167,45000,30,30,0,0,1,165666
2502,0,83.5333,249.169,249.223,45000,30,30,0,0,1,165689
2503,0,83.5667,249.225,249.278,45000,30,30,0,0,1,165711
2504,0,83.6,249.282,249.336,45000,30,30,0,0,1,165736
2505,0,83.6333,249.338,249.391,45000,30,30,0,0,1,165757
2506,0,83.6667,249.393,249.451,45000,30,30,0,0,1,165784
2507,0,83.7,249.453,249.508,45000,30,30,0,0,1,165808
2508,0,83.7333,249.51,249.563,45000,30,30,0,0,1,165829
2509,0,83.7667,249.565,249.618,45000,30,30,0,0,1,165851
2510,0,83.8,249.62,249.675,45000,30,30,0,0,1,165875
2511,0,83.8333,249.677,249.732,45000,30,30,0,0,1,165898
2512,0,83.8667,249.734,249.789,45000,30,30,0,0,1,165922
2513,0,83.9,249.791,249.846,45000,30,30,0,0,1,165945
2514,0,83.9333,249.848,249.901,45000,30,30,0,0,1,165967
2515,0,83.9667,249.903,249.957,45000,30,30,0,0,1,165990
2516,0,84,249.959,250.013,45000,30,30,0,0,1,166012
2517,0,84.0333,250.015,250.068,45000,30,30,0,0,1,166034
2518,0,84.0667,250.07,250.125,45000,30,30,0,0,1,166058
2519,0,84.1,250.125,250.18,45000,30,30,0,0,1,166080
2520,1,84.1333,250.182,250.239,45000,30,30,0,0,1,166105
2521,0,84.1667,250.241,250.298,45000,30,30,0,0,1,166131
2522,0,84.2,250.3,250.357,45000,30,30,0,0,1,166157
2523,0,84.2333,250.358,250.415,45000,30,30,0,0,1,166181
2524,0,84.2667,250.417,250.471,45000,30,30,0,0,1,166204
2525,0,84.3,250.473,250.526,45000,30,30,0,0,1,166226
2526,0,84.3333,250.528,250.582,45000,30,30,0,0,1,166248
2527,0,84.3667,250.584,250.639,45000,30,30,0,0,1,166272
2528,0,84.4,250.641,250.695,45000,30,30,0,0,1,166294
2529,0,84.4333,250.697,250.754,45000,30,30,0,0,1,166320
2530,0,84.4667,250.756,250.81,45000,30,30,0,0,1,166343
2531,0,84.5,250.812,250.867,45000,30,30,0,0,1,166366
2532,0,84.5333,250.869,250.924,45000,30,30,0,0,1,166390
2533,0,84.5667,250.926,250.979,45000,30,30,0,0,1,166412
2534,0,84.6,250.981,251.036,45000,30,30,0,0,1,166436
2535,0,84.6333,251.038,251.095,45000,30,30,0,0,1,166461
2536,0,84.6667,251.097,251.155,45000,30,30,0,0,1,166488
2537,0,84.7,251.157,251.215,45000,30,30,0,0,1,166515
2538,0,84.7333,251.217,251.275,45000,30,30,0,0,1,166541
2539,0,84.7667,251.277,251.336,45000,30,30,0,0,1,166569
2540,0,84.8,251.337,251.391,45000,30,30,0,0,1,166591
2541,0,84.8333,251.393,251.446,45000,30,30,0,0,1,166612
2542,0,84.8667,251.448,251.503,45000,30,30,0,0,1,166636
2543,0,84.9,251.505,251.56,45000,30,30,0,0,1,166659
2544,0,84.9333,251.562,251.617,45000,30,30,0,0,1,166683
2545,0,84.9667,251.619,251.672,45000,30,30,0,0,1,166705
2546,0,85,251.674,251.727,45000,30,30,0,0,1,166726
2547,0,85.0333,251.729,251.782,45000,30,30,0,0,1,166748
2548,0,85.0667,251.784,251.839,45000,30,30,0,0,1,166772
2549,0,85.1,251.84,251.895,45000,30,30,0,0,1,166795
2550,1,85.1333,251.897,251.952,45000,30,30,0,0,1,166818
2551,0,85.1667,251.952,252.009,45000,30,30,0,0,1,166842
2552,0,85.2,252.011,252.064,45000,30,30,0,0,1,166864
2553,0,85.2333,252.066,252.121,45000,30,30,0,0,1,166887
2554,0,85.2667,252.123,252.178,45000,30,30,0,0,1,166911
2555,0,85.3,252.18,252.235,45000,30,30,0,0,1,166935
2556,0,85.3333,252.237,252.289,45000,30,30,0,0,1,166955
2557,0,85.3667,252.291,252.348,45000,30,30,0,0,1,166981
2558,0,85.4,252.35,252.405,45000,30,30,0,0,1,167004
2559,0,85.4333,252.407,252.462,45000,30,30,0,0,1,167028
2560,0,85.4667,252.464,252.516,45000,30,30,0,0,1,167049
2561,0,85.5,252.518,252.567,45000,30,30,0,0,1,167066
2562,0,85.5333,252.567,252.62,45000,30,30,0,0,1,167086
2563,0,85.5667,252.622,252.676,45000,30,30,0,0,1,167109
2564,0,85.6,252.678,252.731,45000,30,30,0,0,1,167131
2565,0,85.6333,252.733,252.789,45000,30,30,0,0,1,167155
2566,0,85.6667,252.791,252.84,45000,30,30,0,0,1,167173
2567,0,85.7,252.842,252.897,45000,30,30,0,0,1,167197
2568,0,85.7333,252.897,252.952,45000,30,30,0,0,1,167218
2569,0,85.7667,252.954,253.012,45000,30,30,0,0,1,167245
2570,0,85.8,253.016,253.069,45000,30,30,0,0,1,167269
2571,0,85.8333,253.071,253.127,45000,30,30,0,0,1,167293
2572,0,85.8667,253.129,253.184,45000,30,30,0,0,1,167317
2573,0,85.9,253.186,253.236,45000,30,30,0,0,1,167335
2574,0,85.9333,253.238,253.293,45000,30,30,0,0,1,167359
2575,0,85.9667,253.295,253.346,45000,30,30,0,0,1,167379
2576,0,86,253.348,253.4,45000,30,30,0,0,1,167399
2577,0,86.0333,253.401,253.455,45000,30,30,0,0,1,167421
2578,0,86.0667,253.457,253.514,45000,30,30,0,0,1,167447
2579,0,86.1,253.516,253.571,45000,30,30,0,0,1,167471
2580,1,86.1333,253.573,253.63,45000,30,30,0,0,1,167496
2581,0,86.1667,253.632,253.683,45000,30,30,0,0,1,167516
2582,0,86.2,253.685,253.738,45000,30,30,0,0,1,167538
2583,0,86.2333,253.74,253.79,45000,30,30,0,0,1,167556
2584,0,86.2667,253.792,253.847,45000,30,30,0,0,1,167580
2585,0,86.3,253.849,253.903,45000,30,30,0,0,1,167603
2586,0,86.3333,253.905,253.958,45000,30,30,0,0,1,167624
2587,0,86.3667,253.96,254.013,45000,30,30,0,0,1,167646
2588,0,86.4,254.015,254.068,45000,30,30,0,0,1,167667
2589,0,86.4333,254.07,254.123,45000,30,30,0,0,1,167689
2590,0,86.4667,254.125,254.182,45000,30,30,0,0,1,167715
2591,0,86.5,254.184,254.243,45000,30,30,0,0,1,167742
2592,0,86.5333,254.245,254.301,45000,30,30,0,0,1,167767
2593,0,86.5667,254.303,254.356,45000,30,30,0,0,1,167789
2594,0,86.6,254.358,254.409,45000,30,30,0,0,1,167809
2595,0,86.6333,254.411,254.463,45000,30,30,0,0,1,167829
2596,0,86.6667,254.465,254.52,45000,30,30,0,0,1,167853
2597,0,86.7,254.522,254.577,45000,30,30,0,0,1,167877
2598,0,86.7333,254.579,254.633,45000,30,30,0,0,1,167899
2599,0,86.7667,254.635,254.69,45000,30,30,0,0,1,167923
2600,0,86.8,254.692,254.743,45000,30,30,0,0,1,167943
2601,0,86.8333,254.745,254.796,45000,30,30,0,0,1,167962
2602,0,86.8667,254.798,254.854,45000,30,30,0,0,1,167987
2603,0,86.9,254.856,254.913,45000,30,30,0,0,1,168012
2604,0,86.9333,254.915,254.975,45000,30,30,0,0,1,168041
2605,0,86.9667,254.977,255.03,45000,30,30,0,0,1,168063
2606,0,87,255.032,255.088,45000,30,30,0,0,1,168087
2607,0,87.0333,255.09,255.144,45000,30,30,0,0,1,168110
2608,0,87.0667,255.146,255.199,45000,30,30,0,0,1,168132
2609,0,87.1,255.203,255.259,45000,30,30,0,0,1,168159
2610,1,87.1333,255.261,255.314,45000,30,30,0,0,1,168180
2611,0,87.1667,255.316,255.367,45000,30,30,0,0,1,168200
2612,0,87.2,255.369,255.423,45000,30,30,0,0,1,168223
2613,0,87.2333,255.425,255.479,45000,30,30,0,0,1,168245
2614,0,87.2667,255.481,255.536,45000,30,30,0,0,1,168269
2615,0,87.3,255.538,255.596,45000,30,30,0,0,1,168296
2616,0,87.3333,255.598,255.651,45000,30,30,0,0,1,168317
2617,0,87.3667,255.653,255.709,45000,30,30,0,0,1,168342
2618,0,87.4,255.711,255.766,45000,30,30,0,0,1,168365
2619,0,87.4333,255.768,255.824,45000,30,30,0,0,1,168390
2620,0,87.4667,255.826,255.883,45000,30,30,0,0,1,168416
2621,0,87.5,255.885,255.94,45000,30,30,0,0,1,168439
2622,0,87.5333,255.942,255.998,45000,30,30,0,0,1,168464
2623,0,87.5667,256,256.057,45000,30,30,0,0,1,168490
2624,0,87.6,256.059,256.117,45000,30,30,0,0,1,168517
2625,0,87.6333,256.118,256.171,45000,30,30,0,0,1,168537
2626,0,87.6667,256.173,256.224,45000,30,30,0,0,1,168557
2627,0,87.7,256.225,256.275,45000,30,30,0,0,1,168575
2628,0,87.7333,256.277,256.33,45000,30,30,0,0,1,168596
2629,0,87.7667,256.331,256.386,45000,30,30,0,0,1,168619
2630,0,87.8,256.388,256.445,45000,30,30,0,0,1,168645
2631,0,87.8333,256.447,256.502,45000,30,30,0,0,1,168668
2632,0,87.8667,256.504,256.557,45000,30,30,0,0,1,168690
2633,0,87.9,256.559,256.612,45000,30,30,0,0,1,168711
2634,0,87.9333,256.614,256.671,45000,30,30,0,0,1,168737
2635,0,87.9667,256.673,256.73,45000,30,30,0,0,1,168763
2636,0,88,256.732,256.786,45000,30,30,0,0,1,168785
2637,0,88.0333,256.788,256.843,45000,30,30,0,0,1,168809
2638,0,88.0667,256.845,256.9,45000,30,30,0,0,1,168833
2639,0,88.1,256.902,256.955,45000,30,30,0,0,1,168855
2640,1,88.1333,256.957,257.01,45000,30,30,0,0,1,168876
2641,0,88.1667,257.012,257.065,45000,30,30,0,0,1,168898
2642,0,88.2,257.066,257.121,45000,30,30,0,0,1,168921
2643,0,88.2333,257.123,257.178,45000,30,30,0,0,1,168944
2644,0,88.2667,257.18,257.233,45000,30,30,0,0,1,168966
2645,0,88.3,257.235,257.29,45000,30,30,0,0,1,168990
2646,0,88.3333,257.292,257.347,45000,30,30,0,0,1,169013
2647,0,88.3667,257.349,257.403,45000,30,30,0,0,1,169036
2648,0,88.4,257.405,257.458,45000,30,30,0,0,1,169057
2649,0,88.4333,257.46,257.513,45000,30,30,0,0,1,169079
2650,0,88.4667,257.515,257.572,45000,30,30,0,0,1,169105
2651,0,88.5,257.574,257.631,45000,30,30,0,0,1,169130
2652,0,88.5333,257.633,257.689,45000,30,30,0,0,1,169155
2653,0,88.5667,257.691,257.749,45000,30,30,0,0,1,169182
2654,0,88.6,257.751,257.808,45000,30,30,0,0,1,169208
2655,0,88.6333,257.81,257.868,45000,30,30,0,0,1,169234
2656,0,88.6667,257.87,257.922,45000,30,30,0,0,1,169255
2657,0,88.7,257.924,257.974,45000,30,30,0,0,1,169274
2658,0,88.7333,257.974,258.027,45000,30,30,0,0,1,169293
2659,0,88.7667,258.029,258.084,45000,30,30,0,0,1,169317
2660,0,88.8,258.084,258.139,45000,30,30,0,0,1,169339
2661,0,88.8333,258.141,258.194,45000,30,30,0,0,1,169360
2662,0,88.8667,258.196,258.249,45000,30,30,0,0,1,169382
2663,0,88.9,258.251,258.305,45000,30,30,0,0,1,169404
2664,0,88.9333,258.307,258.36,45000,30,30,0,0,1,169426
2665,0,88.9667,258.362,258.417,45000,30,30,0,0,1,169450
2666,0,89,258.419,258.474,45000,30,30,0,0,1,169473
2667,0,89.0333,258.476,258.53,45000,30,30,0,0,1,169496
2668,0,89.0667,258.532,258.589,45000,30,30,0,0,1,169522
2669,0,89.1,258.591,258.65,45000,30,30,0,0,1,169550
2670,1,89.1333,258.652,258.71,45000,30,30,0,0,1,169576
2671,0,89.1667,258.712,258.763,45000,30,30,0,0,1,169596
2672,0,89.2,258.765,258.821,45000,30,30,0,0,1,169621
2673,0,89.2333,258.821,258.875,45000,30,30,0,0,1,169641
2674,0,89.2667,258.877,258.93,45000,30,30,0,0,1,169663
2675,0,89.3,258.932,258.988,45000,30,30,0,0,1,169688
2676,0,89.3333,258.99,259.043,45000,30,30,0,0,1,169709
2677,0,89.3667,259.045,259.099,45000,30,30,0,0,1,169732
2678,0,89.4,259.101,259.154,45000,30,30,0,0,1,169753
2679,0,89.4333,259.156,259.21,45000,30,30,0,0,1,169776
2680,0,89.4667,259.212,259.267,45000,30,30,0,0,1,169800
2681,0,89.5,259.269,259.325,45000,30,30,0,0,1,169824
2682,0,89.5333,259.327,259.38,45000,30,30,0,0,1,169846
2683,0,89.5667,259.382,259.437,45000,30,30,0,0,1,169870
2684,0,89.6,259.439,259.498,45000,30,30,0,0,1,169898
2685,0,89.6333,259.5,259.558,45000,30,30,0,0,1,169924
2686,0,89.6667,259.56,259.614,45000,30,30,0,0,1,169947
2687,0,89.7,259.616,259.669,45000,30,30,0,0,1,169969
2688,0,89.7333,259.669,259.721,45000,30,30,0,0,1,169987
2689,0,89.7667,259.723,259.776,45000,30,30,0,0,1,170009
2690,0,89.8,259.778,259.833,45000,30,30,0,0,1,170033
2691,0,89.8333,259.835,259.89,45000,30,30,0,0,1,170056
2692,0,89.8667,259.892,259.95,45000,30,30,0,0,1,170083
2693,0,89.9,259.952,260.005,45000,30,30,0,0,1,170104
2694,0,89.9333,260.007,260.063,45000,30,30,0,0,1,170129
2695,0,89.9667,260.064,260.118,45000,30,30,0,0,1,170151
2696,0,90,260.12,260.174,45000,30,30,0,0,1,170173
2697,0,90.0333,260.174,260.228,45000,30,30,0,0,1,170194
2698,0,90.0667,260.23,260.285,45000,30,30,0,0,1,170218
2699,0,90.1,260.287,260.346,45000,30,30,0,0,1,170246
2700,1,90.1333,260.348,260.405,45000,30,30,0,0,1,170271
2701,0,90.1667,260.407,260.464,45000,30,30,0,0,1,170297
2702,0,90.2,260.466,260.523,45000,30,30,0,0,1,170323
2703,0,90.2333,260.525,260.582,45000,30,30,0,0,1,170348
2704,0,90.2667,260.584,260.638,45000,30,30,0,0,1,170371
2705,0,90.3,260.64,260.693,45000,30,30,0,0,1,170393
2706,0,90.3333,260.695,260.751,45000,30,30,0,0,1,170417
2707,0,90.3667,260.752,260.806,45000,30,30,0,0,1,170439
2708,0,90.4,260.808,260.861,45000,30,30,0,0,1,170460
2709,0,90.4333,260.863,260.921,45000,30,30,0,0,1,170487
2710,0,90.4667,260.923,260.976,45000,30,30,0,0,1,170509
2711,0,90.5,260.978,261.032,45000,30,30,0,0,1,170531
2712,0,90.5333,261.034,261.089,45000,30,30,0,0,1,170555
2713,0,90.5667,261.091,261.144,45000,30,30,0,0,1,170577
2714,0,90.6,261.146,261.203,45000,30,30,0,0,1,170603
2715,0,90.6333,261.205,261.262,45000,30,30,0,0,1,170628
2716,0,90.6667,261.264,261.321,45000,30,30,0,0,1,170654
2717,0,90.7,261.323,261.375,45000,30,30,0,0,1,170675
2718,0,90.7333,261.377,261.43,45000,30,30,0,0,1,170696
2719,0,90.7667,261.432,261.48,45000,30,30,0,0,1,170713
2720,0,90.8,261.482,261.535,45000,30,30,0,0,1,170735
2721,0,90.8333,261.537,261.592,45000,30,30,0,0,1,170758
2722,0,90.8667,261.594,261.648,45000,30,30,0,0,1,170781
2723,0,90.9,261.65,261.703,45000,30,30,0,0,1,170802
2724,0,90.9333,261.705,261.76,45000,30,30,0,0,1,170826
2725,0,90.9667,261.762,261.815,45000,30,30,0,0,1,170848
2726,0,91,261.817,261.874,45000,30,30,0,0,1,170873
2727,0,91.0333,261.874,261.93,45000,30,30,0,0,1,170896
2728,0,91.0667,261.932,261.989,45000,30,30,0,0,1,170922
2729,0,91.1,261.991,262.046,45000,30,30,0,0,1,170946
2730,1,91.1333,262.048,262.103,45000,30,30,0,0,1,170969
2731,0,91.1667,262.105,262.16,45000,30,30,0,0,1,170993
2732,0,91.2,262.162,262.217,45000,30,30,0,0,1,171017
2733,0,91.2333,262.219,262.276,45000,30,30,0,0,1,171042
2734,0,91.2667,262.278,262.333,45000,30,30,0,0,1,171066
2735,0,91.3,262.335,262.388,45000,30,30,0,0,1,171088
2736,0,91.3333,262.39,262.447,45000,30,30,0,0,1,171113
2737,0,91.3667,262.449,262.503,45000,30,30,0,0,1,171136
2738,0,91.4,262.505,262.558,45000,30,30,0,0,1,171157
2739,0,91.4333,262.56,262.615,45000,30,30,0,0,1,171181
2740,0,91.4667,262.617,262.676,45000,30,30,0,0,1,171209
2741,0,91.5,262.678,262.737,45000,30,30,0,0,1,171236
2742,0,91.5333,262.739,262.794,45000,30,30,0,0,1,171260
2743,0,91.5667,262.796,262.848,45000,30,30,0,0,1,171281
2744,0,91.6,262.85,262.901,45000,30,30,0,0,1,171301
2745,0,91.6333,262.903,262.954,45000,30,30,0,0,1,171320
2746,0,91.6667,262.956,263.014,45000,30,30,0,0,1,171347
2747,0,91.7,263.016,263.069,45000,30,30,0,0,1,171369
2748,0,91.7333,263.071,263.125,45000,30,30,0,0,1,171391
2749,0,91.7667,263.127,263.182,45000,30,30,0,0,1,171415
2750,0,91.8,263.184,263.24,45000,30,30,0,0,1,171440
2751,0,91.8333,263.24,263.297,45000,30,30,0,0,1,171463
2752,0,91.8667,263.299,263.355,45000,30,30,0,0,1,171488
2753,0,91.9,263.356,263.41,45000,30,30,0,0,1,171509
2754,0,91.9333,263.412,263.466,45000,30,30,0,0,1,171532
2755,0,91.9667,263.468,263.523,45000,30,30,0,0,1,171556
2756,0,92,263.525,263.578,45000,30,30,0,0,1,171577
2757,0,92.0333,263.58,263.634,45000,30,30,0,0,1,171600
2758,0,92.0667,263.636,263.693,45000,30,30,0,0,1,171626
2759,0,92.1,263.695,263.749,45000,30,30,0,0,1,171649
2760,1,92.1333,263.751,263.804,45000,30,30,0,0,1,171670
2761,0,92.1667,263.806,263.865,45000,30,30,0,0,1,171698
2762,0,92.2,263.867,263.921,45000,30,30,0,0,1,171721
2763,0,92.2333,263.923,263.976,45000,30,30,0,0,1,171742
2764,0,92.2667,263.978,264.033,45000,30,30,0,0,1,171766
2765,0,92.3,264.033,264.089,45000,30,30,0,0,1,171789
2766,0,92.3333,264.091,264.146,45000,30,30,0,0,1,171812
2767,0,92.3667,264.148,264.203,45000,30,30,0,0,1,171836
2768,0,92.4,264.205,264.261,45000,30,30,0,0,1,171860
2769,0,92.4333,264.263,264.316,45000,30,30,0,0,1,171882
2770,0,92.4667,264.318,264.372,45000,30,30,0,0,1,171905
2771,0,92.5,264.374,264.428,45000,30,30,0,0,1,171927
2772,0,92.5333,264.43,264.483,45000,30,30,0,0,1,171949
2773,0,92.5667,264.485,264.541,45000,30,30,0,0,1,171974
2774,0,92.6,264.543,264.596,45000,30,30,0,0,1,171996
2775,0,92.6333,264.598,264.652,45000,30,30,0,0,1,172018
2776,0,92.6667,264.654,264.711,45000,30,30,0,0,1,172044
2777,0,92.7,264.713,264.769,45000,30,30,0,0,1,172069
2778,0,92.7333,264.771,264.826,45000,30,30,0,0,1,172092
2779,0,92.7667,264.828,264.88,45000,30,30,0,0,1,172113
2780,0,92.8,264.882,264.933,45000,30,30,0,0,1,172133
2781,0,92.8333,264.935,264.985,45000,30,30,0,0,1,172151
2782,0,92.8667,264.987,265.042,45000,30,30,0,0,1,172175
2783,0,92.9,265.044,265.098,45000,30,30,0,0,1,172197
2784,0,92.9333,265.1,265.157,45000,30,30,0,0,1,172223
2785,0,92.9667,265.159,265.212,45000,30,30,0,0,1,172245
2786,0,93,265.214,265.273,45000,30,30,0,0,1,172272
2787,0,93.0333,265.275,265.332,45000,30,30,0,0,1,172298
2788,0,93.0667,265.332,265.387,45000,30,30,0,0,1,172320
2789,0,93.1,265.389,265.444,45000,30,30,0,0,1,172344
2790,1,93.1333,265.446,265.5,45000,30,30,0,0,1,172366
2791,0,93.1667,265.502,265.553,45000,30,30,0,0,1,172386
2792,0,93.2,265.555,265.61,45000,30,30,0,0,1,172410
2793,0,93.2333,265.612,265.667,45000,30,30,0,0,1,172433
2794,0,93.2667,265.667,265.725,45000,30,30,0,0,1,172458
2795,0,93.3,265.727,265.786,45000,30,30,0,0,1,172486
2796,0,93.3333,265.788,265.847,45000,30,30,0,0,1,172513
2797,0,93.3667,265.848,265.899,45000,30,30,0,0,1,172532
2798,0,93.4,265.901,265.95,45000,30,30,0,0,1,172549
2799,0,93.4333,265.952,266.003,45000,30,30,0,0,1,172569
2800,0,93.4667,266.005,266.06,45000,30,30,0,0,1,172593
2801,0,93.5,266.062,266.115,45000,30,30,0,0,1,172614
2802,0,93.5333,266.117,266.172,45000,30,30,0,0,1,172638
2803,0,93.5667,266.174,266.23,45000,30,30,0,0,1,172663
2804,0,93.6,266.232,266.285,45000,30,30,0,0,1,172685
2805,0,93.6333,266.285,266.34,45000,30,30,0,0,1,172706
2806,0,93.6667,266.34,266.396,45000,30,30,0,0,1,172729
2807,0,93.7,266.398,266.451,45000,30,30,0,0,1,172751
2808,0,93.7333,266.453,266.511,45000,30,30,0,0,1,172777
2809,0,93.7667,266.513,266.57,45000,30,30,0,0,1,172803
2810,0,93.8,266.572,266.628,45000,30,30,0,0,1,172828
2811,0,93.8333,266.63,266.681,45000,30,30,0,0,1,172847
2812,0,93.8667,266.683,266.732,45000,30,30,0,0,1,172865
2813,0,93.9,266.734,266.788,45000,30,30,0,0,1,172887
2814,0,93.9333,266.79,266.843,45000,30,30,0,0,1,172909
2815,0,93.9667,266.845,266.9,45000,30,30,0,0,1,172933
2816,0,94,266.902,266.954,45000,30,30,0,0,1,172953
2817,0,94.0333,266.956,267.013,45000,30,30,0,0,1,172979
2818,0,94.0667,267.015,267.069,45000,30,30,0,0,1,173002
2819,0,94.1,267.071,267.126,45000,30,30,0,0,1,173026
2820,1,94.1333,267.128,267.186,45000,30,30,0,0,1,173052
2821,0,94.1667,267.19,267.245,45000,30,30,0,0,1,173078
2822,0,94.2,267.247,267.301,45000,30,30,0,0,1,173101
2823,0,94.2333,267.303,267.358,45000,30,30,0,0,1,173124
2824,0,94.2667,267.36,267.416,45000,30,30,0,0,1,173149
2825,0,94.3,267.417,267.473,45000,30,30,0,0,1,173173
2826,0,94.3333,267.475,267.528,45000,30,30,0,0,1,173194
2827,0,94.3667,267.53,267.585,45000,30,30,0,0,1,173218
2828,0,94.4,267.587,267.644,45000,30,30,0,0,1,173243
2829,0,94.4333,267.646,267.699,45000,30,30,0,0,1,173265
2830,0,94.4667,267.701,267.756,45000,30,30,0,0,1,173289
2831,0,94.5,267.758,267.815,45000,30,30,0,0,1,173314
2832,0,94.5333,267.817,267.872,45000,30,30,0,0,1,173338
2833,0,94.5667,267.874,267.93,45000,30,30,0,0,1,173363
2834,0,94.6,267.931,267.987,45000,30,30,0,0,1,173387
2835,0,94.6333,267.989,268.046,45000,30,30,0,0,1,173412
2836,0,94.6667,268.048,268.105,45000,30,30,0,0,1,173438
2837,0,94.7,268.107,268.164,45000,30,30,0,0,1,173464
2838,0,94.7333,268.165,268.222,45000,30,30,0,0,1,173488
2839,0,94.7667,268.224,268.275,45000,30,30,0,0,1,173508
2840,0,94.8,268.277,268.33,45000,30,30,0,0,1,173530
2841,0,94.8333,268.332,268.385,45000,30,30,0,0,1,173551
2842,0,94.8667,268.387,268.442,45000,30,30,0,0,1,173575
2843,0,94.9,268.444,268.497,45000,30,30,0,0,1,173596
2844,0,94.9333,268.499,268.554,45000,30,30,0,0,1,173620
2845,0,94.9667,268.556,268.609,45000,30,30,0,0,1,173642
2846,0,95,268.611,268.664,45000,30,30,0,0,1,173663
2847,0,95.0333,268.666,268.72,45000,30,30,0,0,1,173686
2848,0,95.0667,268.722,268.781,45000,30,30,0,0,1,173714
2849,0,95.1,268.783,268.841,45000,30,30,0,0,1,173741
2850,1,95.1333,268.843,268.901,45000,30,30,0,0,1,173767
2851,0,95.1667,268.903,268.957,45000,30,30,0,0,1,173790
2852,0,95.2,268.959,269.013,45000,30,30,0,0,1,173813
2853,0,95.2333,269.013,269.067,45000,30,30,0,0,1,173833
2854,0,95.2667,269.069,269.122,45000,30,30,0,0,1,173855
2855,0,95.3,269.124,269.183,45000,30,30,0,0,1,173883
2856,0,95.3333,269.185,269.238,45000,30,30,0,0,1,173904
2857,0,95.3667,269.24,269.295,45000,30,30,0,0,1,173928
2858,0,95.4,269.295,269.35,45000,30,30,0,0,1,173949
2859,0,95.4333,269.351,269.406,45000,30,30,0,0,1,173972
2860,0,95.4667,269.408,269.463,45000,30,30,0,0,1,173996
2861,0,95.5,269.465,269.521,45000,30,30,0,0,1,174020
2862,0,95.5333,269.522,269.576,45000,30,30,0,0,1,174042
2863,0,95.5667,269.578,269.631,45000,30,30,0,0,1,174064
2864,0,95.6,269.633,269.689,45000,30,30,0,0,1,174089
2865,0,95.6333,269.69,269.746,45000,30,30,0,0,1,174112
2866,0,95.6667,269.748,269.807,45000,30,30,0,0,1,174140
2867,0,95.7,269.809,269.866,45000,30,30,0,0,1,174166
2868,0,95.7333,269.868,269.924,45000,30,30,0,0,1,174190
2869,0,95.7667,269.926,269.98,45000,30,30,0,0,1,174213
2870,0,95.8,269.982,270.033,45000,30,30,0,0,1,174233
2871,0,95.8333,270.034,270.089,45000,30,30,0,0,1,174255
2872,0,95.8667,270.091,270.146,45000,30,30,0,0,1,174279
2873,0,95.9,270.148,270.201,45000,30,30,0,0,1,174300
2874,0,95.9333,270.203,270.258,45000,30,30,0,0,1,174324
2875,0,95.9667,270.26,270.313,45000,30,30,0,0,1,174346
2876,0,96,270.315,270.369,45000,30,30,0,0,1,174368
2877,0,96.0333,270.369,270.424,45000,30,30,0,0,1,174390
2878,0,96.0667,270.426,270.48,45000,30,30,0,0,1,174413
2879,0,96.1,270.482,270.537,45000,30,30,0,0,1,174437
2880,1,96.1333,270.541,270.597,45000,30,30,0,0,1,174463
2881,0,96.1667,270.597,270.654,45000,30,30,0,0,1,174487
2882,0,96.2,270.656,270.71,45000,30,30,0,0,1,174510
2883,0,96.2333,270.712,270.767,45000,30,30,0,0,1,174533
2884,0,96.2667,270.769,270.822,45000,30,30,0,0,1,174555
2885,0,96.3,270.824,270.879,45000,30,30,0,0,1,174579
2886,0,96.3333,270.881,270.936,45000,30,30,0,0,1,174602
2887,0,96.3667,270.938,270.993,45000,30,30,0,0,1,174626
2888,0,96.4,270.995,271.05,45000,30,30,0,0,1,174649
2889,0,96.4333,271.05,271.107,45000,30,30,0,0,1,174673
2890,0,96.4667,271.109,271.162,45000,30,30,0,0,1,174695
2891,0,96.5,271.164,271.217,45000,30,30,0,0,1,174716
2892,0,96.5333,271.218,271.273,45000,30,30,0,0,1,174739
2893,0,96.5667,271.275,271.332,45000,30,30,0,0,1,174765
2894,0,96.6,271.334,271.391,45000,30,30,0,0,1,174791
2895,0,96.6333,271.393,271.449,45000,30,30,0,0,1,174815
2896,0,96.6667,271.45,271.507,45000,30,30,0,0,1,174840
2897,0,96.7,271.508,271.561,45000,30,30,0,0,1,174861
2898,0,96.7333,271.562,271.619,45000,30,30,0,0,1,174885
2899,0,96.7667,271.621,271.674,45000,30,30,0,0,1,174907
2900,0,96.8,271.676,271.729,45000,30,30,0,0,1,174929
2901,0,96.8333,271.731,271.786,45000,30,30,0,0,1,174952
2902,0,96.8667,271.787,271.84,45000,30,30,0,0,1,174973
2903,0,96.9,271.842,271.897,45000,30,30,0,0,1,174996
2904,0,96.9333,271.899,271.956,45000,30,30,0,0,1,175022
2905,0,96.9667,271.958,272.021,45000,30,30,0,0,1,175054
2906,0,97,272.023,272.076,45000,30,30,0,0,1,175075
2907,0,97.0333,272.078,272.131,45000,30,30,0,0,1,175097
2908,0,97.0667,272.133,272.188,45000,30,30,0,0,1,175121
2909,0,97.1,272.19,272.245,45000,30,30,0,0,1,175145
2910,1,97.1333,272.247,272.301,45000,30,30,0,0,1,175167
2911,0,97.1667,272.303,272.356,45000,30,30,0,0,1,175189
2912,0,97.2,272.358,272.411,45000,30,30,0,0,1,175211
2913,0,97.2333,272.413,272.468,45000,30,30,0,0,1,175234
2914,0,97.2667,272.47,272.522,45000,30,30,0,0,1,175255
2915,0,97.3,272.524,272.581,45000,30,30,0,0,1,175281
2916,0,97.3333,272.583,272.641,45000,30,30,0,0,1,175307
2917,0,97.3667,272.643,272.698,45000,30,30,0,0,1,175331
2918,0,97.4,272.7,272.752,45000,30,30,0,0,1,175351
2919,0,97.4333,272.754,272.81,45000,30,30,0,0,1,175376
2920,0,97.4667,272.811,272.866,45000,30,30,0,0,1,175399
2921,0,97.5,272.868,272.924,45000,30,30,0,0,1,175423
2922,0,97.5333,272.926,272.983,45000,30,30,0,0,1,175449
2923,0,97.5667,272.984,273.039,45000,30,30,0,0,1,175472
2924,0,97.6,273.04,273.091,45000,30,30,0,0,1,175491
2925,0,97.6333,273.093,273.146,45000,30,30,0,0,1,175512
2926,0,97.6667,273.146,273.201,45000,30,30,0,0,1,175534
2927,0,97.7,273.203,273.256,45000,30,30,0,0,1,175556
2928,0,97.7333,273.258,273.315,45000,30,30,0,0,1,175581
2929,0,97.7667,273.317,273.369,45000,30,30,0,0,1,175602
2930,0,97.8,273.37,273.424,45000,30,30,0,0,1,175624
2931,0,97.8333,273.426,273.481,45000,30,30,0,0,1,175647
2932,0,97.8667,273.483,273.536,45000,30,30,0,0,1,175669
2933,0,97.9,273.538,273.594,45000,30,30,0,0,1,175693
2934,0,97.9333,273.596,273.649,45000,30,30,0,0,1,175715
2935,0,97.9667,273.651,273.705,45000,30,30,0,0,1,175738
2936,0,98,273.707,273.764,45000,30,30,0,0,1,175763
2937,0,98.0333,273.766,273.821,45000,30,30,0,0,1,175787
2938,0,98.0667,273.823,273.88,45000,30,30,0,0,1,175813
2939,0,98.1,273.882,273.936,45000,30,30,0,0,1,175836
2940,1,98.1333,273.937,273.993,45000,30,30,0,0,1,175859
2941,0,98.1667,273.994,274.048,45000,30,30,0,0,1,175881
2942,0,98.2,274.05,274.103,45000,30,30,0,0,1,175903
2943,0,98.2333,274.105,274.16,45000,30,30,0,0,1,175926
2944,0,98.2667,274.162,274.215,45000,30,30,0,0,1,175948
2945,0,98.3,274.217,274.27,45000,30,30,0,0,1,175970
2946,0,98.3333,274.272,274.327,45000,30,30,0,0,1,175993
2947,0,98.3667,274.331,274.388,45000,30,30,0,0,1,176021
2948,0,98.4,274.39,274.445,45000,30,30,0,0,1,176044
2949,0,98.4333,274.447,274.504,45000,30,30,0,0,1,176070
2950,0,98.4667,274.506,274.56,45000,30,30,0,0,1,176093
2951,0,98.5,274.562,274.612,45000,30,30,0,0,1,176111
2952,0,98.5333,274.614,274.668,45000,30,30,0,0,1,176134
2953,0,98.5667,274.67,274.724,45000,30,30,0,0,1,176157
2954,0,98.6,274.726,274.779,45000,30,30,0,0,1,176179
2955,0,98.6333,274.781,274.836,45000,30,30,0,0,1,176202
2956,0,98.6667,274.838,274.897,45000,30,30,0,0,1,176230
2957,0,98.7,274.899,274.956,45000,30,30,0,0,1,176256
2958,0,98.7333,274.958,275.009,45000,30,30,0,0,1,176275
2959,0,98.7667,275.011,275.06,45000,30,30,0,0,1,176293
2960,0,98.8,275.062,275.111,45000,30,30,0,0,1,176311
2961,0,98.8333,275.113,275.166,45000,30,30,0,0,1,176332
2962,0,98.8667,275.168,275.222,45000,30,30,0,0,1,176355
2963,0,98.9,275.224,275.281,45000,30,30,0,0,1,176380
2964,0,98.9333,275.283,275.342,45000,30,30,0,0,1,176408
2965,0,98.9667,275.344,275.397,45000,30,30,0,0,1,176430
2966,0,99,275.399,275.454,45000,30,30,0,0,1,176453
2967,0,99.0333,275.456,275.511,45000,30,30,0,0,1,176477
2968,0,99.0667,275.513,275.57,45000,30,30,0,0,1,176503
2969,0,99.1,275.572,275.627,45000,30,30,0,0,1,176527
2970,1,99.1333,275.629,275.684,45000,30,30,0,0,1,176550
2971,0,99.1667,275.686,275.741,45000,30,30,0,0,1,176574
2972,0,99.2,275.743,275.797,45000,30,30,0,0,1,176597
2973,0,99.2333,275.799,275.854,45000,30,30,0,0,1,176620
2974,0,99.2667,275.856,275.909,45000,30,30,0,0,1,176642
2975,0,99.3,275.911,275.964,45000,30,30,0,0,1,176664
2976,0,99.3333,275.966,276.022,45000,30,30,0,0,1,176688
2977,0,99.3667,276.024,276.077,45000,30,30,0,0,1,176710
2978,0,99.4,276.081,276.134,45000,30,30,0,0,1,176733
2979,0,99.4333,276.136,276.19,45000,30,30,0,0,1,176756
2980,0,99.4667,276.192,276.247,45000,30,30,0,0,1,176780
2981,0,99.5,276.249,276.303,45000,30,30,0,0,1,176802
2982,0,99.5333,276.305,276.36,45000,30,30,0,0,1,176826
2983,0,99.5667,276.36,276.416,45000,30,30,0,0,1,176849
2984,0,99.6,276.417,276.469,45000,30,30,0,0,1,176869
2985,0,99.6333,276.471,276.525,45000,30,30,0,0,1,176891
2986,0,99.6667,276.527,276.584,45000,30,30,0,0,1,176917
2987,0,99.7,276.586,276.64,45000,30,30,0,0,1,176940
2988,0,99.7333,276.642,276.697,45000,30,30,0,0,1,176963
2989,0,99.7667,276.699,276.753,45000,30,30,0,0,1,176986
2990,0,99.8,276.755,276.808,45000,30,30,0,0,1,177008
2991,0,99.8333,276.81,276.867,45000,30,30,0,0,1,177033
2992,0,99.8667,276.869,276.929,45000,30,30,0,0,1,177062
2993,0,99.9,276.931,276.984,45000,30,30,0,0,1,177083
2994,0,99.9333,276.986,277.042,45000,30,30,0,0,1,177108
2995,0,99.9667,277.044,277.099,45000,30,30,0,0,1,177132
2996,0,100,277.101,277.156,45000,30,30,0,0,1,177155
2997,0,100.033,277.156,277.209,45000,30,30,0,0,1,177175
2998,0,100.067,277.211,277.267,45000,30,30,0,0,1,177200
2999,0,100.1,277.269,277.322,45000,30,30,0,0,1,177222
