0.056	21
0.085	22
0.127	22
0.169	21
0.208	21
0.239	22
0.267	21
0.298	21
0.333	22
0.36	22
0.39	22
0.425	22
0.46	22
0.49	22
0.52	20
0.559	21
0.592	21
0.627	22
0.659	21
0.694	21
0.726	21
0.76	22
0.795	22
0.828	21
0.861	22
0.895	21
0.93	22
0.963	21
0.997	22
1.03	21
1.064	22
1.097	22
1.131	21
1.163	21
1.197	21
1.231	22
1.265	22
1.299	22
1.332	21
1.366	21
1.399	21
1.433	22
1.466	21
1.5	21
1.535	22
1.568	22
1.602	22
1.637	22
1.671	21
1.704	21
1.739	21
1.773	22
1.823	22
1.858	22
1.892	22
1.925	21
1.958	22
1.991	21
2.025	21
2.059	21
2.093	22
2.136	21
2.175	21
2.209	22
2.242	21
2.277	21
2.31	21
2.344	21
2.377	21
2.411	21
2.446	22
2.48	21
2.513	21
2.547	22
2.581	21
2.614	22
2.647	21
2.68	21
2.715	21
2.748	21
2.782	21
2.816	21
2.848	21
2.882	21
2.916	21
2.949	21
2.982	21
3.016	21
3.051	21
3.085	21
3.119	21
3.153	22
3.188	22
3.222	21
3.256	21
3.289	21
3.324	21
3.358	21
3.391	21
3.425	21
3.459	21
3.494	22
3.528	22
3.561	22
3.595	21
3.63	21
3.664	21
3.698	21
3.732	21
3.766	21
3.8	21
3.834	21
3.867	21
3.901	21
3.936	21
3.97	21
4.004	21
4.038	21
4.072	21
4.107	21
4.141	21
4.174	21
4.209	21
4.241	21
4.275	22
4.308	21
4.341	21
4.374	21
4.408	21
4.44	21
4.474	21
4.511	21
4.552	22
4.591	21
4.631	21
4.685	22
4.717	22
4.75	22
4.784	22
4.815	22
4.848	22
4.88	22
4.913	22
4.946	22
4.978	21
5.012	22
5.043	22
5.109	22
5.141	22
5.174	22
5.206	22
5.238	22
5.271	22
5.303	22
5.337	22
5.369	22
5.402	22
5.436	22
5.467	22
5.501	22
5.533	22
5.563	22
5.595	22
5.627	22
5.658	21
5.691	22
5.723	22
5.754	21
5.786	22
5.818	22
5.86	22
5.905	22
5.949	22
5.993	21
6.036	22
6.067	21
6.1	21
6.132	21
6.163	22
6.194	21
6.226	21
6.259	22
6.289	21
6.322	21
6.353	22
6.385	21
6.416	21
6.45	22
6.483	21
6.516	22
6.554	21
6.595	22
6.633	21
6.672	21
6.713	21
6.753	22
6.785	21
6.82	21
6.853	21
6.886	21
6.92	22
6.954	21
6.987	21
7.023	21
7.056	21
7.091	22
7.125	22
7.163	21
7.202	21
7.24	21
7.279	21
7.319	22
7.363	22
7.406	21
7.445	22
7.483	21
7.521	21
7.56	21
7.601	21
7.642	21
7.677	21
7.711	21
7.75	21
7.79	21
7.829	21
7.869	21
7.907	21
7.949	21
7.991	21
8.033	21
8.075	21
8.117	21
8.159	20
8.206	21
8.248	21
8.29	21
8.334	21
8.376	21
8.416	21
8.454	21
8.494	21
8.538	21
8.582	21
8.626	21
8.665	21
8.703	21
8.743	20
8.782	21
8.825	20
8.864	21
8.904	21
8.945	21
8.986	21
9.027	21
9.068	21
9.109	21
9.145	20
9.182	21
9.218	21
9.254	20
9.29	20
9.327	21
9.362	21
9.402	21
9.438	21
9.473	21
9.509	20
9.545	21
9.578	20
9.614	21
9.647	21
9.681	21
9.716	20
9.75	20
9.783	20
9.818	20
9.852	20
9.885	20
9.923	20
9.957	21
9.99	21
10.024	21
10.058	20
10.092	20
10.125	21
10.159	21
10.194	21
10.226	20
10.26	20
10.294	21
10.328	21
10.362	21
10.395	20
10.432	20
10.466	21
10.5	21
10.534	20
10.567	21
10.601	21
10.636	21
10.669	21
10.704	21
10.737	20
10.77	20
10.804	21
10.838	21
10.872	21
10.907	21
10.944	21
10.976	20
11.011	20
11.044	21
11.078	21
11.113	21
11.145	20
11.18	20
11.214	21
11.247	21
11.281	21
11.315	20
11.349	20
11.383	21
11.416	21
11.453	21
11.486	20
11.52	20
11.554	21
11.589	21
11.621	20
11.656	20
11.69	21
11.723	21
11.758	21
11.79	20
11.824	21
11.858	21
11.892	21
11.926	21
11.962	20
11.996	21
12.03	20
12.063	21
12.097	21
12.131	21
12.165	21
12.198	20
12.233	21
12.266	21
12.301	21
12.333	20
12.367	21
12.401	21
12.435	21
12.471	20
12.506	21
12.54	21
12.573	21
12.606	21
12.641	21
12.674	21
12.709	21
12.742	20
12.775	21
12.809	21
12.843	20
12.876	20
12.91	21
12.945	21
12.98	20
13.015	20
13.049	21
13.083	21
13.115	21
13.15	21
13.184	21
13.217	21
13.25	20
13.285	21
13.318	21
13.351	20
13.385	21
13.419	21
13.454	21
13.489	21
13.523	21
13.556	20
13.591	21
13.624	21
13.658	21
13.692	20
13.725	21
13.759	21
13.794	21
13.826	20
13.86	21
13.895	21
13.928	21
13.961	20
13.998	21
14.032	20
14.065	21
14.1	21
14.133	20
14.166	21
14.2	21
14.234	21
14.267	20
14.301	21
14.336	21
14.368	21
14.403	21
14.436	21
14.47	21
14.507	21
14.54	21
14.573	21
14.607	21
14.641	20
14.674	21
14.709	21
14.743	21
14.775	20
14.81	21
14.843	20
14.876	21
14.91	21
14.944	21
14.977	20
15.015	21
15.048	20
15.082	21
15.115	20
15.148	21
15.182	21
15.216	21
15.249	20
15.283	21
15.318	21
15.351	20
15.384	21
15.419	21
15.453	21
15.486	20
15.522	21
15.59	21
15.624	21
15.656	21
15.691	21
15.724	21
15.757	20
15.791	21
15.825	21
15.858	20
15.892	21
15.927	21
15.959	20
15.993	20
16.031	21
16.063	20
16.098	20
16.131	21
16.166	21
16.199	21
16.234	21
16.267	21
16.302	21
16.336	20
16.369	20
16.404	20
16.437	21
16.504	21
16.537	21
16.574	21
16.607	21
16.639	20
16.674	21
16.707	21
16.739	21
16.773	21
16.807	21
16.839	21
16.881	21
16.923	21
17.007	21
17.049	21
17.091	21
17.136	20
17.178	20
17.22	20
17.262	20
17.304	20
17.346	20
17.389	21
17.429	21
17.47	21
17.51	20
17.553	21
17.593	20
17.634	21
17.674	21
17.714	21
17.755	21
17.795	20
17.839	20
17.88	21
17.921	21
17.953	20
17.986	21
18.018	20
18.051	21
18.084	21
18.116	20
18.159	21
18.191	20
18.224	21
18.256	20
18.288	21
18.319	21
18.35	20
18.385	21
18.416	21
18.447	20
18.479	21
18.521	21
18.552	21
18.582	20
18.614	21
18.645	21
18.676	21
18.707	21
18.738	21
18.77	21
18.802	20
18.835	21
18.867	21
18.902	21
18.934	21
18.966	21
18.998	21
19.04	21
19.072	21
19.101	21
19.132	21
19.161	21
19.191	20
19.221	21
19.25	21
19.28	20
19.311	20
19.343	21
19.373	21
19.406	20
19.438	21
19.467	20
19.499	21
19.528	20
19.56	20
19.592	21
19.623	20
19.655	21
19.686	20
19.718	21
19.749	20
19.782	21
19.813	20
19.845	21
19.878	21
19.91	20
19.941	21
19.972	21
20.004	20
20.037	21
20.07	21
20.102	20
20.135	21
20.167	20
20.236	21
20.27	21
20.303	21
20.338	21
20.374	21
20.409	21
20.441	20
20.475	20
20.511	21
20.545	21
20.578	21
20.611	20
20.646	20
20.68	20
20.714	21
20.748	21
20.781	21
20.815	21
20.849	21
20.887	21
20.921	21
20.955	21
20.988	20
21.022	21
21.055	21
21.089	20
21.122	21
21.157	21
21.19	21
21.224	21
21.257	20
21.291	21
21.324	20
21.357	21
21.393	20
21.426	20
21.461	21
21.493	21
21.525	20
21.559	21
21.592	21
21.623	20
21.656	21
21.689	21
21.722	21
21.756	21
21.789	21
21.822	21
21.855	21
21.891	21
21.93	20
21.967	21
22.003	21
22.039	20
22.076	21
22.112	21
22.148	20
22.185	21
22.221	20
22.257	21
22.294	20
22.33	21
22.367	21
22.403	20
22.439	21
22.478	21
22.514	20
22.552	21
22.59	21
22.628	21
22.665	20
22.703	21
22.741	21
22.778	20
22.816	21
22.854	21
22.891	20
22.929	21
22.967	21
23.004	20
23.045	20
23.083	21
23.121	21
23.155	20
23.19	21
23.224	20
23.259	21
23.294	21
23.328	20
23.363	21
23.398	21
23.432	20
23.467	21
23.502	21
23.537	21
23.575	21
23.61	21
23.646	21
23.68	20
23.715	20
23.749	21
23.784	21
23.818	20
23.854	21
23.887	21
23.922	21
23.955	20
23.989	20
24.023	20
24.057	20
24.095	20
24.128	20
24.162	20
24.197	21
24.23	21
24.264	21
24.298	20
24.331	21
24.364	20
24.399	21
24.432	20
24.465	21
24.499	20
24.532	21
24.565	20
24.602	20
24.635	21
24.668	21
24.701	21
24.734	20
24.767	20
24.801	20
24.833	20
24.866	20
24.899	20
24.932	21
24.965	21
24.999	21
25.032	21
25.064	21
25.1	21
25.133	21
25.166	21
25.2	21
25.232	21
25.265	21
25.298	21
25.332	21
25.364	21
25.397	20
25.429	20
25.462	20
25.496	20
25.528	20
25.561	20
25.598	20
25.63	20
25.663	20
25.697	20
25.729	20
25.796	20
25.828	20
25.861	20
25.894	20
25.927	20
25.96	20
25.994	20
26.026	20
26.059	20
26.095	20
26.128	20
26.161	20
26.194	20
26.227	21
26.26	20
26.294	20
26.326	20
26.36	20
26.392	20
26.425	20
26.459	20
26.493	21
26.525	21
26.558	20
26.594	20
26.629	21
26.662	21
26.695	20
26.729	21
26.762	20
26.796	21
26.83	21
26.863	21
26.897	21
26.93	20
26.964	21
26.998	21
27.031	21
27.065	21
27.102	21
27.137	21
27.171	21
27.202	21
27.236	20
27.268	20
27.302	20
27.367	20
27.401	21
27.434	21
27.465	21
27.497	21
27.53	21
27.56	20
27.593	20
27.628	20
27.661	21
27.692	21
27.729	21
27.766	20
27.804	21
27.841	21
27.878	20
27.916	21
27.953	21
27.99	21
28.027	20
28.064	20
28.102	20
28.138	20
28.178	20
28.215	20
28.253	21
28.29	21
28.329	21
28.367	21
28.406	21
28.444	21
28.482	20
28.521	21
28.559	21
28.597	20
28.636	21
28.674	21
28.712	20
28.754	21
28.792	21
28.83	20
28.869	21
28.907	21
28.944	21
28.984	21
29.022	20
29.061	21
29.1	21
29.138	20
29.177	21
29.216	21
29.254	20
29.293	21
29.327	21
29.363	20
29.397	20
29.431	21
29.464	20
29.498	20
29.532	21
29.566	21
29.599	20
29.633	21
29.667	21
29.701	21
29.735	21
29.768	21
29.802	21
29.837	21
29.873	21
29.906	20
29.94	20
29.974	21
30.008	21
30.041	20
30.074	20
30.109	20
30.144	21
30.177	21
30.211	21
30.245	21
30.279	21
30.312	20
30.347	20
30.383	21
30.417	21
30.451	21
30.484	20
30.519	21
30.552	20
30.586	21
30.618	20
30.653	21
30.686	20
30.719	21
30.752	21
30.786	20
30.818	20
30.853	21
30.888	21
30.922	21
30.955	21
30.988	21
31.02	21
31.053	21
31.087	21
31.119	21
31.151	20
31.185	20
31.218	21
31.251	21
31.283	20
31.316	21
31.348	20
31.384	21
31.415	20
31.448	20
31.482	21
31.515	21
31.547	20
31.579	21
31.611	20
31.645	21
31.677	21
31.709	20
31.743	21
31.775	21
31.808	20
31.841	21
31.875	20
31.908	21
31.941	21
31.973	20
32.006	21
32.039	21
32.071	20
32.105	21
32.138	21
32.169	20
32.202	21
32.236	21
32.268	21
32.301	20
32.334	21
32.368	20
32.402	21
32.435	21
32.466	20
32.5	20
32.532	21
32.565	21
32.597	21
32.631	21
32.662	20
32.695	20
32.728	21
32.761	21
32.794	20
32.826	21
32.861	20
32.894	21
32.927	21
32.959	20
32.992	21
33.025	21
33.057	20
33.124	21
33.157	21
33.189	20
33.221	21
33.254	21
33.287	20
33.32	21
33.355	21
33.387	21
33.421	21
33.454	21
33.486	21
33.518	20
33.552	21
33.584	21
33.617	20
33.649	20
33.682	21
33.716	21
33.748	21
33.782	21
33.815	21
33.849	21
33.882	21
33.915	21
33.949	21
33.981	20
34.014	20
34.048	20
34.081	21
34.115	21
34.148	21
34.182	21
34.215	21
34.248	20
34.282	21
34.314	21
34.35	20
34.385	21
34.417	20
34.451	21
34.486	21
34.519	20
34.553	21
34.586	21
34.619	20
34.654	21
34.687	21
34.722	21
34.755	21
34.786	21
34.82	21
34.851	20
34.885	21
34.918	21
34.948	20
34.981	21
35.013	21
35.044	20
35.075	20
35.107	20
35.14	21
35.172	21
35.203	21
35.236	21
35.274	21
35.313	21
35.351	20
35.393	21
35.432	21
35.469	20
35.508	21
35.547	20
35.586	21
35.623	20
35.662	21
35.7	21
35.739	21
35.777	20
35.815	20
35.854	21
35.892	20
35.976	21
36.016	21
36.056	21
36.096	21
36.136	21
36.176	21
36.216	21
36.256	21
36.296	21
36.336	21
36.376	21
36.416	21
36.456	21
36.496	21
36.536	21
36.58	21
36.621	20
36.663	21
36.705	21
36.746	20
36.788	21
36.83	21
36.871	20
36.913	21
36.955	21
36.997	21
37.039	21
37.081	21
37.123	21
37.165	21
37.203	21
37.238	21
37.272	20
37.307	21
37.341	20
37.376	21
37.411	21
37.445	20
37.48	20
37.515	20
37.55	20
37.585	20
37.62	20
37.655	21
37.69	21
37.728	20
37.763	20
37.798	20
37.833	21
37.867	20
37.902	21
37.935	20
37.97	21
38.01	21
38.044	20
38.076	20
38.11	20
38.142	20
38.175	20
38.208	20
38.241	20
38.277	20
38.31	21
38.344	21
38.377	21
38.41	21
38.443	20
38.477	20
38.511	21
38.578	21
38.611	21
38.644	20
38.677	21
38.71	21
38.744	21
38.78	20
38.812	20
38.846	20
38.879	20
38.911	20
38.945	21
38.977	21
39.01	21
39.044	21
39.077	21
39.112	20
39.145	20
39.181	21
39.214	21
39.249	20
39.286	21
39.321	21
39.354	21
39.389	20
39.422	20
39.458	21
39.491	21
39.526	20
39.56	20
39.594	21
39.629	21
39.662	21
39.697	20
39.731	21
39.766	21
39.802	20
39.837	20
39.871	21
39.906	21
39.939	21
39.974	21
40.008	20
40.043	21
40.075	20
40.11	21
40.142	20
40.178	21
40.213	21
40.248	20
40.284	21
40.323	21
40.359	21
40.394	20
40.43	21
40.466	21
40.5	20
40.535	21
40.569	20
40.604	21
40.639	21
40.673	20
40.707	20
40.742	21
40.776	21
40.809	20
40.843	20
40.88	20
40.914	20
40.948	20
40.982	20
41.016	20
41.05	20
41.084	20
41.118	20
41.152	20
41.186	20
41.22	20
41.254	20
41.288	20
41.322	20
41.356	20
41.394	21
41.428	21
41.462	21
41.495	20
41.529	20
41.563	20
41.598	21
41.632	21
41.698	21
41.732	21
41.765	20
41.8	21
41.834	21
41.868	20
41.907	21
41.94	20
41.974	20
42.009	21
42.044	21
42.077	21
42.112	21
42.145	21
42.181	21
42.216	20
42.252	21
42.289	21
42.323	21
42.355	20
42.39	21
42.427	21
42.46	21
42.495	21
42.529	20
42.564	21
42.598	20
42.633	21
42.668	21
42.702	20
42.737	21
42.772	21
42.806	20
42.841	21
42.876	21
42.91	20
42.948	21
42.983	21
43.017	20
43.052	21
43.087	21
43.121	20
43.156	21
43.19	20
43.224	21
43.259	20
43.294	21
43.329	21
43.363	20
43.398	21
43.432	20
43.505	21
43.54	21
43.574	20
43.609	21
43.643	20
43.677	21
43.713	21
43.746	20
43.782	20
43.816	21
43.851	21
43.885	20
43.92	21
43.955	21
43.992	21
44.026	20
44.06	21
44.094	21
44.128	20
44.163	21
44.197	21
44.231	20
44.266	21
44.3	21
44.335	21
44.369	20
44.404	21
44.439	21
44.473	20
44.508	21
44.546	21
44.58	20
44.615	21
44.65	21
44.684	20
44.719	21
44.754	21
44.788	20
44.822	21
44.855	20
44.889	20
44.923	21
44.957	21
44.99	20
45.024	21
45.062	21
45.096	20
45.131	21
45.166	21
45.2	20
45.235	21
45.27	21
45.304	21
45.338	21
45.37	20
45.405	21
45.438	21
45.472	21
45.507	21
45.541	21
45.577	21
45.611	20
45.645	21
45.677	20
45.711	21
45.744	21
45.777	20
45.811	20
45.845	21
45.877	21
45.91	21
45.944	21
45.976	21
46.008	21
46.04	21
46.073	20
46.107	20
46.141	21
46.173	20
46.204	20
46.238	20
46.272	20
46.306	20
46.34	20
46.374	20
46.408	21
46.441	20
46.475	20
46.509	21
46.543	21
46.576	20
46.613	21
46.647	21
46.68	20
46.715	21
46.781	21
46.814	20
46.848	20
46.882	21
46.914	21
46.948	20
46.982	20
47.016	20
47.049	20
47.083	20
47.122	21
47.154	20
47.189	20
47.223	21
47.256	21
47.291	21
47.324	20
47.357	21
47.391	21
47.425	20
47.458	21
47.492	21
47.526	20
47.56	20
47.593	21
47.63	20
47.666	21
47.699	20
47.734	21
47.77	21
47.804	21
47.838	20
47.874	21
47.908	21
47.943	21
47.979	21
48.014	21
48.049	21
48.084	21
48.119	21
48.156	21
48.191	21
48.226	20
48.263	21
48.297	21
48.333	20
48.369	21
48.406	21
48.442	20
48.479	21
48.515	21
48.551	20
48.588	21
48.624	21
48.658	20
48.696	20
48.731	21
48.766	21
48.8	20
48.835	21
48.869	20
48.904	20
48.939	21
48.973	20
49.008	21
49.043	21
49.077	20
49.112	20
49.147	20
49.182	20
49.22	20
49.255	20
49.289	20
49.324	21
49.358	21
49.392	21
49.425	21
49.459	21
49.493	21
49.528	21
49.562	21
49.595	21
49.629	20
49.664	21
49.698	21
49.733	21
49.77	20
49.84	21
49.874	20
49.909	21
49.944	21
49.978	20
50.013	21
50.047	20
50.083	21
50.116	20
50.152	21
50.186	20
50.221	21
50.254	21
50.292	20
50.36	21
50.396	21
50.431	21
50.465	21
50.501	21
50.536	20
50.57	20
50.606	20
50.642	21
50.676	21
50.712	21
50.747	21
50.781	21
50.819	20
50.855	20
50.891	21
50.925	21
50.959	21
50.993	21
51.027	21
51.062	21
51.097	21
51.131	20
51.166	21
51.201	21
51.235	20
51.27	21
51.305	21
51.342	20
51.377	21
51.412	21
51.446	20
51.481	21
51.516	21
51.55	21
51.583	20
51.618	21
51.653	21
51.687	21
51.721	20
51.755	20
51.788	20
51.823	20
51.859	20
51.893	20
51.927	20
51.962	21
51.996	21
52.031	21
52.064	21
52.097	20
52.131	20
52.165	20
52.199	21
52.232	20
52.266	21
52.3	20
52.332	20
52.369	21
52.403	21
52.436	20
52.468	20
52.502	21
52.536	21
52.567	21
52.599	21
52.632	21
52.664	21
52.695	21
52.728	21
52.759	20
52.792	21
52.826	21
52.86	21
52.897	21
52.931	21
52.965	21
52.999	20
53.033	20
53.068	20
53.103	21
53.136	21
53.168	20
53.201	20
53.234	20
53.267	20
53.3	20
53.333	20
53.366	20
53.399	20
53.435	20
53.468	20
53.501	20
53.534	20
53.567	20
53.601	20
53.635	20
53.669	20
53.703	21
53.737	21
53.77	20
53.804	21
53.837	20
53.871	21
53.904	20
53.941	21
53.974	20
54.008	21
54.041	21
54.074	20
54.107	20
54.141	20
54.176	21
54.21	21
54.245	21
54.278	20
54.312	20
54.347	21
54.382	20
54.417	21
54.453	20
54.487	20
54.522	21
54.557	21
54.591	21
54.625	21
54.659	21
54.693	20
54.728	21
54.762	21
54.796	21
54.831	20
54.865	21
54.9	21
54.934	20
54.972	21
55.006	20
55.041	21
55.074	20
55.109	21
55.145	21
55.181	20
55.218	21
55.254	21
55.29	20
55.327	21
55.363	21
55.399	20
55.436	21
55.472	21
55.511	20
55.548	21
55.582	20
55.617	21
55.652	21
55.686	20
55.721	21
55.756	21
55.79	20
55.825	21
55.859	20
55.894	21
55.929	21
55.963	20
55.998	21
56.036	21
56.07	20
56.105	21
56.14	21
56.174	20
56.21	21
56.244	20
56.278	21
56.312	20
56.347	21
56.381	21
56.416	20
56.449	20
56.484	21
56.518	21
56.556	21
56.589	21
56.623	20
56.659	21
56.692	21
56.726	21
56.76	21
56.795	21
56.828	20
56.862	20
56.898	21
56.931	21
56.965	21
56.999	21
57.034	21
57.07	20
57.104	20
57.139	20
57.173	21
57.208	21
57.242	20
57.275	20
57.31	20
57.343	20
57.378	21
57.413	21
57.447	20
57.481	20
57.515	21
57.549	21
57.586	21
57.621	21
57.655	21
57.688	20
57.722	20
57.758	21
57.791	21
57.825	21
57.859	21
57.893	21
57.927	21
57.959	21
57.992	21
58.023	20
58.055	20
58.09	20
58.124	21
58.155	21
58.188	21
58.219	21
58.251	21
58.283	21
58.315	21
58.347	20
58.378	20
58.411	21
58.443	21
58.473	20
58.506	21
58.537	21
58.571	20
58.603	21
58.635	20
58.666	21
58.697	21
58.729	20
58.76	21
58.792	21
58.822	20
58.854	21
58.886	21
58.917	20
58.948	21
58.98	21
59.01	20
59.045	21
59.077	20
59.108	21
59.141	21
59.171	21
59.204	21
59.234	20
59.266	20
59.299	20
59.331	21
59.362	21
59.394	21
59.426	21
59.458	20
59.491	21
59.525	21
59.558	21
59.622	20
59.655	21
59.687	21
59.718	20
59.752	21
59.783	21
59.816	20
59.849	21
59.88	21
59.912	21
59.945	20
59.978	21
60.013	21
60.046	21
60.077	21
60.11	21
60.142	21
60.176	21
60.207	20
60.241	21
60.274	21
60.306	21
60.339	20
60.371	20
60.404	21
60.438	21
60.471	21
60.507	21
60.54	21
60.573	21
60.606	21
60.638	21
60.671	20
60.706	21
60.772	20
60.805	21
60.838	21
60.872	20
60.905	21
60.939	21
60.973	21
61.009	20
61.043	21
61.076	21
61.11	21
61.143	20
61.178	21
61.211	21
61.246	21
61.279	21
61.313	21
61.348	21
61.381	21
61.416	21
61.45	21
61.484	20
61.52	20
61.556	21
61.59	21
61.624	20
61.659	21
61.693	21
61.726	21
61.76	20
61.795	21
61.829	21
61.863	20
61.899	21
61.933	21
61.967	20
62.001	20
62.036	21
62.067	21
62.098	21
62.129	21
62.162	21
62.193	21
62.224	21
62.255	21
62.287	20
62.319	21
62.349	20
62.381	21
62.412	20
62.442	21
62.474	20
62.504	21
62.538	20
62.569	21
62.6	21
62.631	21
62.66	20
62.691	20
62.723	20
62.754	20
62.784	20
62.815	20
62.847	20
62.878	20
62.908	21
62.939	21
62.971	21
63.005	21
63.033	21
63.061	21
63.089	21
63.117	20
63.146	21
63.175	20
63.204	21
63.232	20
63.261	21
63.288	20
63.317	21
63.345	21
63.374	21
63.404	21
63.434	20
63.465	21
63.493	21
63.521	21
63.55	21
63.578	20
63.606	20
63.635	21
63.662	21
63.69	21
63.718	21
63.746	21
63.775	20
63.803	20
63.832	21
63.862	21
63.889	20
63.917	20
63.946	21
63.974	21
64.003	21
64.028	21
64.054	21
64.081	21
64.106	20
64.132	20
64.157	20
64.183	21
64.21	21
64.236	21
64.262	21
64.29	21
64.315	21
64.341	21
64.368	20
64.394	20
64.422	21
64.448	21
64.476	21
64.505	21
64.534	21
64.563	20
64.592	20
64.622	21
64.651	21
64.68	21
64.711	20
64.74	20
64.77	21
64.799	21
64.828	21
64.857	21
64.886	20
64.915	20
64.945	21
64.974	21
65.003	21
65.032	21
65.061	20
65.09	20
65.12	21
65.15	21
65.177	21
65.204	21
65.23	20
65.257	20
65.284	21
65.311	21
65.339	21
65.368	21
65.396	21
65.426	20
65.455	21
65.485	21
65.514	21
65.542	21
65.573	20
65.603	20
65.632	21
65.662	21
65.69	21
65.719	21
65.749	20
65.778	21
65.808	21
65.836	21
65.865	21
65.895	21
65.923	20
65.954	21
65.982	21
66.013	21
66.043	21
66.071	20
66.101	21
66.131	21
66.159	21
66.205	21
66.232	21
66.26	21
66.288	21
66.316	21
66.344	21
66.372	21
66.4	21
66.429	20
66.46	21
66.488	21
66.516	21
66.545	21
66.573	21
66.6	20
66.629	21
66.657	21
66.687	21
66.715	21
66.743	20
66.771	21
66.799	21
66.828	21
66.856	21
66.886	20
66.916	21
66.944	21
66.973	21
67	21
67.028	20
67.057	20
67.086	20
67.115	20
67.144	21
67.173	21
67.198	21
67.227	21
67.256	21
67.285	21
67.317	21
67.346	21
67.375	21
67.404	21
67.433	21
67.462	21
67.491	21
67.52	21
67.549	21
67.578	21
67.607	20
67.637	21
67.666	21
67.695	21
67.724	21
67.754	21
67.783	21
67.812	21
67.841	21
67.87	21
67.899	21
67.928	21
67.957	21
67.986	21
68.015	21
68.073	21
68.106	21
68.137	21
68.168	21
68.196	21
68.225	21
68.255	21
68.283	21
68.311	21
68.34	21
68.37	21
68.399	21
68.427	21
68.456	21
68.486	21
68.515	21
68.543	21
68.572	21
68.602	21
68.632	21
68.661	21
68.689	21
68.718	21
68.748	21
68.777	21
68.805	21
68.834	21
68.864	21
68.893	21
68.921	21
68.95	21
68.982	21
69.012	21
69.045	21
69.078	21
69.108	21
69.141	21
69.171	21
69.204	22
69.234	21
69.265	21
69.298	21
69.328	21
69.36	22
69.387	21
69.415	21
69.444	21
69.474	21
69.503	21
69.533	21
69.562	21
69.59	21
69.619	21
69.649	21
69.678	21
69.706	21
69.736	21
69.765	21
69.793	21
69.822	21
69.847	21
69.875	21
69.907	21
69.937	21
69.968	21
70	21
70.029	21
70.06	21
70.09	21
70.122	21
70.152	21
70.182	21
70.212	21
70.243	21
70.274	21
70.305	21
70.335	21
70.365	21
70.391	21
70.42	21
70.45	22
70.477	21
70.505	21
70.534	21
70.562	21
70.589	21
70.618	21
70.646	21
70.674	22
70.702	21
70.731	21
70.759	21
70.788	21
70.816	21
70.845	21
70.876	21
70.905	21
70.934	21
70.966	22
70.996	21
71.027	21
71.059	22
71.09	21
71.121	21
71.153	22
71.184	21
71.216	21
71.248	21
71.279	21
71.311	22
71.342	21
71.374	22
71.405	21
71.436	22
71.465	21
71.497	21
71.527	21
71.557	21
71.588	21
71.619	22
71.648	21
71.679	21
71.708	21
71.739	21
71.768	21
71.8	21
71.83	22
71.858	21
71.891	22
71.923	22
71.956	22
71.987	21
72.02	21
72.051	21
72.084	21
72.115	21
72.149	22
72.18	22
72.213	21
72.245	21
72.277	21
72.309	21
72.341	22
72.373	22
72.405	21
72.436	22
72.467	21
72.499	21
72.53	22
72.561	21
72.592	21
72.624	21
72.655	21
72.685	21
72.717	21
72.749	21
72.779	22
72.81	21
72.84	21
72.873	22
72.904	21
72.935	21
72.967	22
72.998	21
73.03	21
73.062	22
73.094	22
73.124	21
73.156	21
73.189	21
73.223	22
73.254	21
73.287	21
73.319	22
73.352	21
73.383	21
73.415	21
73.448	22
73.481	22
73.511	21
73.544	21
73.575	21
73.608	22
73.639	21
73.67	21
73.704	22
73.734	21
73.766	21
73.798	22
73.83	21
73.861	21
73.893	22
73.924	21
73.957	22
73.988	22
74.021	22
74.053	22
74.085	22
74.116	22
74.149	21
74.183	22
74.215	22
74.246	21
74.279	22
74.311	22
74.343	21
74.376	22
74.408	22
74.44	22
74.472	22
74.505	22
74.535	21
74.567	21
74.6	22
74.632	22
74.663	21
74.695	22
74.726	21
74.758	21
74.79	22
74.821	21
74.852	22
74.884	21
74.915	22
74.947	22
74.979	21
75.011	21
75.043	22
75.075	22
75.107	22
75.139	21
75.171	21
75.205	22
75.237	21
75.269	22
75.301	21
75.335	22
75.367	21
75.4	22
75.431	21
75.464	22
75.496	22
75.528	21
75.561	22
75.593	22
75.626	22
75.659	22
75.69	22
75.722	22
75.754	22
75.818	22
75.85	22
75.883	22
75.914	22
75.946	22
75.978	22
76.01	21
76.043	21
76.076	22
76.108	21
76.142	22
76.173	21
76.207	22
76.239	21
76.271	22
76.305	22
76.336	22
76.37	22
76.401	21
76.434	22
76.466	21
76.5	22
76.531	22
76.563	21
76.597	22
76.63	22
76.661	22
76.693	21
76.725	21
76.757	21
76.788	21
76.821	22
76.853	22
76.886	22
76.917	21
76.951	22
76.983	22
77.016	22
77.048	21
77.081	21
77.115	22
77.148	22
77.181	22
77.212	22
77.244	22
77.276	21
77.309	21
77.342	22
77.373	22
77.405	22
77.438	22
77.47	21
77.501	21
77.534	22
77.567	22
77.6	22
77.631	21
77.663	21
77.697	22
77.729	22
77.76	22
77.79	22
77.82	22
77.85	21
77.881	21
77.913	22
77.944	22
77.973	21
78.004	22
78.034	21
78.066	22
78.097	21
78.128	22
78.158	22
78.188	21
78.219	22
78.25	22
78.282	21
78.313	22
78.344	22
78.376	21
78.407	22
78.438	22
78.471	22
78.501	22
78.533	21
78.566	22
78.596	22
78.627	21
78.66	22
78.691	22
78.721	21
78.754	22
78.785	22
78.815	21
78.848	22
78.878	22
78.91	21
78.941	21
78.972	22
79.006	22
79.037	21
79.07	22
79.102	21
79.135	22
79.167	22
79.201	22
79.233	22
79.265	22
79.297	22
79.329	22
79.362	22
79.395	22
79.427	22
79.459	22
79.492	22
79.525	22
79.556	22
79.588	22
79.621	22
79.652	22
79.684	22
79.715	21
79.748	22
79.811	22
79.842	22
79.874	22
79.905	22
79.935	22
79.969	22
79.999	22
80.03	22
80.063	22
80.094	22
80.126	22
80.157	22
80.189	22
80.221	22
80.251	21
80.284	22
80.315	22
80.348	22
80.38	22
80.413	22
80.445	22
80.477	21
80.511	22
80.544	22
80.576	22
80.608	22
80.642	22
80.675	22
80.708	22
80.74	22
80.773	22
80.807	22
80.84	22
80.873	22
80.907	21
80.942	21
80.975	21
81.008	21
81.04	22
81.072	21
81.104	21
81.138	22
81.168	22
81.201	22
81.231	22
81.262	22
81.294	22
81.324	22
81.355	22
81.387	22
81.418	22
81.448	22
81.479	22
81.51	22
81.54	22
81.571	22
81.603	22
81.633	22
81.662	22
81.693	22
81.722	22
81.752	21
81.783	22
81.813	22
81.843	22
81.873	22
81.905	22
81.935	22
81.964	21
81.995	22
82.023	22
82.055	21
82.085	21
82.117	21
82.15	21
82.183	22
82.215	21
82.246	21
82.277	21
82.31	21
82.341	21
82.375	21
82.407	21
82.438	21
82.471	21
82.504	21
82.536	21
82.569	21
82.601	21
82.634	21
82.667	22
82.699	21
82.731	21
82.764	21
82.797	21
82.831	21
82.864	21
82.898	21
82.931	21
82.964	21
82.997	21
83.03	22
83.063	21
83.094	21
83.127	21
83.159	21
83.192	21
83.224	21
83.256	21
83.287	21
83.321	22
83.354	22
83.386	22
83.418	21
83.45	21
83.482	21
83.513	21
83.545	21
83.577	21
83.61	21
83.641	21
83.673	21
83.704	21
83.737	21
83.768	21
83.801	21
83.834	22
83.864	21
83.897	21
83.928	21
83.961	21
83.992	21
84.025	22
84.055	21
84.087	21
84.119	21
84.152	21
84.186	21
84.218	21
84.253	21
84.286	21
84.32	21
84.353	21
84.387	22
84.419	21
84.453	22
84.486	21
84.519	21
84.554	21
84.586	21
84.62	21
84.653	21
84.687	21
84.72	21
84.753	21
84.786	21
84.819	22
84.85	21
84.884	21
84.915	21
84.948	21
84.981	21
85.014	22
85.045	21
85.078	21
85.11	21
85.143	21
85.175	21
85.207	21
85.238	21
85.271	21
85.302	21
85.335	22
85.365	21
85.398	21
85.429	21
85.461	21
85.493	21
85.525	21
85.557	21
85.59	22
85.622	21
85.654	21
85.687	21
85.719	21
85.752	21
85.784	21
85.818	22
85.849	21
85.883	21
85.916	21
85.949	21
85.981	21
86.014	21
86.048	21
86.081	22
86.112	21
86.146	21
86.179	21
86.212	22
86.244	22
86.276	21
86.31	21
86.343	22
86.376	21
86.409	22
86.44	21
86.472	21
86.506	22
86.537	21
86.569	21
86.602	21
86.633	21
86.665	21
86.698	21
86.73	21
86.762	21
86.793	21
86.825	21
86.858	21
86.889	22
86.921	22
86.953	22
86.985	21
87.017	21
87.05	21
87.082	22
87.115	21
87.147	22
87.18	22
87.213	21
87.246	21
87.279	21
87.311	21
87.344	21
87.378	22
87.41	22
87.444	22
87.476	22
87.508	21
87.541	21
87.575	21
87.608	21
87.642	22
87.675	22
87.708	22
87.741	22
87.772	21
87.806	21
87.838	22
87.869	21
87.903	22
87.933	21
87.967	21
87.999	22
88.03	21
88.061	22
88.093	21
88.124	22
88.155	21
88.187	21
88.218	22
88.25	22
88.28	22
88.312	21
88.343	22
88.374	22
88.406	22
88.437	22
88.467	22
88.498	21
88.529	21
88.561	22
88.592	21
88.624	22
88.656	22
88.689	22
88.719	21
88.751	21
88.784	21
88.816	21
88.847	21
88.881	22
88.913	21
88.946	21
88.978	22
89.01	21
89.045	22
89.077	21
89.11	22
89.143	22
89.176	22
89.209	22
89.241	21
89.274	21
89.306	21
89.34	21
89.373	21
89.406	22
89.439	22
89.471	21
89.504	22
89.537	21
89.57	22
89.602	21
89.635	22
89.666	22
89.698	22
89.731	22
89.764	22
89.795	22
89.826	21
89.858	21
89.891	21
89.922	21
89.954	21
89.986	21
90.018	21
90.051	21
90.083	22
90.115	22
90.148	22
90.179	22
90.211	22
90.243	21
90.277	22
90.308	22
90.341	21
90.374	22
90.406	21
90.44	22
90.473	22
90.504	21
90.537	21
90.57	21
90.604	21
90.636	21
90.671	22
90.704	22
90.738	22
90.771	22
90.804	22
90.837	21
90.87	21
90.903	22
90.937	22
90.969	22
91.002	22
91.034	21
91.068	22
91.1	21
91.134	22
91.166	21
91.198	22
91.231	22
91.262	21
91.295	22
91.328	22
91.359	22
91.392	21
91.424	21
91.455	22
91.487	22
91.519	22
91.55	21
91.583	22
91.615	22
91.645	21
91.678	22
91.71	22
91.742	22
91.775	22
91.806	22
91.839	21
91.872	22
91.903	22
91.937	22
91.969	21
92.002	22
92.034	21
92.067	21
92.1	22
92.134	21
92.166	21
92.199	21
92.234	22
92.266	22
92.3	21
92.333	21
92.367	22
92.399	22
92.432	22
92.466	22
92.499	22
92.531	22
92.563	21
92.596	22
92.629	21
92.662	22
92.695	21
92.727	22
92.759	22
92.791	22
92.824	21
92.855	21
92.888	21
92.921	22
92.953	22
92.983	21
93.016	22
93.048	22
93.079	22
93.11	21
93.142	21
93.175	21
93.207	22
93.24	21
93.273	22
93.305	22
93.337	22
93.369	22
93.403	22
93.435	21
93.467	21
93.502	22
93.533	21
93.567	21
93.601	22
93.633	22
93.666	22
93.7	21
93.734	22
93.767	21
93.801	22
93.833	22
93.867	21
93.9	22
93.933	22
93.967	22
93.999	22
94.031	21
94.066	22
94.098	21
94.131	22
94.163	22
94.195	22
94.227	22
94.26	22
94.292	22
94.325	22
94.356	22
94.388	22
94.42	22
94.451	21
94.483	22
94.513	22
94.545	22
94.575	22
94.607	22
94.639	22
94.669	21
94.702	22
94.733	22
94.763	22
94.795	21
94.827	22
94.857	21
94.889	22
94.921	22
94.952	22
94.985	22
95.016	22
95.048	22
95.079	22
95.112	22
95.144	22
95.175	22
95.209	22
95.241	22
95.272	22
95.305	22
95.331	22
95.365	21
95.397	21
95.431	21
95.465	22
95.498	22
95.531	21
95.563	21
95.598	22
95.63	21
95.665	21
95.698	21
95.73	21
95.764	21
95.797	21
95.83	21
95.862	22
95.895	21
95.928	21
95.96	21
95.993	21
96.026	22
96.057	21
96.091	22
96.122	21
96.155	21
96.187	21
96.221	22
96.253	22
96.284	21
96.317	21
96.349	21
96.381	21
96.413	22
96.445	22
96.477	22
96.509	22
96.542	21
96.573	21
96.607	22
96.638	21
96.671	22
96.703	21
96.736	21
96.769	22
96.803	22
96.835	21
96.868	21
96.901	22
96.935	22
96.968	21
97	21
97.035	22
97.067	21
97.101	22
97.135	22
97.168	22
97.202	21
97.235	22
97.269	21
97.303	22
97.336	22
97.38	21
97.413	21
97.446	21
97.479	21
97.511	21
97.545	22
97.576	21
97.61	21
97.642	22
97.675	21
97.708	22
97.74	22
97.772	22
97.803	21
97.834	21
97.867	21
97.898	22
97.93	22
97.961	21
97.993	22
98.026	22
98.056	21
98.089	21
98.121	21
98.152	22
98.184	21
98.216	22
98.247	21
98.279	22
98.309	21
98.341	21
98.373	22
98.406	22
98.436	21
98.468	22
98.501	22
98.532	22
98.564	21
98.595	21
98.628	22
98.659	22
98.692	22
98.723	22
98.757	22
98.788	21
98.822	22
98.854	22
98.887	22
98.919	21
98.953	21
98.987	22
99.019	22
99.053	22
99.084	21
99.117	22
99.148	21
99.181	21
99.214	21
99.247	22
99.28	22
99.313	22
99.346	21
99.378	22
99.411	22
99.443	21
99.477	22
99.509	22
99.541	21
99.573	21
99.605	22
99.638	22
99.67	22
99.701	21
99.732	21
99.764	22
99.797	22
99.829	22
99.86	22
99.891	21
99.924	21
99.956	21
99.987	21
100.02	22
100.053	22
100.086	22
100.117	21
100.15	22
100.184	22
100.216	22
100.249	22
100.283	22
100.316	22
100.348	21
100.381	21
100.415	21
100.448	22
100.482	22
100.515	22
100.548	22
100.581	22
100.613	22
100.646	22
100.679	22
100.711	21
100.745	22
100.776	21
100.81	22
100.842	22
100.874	22
100.907	22
100.938	22
100.971	21
101.002	21
101.035	22
101.068	22
101.1	22
101.132	21
101.163	21
101.196	22
101.228	22
101.261	22
101.292	21
101.325	22
101.358	22
101.39	22
101.424	22
101.455	21
101.489	22
101.521	22
101.554	22
101.588	22
101.621	22
101.654	22
101.687	22
101.72	22
101.753	22
101.787	22
101.82	22
101.851	21
101.885	21
101.917	22
101.951	22
101.984	22
102.016	22
102.05	22
102.081	22
102.114	22
102.147	22
102.178	21
102.212	22
102.243	22
102.276	22
102.308	22
102.341	22
102.372	22
102.404	22
102.437	22
102.468	22
102.502	22
102.533	22
102.566	22
102.599	22
102.631	22
102.664	22
102.698	22
102.731	22
102.764	22
102.791	22
102.824	21
102.858	22
102.89	21
102.915	21
102.941	21
102.975	21
103	21
103.025	21
103.05	21
103.077	22
103.11	22
103.136	22
103.17	22
103.203	21
103.229	22
103.261	21
103.286	21
103.311	21
103.337	21
103.362	22
103.387	21
103.412	22
103.445	22
103.47	22
103.502	21
103.527	21
103.552	22
103.585	22
103.617	21
103.649	22
103.682	22
103.714	22
103.746	21
103.777	21
103.809	21
103.834	21
103.865	21
103.89	22
103.915	22
103.947	22
103.979	22
104.01	22
104.035	22
104.067	22
104.092	22
104.124	21
104.157	22
104.188	21
104.214	22
104.246	21
104.271	22
104.302	21
104.327	22
104.359	21
104.384	21
104.41	22
104.442	22
104.467	21
104.501	22
104.533	22
104.559	22
104.591	22
104.616	21
104.649	22
104.682	22
104.707	22
104.732	22
104.758	22
104.783	22
104.816	21
104.849	22
104.875	22
104.907	21
104.933	21
104.958	21
104.983	21
105.016	22
105.042	22
105.073	22
105.104	21
105.134	21
105.166	21
105.197	21
105.227	22
105.258	22
105.29	22
105.32	22
105.351	22
105.383	22
105.412	21
105.444	21
105.474	22
105.505	21
105.537	22
105.567	22
105.599	22
105.63	21
105.664	22
105.689	22
105.721	22
105.747	21
105.773	22
105.806	21
105.831	22
105.856	22
105.889	21
105.922	22
105.948	22
105.98	22
106.006	22
106.039	21
106.064	22
106.095	22
106.126	22
106.159	22
106.19	22
106.222	22
106.252	21
106.277	22
106.307	22
106.338	22
106.369	22
106.401	22
106.431	22
106.463	22
106.494	22
106.523	21
106.555	22
106.585	22
106.615	21
106.648	22
106.679	22
106.711	22
106.736	22
106.768	21
106.8	22
106.832	21
106.857	22
106.89	22
106.922	22
106.954	21
106.98	22
107.005	22
107.037	21
107.062	22
107.094	22
107.126	22
107.158	22
107.19	22
107.222	22
107.253	21
107.285	22
107.316	22
107.348	22
107.373	22
107.403	21
107.436	22
107.466	21
107.491	22
107.523	22
107.553	22
107.584	22
107.616	21
107.648	22
107.68	22
107.712	22
107.743	22
107.775	22
107.806	22
107.831	22
107.863	22
107.895	22
107.92	22
107.952	22
107.977	22
108.009	22
108.043	22
108.075	22
108.105	22
108.131	22
108.158	21
108.184	21
108.211	21
108.239	21
108.267	22
108.293	22
108.319	21
108.346	21
108.373	22
108.399	21
108.427	22
108.452	21
108.479	22
108.505	22
108.532	21
108.558	22
108.584	22
108.61	22
108.637	21
108.662	21
108.689	21
108.715	22
108.741	22
108.767	22
108.793	22
108.819	22
108.844	21
108.87	22
108.897	22
108.922	21
108.947	22
108.974	22
109.005	22
109.031	22
109.063	22
109.088	21
109.113	22
109.139	21
109.165	22
109.197	22
109.222	21
109.247	22
109.273	21
109.299	22
109.325	21
109.35	22
109.376	22
109.403	22
109.429	22
109.454	21
109.481	21
109.507	22
109.533	22
109.559	22
109.586	22
109.612	22
109.639	22
109.665	22
109.691	21
109.717	22
109.743	22
109.77	21
109.797	22
109.823	21
109.85	22
109.877	22
109.902	21
109.929	22
109.956	21
109.982	21
110.009	22
110.037	22
110.064	22
110.097	22
110.124	22
110.15	21
110.176	22
110.203	22
110.231	22
110.257	22
110.283	21
110.31	22
110.335	22
110.36	22
110.386	22
110.417	22
110.443	22
110.474	22
110.499	22
110.524	22
110.554	21
110.58	21
110.605	21
110.63	22
110.661	22
110.686	22
110.712	22
110.737	22
110.768	22
110.793	22
110.818	22
110.849	21
110.875	22
110.901	22
110.928	22
110.954	22
110.981	22
111.007	22
111.033	22
111.06	21
111.086	22
111.114	22
111.14	21
111.166	22
111.193	22
111.219	22
111.247	22
111.274	22
111.299	21
111.326	22
111.352	22
111.377	22
111.402	22
111.429	22
111.455	22
111.48	22
111.505	22
111.531	22
111.556	22
111.582	22
111.608	22
111.633	22
111.658	21
111.684	22
111.709	22
111.735	22
111.76	22
111.785	22
111.81	22
111.837	22
111.863	22
111.889	22
111.915	22
111.943	22
111.968	22
111.995	22
112.021	22
112.048	22
112.075	22
112.104	21
112.133	22
112.16	22
112.193	22
112.219	22
112.245	22
112.272	22
112.298	22
112.324	22
112.349	22
112.376	22
112.407	22
112.434	22
112.462	21
112.489	22
112.515	22
112.542	22
112.569	22
112.596	21
112.622	21
112.649	21
112.676	22
112.704	22
112.73	22
112.758	21
112.784	22
112.811	22
112.838	22
112.865	22
112.893	22
112.919	22
112.946	21
112.973	21
113.001	22
113.028	22
113.056	22
113.082	22
113.11	21
113.137	22
113.164	22
113.192	21
113.22	22
113.247	22
113.273	21
113.301	22
113.328	22
113.355	22
113.383	22
113.409	22
113.436	21
113.463	21
113.491	22
113.517	21
113.544	21
113.572	21
113.599	21
113.626	22
113.654	22
113.68	22
113.708	22
113.735	22
113.761	22
113.789	22
113.816	22
113.843	22
113.871	22
113.897	22
113.924	21
113.953	22
113.979	22
114.006	22
114.033	22
114.061	22
114.088	22
114.115	22
114.143	21
114.17	22
114.198	22
114.225	22
114.252	22
114.28	22
114.307	22
114.336	22
114.363	22
114.39	22
114.418	22
114.445	22
114.473	22
114.5	22
114.527	22
114.554	22
114.582	22
114.609	22
114.637	22
114.664	22
114.69	22
114.717	22
114.745	22
114.771	21
114.799	22
114.827	22
114.854	22
114.88	22
114.908	22
114.934	22
114.961	22
114.99	21
115.018	21
115.045	21
115.074	21
115.101	22
115.129	22
115.158	22
115.186	22
115.214	22
115.241	22
115.27	22
115.297	22
115.325	22
115.354	22
115.381	21
115.409	21
115.437	21
115.465	22
115.494	22
115.522	22
115.551	22
115.578	22
115.603	22
115.631	22
115.658	22
115.687	21
115.716	22
115.744	22
115.772	22
115.799	21
115.828	22
115.857	22
115.885	22
115.913	22
115.941	22
115.969	22
115.997	22
116.025	22
116.052	22
116.081	22
116.109	22
116.136	22
116.165	22
116.193	22
116.219	21
116.248	22
116.276	22
116.303	22
116.331	22
116.356	22
116.382	21
116.407	22
116.435	22
116.463	22
116.49	22
116.518	22
116.546	22
116.573	22
116.602	22
116.63	22
116.658	22
116.686	22
116.712	21
116.741	21
116.768	22
116.797	22
116.825	22
116.853	22
116.88	22
116.908	22
116.937	22
116.965	22
116.992	22
117.019	22
117.048	22
117.076	22
117.104	22
117.131	22
117.156	21
117.185	22
117.21	22
117.238	22
117.266	22
117.294	21
117.323	22
117.35	22
117.375	21
117.404	22
117.432	22
117.459	22
117.485	22
117.512	22
117.537	22
117.562	22
117.59	22
117.618	21
117.647	22
117.674	21
117.7	22
117.728	22
117.757	22
117.784	22
117.809	22
117.834	22
117.862	22
117.89	22
117.919	22
117.944	22
117.972	22
117.997	22
118.024	21
118.05	22
118.078	21
118.103	22
118.132	22
118.159	22
118.185	22
118.213	22
118.238	22
118.267	22
118.296	22
118.324	22
118.349	22
118.374	22
118.402	22
118.43	22
118.455	22
118.484	22
118.513	22
118.54	22
118.566	22
118.594	22
118.622	22
118.647	22
118.674	22
118.699	22
118.728	22
118.756	22
118.781	22
118.808	22
118.833	21
118.861	22
118.89	22
118.918	22
118.943	22
118.968	22
118.993	22
119.018	22
119.046	22
119.071	22
119.097	21
119.126	22
119.151	22
119.179	21
119.204	21
119.23	22
119.256	22
119.284	22
119.309	22
119.334	22
119.363	22
119.392	22
119.417	22
119.444	21
119.469	21
119.496	22
119.523	22
119.549	22
119.575	22
119.603	21
119.629	22
119.656	22
119.681	22
119.707	22
119.732	22
119.758	22
119.783	22
119.811	21
119.836	22
119.862	22
119.887	22
119.915	22
119.941	22
119.97	22
119.995	22
120.02	22
120.045	22
120.07	22
120.096	22
120.121	22
120.15	22
120.175	22
120.204	22
120.229	22
120.254	22
120.279	22
120.305	22
120.33	22
120.355	22
120.384	22
120.41	22
120.436	22
120.461	22
120.488	22
120.513	22
120.539	22
120.565	22
120.591	22
120.618	21
120.644	22
120.67	22
120.697	22
120.723	22
120.748	22
120.774	22
120.801	22
120.828	22
120.854	22
120.88	22
120.905	22
120.931	21
120.959	22
120.984	22
121.011	22
121.036	22
121.063	22
121.089	22
121.115	22
121.143	22
121.169	22
121.194	22
121.221	22
121.247	22
121.276	22
121.303	22
121.329	22
121.356	22
121.383	22
121.408	22
121.435	22
121.461	22
121.487	22
121.514	22
121.539	22
121.566	22
121.593	22
121.619	22
121.644	21
121.67	22
121.695	22
121.721	22
121.748	22
121.773	22
121.798	22
121.824	21
121.85	22
121.876	21
121.901	22
121.927	21
121.953	22
121.981	22
122.007	22
122.033	22
122.06	22
122.087	22
122.112	22
122.137	22
122.163	22
122.19	22
122.216	22
122.242	22
122.269	22
122.295	22
122.321	22
122.348	22
122.374	22
122.399	21
122.424	22
122.45	22
122.477	22
122.503	22
122.529	22
122.555	22
122.581	22
122.606	22
122.631	22
122.656	22
122.683	22
122.708	22
122.736	22
122.762	22
122.789	22
122.816	22
122.843	22
122.87	22
122.895	22
122.92	22
122.946	22
122.972	22
122.998	22
123.024	22
123.051	22
123.077	22
123.103	22
123.13	22
123.157	22
123.183	21
123.208	22
123.234	22
123.26	22
123.285	22
123.313	22
123.34	22
123.367	21
123.392	22
123.417	22
123.443	22
123.469	22
123.496	22
123.523	22
123.55	22
123.575	22
123.601	22
123.626	22
123.653	22
123.678	22
123.706	22
123.732	22
123.76	22
123.787	21
123.815	22
123.842	22
123.868	22
123.893	22
123.921	22
123.948	22
123.974	22
123.999	22
124.027	22
124.052	22
124.077	22
124.103	23
124.128	21
124.155	22
124.181	22
124.206	22
124.234	22
124.26	22
124.285	22
124.31	22
124.336	22
124.363	22
124.389	22
124.414	22
124.441	22
124.467	21
124.494	22
124.519	22
124.546	22
124.571	23
124.598	22
124.624	22
124.651	22
124.676	22
124.701	22
124.726	22
124.751	22
124.778	22
124.804	22
124.83	22
124.856	22
124.881	23
124.906	22
124.931	22
124.956	23
124.981	22
125.006	22
125.031	22
125.056	22
125.083	22
125.108	21
125.134	22
125.16	22
125.185	22
125.211	21
125.237	22
125.263	23
125.289	22
125.314	22
125.34	22
125.365	22
125.391	22
125.417	21
125.443	23
125.469	22
125.494	22
125.519	22
125.548	22
125.574	22
125.599	22
125.625	22
125.65	22
125.676	22
125.701	22
125.726	22
125.753	22
125.779	22
125.807	22
125.832	23
125.858	23
125.886	22
125.911	22
125.937	23
125.963	22
125.989	22
126.016	22
126.042	23
126.067	22
126.093	22
126.119	21
126.146	22
126.171	22
126.196	22
126.222	22
126.248	23
126.274	22
126.3	22
126.326	23
126.352	21
126.379	22
126.405	22
126.431	23
126.457	22
126.482	22
126.507	23
126.533	22
126.558	22
126.584	22
126.61	22
126.636	23
126.662	22
126.687	23
126.713	22
126.739	22
126.766	22
126.792	23
126.818	22
126.844	23
126.87	23
126.896	22
126.922	22
126.947	22
126.973	22
126.998	22
127.023	23
127.05	22
127.076	23
127.101	22
127.127	22
127.152	23
127.178	21
127.203	22
127.229	22
127.254	23
127.279	22
127.305	22
127.33	22
127.355	23
127.381	22
127.406	22
127.431	22
127.457	22
127.482	22
127.507	22
127.533	22
127.558	22
127.583	22
127.609	22
127.634	23
127.66	23
127.685	23
127.71	23
127.737	22
127.762	23
127.787	23
127.812	23
127.837	22
127.862	23
127.887	23
127.912	22
127.938	23
127.963	23
127.988	23
128.013	22
128.039	22
128.064	23
128.089	23
128.114	23
128.139	23
128.164	22
128.189	22
128.214	23
128.239	22
128.264	23
128.29	24
128.315	24
128.34	25
128.365	25
128.391	25
128.416	26
128.442	28
128.467	27
128.493	29
128.518	28
128.544	29
128.57	30
128.595	30
128.621	30
128.646	32
128.672	32
128.697	32
128.723	32
128.748	33
128.774	33
128.799	35
128.825	35
128.85	35
128.875	37
128.901	36
128.926	38
128.952	38
128.977	39
129.003	39
129.028	40
129.054	41
129.079	42
129.105	41
129.13	42
129.155	42
129.181	41
129.206	42
129.231	43
129.256	44
129.282	41
129.307	42
129.332	42
129.357	43
129.382	44
129.408	43
129.433	43
129.458	42
129.483	43
129.508	43
129.533	42
129.559	42
129.584	43
129.609	42
129.634	41
129.659	43
129.685	43
129.71	41
129.735	43
129.761	40
129.786	41
129.812	41
129.837	43
129.862	42
129.888	42
129.913	42
129.939	40
129.964	42
129.99	41
130.015	41
130.041	42
130.066	43
130.092	40
130.117	42
130.143	42
130.168	42
130.194	43
130.219	43
130.245	41
130.271	43
130.297	43
130.322	42
130.348	43
130.374	43
130.4	43
130.425	42
130.451	43
130.477	44
130.502	42
130.528	43
130.553	42
130.579	41
130.605	43
130.63	42
130.656	43
130.681	43
130.707	44
130.732	43
130.758	43
130.784	42
130.809	42
130.835	43
130.86	42
130.886	43
130.912	43
130.937	44
130.963	42
130.988	42
131.014	43
131.039	41
131.065	42
131.09	43
131.116	43
131.142	42
131.167	43
131.193	44
131.218	44
131.243	44
131.269	45
131.294	44
131.32	44
131.345	43
131.37	43
131.396	46
131.421	44
131.446	42
131.472	43
131.497	41
131.523	43
131.548	43
131.573	43
131.599	42
131.624	41
131.649	42
131.674	41
131.7	42
131.725	42
131.75	43
131.775	42
131.801	43
131.826	43
131.851	43
131.879	43
131.904	43
131.929	43
131.954	44
131.981	41
132.006	43
132.031	41
132.057	42
132.082	43
132.107	42
132.132	42
132.157	42
132.182	43
132.207	39
132.232	40
132.257	39
132.283	42
132.308	42
132.333	42
132.358	43
132.383	42
132.408	42
132.433	43
132.458	41
132.483	42
132.508	42
132.533	43
132.558	44
132.583	44
132.609	44
132.634	42
132.659	41
132.684	42
132.709	43
132.734	42
132.759	43
132.785	43
132.81	39
132.835	40
132.86	41
132.886	40
132.911	42
132.936	43
132.962	42
132.987	42
133.012	42
133.038	41
133.063	41
133.088	42
133.113	43
133.139	39
133.164	39
133.189	41
133.215	40
133.24	42
133.265	42
133.291	42
133.316	44
133.342	43
133.367	43
133.392	41
133.417	40
133.443	40
133.468	40
133.493	41
133.518	42
133.543	43
133.568	42
133.593	42
133.618	42
133.643	42
133.668	41
133.693	42
133.718	42
133.743	43
133.769	43
133.794	42
133.819	43
133.845	44
133.87	42
133.895	41
133.923	44
133.948	42
133.973	42
133.999	43
134.024	42
134.05	43
134.075	42
134.101	43
134.126	44
134.152	43
134.177	42
134.203	42
134.229	42
134.254	41
134.28	43
134.306	43
134.331	41
134.357	42
134.383	42
134.409	41
134.434	42
134.46	42
134.486	44
134.512	43
134.537	42
134.563	43
134.591	44
134.616	42
134.642	43
134.668	44
134.693	42
134.719	43
134.745	43
134.771	41
134.796	42
134.822	42
134.848	44
134.873	41
134.899	43
134.924	42
134.95	42
134.978	42
135.003	43
135.029	43
135.055	42
135.08	42
135.106	42
135.132	42
135.157	42
135.183	43
135.208	42
135.234	40
135.259	40
135.285	40
135.311	42
135.336	42
135.362	42
135.387	43
135.413	43
135.438	42
135.464	44
135.489	42
135.517	43
135.542	43
135.568	42
135.593	42
135.619	43
135.645	43
135.67	42
135.696	43
135.721	42
135.747	44
135.772	42
135.798	43
135.823	43
135.849	44
135.874	43
135.9	45
135.925	44
135.953	43
135.979	43
136.004	42
136.03	44
136.055	42
136.081	43
136.107	43
136.132	42
136.158	43
136.184	43
136.209	42
136.235	42
136.26	42
136.286	43
136.311	42
136.337	42
136.363	44
136.388	43
136.414	42
136.439	42
136.465	43
136.491	42
136.516	42
136.542	43
136.567	43
136.593	41
136.618	42
136.644	43
136.669	44
136.695	43
136.72	43
136.746	42
136.771	39
136.797	41
136.822	40
136.848	42
136.873	41
136.899	43
136.924	41
136.95	42
136.975	42
137	42
137.026	41
137.051	42
137.076	43
137.102	41
137.127	42
137.153	42
137.178	43
137.203	41
137.229	43
137.254	42
137.28	43
137.305	42
137.33	42
137.356	44
137.381	40
137.407	41
137.432	40
137.457	42
137.482	42
137.507	43
137.532	43
137.557	43
137.582	44
137.607	44
137.633	43
137.658	43
137.683	44
137.708	44
137.733	42
137.758	41
137.783	42
137.809	43
137.834	41
137.859	42
137.884	42
137.909	40
137.935	41
137.96	42
137.985	43
138.01	42
138.036	43
138.061	43
138.086	41
138.111	42
138.136	43
138.161	43
138.186	42
138.211	42
138.237	43
138.262	42
138.287	41
138.312	43
138.337	43
138.362	44
138.387	42
138.414	42
138.44	43
138.465	44
138.49	43
138.515	43
138.541	42
138.566	42
138.591	42
138.616	40
138.641	42
138.667	43
138.692	43
138.717	41
138.742	41
138.767	43
138.793	42
138.818	42
138.843	42
138.868	43
138.893	40
138.918	40
138.943	41
138.969	42
138.994	42
139.019	43
139.044	43
139.069	42
139.095	43
139.12	43
139.145	42
139.17	41
139.195	43
139.22	41
139.245	42
139.27	42
139.296	43
139.321	42
139.346	42
139.371	43
139.396	42
139.421	42
139.446	41
139.472	43
139.497	42
139.522	43
139.547	43
139.572	42
139.597	42
139.623	42
139.648	43
139.673	42
139.698	42
139.724	42
139.749	42
139.774	42
139.8	43
139.825	42
139.851	41
139.876	43
139.901	42
139.927	42
139.952	41
139.978	43
140.003	42
140.029	41
140.054	42
140.08	43
140.105	42
140.131	41
140.157	42
140.182	43
140.208	43
140.234	45
140.26	42
140.285	43
140.311	42
140.337	42
140.362	43
140.388	43
140.414	42
140.44	43
140.465	43
140.491	42
140.517	42
140.542	42
140.568	42
140.593	42
140.619	42
140.644	43
140.67	43
140.696	43
140.721	42
140.746	42
140.772	42
140.798	43
140.824	43
140.849	43
140.875	42
140.901	43
140.926	43
140.952	42
140.978	42
141.004	44
141.029	43
141.055	42
141.081	43
141.106	42
141.132	41
141.157	41
141.183	43
141.208	43
141.234	44
141.259	43
141.285	44
141.31	41
141.336	43
141.361	42
141.387	42
141.413	42
141.438	42
141.464	43
141.489	41
141.515	42
141.54	42
141.566	43
141.592	42
141.617	41
141.643	43
141.668	42
141.694	44
141.719	42
141.745	43
141.771	43
141.796	41
141.822	43
141.847	42
141.873	41
141.899	42
141.924	43
141.95	42
141.976	42
142.001	42
142.027	43
142.055	41
142.08	42
142.106	43
142.132	41
142.158	43
142.183	43
142.209	44
142.235	40
142.261	41
142.286	41
142.312	41
142.338	42
142.364	43
142.389	43
142.415	41
142.441	43
142.466	43
142.492	44
142.517	44
142.543	43
142.569	43
142.594	41
142.62	43
142.646	44
142.671	41
142.697	41
142.722	42
142.748	42
142.774	44
142.799	44
142.825	45
142.85	45
142.876	42
142.902	43
142.927	42
142.953	44
142.978	42
143.004	43
143.03	43
143.055	41
143.081	43
143.107	44
143.132	42
143.158	42
143.184	43
143.209	42
143.235	44
143.261	45
143.286	43
143.312	44
143.337	42
143.363	42
143.389	44
143.414	43
143.44	41
143.466	43
143.492	44
143.517	41
143.543	43
143.569	43
143.594	42
143.62	44
143.646	43
143.671	43
143.697	41
143.723	43
143.749	44
143.774	42
143.8	41
143.826	42
143.851	43
143.877	41
143.903	42
143.928	42
143.954	43
143.98	41
144.006	43
144.031	42
144.057	41
144.083	41
144.109	40
144.134	40
144.16	42
144.186	42
144.211	43
144.237	42
144.263	41
144.289	43
144.315	44
144.34	42
144.366	43
144.392	42
144.418	43
144.443	41
144.469	42
144.494	43
144.52	42
144.545	42
144.571	43
144.597	41
144.622	42
144.648	42
144.674	44
144.699	44
144.725	42
144.75	43
144.776	43
144.801	41
144.827	42
144.852	42
144.878	44
144.903	41
144.929	44
144.954	42
144.979	41
145.005	42
145.03	42
145.055	44
145.081	44
145.106	44
145.131	44
145.156	42
145.181	41
145.208	43
145.234	42
145.259	43
145.284	43
145.309	43
145.334	42
145.36	43
145.385	43
145.41	42
145.435	42
145.461	43
145.486	41
145.511	42
145.537	42
145.562	42
145.587	43
145.612	41
145.637	43
145.662	40
145.688	42
145.713	43
145.738	43
145.763	41
145.788	42
145.813	42
145.839	41
145.864	42
145.889	43
145.914	43
145.939	42
145.964	42
145.99	42
146.015	43
146.04	42
146.065	42
146.091	42
146.116	41
146.141	41
146.167	42
146.192	43
146.217	40
146.243	41
146.268	40
146.293	41
146.318	42
146.344	42
146.369	42
146.394	42
146.42	42
146.445	43
146.47	42
146.495	42
146.521	44
146.546	40
146.571	40
146.596	41
146.621	40
146.646	41
146.672	42
146.697	44
146.722	42
146.747	42
146.772	42
146.798	44
146.823	43
146.848	44
146.873	45
146.899	46
146.924	43
146.95	45
146.975	44
147.001	46
147.026	43
147.052	41
147.078	41
147.104	41
147.13	42
147.156	41
147.181	40
147.206	39
147.232	42
147.257	42
147.282	42
147.308	43
147.333	43
147.358	41
147.383	42
147.409	42
147.434	42
147.46	40
147.486	41
147.511	40
147.537	42
147.563	42
147.588	43
147.613	41
147.638	42
147.664	39
147.69	40
147.715	40
147.741	39
147.766	39
147.792	41
147.818	41
147.843	42
147.868	41
147.894	43
147.92	44
147.945	44
147.97	42
147.996	43
148.021	41
148.047	41
148.072	42
148.098	43
148.126	41
148.151	42
148.177	42
148.202	43
148.228	44
148.254	43
148.279	43
148.305	43
148.33	41
148.356	42
148.381	43
148.407	41
148.433	42
148.458	42
148.484	44
148.509	41
148.535	42
148.56	42
148.586	43
148.611	43
148.636	43
148.662	42
148.687	42
148.712	41
148.738	43
148.763	39
148.789	41
148.815	41
148.84	41
148.866	43
148.891	43
148.917	43
148.942	44
148.968	43
148.994	43
149.019	44
149.045	43
149.07	42
149.096	44
149.121	41
149.147	43
149.172	43
149.198	44
149.223	42
149.249	43
149.275	43
149.3	41
149.326	42
149.351	42
149.377	44
149.402	42
149.428	43
149.454	43
149.479	41
149.505	43
149.53	43
149.558	43
149.584	43
149.609	44
149.635	44
149.66	45
149.686	44
149.712	44
149.737	45
149.763	46
149.788	43
149.814	42
149.84	43
149.866	43
149.891	42
149.917	42
149.943	43
149.969	43
149.995	42
150.021	43
150.046	42
150.072	43
150.098	43
150.124	42
150.15	43
150.176	42
150.201	43
150.227	43
150.253	42
150.279	40
150.304	40
150.33	42
150.356	43
150.381	42
150.407	43
150.433	41
150.459	43
150.484	42
150.51	43
150.536	43
150.562	42
150.587	43
150.613	44
150.639	42
150.664	43
150.69	44
150.715	44
150.741	43
150.766	43
150.792	42
150.817	42
150.843	42
150.868	41
150.894	40
150.919	41
150.945	42
150.97	42
150.996	42
151.021	42
151.047	42
151.072	41
151.097	42
151.123	44
151.148	41
151.174	43
151.199	43
151.224	41
151.25	43
151.275	43
151.301	44
151.326	42
151.351	41
151.377	43
151.402	42
151.427	42
151.452	43
151.477	40
151.503	43
151.528	42
151.553	42
151.578	42
151.603	42
151.628	42
151.653	43
151.678	43
151.705	44
151.73	44
151.755	43
151.781	42
151.806	42
151.831	42
151.856	43
151.881	43
151.906	45
151.931	44
151.956	43
151.981	44
152.006	44
152.031	43
152.056	44
152.081	44
152.106	44
152.131	43
152.156	43
152.181	44
152.206	45
152.231	43
152.257	43
152.282	41
152.307	43
152.332	41
152.357	41
152.382	43
152.407	41
152.432	41
152.457	42
152.482	43
152.507	41
152.532	42
152.557	41
152.585	42
152.61	42
152.635	43
152.66	40
152.685	41
152.71	42
152.735	43
152.76	42
152.785	42
152.811	42
152.836	43
152.861	42
152.886	42
152.911	43
152.936	42
152.961	41
152.986	42
153.011	41
153.036	41
153.061	42
153.086	42
153.111	43
153.136	41
153.161	42
153.187	44
153.212	43
153.237	44
153.262	44
153.287	43
153.312	42
153.337	39
153.362	41
153.388	42
153.413	42
153.438	43
153.463	43
153.489	42
153.514	43
153.539	43
153.564	42
153.589	41
153.614	41
153.64	41
153.665	41
153.69	42
153.715	43
153.74	42
153.765	42
153.79	42
153.816	42
153.841	41
153.866	42
153.891	43
153.917	41
153.942	42
153.967	43
153.993	44
154.018	41
154.044	43
154.069	43
154.094	41
154.12	42
154.145	42
154.171	43
154.196	42
154.222	43
154.247	42
154.273	44
154.298	44
154.324	43
154.349	43
154.375	41
154.401	43
154.426	42
154.452	44
154.478	43
154.503	42
154.529	44
154.554	40
154.58	42
154.606	43
154.632	44
154.657	41
154.683	41
154.708	41
154.734	41
154.759	43
154.784	40
154.81	39
154.835	40
154.861	41
154.887	42
154.913	41
154.939	43
154.965	41
154.99	41
155.016	42
155.041	43
155.067	42
155.092	42
155.118	41
155.143	42
155.169	41
155.194	42
155.22	43
155.246	43
155.272	45
155.297	42
155.323	43
155.349	43
155.374	43
155.4	41
155.425	40
155.451	40
155.476	41
155.501	40
155.526	40
155.552	41
155.578	42
155.603	42
155.629	42
155.654	42
155.68	44
155.705	42
155.731	42
155.756	43
155.782	42
155.807	39
155.833	41
155.858	41
155.884	43
155.909	43
155.934	42
155.96	43
155.985	43
156.01	42
156.036	42
156.061	42
156.087	43
156.112	43
156.137	42
156.163	42
156.188	43
156.213	42
156.239	44
156.264	44
156.289	44
156.314	44
156.339	42
156.364	43
156.389	42
156.414	42
156.439	42
156.464	43
156.49	42
156.515	42
156.54	43
156.565	41
156.591	42
156.616	43
156.641	43
156.666	43
156.692	40
156.717	40
156.742	40
156.768	42
156.793	42
156.818	43
156.846	43
156.871	43
156.896	43
156.922	41
156.947	41
156.972	42
156.998	44
157.023	41
157.048	42
157.074	42
157.099	41
157.124	42
157.149	42
157.175	44
157.2	41
157.225	41
157.251	42
157.276	40
157.302	41
157.327	41
157.353	41
157.378	41
157.404	43
157.429	43
157.455	42
157.48	42
157.506	42
157.531	43
157.557	43
157.582	41
157.608	42
157.633	41
157.659	43
157.684	43
157.71	43
157.735	42
157.761	43
157.786	43
157.812	42
157.837	42
157.863	43
157.888	43
157.914	42
157.941	43
157.967	43
157.992	41
158.018	43
158.043	43
158.068	43
158.094	44
158.119	42
158.145	43
158.17	41
158.196	40
158.221	41
158.247	42
158.273	43
158.298	43
158.324	43
158.349	41
158.375	41
158.401	43
158.426	43
158.452	41
158.477	42
158.503	43
158.529	42
158.554	42
158.58	42
158.606	44
158.631	42
158.657	43
158.683	44
158.708	41
158.734	42
158.76	42
158.785	43
158.811	43
158.837	45
158.862	44
158.888	45
158.914	45
158.939	41
158.965	42
158.991	42
159.016	42
159.042	43
159.068	44
159.095	44
159.121	41
159.146	41
159.172	42
159.198	42
159.224	43
159.249	42
159.275	42
159.301	43
159.326	42
159.352	42
159.377	42
159.403	42
159.429	44
159.454	43
159.48	43
159.506	43
159.531	43
159.557	42
159.583	43
159.609	43
159.634	41
159.66	42
159.686	43
159.711	43
159.737	41
159.763	43
159.788	43
159.814	43
159.84	45
159.865	44
159.891	45
159.917	46
159.942	43
159.968	42
159.994	44
160.02	44
160.045	44
160.071	45
160.097	46
160.122	43
160.148	42
160.174	43
160.2	43
160.225	42
160.251	43
160.277	44
160.303	42
160.328	42
160.354	43
160.38	43
160.405	41
160.431	43
160.457	44
160.482	40
160.508	41
160.534	43
160.559	43
160.585	41
160.611	42
160.637	44
160.662	43
160.688	42
160.714	43
160.739	43
160.765	41
160.791	43
160.817	44
160.842	43
160.868	41
160.894	42
160.92	44
160.945	42
160.971	42
160.997	42
161.023	44
161.048	41
161.074	43
161.1	44
161.125	42
161.151	41
161.177	43
161.203	43
161.228	41
161.254	42
161.28	43
161.306	41
161.331	42
161.357	43
161.383	44
161.408	42
161.434	43
161.462	42
161.488	42
161.513	41
161.539	43
161.565	44
161.59	44
161.616	44
161.642	43
161.667	42
161.693	42
161.719	43
161.745	44
161.77	41
161.796	42
161.822	42
161.847	42
161.873	42
161.901	43
161.927	43
161.952	41
161.978	43
162.004	43
162.03	44
162.055	42
162.081	43
162.107	43
162.133	41
162.158	42
162.184	43
162.21	43
162.236	44
162.262	45
162.287	45
162.313	46
162.339	42
162.365	43
162.39	43
162.416	42
162.442	43
162.468	42
162.493	43
162.519	41
162.545	43
162.571	44
162.596	44
162.622	43
162.647	41
162.673	43
162.699	42
162.724	41
162.75	43
162.776	43
162.801	43
162.827	42
162.853	44
162.878	41
162.904	43
162.929	42
162.955	43
162.981	43
163.006	42
163.032	44
163.057	42
163.083	40
163.109	41
163.134	42
163.16	43
163.185	43
163.211	44
163.236	41
163.262	43
163.287	43
163.313	42
163.338	41
163.364	42
163.389	42
163.414	42
163.44	43
163.466	43
163.491	43
163.517	42
163.542	42
163.568	44
163.593	42
163.619	42
163.644	43
163.67	42
163.696	43
163.721	43
163.747	44
163.772	41
163.798	42
163.824	43
163.849	44
163.875	43
163.9	43
163.926	44
163.951	42
163.977	42
164.003	43
164.028	44
164.053	42
164.079	42
164.104	42
164.13	41
164.155	42
164.181	43
164.206	41
164.232	42
164.257	43
164.282	42
164.308	42
164.333	42
164.359	43
164.384	42
164.409	42
164.437	42
164.462	42
164.487	42
164.513	42
164.538	43
164.564	43
164.589	44
164.614	44
164.639	45
164.665	44
164.69	42
164.716	43
164.741	42
164.766	43
164.791	42
164.817	43
164.842	41
164.867	42
164.893	43
164.918	42
164.943	42
164.969	43
164.994	43
165.019	41
165.044	41
165.07	43
165.095	42
165.121	42
165.146	42
165.171	42
165.197	41
165.222	39
165.248	41
165.273	42
165.298	42
165.324	42
165.349	42
165.374	41
165.4	42
165.425	43
165.45	42
165.476	41
165.501	43
165.526	42
165.551	40
165.577	42
165.602	43
165.627	40
165.653	42
165.678	42
165.703	43
165.728	41
165.754	43
165.779	43
165.804	41
165.83	42
165.855	43
165.88	43
165.905	44
165.93	44
165.955	44
165.98	45
166.005	43
166.031	44
166.058	45
166.083	42
166.108	43
166.133	42
166.158	43
166.183	40
166.209	42
166.234	42
166.259	43
166.285	41
166.31	42
166.335	42
166.36	43
166.386	42
166.411	42
166.436	43
166.462	41
166.487	42
166.512	41
166.538	41
166.563	42
166.589	43
166.614	43
166.639	42
166.665	44
166.69	44
166.716	45
166.741	43
166.767	44
166.792	44
166.818	45
166.843	45
166.869	43
166.894	43
166.92	43
166.946	42
166.971	42
166.997	43
167.023	43
167.048	44
167.074	42
167.1	43
167.126	44
167.151	41
167.177	43
167.203	44
167.228	42
167.254	41
167.28	43
167.306	43
167.334	41
167.359	41
167.385	40
167.411	42
167.437	43
167.462	43
167.488	42
167.514	42
167.54	43
167.566	44
167.591	42
167.617	42
167.643	43
167.669	43
167.694	41
167.72	43
167.746	44
167.771	42
167.797	42
167.823	43
167.848	43
167.874	43
167.899	43
167.925	44
167.95	42
167.975	41
168.001	43
168.026	42
168.051	41
168.077	42
168.102	43
168.128	42
168.153	43
168.178	43
168.204	42
168.23	42
168.255	43
168.28	43
168.306	42
168.331	42
168.357	43
168.382	42
168.408	42
168.433	43
168.458	43
168.484	43
168.509	42
168.534	43
168.56	44
168.585	42
168.61	42
168.636	43
168.661	42
168.686	42
168.712	43
168.737	41
168.763	42
168.788	43
168.814	43
168.839	41
168.865	40
168.89	41
168.916	41
168.942	41
168.968	43
168.993	43
169.019	42
169.045	43
169.071	42
169.096	42
169.122	42
169.148	43
169.173	42
169.199	44
169.225	43
169.25	43
169.276	42
169.302	41
169.327	42
169.353	43
169.379	44
169.405	43
169.43	43
169.456	43
169.482	42
169.507	41
169.533	43
169.559	43
169.585	44
169.611	44
169.636	44
169.662	45
169.688	43
169.713	42
169.739	43
169.765	40
169.791	40
169.816	41
169.842	42
169.868	42
169.893	43
169.919	44
169.944	41
169.97	42
169.996	43
170.021	41
170.047	42
170.073	42
170.099	44
170.124	43
170.15	45
170.176	43
170.201	42
170.227	44
170.255	45
170.28	44
170.306	46
170.332	44
170.357	44
170.382	44
170.408	44
170.434	44
170.46	40
170.485	39
170.511	38
170.536	39
170.562	40
170.587	40
170.613	41
170.639	41
170.664	40
170.69	41
170.716	42
170.741	43
170.767	41
170.793	41
170.818	41
170.844	42
170.87	42
170.895	42
170.921	43
170.947	41
170.972	41
170.998	43
171.024	43
171.049	41
171.075	43
171.101	44
171.126	43
171.152	43
171.178	42
171.203	42
171.229	42
171.255	43
171.28	42
171.306	41
171.331	42
171.357	42
171.383	44
171.409	42
171.434	42
171.46	44
171.485	41
171.511	43
171.536	43
171.562	43
171.588	42
171.614	43
171.639	43
171.665	43
171.691	39
171.717	41
171.742	41
171.767	42
171.793	41
171.818	41
171.844	41
171.869	42
171.894	41
171.92	42
171.946	42
171.972	43
171.998	43
172.024	44
172.049	41
172.075	43
172.101	43
172.126	44
172.152	44
172.178	45
172.203	44
172.229	41
172.254	39
172.28	40
172.306	41
172.332	42
172.357	42
172.383	44
172.408	44
172.434	43
172.46	44
172.487	43
172.513	42
172.539	42
172.565	44
172.59	39
172.616	41
172.642	40
172.668	42
172.693	41
172.719	43
172.745	44
172.77	41
172.796	43
172.822	44
172.847	43
172.873	44
172.899	40
172.924	41
172.952	42
172.978	43
173.004	44
173.029	43
173.055	42
173.081	43
173.107	44
173.133	42
173.158	39
173.184	41
173.21	42
173.236	43
173.261	43
173.287	42
173.313	43
173.34	44
173.366	44
173.392	46
173.417	42
173.443	42
173.469	44
173.494	43
173.52	42
173.546	42
173.571	43
173.597	42
173.622	42
173.648	43
173.674	44
173.699	41
173.725	42
173.75	43
173.776	40
173.801	40
173.827	41
173.853	42
173.878	41
173.904	43
173.929	43
173.955	42
173.98	43
174.006	43
174.031	42
174.057	43
174.082	43
174.109	43
174.135	42
174.16	41
174.185	43
174.211	44
174.237	45
174.262	45
174.287	45
174.313	44
174.338	41
174.364	43
174.389	43
174.415	42
174.44	40
174.466	40
174.492	42
174.517	41
174.543	43
174.568	43
174.594	44
174.621	44
174.647	43
174.672	42
174.698	43
174.724	41
174.749	40
174.775	42
174.801	43
174.827	42
174.852	43
174.878	42
174.904	43
174.929	43
174.955	41
174.981	40
175.007	41
175.033	42
175.058	41
175.084	42
175.11	43
175.136	44
175.162	43
175.187	43
175.213	42
175.239	44
175.265	44
175.291	44
175.316	42
175.342	42
175.368	43
175.394	43
175.42	44
175.446	43
175.471	42
175.497	43
175.523	44
175.549	43
175.574	43
175.6	43
175.626	44
175.651	45
175.677	42
175.702	42
175.728	42
175.757	40
175.782	40
175.808	40
175.833	40
175.859	42
175.885	42
175.911	43
175.936	42
175.962	41
175.988	42
176.013	43
176.039	43
176.064	44
176.09	45
176.116	45
176.141	44
176.167	41
176.193	43
176.218	43
176.244	42
176.271	41
176.297	43
176.323	44
176.348	42
176.374	43
176.4	44
176.425	42
176.451	43
176.476	42
176.502	43
176.528	43
176.553	43
176.579	43
176.604	42
176.63	42
176.656	42
176.681	43
176.707	42
176.733	42
176.759	43
176.784	43
176.81	45
176.835	44
176.861	44
176.887	42
176.912	42
176.938	43
176.964	43
176.989	43
177.015	44
177.041	45
177.066	44
177.092	44
177.118	45
177.144	43
177.17	44
177.195	42
177.22	43
177.246	41
177.271	42
177.297	43
177.323	41
177.348	42
177.374	42
177.399	42
177.425	44
177.451	42
177.477	43
177.502	42
177.528	43
177.554	44
177.58	45
177.606	45
177.631	44
177.657	43
177.683	45
177.709	44
177.734	44
177.76	44
177.786	44
177.811	44
177.837	45
177.863	42
177.889	40
177.914	41
177.939	41
177.965	42
177.991	41
178.016	41
178.041	42
178.067	43
178.092	42
178.118	41
178.144	42
178.17	42
178.196	44
178.221	42
178.247	43
178.273	42
178.299	43
178.324	41
178.35	43
178.376	43
178.401	41
178.427	43
178.452	42
178.478	44
178.504	43
178.529	43
178.555	44
178.58	42
178.606	42
178.632	42
178.657	43
178.683	42
178.708	42
178.734	43
178.76	44
178.786	40
178.813	40
178.839	42
178.865	43
178.89	42
178.916	43
178.942	43
178.967	41
178.993	43
179.019	43
179.044	42
179.07	43
179.096	43
179.121	44
179.146	42
179.172	43
179.197	43
179.223	43
179.248	43
179.274	44
179.299	44
179.325	45
179.35	43
179.376	43
179.401	42
179.427	42
179.452	42
179.478	44
179.504	43
179.529	43
179.555	44
179.58	42
179.606	43
179.631	42
179.657	44
179.682	43
179.708	42
179.733	43
179.759	41
179.784	42
179.81	42
179.835	43
179.86	43
179.886	42
179.911	43
179.937	42
179.962	41
179.988	42
180.013	43
180.038	44
180.064	42
180.089	42
180.115	43
180.141	43
180.166	42
180.192	43
180.218	41
180.244	42
180.269	43
180.295	43
180.32	41
180.346	43
180.374	44
180.399	42
180.425	43
180.451	43
180.476	43
180.502	42
180.528	42
180.553	42
180.579	44
180.605	45
180.63	42
180.656	43
180.682	44
180.708	45
180.733	45
180.759	45
180.784	44
180.81	42
180.836	43
180.862	43
180.887	39
180.913	41
180.939	42
180.964	41
180.99	43
181.015	42
181.041	41
181.067	43
181.092	42
181.118	43
181.144	43
181.169	42
181.195	43
181.22	43
181.246	40
181.272	41
181.297	41
181.323	42
181.348	42
181.374	42
181.4	42
181.425	41
181.451	43
181.476	43
181.502	44
181.527	42
181.553	41
181.579	42
181.604	42
181.63	42
181.655	42
181.681	42
181.706	42
181.732	43
181.758	44
181.783	41
181.809	43
181.834	43
181.86	44
181.886	44
181.911	44
181.937	45
181.962	43
181.988	42
182.014	42
182.039	43
182.065	42
182.091	43
182.117	44
182.142	42
182.168	43
182.193	43
182.219	44
182.244	43
182.27	44
182.295	43
182.321	45
182.347	43
182.372	44
182.398	45
182.423	44
182.449	44
182.474	44
182.5	45
182.526	45
182.551	43
182.577	45
182.603	42
182.629	43
182.655	43
182.68	40
182.706	41
182.732	41
182.757	40
182.783	41
182.809	42
182.834	42
182.86	42
182.885	42
182.911	41
182.937	43
182.962	43
182.988	42
183.013	40
183.039	41
183.065	42
183.09	41
183.116	43
183.142	44
183.168	42
183.193	42
183.219	43
183.245	44
183.271	43
183.297	42
183.322	43
183.348	42
183.374	43
183.4	43
183.426	44
183.451	41
183.477	43
183.503	43
183.529	44
183.555	43
183.58	42
183.606	43
183.632	42
183.658	42
183.684	44
183.709	43
183.735	42
183.761	43
183.789	44
183.814	43
183.84	40
183.865	42
183.891	42
183.916	43
183.942	41
183.968	41
183.993	42
184.019	41
184.044	42
184.07	42
184.095	42
184.121	42
184.146	42
184.172	41
184.197	40
184.223	40
184.248	41
184.276	41
184.302	42
184.327	42
184.353	41
184.378	41
184.404	42
184.429	40
184.455	42
184.48	43
184.505	42
184.531	42
184.556	42
184.582	43
184.607	41
184.633	42
184.659	41
184.684	41
184.709	41
184.735	42
184.761	41
184.786	42
184.811	42
184.837	42
184.862	42
184.888	42
184.913	43
184.939	42
184.964	42
184.99	42
185.015	41
185.041	42
185.066	41
185.092	42
185.118	43
185.144	42
185.17	43
185.197	43
185.223	44
185.249	42
185.275	42
185.3	43
185.326	42
185.352	43
185.378	44
185.403	43
185.429	42
185.455	43
185.48	43
185.506	41
185.532	42
185.557	43
185.583	41
185.608	41
185.634	43
185.66	43
185.685	42
185.711	42
185.737	43
185.762	42
185.788	43
185.813	41
185.839	42
185.865	42
185.89	42
185.916	43
185.942	42
185.967	42
185.993	43
186.018	42
186.044	42
186.07	43
186.096	43
186.121	42
186.147	41
186.173	43
186.199	43
186.224	41
186.25	42
186.276	42
186.302	43
186.327	41
186.353	43
186.379	42
186.405	41
186.431	43
186.456	43
186.482	44
186.508	41
186.534	43
186.559	42
186.585	42
186.611	42
186.636	42
186.662	43
186.688	41
186.714	42
186.74	43
186.765	42
186.791	44
186.817	42
186.843	44
186.869	41
186.894	43
186.92	42
186.945	41
186.971	41
186.997	42
187.023	42
187.048	41
187.074	43
187.1	43
187.126	42
187.152	42
187.178	44
187.203	43
187.229	41
187.255	42
187.281	44
187.306	42
187.332	42
187.358	43
187.384	43
187.41	42
187.436	43
187.461	42
187.487	41
187.513	43
187.539	42
187.565	43
187.591	42
187.616	41
187.642	43
187.668	41
187.694	42
187.72	43
187.746	43
187.771	41
187.797	43
187.823	43
187.849	44
187.875	43
187.9	42
187.926	43
187.952	42
187.978	42
188.003	43
188.029	42
188.055	41
188.081	42
188.107	44
188.133	42
188.158	40
188.184	40
188.21	42
188.236	42
188.262	42
188.287	42
188.313	44
188.339	43
188.365	44
188.39	43
188.416	42
188.442	43
188.468	43
188.494	44
188.519	42
188.545	42
188.571	43
188.597	42
188.622	43
188.648	42
188.674	41
188.699	42
188.725	43
188.751	43
188.776	41
188.802	42
188.828	44
188.853	43
188.879	43
188.905	45
188.931	43
188.956	44
188.982	41
189.008	39
189.033	41
189.058	41
189.083	40
189.109	42
189.135	43
189.16	43
189.186	43
189.212	43
189.237	42
189.265	43
189.291	42
189.316	39
189.342	41
189.368	42
189.394	43
189.419	43
189.445	44
189.471	42
189.496	42
189.522	42
189.548	44
189.573	44
189.599	45
189.625	45
189.651	45
189.676	43
189.702	44
189.728	46
189.753	45
189.779	42
189.804	43
189.83	44
189.855	42
189.881	43
189.906	42
189.932	44
189.957	44
189.983	43
190.008	42
190.034	41
190.06	43
190.085	43
190.111	44
190.136	42
190.162	42
190.188	44
190.213	41
190.239	43
190.264	43
190.29	44
190.316	43
190.341	42
190.367	44
190.392	42
190.418	43
190.443	43
190.469	42
190.494	42
190.52	42
190.545	42
190.571	42
190.596	42
190.622	43
190.647	41
190.673	42
190.698	42
190.724	43
190.749	41
190.775	42
190.8	43
190.826	43
190.852	44
190.877	41
190.903	43
190.929	44
190.954	43
190.98	42
191.006	43
191.032	44
191.057	44
191.083	44
191.109	46
191.134	44
191.16	43
191.185	44
191.211	45
191.237	44
191.262	44
191.288	45
191.313	45
191.339	44
191.364	42
191.39	42
191.416	44
191.441	42
191.467	43
191.493	43
191.518	43
191.544	44
191.57	44
191.595	45
191.621	41
191.647	43
191.672	43
191.698	43
191.724	41
191.749	42
191.775	42
191.801	44
191.827	43
191.852	41
191.878	43
191.904	42
191.93	42
191.955	43
191.981	44
192.007	40
192.033	40
192.058	40
192.084	42
192.109	42
192.135	42
192.161	44
192.186	42
192.212	42
192.238	44
192.263	42
192.289	43
192.315	43
192.34	42
192.366	42
192.392	43
192.418	43
192.443	42
192.469	41
192.495	43
192.521	44
192.546	44
192.572	43
192.598	44
192.624	42
192.649	40
192.675	40
192.701	42
192.726	42
192.752	42
192.777	42
192.803	44
192.829	43
192.854	42
192.88	43
192.905	41
192.931	41
192.957	41
192.982	42
193.008	42
193.033	43
193.059	44
193.084	42
193.11	42
193.136	44
193.161	42
193.187	42
193.213	43
193.238	43
193.264	43
193.289	42
193.315	43
193.341	43
193.366	42
193.392	42
193.418	44
193.443	42
193.469	42
193.494	43
193.52	42
193.546	41
193.572	40
193.597	41
193.623	41
193.649	42
193.675	43
193.7	41
193.726	42
193.752	43
193.778	44
193.804	43
193.829	41
193.855	42
193.881	44
193.907	44
193.932	44
193.958	45
193.984	45
194.01	44
194.036	43
194.061	42
194.087	43
194.113	45
194.139	43
194.165	44
194.19	43
194.216	43
194.242	43
194.268	43
194.294	42
194.319	42
194.345	43
194.373	41
194.399	43
194.425	43
194.45	42
194.476	44
194.502	44
194.528	45
194.553	45
194.579	43
194.605	43
194.631	42
194.657	42
194.682	39
194.708	40
194.733	39
194.759	41
194.784	41
194.81	42
194.836	42
194.861	43
194.887	44
194.913	43
194.938	42
194.964	42
194.99	41
195.015	41
195.041	42
195.066	43
195.092	42
195.118	42
195.144	44
195.169	42
195.195	42
195.221	42
195.246	43
195.272	42
195.297	41
195.323	42
195.348	41
195.374	42
195.399	42
195.425	44
195.45	42
195.475	41
195.501	43
195.526	42
195.551	42
195.577	43
195.602	43
195.627	42
195.653	42
195.678	43
195.703	41
195.729	42
195.754	42
195.78	43
195.805	42
195.831	43
195.856	43
195.882	43
195.907	42
195.933	43
195.958	42
195.983	41
196.009	42
196.035	43
196.06	44
196.086	42
196.111	43
196.136	42
196.162	39
196.187	40
196.213	41
196.239	42
196.264	42
196.29	43
196.315	43
196.341	42
196.367	43
196.392	43
196.418	43
196.444	42
196.47	40
196.496	41
196.521	42
196.547	42
196.573	43
196.599	44
196.624	43
196.649	43
196.675	43
196.7	42
196.726	41
196.751	43
196.777	42
196.802	41
196.828	43
196.854	41
196.879	42
196.905	41
196.93	40
196.956	41
196.982	43
197.008	43
197.033	43
197.058	42
197.084	43
197.109	44
197.135	44
197.161	43
197.186	42
197.212	43
197.237	44
197.263	43
197.288	43
197.314	39
197.339	40
197.365	41
197.39	40
197.416	42
197.442	42
197.467	43
197.493	42
197.518	43
197.544	43
197.569	41
197.595	39
197.62	40
197.645	39
197.671	39
197.697	40
197.723	42
197.748	41
197.774	41
197.8	42
197.826	44
197.852	43
197.877	41
197.902	43
197.928	43
197.953	44
197.979	43
198.004	40
198.029	38
198.055	38
198.081	39
198.107	39
198.132	40
198.158	40
198.184	42
198.21	42
198.235	42
198.261	43
198.287	43
198.313	43
198.338	41
198.364	43
198.39	44
198.416	44
198.441	43
198.467	43
198.493	41
198.518	42
198.544	43
198.57	41
198.595	42
198.621	42
198.647	43
198.672	44
198.698	45
198.724	45
198.749	44
198.775	44
198.8	42
198.826	43
198.851	43
198.877	42
198.903	43
198.928	42
198.954	43
198.979	44
199.005	43
199.03	42
199.056	42
199.081	42
199.107	43
199.133	41
199.159	43
199.185	42
199.211	44
199.237	42
199.262	43
199.288	42
199.314	42
199.34	41
199.366	41
199.391	41
199.417	41
199.443	42
199.469	44
199.494	42
199.52	42
199.546	43
199.571	43
199.597	42
199.623	43
199.648	42
199.674	41
199.7	43
199.726	43
199.751	43
199.777	42
199.803	43
199.828	43
199.854	42
199.88	42
199.906	43
199.931	43
199.957	42
199.983	43
200.008	43
200.034	42
200.06	43
200.085	43
200.111	43
200.137	44
200.162	43
200.188	42
200.213	42
200.239	41
200.264	43
200.29	42
200.316	42
200.341	42
200.367	42
200.393	40
200.419	42
200.444	41
200.47	43
200.495	43
200.521	45
200.546	44
200.572	46
200.597	42
200.623	42
200.649	43
200.675	44
200.7	41
200.726	42
200.751	43
200.777	41
200.802	41
200.828	43
200.854	43
200.879	44
200.905	45
200.93	44
200.955	42
200.981	41
201.006	42
201.032	42
201.057	41
201.083	42
201.109	43
201.134	43
201.16	41
201.185	41
201.211	44
201.236	42
201.262	43
201.287	42
201.313	44
201.338	41
201.364	43
201.389	43
201.415	43
201.44	43
201.466	43
201.492	43
201.517	44
201.543	42
201.568	43
201.594	42
201.619	42
201.645	43
201.671	44
201.696	42
201.722	43
201.748	42
201.773	43
201.799	39
201.825	40
201.85	41
201.876	41
201.902	42
201.927	42
201.953	44
201.979	43
202.004	41
202.03	43
202.056	44
202.081	42
202.107	41
202.133	42
202.158	39
202.184	41
202.21	41
202.235	41
202.261	41
202.287	43
202.312	42
202.338	44
202.364	43
202.389	42
202.415	44
202.441	43
202.467	41
202.492	41
202.518	42
202.544	43
202.569	42
202.595	43
202.621	42
202.646	42
202.672	43
202.698	42
202.723	39
202.749	41
202.774	40
202.8	42
202.826	42
202.851	43
202.877	44
202.902	43
202.928	45
202.953	45
202.979	43
203.004	42
203.03	43
203.055	41
203.081	40
203.106	40
203.132	41
203.157	41
203.183	40
203.209	41
203.235	42
203.26	42
203.286	42
203.312	43
203.338	42
203.364	42
203.39	41
203.416	42
203.442	41
203.468	36
203.494	38
203.519	38
203.545	39
203.57	39
203.596	41
203.621	40
203.647	41
203.672	41
203.698	42
203.724	43
203.749	42
203.775	42
203.8	40
203.826	42
203.852	42
203.877	42
203.903	42
203.929	44
203.954	41
203.98	43
204.005	42
204.031	39
204.057	41
204.083	42
204.108	42
204.134	42
204.159	43
204.185	44
204.211	42
204.236	42
204.262	43
204.287	43
204.312	44
204.338	42
204.364	43
204.389	42
204.415	43
204.441	43
204.466	43
204.492	42
204.517	42
204.545	43
204.57	41
204.596	42
204.622	43
204.647	42
204.673	43
204.698	43
204.724	45
204.749	43
204.775	41
204.801	42
204.826	42
204.852	41
204.878	42
204.903	43
204.929	42
204.954	42
204.98	43
205.005	42
205.031	44
205.056	44
205.082	45
205.107	45
205.133	41
205.158	42
205.184	42
205.209	42
205.235	42
205.26	41
205.286	42
205.312	42
205.337	42
205.363	42
205.389	44
205.414	42
205.44	43
205.465	43
205.491	43
205.517	42
205.542	40
205.568	41
205.594	42
205.621	42
205.647	43
205.672	42
205.698	44
205.724	45
205.749	44
205.775	44
205.8	44
205.826	41
205.852	42
205.877	41
205.903	43
205.928	42
205.954	44
205.979	44
206.004	42
206.03	40
206.056	39
206.081	40
206.106	41
206.132	42
206.158	43
206.183	43
206.209	44
206.235	43
206.261	42
206.286	43
206.312	43
206.338	43
206.364	44
206.389	43
206.415	44
206.441	42
206.466	43
206.492	42
206.518	43
206.543	43
206.569	43
206.595	42
206.621	43
206.646	43
206.672	44
206.698	41
206.724	42
206.75	44
206.775	41
206.8	41
206.825	42
206.851	42
206.877	41
206.903	42
206.929	44
206.955	42
206.98	42
207.006	43
207.032	44
207.058	42
207.084	43
207.109	42
207.135	41
207.161	43
207.186	43
207.212	41
207.238	43
207.264	42
207.289	42
207.315	42
207.341	43
207.367	43
207.392	43
207.418	42
207.444	43
207.47	43
207.495	42
207.521	43
207.547	42
207.572	43
207.598	42
207.624	43
207.649	42
207.675	44
207.7	43
207.726	43
207.752	43
207.777	42
207.803	42
207.829	44
207.854	42
207.88	41
207.906	43
207.931	42
207.957	42
207.982	41
208.008	42
208.034	42
208.059	41
208.085	43
208.111	43
208.136	42
208.162	43
208.188	43
208.214	44
208.239	42
208.265	43
208.291	44
208.317	42
208.343	40
208.37	41
208.396	41
208.422	42
208.447	42
208.473	42
208.499	44
208.524	45
208.55	42
208.576	41
208.601	43
208.627	42
208.653	40
208.679	40
208.705	41
208.73	41
208.756	41
208.782	42
208.808	43
208.834	44
208.86	42
208.885	42
208.911	43
208.937	43
208.963	41
208.989	43
209.015	44
209.04	42
209.068	41
209.094	42
209.12	44
209.146	43
209.172	43
209.198	43
209.223	44
209.248	44
209.274	43
209.3	41
209.325	42
209.351	41
209.376	42
209.401	42
209.427	43
209.453	43
209.478	41
209.504	42
209.53	42
209.556	44
209.581	43
209.607	44
209.633	45
209.658	44
209.684	43
209.709	43
209.734	42
209.76	40
209.785	41
209.811	41
209.836	39
209.862	40
209.889	40
209.915	42
209.941	42
209.967	42
209.992	43
210.018	41
210.044	43
210.07	42
210.096	44
210.121	40
210.147	40
210.173	42
210.198	42
210.224	42
210.25	42
210.276	41
210.301	42
210.327	43
210.352	43
210.378	42
210.404	43
210.429	42
210.455	44
210.481	41
210.507	40
210.532	41
210.558	42
210.584	42
210.61	43
210.636	43
210.661	44
210.687	43
210.713	44
210.739	44
210.764	41
210.79	42
210.816	43
210.842	42
210.867	41
210.893	43
210.919	41
210.945	42
210.97	42
210.996	43
211.022	42
211.048	43
211.073	42
211.099	44
211.125	43
211.15	41
211.176	43
211.201	42
211.226	43
211.252	39
211.277	40
211.303	41
211.328	41
211.353	40
211.379	40
211.404	41
211.43	42
211.455	41
211.481	43
211.507	44
211.532	42
211.558	42
211.583	42
211.609	42
211.635	40
211.66	41
211.686	42
211.711	42
211.737	42
211.762	43
211.788	41
211.814	43
211.839	43
211.865	43
211.89	41
211.916	43
211.941	42
211.967	44
211.992	43
212.018	43
212.044	44
212.069	42
212.095	43
212.12	43
212.145	41
212.171	42
212.196	42
212.222	43
212.247	41
212.272	41
212.298	42
212.323	42
212.349	42
212.374	43
212.399	43
212.425	42
212.45	43
212.475	42
212.501	42
212.526	41
212.552	43
212.577	43
212.603	41
212.628	42
212.654	42
212.68	43
212.706	44
212.731	44
212.756	43
212.782	41
212.807	42
212.833	39
212.859	40
212.885	39
212.911	41
212.936	41
212.962	42
212.987	43
213.013	44
213.038	41
213.063	41
213.089	42
213.114	42
213.14	39
213.165	40
213.191	41
213.217	42
213.242	41
213.268	43
213.293	43
213.319	42
213.344	41
213.37	43
213.396	42
213.421	42
213.447	43
213.472	42
213.498	44
213.524	43
213.549	43
213.575	41
213.6	42
213.626	43
213.651	43
213.677	42
213.702	42
213.727	42
213.753	42
213.778	42
213.803	43
213.829	44
213.854	42
213.88	42
213.905	42
213.93	42
213.956	40
213.981	41
214.007	42
214.032	41
214.058	42
214.084	44
214.109	44
214.135	45
214.16	42
214.186	44
214.215	44
214.241	43
214.266	42
214.292	42
214.317	41
214.343	43
214.368	42
214.394	42
214.42	43
214.445	42
214.471	44
214.496	42
214.522	43
214.548	43
214.573	42
214.599	43
214.625	43
214.65	43
214.676	41
214.702	42
214.728	44
214.753	42
214.779	43
214.805	43
214.831	44
214.856	43
214.882	45
214.908	46
214.933	43
214.959	42
214.984	41
215.01	42
215.036	41
215.061	42
215.087	43
215.113	43
215.138	43
215.164	42
215.189	42
215.215	43
215.241	45
215.266	42
215.292	42
215.318	42
215.343	41
215.369	42
215.395	43
215.421	42
215.446	43
215.472	43
215.498	44
215.523	44
215.549	44
215.574	45
215.6	42
215.626	43
215.652	44
215.677	43
215.703	42
215.729	43
215.754	42
215.78	42
215.806	43
215.831	42
215.857	44
215.883	43
215.908	42
215.934	43
215.96	41
215.986	42
216.012	39
216.037	40
216.063	40
216.088	41
216.113	40
216.139	40
216.164	40
216.19	40
216.216	42
216.241	42
216.267	42
216.293	44
216.318	43
216.344	43
216.37	43
216.395	42
216.421	43
216.447	45
216.472	44
216.498	45
216.524	43
216.55	43
216.575	43
216.601	42
216.627	41
216.653	42
216.679	44
216.705	42
216.731	41
216.757	41
216.782	42
216.807	40
216.832	40
216.858	42
216.884	41
216.91	42
216.936	44
216.961	41
216.989	43
217.015	44
217.041	42
217.066	42
217.092	41
217.117	42
217.143	41
217.169	43
217.195	44
217.221	43
217.246	41
217.272	42
217.298	44
217.324	43
217.35	43
217.375	43
217.401	42
217.427	43
217.453	43
217.478	43
217.504	43
217.53	43
217.555	43
217.581	42
217.607	41
217.632	41
217.658	41
217.684	42
217.709	42
217.735	42
217.76	43
217.786	43
217.812	42
217.837	42
217.863	43
217.888	44
217.914	45
217.939	44
217.965	43
217.991	45
218.016	43
218.042	44
218.068	42
218.093	41
218.119	43
218.145	39
218.171	41
218.197	41
218.222	41
218.248	39
218.274	41
218.3	41
218.325	41
218.351	42
218.377	43
218.402	40
218.427	43
218.453	42
218.478	43
218.504	41
218.529	43
218.554	43
218.58	43
218.605	44
218.631	43
218.657	42
218.683	44
218.708	42
218.734	43
218.76	44
218.786	42
218.811	41
218.837	42
218.862	43
218.888	43
218.914	42
218.939	43
218.965	42
218.991	43
219.017	43
219.042	43
219.068	42
219.094	42
219.119	43
219.145	43
219.17	44
219.196	43
219.222	44
219.247	42
219.273	42
219.298	43
219.324	44
219.349	42
219.375	43
219.401	43
219.427	41
219.452	42
219.478	43
219.504	41
219.529	43
219.555	43
219.581	43
219.607	40
219.633	42
219.659	40
219.685	42
219.71	41
219.736	43
219.762	43
219.787	44
219.813	43
219.839	43
219.864	42
219.89	41
219.916	43
219.941	42
219.967	42
219.993	43
220.018	43
220.044	44
220.069	41
220.095	43
220.121	44
220.146	42
220.172	42
220.198	43
220.223	42
220.249	40
220.275	40
220.3	41
220.326	41
220.352	43
220.377	42
220.403	44
220.429	41
220.454	42
220.48	43
220.506	43
220.532	43
220.557	43
220.583	44
220.609	45
220.634	42
220.66	42
220.686	43
220.712	43
220.737	42
220.763	43
220.789	42
220.815	43
220.84	43
220.866	42
220.892	42
220.918	43
220.943	42
220.969	44
220.994	43
221.02	41
221.045	42
221.071	42
221.096	43
221.121	41
221.147	41
221.172	43
221.198	40
221.223	42
221.249	42
221.274	42
221.3	42
221.326	44
221.351	45
221.377	40
221.402	41
221.428	41
221.453	43
221.479	41
221.504	43
221.53	41
221.555	42
221.581	42
221.606	43
221.632	41
221.657	42
221.682	43
221.708	41
221.734	41
221.759	43
221.785	40
221.81	42
221.836	41
221.861	41
221.886	42
221.912	42
221.938	41
221.963	41
221.988	42
222.013	41
222.038	40
222.063	41
222.089	42
222.115	42
222.141	43
222.167	41
222.192	41
222.217	43
222.242	43
222.268	42
222.294	43
222.32	43
222.346	42
222.372	41
222.397	41
222.423	41
222.449	41
222.475	43
222.501	44
222.526	42
222.551	43
222.576	41
222.602	41
222.628	42
222.653	43
222.678	43
222.703	40
222.729	42
222.755	43
222.781	44
222.806	41
222.832	43
222.858	44
222.883	43
222.909	42
222.935	41
222.961	42
222.986	41
223.012	43
223.037	42
223.063	41
223.089	43
223.114	43
223.14	44
223.166	43
223.191	42
223.217	43
223.242	41
223.268	41
223.294	43
223.319	43
223.345	42
223.371	42
223.396	42
223.422	42
223.447	41
223.473	43
223.498	43
223.524	42
223.549	42
223.575	42
223.6	41
223.626	42
223.651	43
223.677	44
223.702	41
223.728	43
223.753	42
223.779	41
223.804	42
223.83	43
223.855	43
223.881	43
223.906	43
223.931	43
223.957	42
223.982	42
224.008	42
224.033	42
224.059	43
224.084	43
224.11	43
224.135	42
224.161	43
224.186	43
224.212	43
224.237	43
224.262	44
224.288	45
224.313	45
224.339	43
224.364	42
224.39	42
224.415	41
224.441	42
224.466	43
224.492	43
224.517	42
224.543	43
224.568	43
224.594	44
224.619	41
224.645	42
224.671	43
224.696	44
224.722	45
224.748	42
224.773	43
224.799	43
224.825	45
224.85	43
224.876	44
224.902	42
224.928	42
224.954	40
224.98	42
225.005	42
225.031	40
225.057	42
225.083	42
225.109	43
225.135	43
225.16	43
225.186	44
225.212	44
225.238	46
225.263	44
225.289	42
225.315	42
225.341	44
225.367	43
225.392	42
225.418	43
225.444	43
225.47	42
225.496	43
225.522	44
225.547	42
225.573	42
225.599	43
225.625	44
225.65	42
225.678	43
225.704	44
225.73	42
225.755	42
225.781	43
225.807	44
225.832	42
225.858	43
225.884	43
225.91	43
225.935	42
225.961	42
225.987	44
226.012	41
226.038	43
226.064	44
226.089	44
226.115	43
226.141	45
226.166	44
226.192	43
226.218	42
226.244	40
226.27	41
226.296	43
226.321	42
226.347	43
226.373	43
226.399	45
226.424	42
226.449	43
226.475	43
226.5	44
226.528	41
226.554	41
226.579	43
226.604	42
226.63	43
226.656	42
226.681	41
226.707	43
226.733	44
226.758	42
226.784	43
226.81	44
226.835	41
226.861	43
226.886	43
226.912	43
226.937	41
226.963	43
226.989	44
227.014	44
227.04	42
227.065	42
227.091	44
227.116	41
227.142	42
227.168	43
227.193	41
227.219	43
227.244	43
227.27	44
227.295	42
227.321	43
227.346	43
227.372	42
227.397	42
227.423	43
227.448	43
227.474	42
227.499	41
227.525	42
227.551	43
227.576	42
227.602	43
227.627	43
227.653	42
227.679	43
227.704	43
227.729	43
227.755	41
227.78	41
227.806	41
227.831	42
227.857	42
227.882	43
227.908	42
227.933	42
227.959	43
227.984	43
228.01	39
228.036	41
228.061	41
228.087	42
228.112	41
228.138	43
228.163	43
228.189	43
228.214	42
228.239	43
228.265	42
228.29	42
228.316	43
228.342	44
228.367	42
228.393	42
228.418	43
228.444	41
228.469	42
228.495	42
228.52	42
228.546	42
228.574	43
228.6	43
228.626	44
228.651	43
228.677	45
228.702	45
228.728	43
228.753	44
228.779	43
228.805	41
228.831	38
228.856	39
228.882	38
228.908	40
228.934	41
228.959	41
228.985	41
229.011	42
229.037	42
229.062	42
229.088	42
229.114	43
229.14	44
229.165	43
229.191	42
229.217	42
229.242	43
229.268	43
229.294	43
229.319	42
229.345	44
229.371	43
229.396	43
229.422	43
229.447	41
229.473	43
229.498	43
229.524	43
229.549	44
229.575	45
229.601	46
229.626	45
229.652	45
229.677	45
229.702	45
229.728	45
229.754	45
229.779	43
229.805	42
229.83	43
229.856	43
229.881	44
229.907	45
229.932	42
229.957	44
229.982	43
230.008	41
230.034	42
230.059	41
230.084	40
230.109	40
230.135	40
230.16	41
230.186	42
230.212	43
230.237	43
230.263	44
230.288	41
230.314	43
230.339	42
230.365	43
230.391	42
230.416	42
230.442	42
230.468	42
230.493	42
230.519	43
230.545	44
230.57	42
230.596	43
230.622	43
230.647	41
230.673	42
230.698	42
230.724	44
230.749	41
230.775	42
230.801	44
230.827	44
230.852	42
230.878	42
230.904	43
230.93	42
230.956	43
230.982	42
231.008	42
231.034	43
231.06	39
231.086	40
231.111	40
231.137	40
231.162	41
231.188	41
231.214	42
231.239	43
231.265	41
231.291	43
231.316	42
231.344	43
231.37	41
231.395	41
231.421	43
231.447	42
231.472	42
231.498	42
231.524	44
231.549	42
231.575	41
231.601	42
231.627	42
231.653	40
231.678	40
231.704	42
231.73	41
231.756	43
231.781	43
231.807	42
231.833	42
231.859	42
231.885	44
231.91	44
231.936	44
231.962	42
231.988	43
232.013	42
232.039	43
232.064	42
232.09	41
232.116	43
232.141	42
232.167	42
232.193	42
232.219	43
232.244	42
232.27	42
232.296	43
232.321	43
232.347	44
232.373	43
232.398	42
232.424	42
232.45	42
232.476	41
232.501	41
232.527	41
232.553	42
232.579	43
232.604	43
232.63	42
232.656	42
232.681	43
232.707	44
232.733	45
232.758	42
232.784	43
232.81	43
232.836	41
232.862	41
232.887	41
232.913	41
232.939	42
232.965	44
232.99	42
233.016	41
233.042	43
233.068	43
233.093	42
233.119	42
233.145	42
233.17	43
233.195	44
233.221	42
233.246	40
233.272	40
233.298	41
233.324	42
233.349	42
233.375	43
233.4	42
233.426	42
233.451	42
233.476	43
233.502	44
233.527	43
233.553	41
233.579	41
233.605	41
233.631	43
233.657	43
233.682	43
233.708	41
233.734	43
233.76	44
233.785	41
233.811	41
233.837	42
233.863	43
233.888	41
233.914	42
233.94	43
233.966	44
233.992	43
234.017	43
234.043	43
234.069	43
234.095	44
234.121	43
234.146	43
234.172	41
234.198	43
234.224	44
234.249	44
234.275	43
234.3	43
234.326	44
234.352	44
234.378	43
234.403	43
234.429	43
234.455	42
234.481	42
234.506	43
234.532	43
234.558	41
234.584	43
234.61	44
234.635	42
234.661	42
234.687	43
234.713	44
234.739	43
234.765	43
234.79	42
234.816	44
234.842	45
234.868	44
234.893	45
234.919	43
234.945	44
234.97	42
234.996	43
235.022	44
235.048	43
235.073	43
235.099	44
235.125	43
235.15	43
235.176	43
235.202	42
235.228	43
235.253	43
235.279	44
235.305	45
235.33	43
235.356	45
235.382	45
235.407	43
235.433	40
235.458	42
235.484	41
235.51	42
235.535	40
235.561	42
235.586	41
235.612	43
235.638	42
235.664	41
235.689	42
235.715	43
235.741	44
235.767	43
235.793	41
235.818	41
235.844	41
235.87	42
235.896	41
235.921	42
235.947	42
235.973	43
235.998	42
236.024	41
236.049	41
236.074	40
236.1	40
236.125	41
236.151	39
236.177	38
236.203	39
236.229	41
236.254	40
236.28	42
236.305	42
236.331	42
236.356	40
236.382	42
236.407	42
236.433	42
236.458	43
236.484	44
236.509	43
236.535	42
236.56	41
236.586	43
236.612	44
236.637	40
236.663	41
236.688	41
236.714	42
236.74	43
236.765	43
236.791	44
236.816	41
236.842	43
236.867	42
236.893	43
236.919	43
236.944	41
236.97	41
236.995	41
237.021	43
237.047	43
237.072	43
237.098	43
237.124	44
237.149	45
237.175	45
237.2	41
237.226	43
237.252	43
237.277	41
237.303	41
237.329	42
237.355	44
237.38	42
237.406	41
237.432	40
237.458	42
237.483	42
237.509	43
237.535	44
237.56	41
237.585	43
237.611	43
237.637	42
237.662	43
237.688	42
237.714	40
237.74	41
237.765	39
237.791	40
237.817	42
237.843	43
237.868	42
237.894	43
237.92	41
237.946	42
237.971	43
237.997	42
238.022	39
238.048	41
238.074	42
238.099	42
238.127	42
238.153	43
238.178	44
238.204	45
238.229	41
238.255	43
238.281	43
238.307	40
238.332	41
238.358	42
238.384	42
238.41	42
238.435	42
238.461	41
238.487	43
238.513	44
238.538	43
238.564	42
238.59	42
238.616	44
238.641	44
238.667	42
238.693	43
238.719	44
238.744	41
238.77	43
238.796	43
238.822	42
238.849	39
238.875	41
238.901	42
238.927	40
238.953	41
238.979	42
239.004	42
239.03	41
239.056	43
239.082	44
239.108	41
239.133	42
239.159	40
239.184	39
239.209	41
239.236	39
239.262	39
239.287	41
239.313	40
239.339	41
239.365	43
239.391	43
239.416	43
239.442	42
239.468	43
239.494	43
239.519	43
239.545	42
239.57	42
239.596	43
239.622	42
239.647	42
239.673	43
239.699	44
239.725	42
239.751	41
239.776	42
239.802	42
239.828	42
239.854	41
239.879	41
239.905	42
239.93	43
239.956	43
239.982	41
240.007	42
240.033	43
240.058	41
240.084	42
240.11	43
240.135	42
240.161	41
240.186	41
240.212	43
240.237	42
240.263	41
240.288	42
240.314	43
240.34	39
240.365	40
240.391	41
240.417	41
240.442	42
240.468	43
240.493	42
240.519	41
240.545	42
240.571	44
240.596	42
240.622	44
240.647	41
240.673	43
240.699	44
240.724	44
240.75	42
240.776	44
240.802	43
240.828	41
240.853	41
240.879	42
240.905	41
240.931	43
240.957	44
240.983	43
241.008	42
241.034	42
241.06	42
241.086	43
241.111	42
241.137	44
241.163	41
241.189	40
241.214	41
241.24	42
241.266	42
241.291	42
241.317	42
241.343	42
241.368	42
241.394	42
241.42	42
241.445	42
241.471	43
241.497	44
241.523	44
241.548	44
241.574	44
241.6	46
241.625	44
241.651	43
241.677	42
241.702	43
241.728	44
241.754	43
241.779	41
241.805	42
241.83	42
241.856	42
241.881	44
241.906	42
241.932	43
241.957	42
241.982	43
242.008	42
242.034	43
242.059	42
242.085	42
242.11	41
242.136	43
242.162	44
242.187	40
242.213	40
242.238	41
242.264	41
242.29	42
242.315	43
242.341	44
242.366	44
242.392	43
242.418	43
242.443	43
242.469	44
242.495	43
242.521	43
242.546	44
242.572	44
242.597	43
242.623	42
242.649	42
242.674	41
242.7	43
242.726	42
242.751	42
242.777	43
242.803	43
242.829	43
242.854	41
242.88	43
242.906	44
242.931	43
242.957	41
242.982	42
243.008	41
243.033	41
243.059	41
243.084	43
243.11	43
243.136	43
243.161	43
243.187	43
243.212	43
243.238	42
243.264	43
243.289	43
243.315	42
243.341	42
243.367	43
243.393	43
243.418	43
243.444	41
243.47	43
243.495	42
243.521	43
243.547	44
243.572	42
243.598	43
243.624	44
243.65	44
243.675	44
243.701	45
243.727	44
243.752	42
243.777	42
243.803	43
243.828	45
243.854	40
243.88	42
243.906	41
243.932	43
243.957	42
243.983	41
244.008	42
244.034	43
244.059	43
244.085	42
244.111	43
244.136	43
244.162	43
244.188	43
244.213	41
244.239	41
244.264	41
244.29	42
244.316	43
244.341	42
244.367	42
244.393	42
244.419	44
244.444	41
244.47	41
244.496	41
244.521	40
244.547	42
244.573	42
244.599	44
244.624	42
244.65	42
244.676	43
244.701	43
244.727	42
244.753	43
244.779	44
244.804	42
244.83	43
244.856	44
244.881	42
244.907	41
244.933	43
244.958	43
244.984	41
245.01	42
245.036	41
245.062	41
245.087	42
245.113	43
245.139	43
245.165	43
245.19	42
245.216	43
245.242	42
245.268	41
245.293	41
245.319	39
245.345	39
245.37	40
245.396	41
245.422	42
245.448	43
245.474	42
245.499	43
245.525	42
245.551	43
245.577	43
245.603	44
245.628	42
245.654	41
245.68	42
245.706	42
245.731	41
245.757	43
245.783	43
245.808	44
245.833	44
245.858	43
245.884	44
245.91	43
245.935	43
245.96	41
245.986	42
246.012	42
246.038	42
246.064	43
246.089	41
246.115	43
246.141	43
246.166	40
246.192	42
246.218	43
246.244	44
246.269	41
246.294	43
246.32	42
246.345	41
246.371	41
246.397	42
246.423	44
246.448	42
246.474	43
246.5	43
246.526	44
246.551	39
246.577	41
246.603	41
246.628	42
246.654	43
246.68	43
246.705	43
246.731	43
246.757	43
246.782	42
246.808	41
246.833	42
246.859	43
246.885	44
246.91	42
246.936	43
246.961	42
246.987	41
247.013	43
247.038	42
247.064	44
247.09	42
247.115	41
247.141	43
247.167	41
247.192	42
247.218	43
247.244	44
247.269	40
247.295	41
247.321	42
247.346	42
247.372	42
247.398	42
247.424	43
247.449	41
247.475	43
247.501	44
247.526	41
247.552	41
247.578	43
247.604	44
247.629	43
247.655	44
247.68	45
247.706	46
247.732	45
247.757	43
247.783	40
247.808	42
247.834	43
247.86	41
247.886	39
247.911	37
247.937	39
247.963	40
247.989	40
248.014	40
248.039	40
248.064	42
248.09	42
248.116	43
248.142	44
248.167	41
248.193	41
248.219	43
248.245	43
248.271	45
248.296	41
248.322	43
248.348	42
248.374	42
248.4	43
248.426	43
248.451	41
248.477	41
248.503	41
248.529	42
248.554	43
248.58	41
248.605	41
248.631	43
248.657	40
248.682	42
248.707	42
248.733	43
248.759	41
248.784	42
248.809	43
248.835	44
248.86	43
248.886	42
248.911	43
248.936	42
248.962	41
248.987	42
249.012	42
249.038	42
249.064	43
249.09	41
249.115	42
249.14	43
249.165	43
249.191	43
249.217	42
249.243	42
249.268	42
249.294	44
249.32	42
249.346	41
249.372	41
249.397	42
249.425	42
249.451	44
249.476	42
249.502	42
249.528	42
249.553	43
249.579	42
249.604	42
249.63	43
249.655	42
249.681	42
249.707	43
249.732	42
249.758	42
249.783	42
249.809	43
249.834	41
249.86	41
249.886	43
249.911	42
249.937	42
249.962	42
249.988	42
250.013	42
250.039	42
250.064	41
250.09	43
250.115	42
250.141	43
250.166	43
250.192	44
250.217	44
250.243	45
250.268	45
250.294	46
250.319	43
250.345	45
250.37	44
250.396	46
250.421	44
250.447	42
250.473	44
250.498	42
250.524	41
250.55	41
250.576	41
250.602	41
250.627	40
250.653	40
250.679	42
250.705	42
250.73	42
250.756	43
250.782	41
250.808	43
250.833	43
250.859	44
250.885	45
250.91	43
250.936	42
250.962	42
250.987	41
251.013	43
251.038	42
251.064	44
251.09	45
251.115	45
251.141	45
251.166	44
251.192	45
251.217	45
251.243	45
251.269	44
251.296	43
251.322	44
251.347	40
251.373	41
251.399	43
251.424	42
251.45	42
251.475	41
251.501	43
251.527	43
251.552	42
251.578	43
251.603	43
251.629	41
251.654	42
251.68	42
251.705	43
251.731	41
251.756	41
251.782	44
251.807	43
251.833	43
251.858	42
251.884	44
251.909	42
251.935	42
251.96	43
251.986	43
252.011	43
252.037	43
252.062	43
252.088	44
252.113	41
252.139	43
252.164	42
252.19	42
252.216	43
252.241	43
252.267	41
252.293	41
252.318	40
252.344	42
252.37	42
252.395	41
252.421	43
252.447	42
252.473	42
252.499	42
252.524	39
252.55	40
252.575	38
252.6	40
252.626	39
252.652	41
252.678	42
252.703	41
252.729	41
252.755	42
252.781	44
252.806	41
252.831	40
252.857	39
252.883	41
252.908	40
252.934	41
252.96	42
252.986	43
253.012	43
253.038	43
253.063	44
253.089	42
253.115	43
253.141	44
253.167	43
253.193	41
253.218	40
253.244	39
253.269	41
253.295	41
253.321	41
253.346	41
253.372	40
253.397	42
253.423	42
253.448	41
253.474	41
253.5	42
253.526	43
253.551	43
253.577	42
253.602	41
253.628	43
253.653	42
253.678	42
253.704	43
253.729	39
253.757	40
253.782	40
253.807	40
253.833	42
253.859	43
253.885	44
253.911	42
253.936	43
253.962	41
253.987	42
254.013	42
254.039	41
254.064	42
254.09	42
254.115	43
254.141	43
254.166	43
254.192	44
254.217	44
254.243	45
254.269	42
254.294	43
254.32	43
254.345	41
254.371	41
254.396	43
254.421	37
254.446	38
254.471	39
254.496	39
254.522	39
254.548	41
254.573	40
254.599	41
254.625	41
254.651	43
254.677	43
254.702	42
254.728	42
254.753	42
254.779	41
254.804	43
254.83	43
254.856	42
254.881	44
254.906	45
254.931	45
254.957	44
254.983	44
255.009	43
255.034	42
255.06	43
255.086	42
255.112	42
255.138	43
255.164	44
255.189	42
255.215	43
255.241	43
255.267	42
255.293	41
255.318	42
255.344	42
255.369	43
255.395	41
255.421	42
255.447	43
255.473	43
255.498	42
255.524	41
255.55	42
255.576	43
255.602	44
255.627	42
255.653	42
255.679	44
255.705	42
255.731	43
255.756	43
255.782	41
255.808	43
255.836	43
255.861	42
255.887	43
255.913	45
255.938	43
255.964	42
255.99	43
256.016	45
256.041	45
256.067	45
256.093	43
256.118	44
256.143	43
256.169	42
256.194	42
256.22	40
256.246	39
256.271	41
256.296	41
256.322	42
256.347	42
256.373	42
256.398	41
256.423	42
256.449	43
256.474	43
256.5	42
256.525	40
256.551	41
256.577	41
256.602	42
256.628	43
256.653	42
256.679	41
256.704	42
256.73	42
256.755	42
256.781	45
256.806	43
256.832	44
256.857	44
256.882	41
256.908	43
256.933	42
256.959	41
256.984	42
257.01	44
257.035	42
257.061	43
257.086	43
257.111	40
257.137	42
257.162	43
257.188	43
257.213	42
257.239	43
257.264	42
257.29	43
257.316	41
257.341	41
257.367	43
257.393	41
257.418	39
257.444	41
257.47	42
257.495	41
257.521	42
257.547	44
257.572	43
257.598	45
257.623	44
257.648	44
257.674	43
257.699	43
257.725	45
257.751	44
257.777	44
257.802	44
257.828	45
257.853	44
257.879	44
257.904	40
257.93	40
257.956	40
257.982	41
258.007	41
258.033	42
258.059	43
258.084	43
258.11	42
258.135	42
258.161	42
258.187	44
258.212	42
258.238	43
258.263	43
258.289	39
258.314	40
258.34	41
258.366	41
258.391	42
258.417	43
258.443	44
258.468	43
258.494	42
258.52	42
258.546	44
258.571	44
258.597	45
258.622	44
258.648	45
258.674	44
258.699	43
258.725	41
258.75	42
258.775	41
258.8	42
258.825	41
258.85	42
258.875	43
258.901	43
258.926	43
258.952	42
258.978	42
259.004	43
259.03	42
259.055	42
259.081	43
259.107	42
259.132	41
259.158	40
259.184	42
259.21	43
259.235	41
259.261	43
259.287	42
259.313	42
259.338	43
259.364	42
259.39	41
259.416	43
259.441	42
259.467	44
259.492	43
259.518	45
259.544	45
259.569	43
259.594	42
259.62	39
259.646	40
259.671	41
259.697	40
259.723	40
259.748	40
259.774	40
259.8	42
259.825	41
259.851	43
259.877	43
259.904	43
259.93	44
259.956	42
259.981	41
260.007	42
260.033	43
260.059	43
260.084	42
260.11	44
260.135	41
260.161	41
260.186	43
260.212	41
260.238	43
260.264	44
260.289	43
260.315	45
260.34	45
260.366	46
260.391	43
260.417	45
260.443	45
260.468	43
260.494	43
260.519	43
260.545	45
260.571	46
260.596	42
260.622	42
260.648	44
260.673	41
260.699	42
260.725	42
260.751	43
260.776	42
260.802	43
260.828	43
260.853	43
260.879	42
260.905	43
260.931	43
260.956	42
260.982	43
261.008	44
261.034	41
261.059	41
261.085	43
261.111	43
261.136	42
261.162	42
261.187	43
261.213	43
261.238	44
261.264	44
261.289	45
261.315	44
261.34	44
261.366	42
261.392	42
261.417	43
261.443	41
261.468	37
261.494	38
261.519	38
261.545	38
261.571	40
261.596	39
261.622	41
261.648	41
261.673	41
261.699	42
261.725	43
261.75	41
261.776	42
261.801	43
261.827	42
261.853	44
261.878	42
261.904	42
261.93	42
261.955	42
261.981	42
262.007	44
262.032	42
262.058	42
262.083	42
262.109	44
262.134	43
262.16	43
262.185	42
262.211	43
262.237	42
262.262	43
262.288	43
262.313	41
262.339	42
262.365	44
262.39	42
262.416	43
262.442	44
262.467	43
262.493	42
262.519	43
262.544	42
262.57	41
262.595	42
262.621	43
262.647	43
262.672	44
262.698	44
262.723	45
262.749	45
262.775	45
262.8	43
262.826	41
262.852	41
262.877	42
262.903	39
262.929	41
262.954	40
262.98	41
263.006	42
263.032	43
263.057	43
263.083	43
263.109	42
263.134	42
263.16	43
263.186	44
263.212	43
263.238	42
263.263	43
263.289	44
263.315	44
263.341	42
263.366	43
263.392	42
263.418	43
263.444	43
263.469	42
263.495	42
263.521	43
263.547	43
263.573	41
263.598	40
263.624	41
263.65	42
263.675	42
263.701	42
263.727	44
263.753	43
263.778	41
263.804	43
263.83	44
263.855	42
263.881	43
263.907	44
263.932	42
263.958	42
263.984	43
264.01	41
264.035	42
264.061	43
264.087	44
264.112	44
264.138	44
264.164	42
264.19	44
264.215	41
264.241	43
264.267	43
264.293	42
264.318	41
264.344	43
264.37	43
264.396	40
264.422	40
264.448	42
264.473	41
264.499	42
264.525	43
264.551	44
264.576	42
264.602	43
264.628	43
264.654	39
264.68	40
264.705	41
264.731	41
264.757	42
264.783	42
264.808	43
264.833	41
264.858	43
264.884	38
264.909	40
264.935	40
264.96	39
264.985	40
265.011	41
265.037	41
265.062	40
265.088	42
265.114	43
265.139	43
265.165	42
265.191	42
265.216	43
265.242	43
265.267	44
265.293	43
265.318	43
265.344	42
265.369	41
265.395	43
265.42	43
265.446	43
265.471	43
265.496	43
265.522	41
265.547	41
265.573	41
265.598	40
265.624	41
265.65	43
265.675	43
265.701	44
265.727	44
265.752	44
265.778	45
265.804	44
265.83	44
265.856	41
265.882	42
265.908	41
265.933	40
265.959	39
265.985	41
266.011	42
266.036	41
266.062	41
266.088	43
266.113	43
266.139	42
266.165	42
266.19	43
266.216	44
266.241	42
266.267	41
266.293	42
266.319	43
266.344	41
266.37	42
266.396	44
266.422	43
266.447	42
266.473	42
266.499	44
266.525	42
266.55	43
266.576	43
266.602	42
266.627	43
266.653	41
266.678	40
266.704	40
266.729	39
266.754	37
266.78	38
266.806	40
266.831	40
266.857	40
266.883	41
266.908	41
266.934	41
266.96	41
266.986	42
267.011	40
267.037	42
267.063	43
267.089	44
267.114	44
267.14	44
267.166	44
267.192	46
267.217	42
267.243	40
267.269	41
267.295	41
267.321	43
267.346	42
267.372	43
267.398	41
267.423	42
267.449	43
267.475	42
267.5	42
267.526	43
267.551	43
267.577	44
267.603	43
267.63	43
267.656	44
267.681	42
267.707	43
267.733	44
267.758	44
267.784	45
267.809	44
267.835	45
267.861	44
267.886	42
267.912	43
267.937	42
267.963	44
267.989	43
268.014	43
268.04	44
268.065	44
268.091	43
268.116	42
268.142	44
268.167	42
268.193	43
268.218	42
268.244	43
268.27	42
268.296	40
268.322	39
268.347	41
268.372	42
268.397	41
268.422	42
268.448	43
268.473	43
268.499	42
268.525	42
268.55	43
268.576	42
268.601	41
268.627	42
268.652	43
268.678	40
268.704	40
268.73	42
268.755	41
268.781	42
268.807	43
268.833	43
268.858	44
268.884	44
268.91	43
268.936	44
268.962	44
268.987	43
269.013	43
269.039	39
269.065	41
269.091	42
269.116	42
269.142	42
269.168	43
269.193	42
269.219	43
269.244	43
269.269	43
269.295	43
269.32	42
269.346	43
269.371	41
269.396	41
269.424	43
269.449	43
269.475	42
269.501	42
269.526	40
269.552	41
269.578	41
269.604	43
269.629	43
269.655	42
269.681	43
269.706	42
269.732	43
269.758	41
269.785	41
269.811	43
269.837	44
269.862	43
269.888	45
269.913	42
269.939	44
269.965	42
269.99	41
270.016	41
270.042	41
270.067	43
270.093	43
270.118	41
270.144	43
270.169	42
270.195	42
270.22	42
270.246	43
270.272	44
270.297	41
270.323	40
270.349	41
270.375	41
270.401	43
270.426	43
270.452	43
270.478	42
270.504	43
270.529	43
270.555	44
270.581	41
270.607	42
270.632	42
270.658	43
270.684	43
270.71	43
270.735	43
270.761	42
270.787	43
270.812	43
270.838	41
270.863	42
270.889	43
270.914	43
270.94	45
270.965	42
270.991	44
271.016	44
271.042	43
271.067	43
271.093	42
271.119	41
271.144	42
271.17	43
271.196	42
271.221	39
271.247	40
271.273	42
271.298	41
271.324	43
271.35	43
271.375	44
271.401	45
271.426	44
271.452	43
271.477	43
271.503	43
271.529	40
271.555	42
271.58	42
271.605	42
271.631	44
271.656	41
271.682	43
271.707	43
271.733	41
271.758	42
271.784	42
271.809	42
271.835	42
271.86	43
271.886	43
271.911	44
271.936	44
271.962	45
271.987	45
272.013	45
272.039	43
272.064	43
272.09	44
272.115	42
272.141	42
272.166	43
272.192	44
272.217	39
272.243	40
272.268	41
272.294	42
272.319	42
272.345	44
272.37	44
272.395	41
272.421	43
272.446	43
272.472	42
272.497	42
272.522	42
272.548	44
272.573	44
272.599	45
272.624	44
272.649	40
272.675	42
272.7	42
272.726	43
272.752	40
272.777	39
272.803	42
272.828	41
272.854	41
272.88	43
272.906	43
272.931	43
272.957	43
272.983	45
273.009	43
273.035	44
273.061	41
273.087	41
273.112	42
273.138	41
273.163	41
273.189	41
273.215	43
273.24	42
273.266	44
273.292	43
273.317	43
273.343	43
273.369	39
273.394	40
273.42	41
273.445	41
273.471	42
273.497	42
273.523	44
273.548	44
273.574	42
273.6	43
273.625	43
273.651	42
273.677	43
273.703	44
273.728	42
273.754	44
273.78	42
273.805	42
273.833	41
273.859	43
273.884	43
273.91	42
273.936	43
273.961	42
273.987	44
274.012	41
274.038	43
274.063	42
274.089	41
274.114	41
274.14	43
274.166	44
274.191	41
274.217	43
274.242	42
274.268	44
274.293	42
274.319	43
274.345	44
274.37	42
274.396	43
274.421	43
274.447	43
274.472	44
274.498	44
274.524	43
274.549	44
274.575	44
274.601	40
274.627	41
274.653	43
274.678	42
274.704	43
274.73	42
274.755	42
274.781	43
274.806	42
274.832	42
274.857	41
274.883	43
274.908	40
274.934	42
274.96	43
274.985	41
275.011	42
275.037	39
275.062	40
275.088	41
275.113	41
275.138	41
275.164	42
275.19	42
275.216	44
275.241	43
275.267	44
275.293	44
275.318	45
275.344	45
275.37	43
275.395	42
275.421	43
275.446	43
275.472	43
275.498	43
275.525	42
275.551	43
275.576	43
275.602	43
275.627	42
275.653	43
275.678	42
275.704	41
275.729	41
275.755	42
275.781	44
275.807	42
275.832	42
275.858	43
275.883	43
275.909	42
275.935	43
275.961	44
275.986	42
276.012	43
276.038	44
276.063	42
276.089	41
276.115	43
276.14	43
276.166	42
276.192	42
276.218	43
276.243	43
276.269	39
276.295	40
276.32	41
276.346	42
276.372	43
276.398	43
276.423	43
276.448	42
276.473	41
276.499	40
276.525	42
276.551	43
276.576	43
276.602	43
276.628	41
276.654	43
276.679	43
276.705	41
276.731	42
276.756	43
276.782	43
276.808	41
276.834	43
276.859	43
276.885	43
276.911	42
276.937	43
276.962	43
276.988	41
277.014	43
277.04	43
277.065	43
277.091	43
277.117	42
277.142	43
277.168	42
277.194	41
277.219	41
277.245	42
277.27	42
277.296	43
277.322	44
277.347	42
277.373	42
277.399	43
277.425	44
277.45	43
277.476	44
277.501	42
277.527	42
277.553	41
277.579	43
277.605	44
277.63	42
277.656	43
277.682	43
277.707	42
277.733	44
277.758	43
277.784	45
277.81	46
277.835	42
277.861	43
277.887	44
277.912	42
277.938	43
277.964	42
277.989	42
278.015	42
278.041	43
278.067	44
278.092	43
278.118	44
278.144	42
278.17	43
278.195	42
278.221	41
278.247	42
278.273	43
278.298	42
278.324	43
278.35	43
278.375	43
278.401	42
278.427	43
278.452	43
278.478	41
278.504	43
278.529	43
278.555	42
278.581	43
278.606	42
278.632	43
278.658	42
278.683	42
278.709	43
278.735	43
278.761	43
278.786	42
278.812	42
278.838	43
278.864	45
278.889	43
278.915	43
278.941	41
278.966	41
278.992	43
279.018	44
279.043	42
279.069	42
279.095	44
279.12	41
279.146	43
279.172	43
279.197	43
279.223	42
279.249	42
279.274	43
279.3	42
279.326	40
279.352	40
279.377	40
279.403	42
279.429	43
279.455	43
279.481	41
279.506	42
279.532	43
279.558	44
279.584	44
279.609	42
279.635	43
279.661	43
279.686	41
279.712	43
279.738	44
279.763	42
279.789	42
279.815	43
279.84	43
279.866	39
279.892	41
279.918	41
279.943	41
279.969	43
279.995	44
280.02	42
280.046	42
280.072	42
280.098	44
280.123	43
280.149	44
280.175	44
280.2	42
280.226	39
280.252	41
280.277	41
280.303	41
280.329	42
280.355	42
280.38	43
280.406	42
280.432	42
280.457	43
280.483	44
280.508	43
280.534	43
280.56	44
280.585	42
280.611	42
280.637	42
280.662	43
280.688	41
280.714	43
280.74	44
280.765	42
280.791	41
280.817	41
280.843	42
280.868	42
280.894	43
280.92	44
280.945	43
280.971	43
280.997	45
281.022	44
281.048	44
281.076	42
281.101	40
281.127	42
281.153	42
281.178	43
281.204	42
281.229	41
281.255	41
281.281	42
281.306	43
281.332	42
281.357	42
281.383	42
281.409	43
281.434	42
281.46	41
281.486	42
281.511	42
281.537	43
281.562	43
281.588	42
281.614	43
281.639	43
281.665	44
281.691	43
281.716	40
281.742	41
281.768	42
281.793	42
281.819	43
281.844	42
281.87	44
281.896	43
281.921	42
281.947	44
281.972	42
281.998	43
282.024	44
282.049	42
282.075	42
282.1	43
282.126	43
282.151	41
282.177	42
282.203	44
282.228	42
282.254	42
282.28	42
282.305	43
282.331	43
282.356	42
282.382	43
282.408	41
282.433	42
282.459	42
282.484	43
282.51	44
282.536	43
282.561	43
282.587	43
282.612	42
282.638	43
282.663	43
282.689	44
282.714	41
282.74	43
282.765	43
282.791	42
282.817	43
282.842	43
282.868	44
282.893	42
282.919	43
282.944	43
282.97	39
282.995	40
283.021	40
283.047	42
283.072	42
283.098	43
283.124	42
283.15	44
283.175	43
283.201	43
283.227	43
283.252	45
283.278	41
283.304	39
283.33	38
283.355	39
283.381	39
283.406	40
283.432	41
283.457	41
283.483	42
283.508	42
283.534	43
283.56	44
283.585	42
283.611	43
283.636	43
283.662	44
283.687	41
283.713	43
283.738	42
283.764	42
283.789	41
283.815	43
283.841	43
283.866	41
283.892	43
283.918	44
283.943	43
283.969	42
283.994	42
284.02	43
284.046	42
284.071	42
284.097	42
284.123	42
284.148	41
284.174	43
284.199	43
284.225	44
284.251	45
284.276	42
284.302	44
284.328	41
284.354	42
284.379	42
284.405	42
284.431	43
284.457	41
284.483	42
284.508	42
284.534	43
284.56	44
284.585	43
284.611	44
284.636	43
284.661	41
284.687	42
284.713	42
284.738	41
284.763	42
284.789	40
284.815	41
284.841	42
284.867	43
284.892	42
284.917	41
284.943	42
284.968	42
284.994	43
285.02	44
285.046	41
285.072	41
285.098	42
285.123	42
285.149	42
285.175	43
285.201	44
285.227	43
285.252	41
285.278	43
285.304	42
285.33	42
285.356	42
285.382	44
285.407	40
285.433	40
285.459	41
285.485	41
285.511	42
285.536	43
285.562	43
285.588	42
285.614	43
285.639	43
285.665	42
285.691	42
285.717	43
285.742	42
285.768	41
285.794	43
285.82	44
285.845	44
285.871	45
285.896	44
285.922	45
285.947	43
285.973	42
285.999	43
286.024	42
286.05	42
286.076	40
286.101	40
286.126	41
286.151	41
286.177	41
286.203	42
286.228	42
286.254	43
286.279	41
286.305	43
286.33	42
286.356	43
286.382	41
286.407	40
286.433	41
286.459	42
286.484	42
286.51	42
286.536	44
286.561	42
286.587	42
286.613	43
286.638	40
286.664	42
286.69	41
286.716	41
286.741	40
286.767	41
286.793	41
286.818	42
286.844	41
286.87	43
286.896	44
286.921	42
286.947	43
286.973	43
286.999	41
287.024	41
287.05	42
287.076	43
287.101	43
287.127	43
287.153	45
287.179	46
287.204	42
287.229	43
287.254	40
287.28	42
287.306	42
287.334	42
287.36	43
287.385	44
287.411	44
287.437	45
287.463	43
287.488	44
287.514	40
287.54	42
287.566	42
287.591	41
287.617	43
287.643	41
287.668	42
287.694	42
287.72	44
287.745	41
287.771	42
287.797	44
287.822	42
287.848	43
287.874	41
287.899	41
287.925	41
287.951	43
287.976	42
288.002	44
288.028	45
288.053	44
288.079	45
288.105	43
288.13	44
288.156	43
288.182	44
288.207	41
288.233	42
288.259	43
288.285	43
288.31	42
288.336	42
288.362	44
288.387	42
288.413	43
288.439	43
288.464	43
288.49	41
288.516	43
288.542	44
288.567	41
288.593	40
288.619	40
288.645	41
288.671	42
288.697	42
288.724	43
288.75	43
288.775	43
288.801	41
288.827	41
288.852	42
288.878	42
288.903	41
288.929	42
288.955	42
288.98	43
289.006	43
289.032	44
289.057	43
289.083	42
289.109	44
289.134	41
289.16	42
289.186	42
289.212	42
289.237	42
289.263	43
289.289	43
289.315	45
289.34	43
289.366	44
289.392	44
289.418	44
289.443	43
289.469	39
289.494	39
289.52	41
289.546	42
289.571	41
289.597	41
289.623	43
289.649	44
289.674	42
289.7	43
289.726	44
289.751	41
289.777	42
289.803	42
289.829	44
289.855	43
289.881	40
289.906	41
289.932	42
289.958	43
289.984	42
290.009	43
290.035	42
290.061	41
290.086	41
290.111	41
290.137	42
290.162	40
290.187	39
290.213	40
290.239	41
290.264	41
290.29	41
290.316	42
290.341	43
290.367	44
290.393	43
290.418	43
290.444	44
290.469	41
290.495	42
290.521	42
290.546	43
290.572	42
290.598	42
290.623	43
290.649	43
290.675	44
290.7	44
290.726	46
290.751	43
290.777	43
290.803	43
290.828	42
290.854	42
290.879	42
290.905	43
290.931	41
290.956	42
290.982	43
291.007	43
291.033	41
291.058	42
291.084	43
291.11	42
291.135	42
291.161	43
291.186	42
291.212	44
291.238	44
291.263	44
291.289	46
291.314	44
291.339	43
291.364	41
291.39	42
291.416	42
291.442	36
291.468	31
291.493	25
291.519	22
291.546	22
291.572	21
291.597	22
291.622	22
291.647	22
291.674	22
291.7	22
291.725	23
291.752	22
291.778	22
291.807	22
291.834	22
291.861	22
291.886	22
291.912	22
291.937	21
291.962	23
291.987	23
292.014	22
292.04	22
292.065	22
292.09	23
292.115	23
292.141	22
292.166	22
292.191	23
292.218	22
292.244	22
292.269	22
292.294	23
292.319	22
292.346	22
292.372	22
292.397	23
292.422	22
292.449	22
292.474	22
292.5	22
292.527	22
292.552	22
292.578	22
292.606	22
292.634	22
292.659	22
292.684	22
292.711	21
292.737	22
292.764	22
292.79	22
292.815	22
292.842	22
292.868	22
292.894	22
292.923	22
292.951	22
292.977	22
293.003	22
293.028	22
293.054	22
293.079	22
293.104	22
293.13	22
293.157	22
293.183	22
293.21	22
293.236	22
293.263	22
293.29	22
293.316	22
293.343	22
293.371	22
293.4	22
293.427	22
293.456	22
293.485	22
293.513	22
293.543	22
293.572	22
293.6	22
293.628	22
293.657	22
293.686	22
293.715	22
293.745	22
293.773	22
293.803	22
293.832	22
293.859	22
293.889	22
293.915	22
293.943	22
293.97	22
293.998	22
294.026	22
294.053	22
294.08	22
294.109	22
294.138	22
294.166	22
294.194	22
294.222	22
294.251	21
294.28	22
294.31	22
294.341	22
294.366	22
294.391	22
294.419	22
294.449	22
294.478	21
294.508	22
294.547	22
294.577	22
294.608	22
294.638	22
294.667	22
294.697	22
294.729	22
294.76	22
294.792	22
294.824	22
294.855	22
294.887	22
294.921	22
294.946	22
294.981	22
295.016	22
295.051	22
295.085	22
295.112	22
295.14	22
295.165	22
295.192	22
295.218	22
295.245	22
295.272	22
295.299	22
295.329	22
295.357	22
295.388	22
295.424	22
295.46	22
295.496	22
295.534	22
295.57	22
295.606	22
295.643	22
295.68	22
295.719	22
295.759	22
295.799	22
295.838	22
295.877	22
295.919	22
295.964	22
296.01	22
296.055	22
296.099	22
296.143	22
296.189	22
296.234	22
296.279	22
296.308	22
296.336	22
296.363	22
296.391	21
296.418	22
296.453	22
296.488	22
296.524	22
296.559	22
296.593	22
296.629	22
296.663	21
296.699	22
296.735	22
296.77	22
296.806	22
296.841	22
296.876	22
296.911	22
296.947	22
296.982	22
297.019	22
297.054	22
297.091	22
297.131	22
297.172	22
297.213	22
297.253	22
297.294	22
297.338	22
297.383	22
297.437	22
297.493	22
297.549	22
297.604	22
297.659	22
297.714	22
297.771	22
297.886	22
297.943	22
298.02	22
298.1	22
298.176	22
298.264	22
298.351	22
298.459	22
298.567	22
298.676	22
298.785	22
298.893	22
299.003	22
299.111	22
299.22	22
299.336	22
299.452	22
299.568	22
299.684	22
299.8	22
299.916	22
300.035	22
300.151	22
300.267	22
300.383	22
300.499	22
300.615	22
300.731	22
300.846	22
300.962	22
301.078	22
301.194	22
301.31	22
301.426	22
301.542	22
301.658	22
301.774	22
301.89	22
302.009	22
302.124	22
302.239	21
302.355	22
302.47	22
302.586	22
302.701	22
302.817	22
302.932	22
303.048	22
303.163	22
303.278	22
303.394	22
303.509	22
303.625	22
303.74	22
303.856	22
303.974	22
304.09	22
304.205	22
304.321	22
304.436	22
304.552	22
304.667	22
304.782	22
304.898	22
305.013	22
305.129	22
305.244	22
305.36	22
305.475	22
305.591	22
305.706	22
305.821	21
305.94	22
306.056	22
306.171	22
306.287	22
306.402	22
306.518	22
306.634	22
306.749	22
306.865	22
306.98	22
307.096	22
307.212	22
307.327	22
307.443	22
307.558	22
307.674	22
307.79	22
307.909	22
308.024	22
308.14	22
308.256	22
308.372	22
308.488	22
308.604	22
308.719	21
308.835	22
308.951	22
309.067	22
309.183	22
309.299	22
309.415	22
