0.035	500
0.063	500
0.113	500
0.138	501
0.168	501
0.203	557.904
0.238	559.969
0.268	559.969
0.303	481.881
0.338	483.739
0.368	483.739
0.403	485.604
0.438	487.476
0.468	487.476
0.503	489.355
0.538	491.242
0.568	491.242
0.603	493.136
0.638	493.136
0.668	493.136
0.703	493.136
0.738	493.136
0.768	493.136
0.803	494.136
0.838	496.041
0.868	496.041
0.903	497.953
0.938	499.873
0.968	499.873
1.003	501.8
1.038	503.735
1.068	503.735
1.103	505.677
1.138	507.627
1.168	507.627
1.203	509.584
1.238	511.549
1.268	511.549
1.303	513.521
1.338	515.501
1.368	515.501
1.403	517.488
1.438	519.483
1.468	519.483
1.503	521.486
1.538	523.497
1.568	523.497
1.603	525.515
1.638	527.541
1.668	527.541
1.703	529.575
1.738	531.617
1.768	531.617
1.803	533.667
1.838	535.725
1.868	535.725
1.903	537.79
1.938	539.863
1.968	539.863
2.003	541.944
2.038	541.944
2.068	541.944
2.103	402.427
2.138	402.427
2.168	402.427
2.203	402.427
2.238	402.05
2.268	402.05
2.303	402.05
2.338	402.05
2.368	402.05
2.403	392.672
2.438	392.672
2.468	392.672
2.503	392.672
2.538	392.672
2.568	392.672
2.603	393.436
2.638	394.195
2.668	394.195
2.703	394.951
2.738	395.702
2.768	395.702
2.803	396.451
2.838	397.195
2.868	397.195
2.903	397.937
2.938	398.673
2.968	398.673
3.003	399.378
3.038	400.136
3.068	400.136
3.103	400.864
3.138	401.586
3.168	401.586
3.203	402.304
3.238	402.991
3.268	402.991
3.303	403.731
3.338	404.437
3.368	404.437
3.403	405.142
3.438	405.842
3.468	405.842
3.503	406.538
3.538	407.232
3.568	407.232
3.603	407.925
3.638	408.588
3.668	408.588
3.703	409.304
3.738	409.991
3.768	409.991
3.803	410.676
3.838	411.36
3.868	411.36
3.903	412.042
3.938	412.723
3.968	412.723
4.003	413.402
4.038	414.079
4.063	414.079
4.103	414.755
4.138	415.43
4.163	415.43
4.203	416.103
4.238	416.775
4.268	416.775
4.303	417.443
4.338	417.443
4.368	417.443
4.403	417.443
4.438	417.443
4.468	417.443
4.503	342.073
4.538	342.073
4.568	342.073
4.603	342.073
4.638	342.073
4.668	342.073
4.703	342.073
4.738	342.582
4.768	342.582
4.803	343.088
4.838	343.589
4.868	343.589
4.903	344.087
4.938	344.583
4.968	344.583
5.003	345.076
5.038	345.565
5.068	345.565
5.103	346.051
5.133	346.051
5.168	346.051
5.203	347.018
5.238	347.499
5.268	347.499
5.303	347.978
5.338	348.454
5.368	348.454
5.403	348.454
5.438	348.454
5.468	348.454
5.503	348.454
5.538	348.454
5.568	348.454
5.603	348.454
5.638	348.454
5.668	348.454
5.703	348.454
5.738	348.454
5.768	348.454
5.803	252.853
5.838	252.853
5.868	252.853
5.903	252.853
5.938	252.853
5.968	252.853
6.003	252.853
6.038	252.853
6.068	252.853
6.103	252.853
6.138	252.853
6.168	252.853
6.203	252.853
6.238	252.853
6.268	252.853
6.303	252.853
6.338	252.853
6.368	252.853
6.403	252.853
6.438	255.804
6.468	255.804
6.503	217.082
6.538	217.082
6.568	217.082
6.603	217.558
6.638	218.013
6.668	218.013
6.703	218.504
6.738	218.974
6.768	218.974
6.803	219.441
6.838	219.904
6.868	219.904
6.903	220.365
6.938	220.365
6.968	220.365
7.003	220.365
7.038	220.365
7.068	220.365
7.103	193
7.138	193
7.168	193
7.203	193
7.238	193
7.268	193
7.303	170.998
7.338	170.998
7.368	170.998
7.403	170.998
7.438	170.998
7.468	170.998
7.503	166.161
7.538	166.161
7.568	166.161
7.603	166.161
7.638	166.161
7.668	166.161
7.703	147.787
7.738	147.787
7.768	147.787
7.803	147.787
7.838	147.787
7.868	147.787
7.903	135.014
7.938	135.014
7.968	135.014
8.003	135.014
8.038	135.014
8.068	135.014
8.103	118.863
8.138	118.863
8.168	118.863
8.203	118.863
8.238	118.863
8.268	118.863
8.303	118.297
8.338	118.297
8.368	118.297
8.403	118.297
8.438	118.297
8.468	118.297
8.503	105.14
8.538	105.14
8.568	105.14
8.603	105.14
8.638	105.14
8.668	105.14
8.703	103.816
8.738	103.816
8.768	103.816
8.803	103.816
8.838	103.816
8.868	103.816
8.903	100
8.938	100
8.968	100
9.003	100
9.038	100
9.068	100
9.103	100
9.138	100
9.168	100
9.203	100
9.238	100
9.268	100
9.303	100
9.338	100.199
9.368	100.199
9.403	100.398
9.438	100.597
9.468	100.597
9.503	100.796
9.538	100.995
9.568	100.995
9.603	101.194
9.638	101.393
9.668	101.393
9.703	101.592
9.738	101.791
9.768	101.791
9.803	101.99
9.838	102.189
9.868	102.189
9.903	102.388
9.938	102.587
9.968	102.587
10.003	102.786
10.038	102.985
10.068	102.985
10.103	103.184
10.138	103.383
10.168	103.383
10.203	103.582
10.238	103.781
10.268	103.781
10.303	103.98
10.338	104.179
10.368	104.179
10.403	104.378
10.438	104.577
10.468	104.577
10.503	104.776
10.538	104.975
10.568	104.975
10.603	105.174
10.638	105.373
10.668	105.373
10.703	105.572
10.738	105.771
10.768	105.771
10.803	105.97
10.838	106.169
10.868	106.169
10.903	106.368
10.938	106.567
10.968	106.567
11.003	106.766
11.038	106.965
11.068	106.965
11.103	107.164
11.138	107.363
11.168	107.363
11.203	107.562
11.238	107.761
11.268	107.761
11.303	107.96
11.338	108.159
11.368	108.159
11.403	108.358
11.438	108.557
11.468	108.557
11.503	108.756
11.538	108.955
11.568	108.955
11.603	109.154
11.638	109.353
11.668	109.353
11.703	109.552
11.738	109.751
11.768	109.751
11.803	109.95
11.838	110.149
11.868	110.149
11.903	110.348
11.938	110.547
11.968	110.547
12.003	110.746
12.038	110.945
12.068	110.945
12.103	111.144
12.138	111.343
12.168	111.343
12.203	111.542
12.238	111.741
12.268	111.741
12.303	111.94
12.338	112.139
12.368	112.139
12.403	112.338
12.438	112.537
12.468	112.537
12.503	112.736
12.538	112.928
12.568	112.928
12.603	113.136
12.638	113.335
12.668	113.335
12.703	113.534
12.738	113.733
12.768	113.733
12.803	113.932
12.838	114.131
12.868	114.131
12.903	114.33
12.938	114.529
12.968	114.529
13.003	114.728
13.038	114.927
13.068	114.927
13.103	115.126
13.138	115.325
13.168	115.325
13.203	115.524
13.238	115.723
13.268	115.723
13.303	115.922
13.338	116.121
13.368	116.121
13.403	116.32
13.438	116.519
13.468	116.519
13.503	116.718
13.538	116.913
13.568	116.913
13.603	117.117
13.638	117.316
13.668	117.316
13.703	117.515
13.738	117.714
13.768	117.714
13.803	117.913
13.838	118.112
13.868	118.112
13.903	118.311
13.938	118.51
13.968	118.51
14.003	118.709
14.038	118.908
14.068	118.908
14.103	119.107
14.138	119.306
14.168	119.306
14.203	119.505
14.238	119.704
14.268	119.704
14.303	119.896
14.338	120.104
14.368	120.104
14.403	120.303
14.438	120.502
14.468	120.502
14.503	120.701
14.538	120.9
14.568	120.9
14.603	121.099
14.638	121.291
14.668	121.291
14.703	121.499
14.738	121.691
14.768	121.691
14.803	121.899
14.838	122.098
14.868	122.098
14.903	122.297
14.938	122.496
14.968	122.496
15.003	122.695
15.038	122.894
15.068	122.894
15.103	123.093
15.138	123.292
15.168	123.292
15.203	123.484
15.238	123.692
15.268	123.692
15.303	123.891
15.338	124.09
15.368	124.09
15.403	124.289
15.438	124.481
15.468	124.481
15.503	124.689
15.538	124.888
15.568	124.888
15.603	125.087
15.638	125.286
15.668	125.286
15.703	125.485
15.738	125.684
15.768	125.684
15.803	125.883
15.838	126.082
15.868	126.082
15.903	126.082
15.938	126.082
15.968	126.082
16.003	126.082
16.038	126.082
16.068	126.082
16.103	126.082
16.138	126.082
16.168	126.082
16.203	126.082
16.238	126.082
16.268	126.082
16.303	126.082
16.338	126.082
16.368	126.082
16.403	126.082
16.438	126.082
16.468	126.082
16.503	126.082
16.528	126.082
16.568	126.082
16.603	126.082
16.638	126.082
16.668	126.082
16.703	126.082
16.738	126.082
16.768	126.082
16.803	126.082
16.838	100
16.868	100
16.903	100
16.938	100
16.968	100
17.003	100
17.033	100
17.068	100
17.103	100
17.138	100
17.168	100
17.203	100
17.238	100
17.268	100
17.303	100
17.338	100
17.368	100
17.403	100
17.438	100
17.468	100
17.503	100
17.538	100
17.568	100
17.603	100
17.638	100
17.668	100
17.703	100
17.738	100
17.768	100
17.803	100
17.838	100
17.868	100
17.903	100
17.938	100
17.968	100
18.003	100
18.038	100
18.068	100
18.103	100
18.138	100
18.168	100
18.203	100
18.238	100
18.268	100
18.303	100
18.338	100
18.368	100
18.403	100
18.438	100
18.468	100
18.503	100
18.538	100
18.568	100
18.603	100
18.638	100
18.668	100
18.703	100
18.738	100
18.768	100
18.803	100
18.838	100
18.868	100
18.903	100
18.938	100
18.968	100
19.003	100
19.038	103.184
19.068	103.184
19.103	103.383
19.138	103.582
19.168	103.582
19.203	103.781
19.238	103.98
19.268	103.98
19.303	104.179
19.338	104.378
19.368	104.378
19.403	104.577
19.438	104.776
19.468	104.776
19.503	104.975
19.538	105.174
19.568	105.174
19.603	105.373
19.638	105.572
19.668	105.572
19.703	105.767
19.738	105.971
19.768	105.971
19.803	106.17
19.838	106.17
19.868	106.17
19.903	106.17
19.938	106.17
19.968	106.17
20.003	106.17
20.038	106.17
20.068	106.17
20.103	106.17
20.138	106.17
20.168	106.17
20.203	106.17
20.238	106.17
20.263	106.17
20.303	106.17
20.338	106.17
20.368	106.17
20.403	106.369
20.438	106.568
20.468	106.568
20.503	106.767
20.538	106.966
20.568	106.966
20.603	107.165
20.638	107.364
20.668	107.364
20.703	107.563
20.738	107.762
20.768	107.762
20.803	107.961
20.838	108.16
20.868	108.16
20.903	108.359
20.938	108.558
20.968	108.558
21.003	108.757
21.038	108.956
21.068	108.956
21.103	109.155
21.138	109.155
21.168	109.155
21.203	109.155
21.238	109.155
21.268	109.155
21.303	109.155
21.338	109.155
21.368	109.155
21.403	109.155
21.438	109.155
21.468	109.155
21.503	109.155
21.538	109.155
21.568	109.155
21.603	109.155
21.638	109.155
21.668	109.155
21.703	109.155
21.738	109.155
21.768	109.155
21.803	109.155
21.838	100
21.868	100
21.903	100
21.938	100
21.968	100
22.003	100
22.038	100
22.068	100
22.103	100
22.138	100
22.168	100
22.203	100.398
22.238	100.597
22.268	100.597
22.303	100.796
22.338	100.796
22.368	100.796
22.403	100.796
22.438	100.796
22.468	100.796
22.503	100
22.538	100
22.568	100
22.603	100
22.638	100
22.668	100
22.703	100
22.738	100
22.768	100
22.803	100
22.838	100
22.868	100
22.903	100
22.938	100
22.968	100
23.003	100
23.038	100
23.068	100
23.103	100
23.138	100
23.168	100
23.203	100
23.238	100
23.268	100
23.303	100
23.338	100
23.368	100
23.403	100
23.438	100
23.468	100
23.503	100
23.538	100
23.568	100
23.603	100.199
23.638	100.398
23.668	100.398
23.703	100.597
23.738	100.796
23.768	100.796
23.803	100.995
23.838	101.194
23.868	101.194
23.903	101.393
23.938	101.592
23.968	101.592
24.003	101.791
24.038	101.99
24.068	101.99
24.103	102.189
24.138	102.388
24.168	102.388
24.203	102.587
24.238	102.786
24.268	102.786
24.303	102.985
24.338	103.184
24.368	103.184
24.403	103.383
24.438	103.582
24.468	103.582
24.503	103.781
24.538	103.98
24.568	103.98
24.603	104.179
24.638	104.378
24.668	104.378
24.703	104.577
24.738	104.769
24.768	104.769
24.803	104.977
24.838	105.176
24.868	105.176
24.903	105.375
24.938	105.574
24.968	105.574
25.003	105.773
25.038	105.972
25.068	105.972
25.103	106.171
25.138	106.37
25.168	106.37
25.203	106.569
25.238	106.768
25.268	106.768
25.303	106.967
25.338	107.166
25.368	107.166
25.403	107.365
25.438	107.564
25.468	107.564
25.503	107.759
25.538	107.963
25.568	107.963
25.603	108.162
25.638	108.361
25.668	108.361
25.703	108.56
25.738	108.759
25.768	108.759
25.803	108.958
25.838	109.15
25.868	109.15
25.903	109.358
25.938	109.557
25.968	109.557
26.003	109.756
26.038	109.955
26.068	109.955
26.103	110.154
26.138	110.353
26.168	110.353
26.203	110.552
26.238	110.751
26.268	110.751
26.303	110.95
26.338	110.95
26.368	110.95
26.403	110.95
26.438	110.95
26.468	110.95
26.503	110.95
26.538	110.95
26.568	110.95
26.603	110.95
26.638	110.95
26.668	110.95
26.703	110.95
26.738	110.95
26.768	110.95
26.803	110.95
26.838	110.95
26.868	110.95
26.903	110.95
26.938	110.95
26.968	110.95
27.003	110.95
27.038	110.95
27.068	110.95
27.103	110.95
27.138	110.95
27.168	110.95
27.203	110.95
27.238	110.95
27.268	110.95
27.303	110.95
27.338	110.95
27.368	110.95
27.393	115.329
27.438	115.528
27.468	115.528
27.503	115.727
27.538	115.727
27.568	115.727
27.603	115.727
27.638	115.727
27.668	115.727
27.703	100
27.738	100
27.768	100
27.803	100
27.838	100
27.868	100
27.903	100
27.938	100.199
27.968	100.199
28.003	100.398
28.038	100.597
28.068	100.597
28.103	100.796
28.138	100.995
28.168	100.995
28.203	100.995
28.238	100.995
28.268	100.995
28.303	100.995
28.338	100
28.368	100
28.403	100
28.438	100
28.468	100
28.503	100
28.538	100
28.568	100
28.603	100
28.638	100
28.668	100
28.703	100
28.738	100
28.768	100
28.803	100
28.838	100
28.868	100
28.903	100
28.938	100
28.968	100
29.003	100
29.038	100
29.068	100
29.103	100
29.138	100
29.168	100
29.203	100
29.238	100
29.268	100
29.303	100
29.338	100
29.368	100
29.403	100
29.438	100
29.468	100
29.503	100
29.538	100
29.568	100
29.603	100
29.638	100
29.668	100
29.703	100
29.738	100.199
29.768	100.199
29.803	100.398
29.838	100.597
29.868	100.597
29.903	100.789
29.938	100.997
29.968	100.997
30.003	101.196
30.038	101.395
30.068	101.395
30.103	101.594
30.138	101.793
30.168	101.793
30.203	101.992
30.238	102.187
30.268	102.187
30.303	102.391
30.338	102.59
30.368	102.59
30.403	102.789
30.438	102.988
30.468	102.988
30.503	103.187
30.538	103.386
30.568	103.386
30.603	103.585
30.638	103.78
30.668	103.78
30.703	103.984
30.738	104.183
30.768	104.183
30.803	104.382
30.838	104.581
30.868	104.581
30.903	104.78
30.938	104.979
30.968	104.979
31.003	105.178
31.038	105.377
31.068	105.377
31.103	105.576
31.138	105.775
31.168	105.775
31.203	105.974
31.238	106.173
31.268	106.173
31.303	106.372
31.338	106.571
31.368	106.571
31.403	106.77
31.438	106.969
31.468	106.969
31.503	107.168
31.538	107.367
31.568	107.367
31.603	107.566
31.638	107.761
31.668	107.761
31.703	107.965
31.738	108.164
31.768	108.164
31.803	108.363
31.838	108.562
31.868	108.562
31.903	108.761
31.938	108.96
31.968	108.96
32.003	109.159
32.038	109.358
32.068	109.358
32.103	109.557
32.138	109.756
32.168	109.756
32.203	109.955
32.238	110.154
32.268	110.154
32.303	110.346
32.338	110.554
32.368	110.554
32.403	110.753
32.438	110.952
32.468	110.952
32.503	111.151
32.538	111.35
32.568	111.35
32.603	111.549
32.638	111.748
32.668	111.748
32.703	111.947
32.738	112.146
32.768	112.146
32.803	112.345
32.838	112.544
32.868	112.544
32.903	112.736
32.938	112.944
32.968	112.944
33.003	113.139
33.038	113.343
33.068	113.343
33.103	113.542
33.138	113.741
33.168	113.741
33.203	113.94
33.238	114.139
33.268	114.139
33.303	114.338
33.338	114.537
33.368	114.537
33.403	114.736
33.438	114.935
33.468	114.935
33.503	115.134
33.538	115.333
33.568	115.333
33.603	115.532
33.638	115.731
33.668	115.731
33.703	115.731
33.738	115.731
33.768	115.731
33.803	115.731
33.838	115.731
33.868	115.731
33.903	115.731
33.938	115.731
33.968	115.731
34.003	115.731
34.038	115.731
34.068	115.731
34.103	115.731
34.138	115.731
34.168	115.731
34.203	115.731
34.238	115.731
34.268	115.731
34.303	115.731
34.338	115.731
34.368	115.731
34.403	115.731
34.438	115.731
34.468	115.731
34.503	115.731
34.538	115.731
34.568	115.731
34.603	115.731
34.638	115.731
34.668	115.731
34.703	115.731
34.738	120.109
34.768	120.109
34.803	120.308
34.838	120.503
34.868	120.503
34.903	120.707
34.938	120.906
34.968	120.906
35.003	121.098
35.038	121.306
35.068	121.306
35.103	121.306
35.138	121.306
35.168	121.306
35.203	121.306
35.238	100
35.268	100
35.303	100
35.338	100
35.368	100
35.403	100
35.438	100.199
35.468	100.199
35.503	100.398
35.538	100.597
35.568	100.597
35.603	100.796
35.638	100.991
35.668	100.991
35.703	100.991
35.738	100.991
35.768	100.991
35.803	100.991
35.838	100
35.868	100
35.903	100
35.938	100
35.968	100
36.003	100
36.038	100
36.068	100
36.103	100
36.138	100
36.168	100
36.203	100
36.238	100
36.268	100
36.303	100
36.338	100
36.368	100
36.403	100
36.438	100
36.468	100
36.503	100
36.538	100
36.568	100
36.603	100
36.638	100
36.668	100
36.703	100
36.738	100
36.768	100
36.803	100
36.838	100
36.868	100
36.903	100
36.938	100
36.968	100
37.003	100
37.038	100
37.068	100
37.103	100
37.138	100
37.168	100
37.203	100
37.238	100
37.268	100
37.303	100
37.338	100
37.368	100
37.403	100
37.438	100
37.468	100
37.503	100
37.538	100
37.568	100
37.603	100
37.638	100
37.668	100
37.703	100
37.738	100
37.768	100
37.803	100
37.838	100
37.868	100
37.903	101.194
37.938	101.393
37.968	101.393
38.003	101.592
38.038	101.791
38.068	101.791
38.103	101.99
38.138	102.189
38.168	102.189
38.203	102.388
38.238	102.388
38.268	102.388
38.303	102.388
38.338	102.388
38.368	102.388
38.403	100
38.438	100
38.468	100
38.503	100
38.538	100
38.568	100
38.603	100
38.638	100.199
38.668	100.199
38.703	100.398
38.738	100.597
38.768	100.597
38.803	100.796
38.838	100.995
38.868	100.995
38.903	101.194
38.938	101.194
38.968	101.194
39.003	101.194
39.038	101.194
39.068	101.194
39.103	101.194
39.138	101.194
39.168	101.194
39.203	101.194
39.238	101.194
39.268	101.194
39.303	101.194
39.338	101.194
39.368	101.194
39.403	101.194
39.438	101.194
39.468	101.194
39.503	101.194
39.538	101.194
39.568	101.194
39.603	101.194
39.638	101.194
39.668	101.194
39.703	101.194
39.738	101.194
39.768	101.194
39.803	101.194
39.838	101.194
39.868	101.194
39.903	101.194
39.938	101.194
39.968	101.194
40.003	105.373
40.038	105.373
40.068	105.373
40.103	105.373
40.138	100
40.168	100
40.203	100
40.238	100
40.268	100
40.303	100
40.338	100
40.368	100
40.403	100
40.438	100
40.468	100
40.503	100
40.538	100
40.568	100
40.603	100
40.638	100
40.668	100
40.703	100
40.738	100
40.768	100
40.803	100
40.838	100
40.868	100
40.903	100
40.938	100
40.968	100
41.003	100
41.038	100
41.068	100
41.103	100
41.138	100
41.168	100
41.203	100
41.238	100
41.268	100
41.303	100
41.338	100
41.368	100
41.403	100
41.438	100.192
41.468	100.192
41.503	100.4
41.538	100.599
41.568	100.599
41.603	100.798
41.638	100.997
41.668	100.997
41.703	101.196
41.738	101.395
41.768	101.395
41.803	101.594
41.838	101.793
41.868	101.793
41.903	101.992
41.938	102.191
41.968	102.191
42.003	102.39
42.038	102.589
42.068	102.589
42.103	102.589
42.138	102.589
42.168	102.589
42.203	102.589
42.238	102.589
42.268	102.589
42.303	102.589
42.338	102.589
42.368	102.589
42.403	102.589
42.438	102.589
42.468	102.589
42.503	100
42.538	100
42.568	100
42.603	100
42.638	100
42.668	100
42.703	100
42.738	100
42.768	100
42.803	100
42.838	100
42.868	100
42.903	100
42.938	100
42.968	100
43.003	100
43.038	100
43.068	100
43.103	100
43.138	100.398
43.168	100.398
43.203	100.398
43.238	100.398
43.268	100.398
43.303	100
43.338	100
43.368	100
43.403	100
43.438	100
43.468	100
43.503	100
43.533	100
43.568	100
43.603	100
43.638	100.199
43.668	100.199
43.703	100.398
43.738	100.597
43.768	100.597
43.803	100.796
43.838	100.796
43.868	100.796
43.903	100.796
43.938	100.796
43.968	100.796
44.003	100
44.038	100
44.068	100
44.103	100
44.138	100
44.168	100
44.203	100
44.238	100
44.268	100
44.303	100
44.338	100
44.368	100
44.403	100
44.438	100
44.468	100
44.503	100
44.538	100
44.568	100
44.603	100
44.638	100
44.668	100
44.703	100
44.738	100
44.768	100
44.803	100
44.838	100
44.868	100
44.903	100
44.938	100
44.968	100
45.003	100
45.038	100
45.068	100
45.103	100
45.138	100
45.168	100
45.203	100
45.238	102.189
45.268	102.189
45.303	102.388
45.338	102.587
45.368	102.587
45.403	102.786
45.438	102.985
45.468	102.985
45.503	103.184
45.538	103.383
45.568	103.383
45.603	103.582
45.638	103.781
45.668	103.781
45.703	103.98
45.738	104.179
45.768	104.179
45.803	104.378
45.838	104.577
45.868	104.577
45.903	104.776
45.938	104.968
45.968	104.968
46.003	105.176
46.038	105.176
46.068	105.176
46.103	105.176
46.138	105.176
46.168	105.176
46.203	100
46.238	100
46.268	100
46.303	100
46.338	100
46.368	100
46.403	100
46.438	100
46.468	100
46.503	100
46.538	100
46.568	100
46.603	100.199
46.638	100.398
46.668	100.398
46.703	100.597
46.738	100.796
46.768	100.796
46.803	100.995
46.838	101.194
46.868	101.194
46.903	101.393
46.938	101.592
46.968	101.592
47.003	101.791
47.038	101.99
47.068	101.99
47.103	102.189
47.138	102.388
47.168	102.388
47.203	102.587
47.238	102.786
47.268	102.786
47.303	102.786
47.338	102.786
47.368	102.786
47.403	102.786
47.438	102.786
47.468	102.786
47.503	102.786
47.538	102.786
47.568	102.786
47.603	102.786
47.638	102.786
47.668	102.786
47.703	102.786
47.738	102.786
47.768	102.786
47.803	102.786
47.838	102.786
47.868	102.786
47.903	102.786
47.938	102.786
47.968	102.786
48.003	102.786
48.038	102.786
48.068	102.786
48.103	102.786
48.138	102.786
48.168	102.786
48.203	102.786
48.238	102.786
48.268	102.786
48.303	102.786
48.338	100
48.368	100
48.403	100
48.438	100
48.468	100
48.503	100
48.538	100
48.568	100
48.603	100
48.638	100
48.668	100
48.703	100
48.738	100
48.768	100
48.803	100
48.838	100
48.868	100
48.903	100
48.938	100
48.968	100
49.003	100
49.038	100
49.068	100
49.103	100
49.138	100
49.168	100
49.203	100
49.238	100.199
49.268	100.199
49.303	100.398
49.338	100.597
49.368	100.597
49.403	100.796
49.438	100.796
49.468	100.796
49.503	100.796
49.538	100.796
49.568	100.796
49.603	100
49.638	100
49.668	100
49.703	100
49.738	100
49.768	100
49.803	100
49.838	100
49.868	100
49.903	100
49.938	100
49.968	100
50.003	100.199
50.038	100.398
50.068	100.398
50.103	100.597
50.138	100.796
50.168	100.796
50.203	100.995
50.238	101.194
50.268	101.194
50.303	101.393
50.338	101.592
50.368	101.592
50.403	101.592
50.438	101.592
50.468	101.592
50.503	101.592
50.538	101.592
50.568	101.592
50.603	101.592
50.638	101.592
50.668	101.592
50.703	101.592
50.738	101.592
50.768	101.592
50.803	101.592
50.838	101.592
50.868	101.592
50.903	101.592
50.938	101.592
50.968	101.592
51.003	100
51.038	100
51.068	100
51.103	100
51.138	100
51.168	100
51.203	100
51.238	100
51.268	100
51.303	100
51.338	100
51.368	100
51.403	100
51.438	100
51.468	100
51.503	100.796
51.538	100.995
51.568	100.995
51.603	101.194
51.638	101.393
51.668	101.393
51.703	101.592
51.738	101.791
51.768	101.791
51.803	101.99
51.838	102.189
51.868	102.189
51.903	102.388
51.938	102.587
51.968	102.587
52.003	102.786
52.038	102.985
52.068	102.985
52.103	103.184
52.138	103.383
52.168	103.383
52.203	103.582
52.238	103.781
52.268	103.781
52.303	103.98
52.338	104.179
52.368	104.179
52.403	104.378
52.438	104.577
52.468	104.577
52.503	104.776
52.538	104.975
52.568	104.975
52.603	105.174
52.638	105.174
52.668	105.174
52.703	105.174
52.738	105.174
52.768	105.174
52.803	100
52.838	100
52.868	100
52.903	100
52.938	100
52.968	100
53.003	100
53.038	100
53.068	100
53.103	100
53.138	100
53.168	100
53.203	100
53.238	100
53.268	100
53.303	100
53.338	100
53.368	100
53.403	100
53.438	100
53.468	100
53.503	100
53.538	100
53.568	100
53.603	100
53.638	100
53.668	100
53.703	100
53.738	100.199
53.768	100.199
53.803	100.398
53.838	100.597
53.868	100.597
53.903	100.789
53.938	100.997
53.968	100.997
54.003	101.196
54.038	101.395
54.068	101.395
54.103	101.594
54.138	101.793
54.168	101.793
54.203	101.992
54.238	102.191
54.268	102.191
54.303	102.39
54.338	102.589
54.368	102.589
54.403	102.788
54.438	102.987
54.468	102.987
54.503	103.186
54.538	103.385
54.568	103.385
54.603	103.584
54.638	103.783
54.668	103.783
54.703	103.982
54.738	104.181
54.768	104.181
54.803	104.38
54.838	104.579
54.868	104.579
54.903	104.579
54.938	104.579
54.968	104.579
55.003	104.579
55.038	104.579
55.068	104.579
55.103	100
55.138	100
55.168	100
55.203	100
55.238	100
55.268	100
55.303	100
55.338	100
55.368	100
55.403	100
55.438	100
55.468	100
55.503	100
55.538	100
55.568	100
55.603	100
55.638	100
55.668	100
55.703	100
55.738	100
55.768	100
55.803	100
55.838	100
55.868	100
55.903	100
55.938	100
55.968	100
56.003	100
56.038	100
56.068	100
56.103	100
56.138	100.208
56.168	100.208
56.203	100.403
56.238	100.607
56.268	100.607
56.303	100.806
56.338	101.005
56.368	101.005
56.403	101.204
56.438	101.403
56.468	101.403
56.503	101.602
56.538	101.794
56.568	101.794
56.603	102.002
56.638	102.201
56.668	102.201
56.703	102.4
56.738	102.599
56.768	102.599
56.803	102.798
56.838	102.997
56.868	102.997
56.903	103.196
56.938	103.395
56.968	103.395
57.003	103.594
57.038	103.793
57.068	103.793
57.103	103.992
57.138	104.191
57.168	104.191
57.203	104.39
57.238	104.589
57.268	104.589
57.303	104.788
57.338	104.987
57.368	104.987
57.403	105.186
57.438	105.385
57.468	105.385
57.503	105.584
57.538	105.783
57.568	105.783
57.603	105.982
57.638	106.181
57.668	106.181
57.703	106.373
57.738	106.581
57.768	106.581
57.803	106.78
57.838	106.979
57.868	106.979
57.903	107.178
57.938	107.377
57.968	107.377
58.003	107.576
58.038	107.775
58.068	107.775
58.103	107.974
58.138	108.173
58.168	108.173
58.203	108.372
58.238	108.571
58.268	108.571
58.303	108.77
58.338	108.969
58.368	108.969
58.403	109.168
58.438	109.367
58.468	109.367
58.503	109.559
58.538	109.767
58.568	109.767
58.603	109.966
58.638	110.165
58.668	110.165
58.703	110.364
58.738	110.563
58.768	110.563
58.803	110.762
58.838	110.762
58.868	110.762
58.903	110.762
58.938	110.762
58.968	110.762
59.003	110.762
59.038	110.762
59.068	110.762
59.103	110.762
59.138	110.762
59.168	110.762
59.203	110.762
59.238	110.762
59.268	110.762
59.303	110.762
59.338	110.762
59.368	110.762
59.403	110.762
59.438	110.762
59.468	110.762
59.503	110.762
59.538	110.762
59.568	110.762
59.603	110.762
59.638	110.961
59.668	110.961
59.703	111.16
59.738	111.359
59.768	111.359
59.803	111.558
59.838	111.757
59.868	111.757
59.903	111.757
59.938	111.757
59.968	111.757
60.003	111.757
60.038	111.757
60.068	111.757
60.103	111.757
60.138	111.757
60.168	111.757
60.203	111.757
60.238	111.757
60.268	111.757
60.303	111.757
60.338	111.757
60.368	111.757
60.403	111.757
60.438	111.757
60.468	111.757
60.503	111.757
60.538	111.757
60.568	111.757
60.603	111.757
60.638	111.757
60.668	111.757
60.703	111.757
60.738	111.757
60.768	111.757
60.798	111.757
60.838	111.757
60.868	111.757
60.903	111.757
60.938	111.757
60.968	111.757
61.003	111.757
61.038	111.757
61.068	111.757
61.103	111.757
61.138	111.757
61.168	111.757
61.203	111.757
61.238	111.757
61.268	111.757
61.303	111.757
61.338	111.757
61.368	111.757
61.403	111.757
61.438	111.757
61.468	111.757
61.503	111.757
61.538	111.757
61.568	111.757
61.603	111.757
61.638	111.757
61.668	111.757
61.703	111.757
61.738	111.757
61.768	111.757
61.803	111.757
61.838	111.757
61.868	111.757
61.903	111.757
61.938	111.757
61.968	111.757
62.003	121.698
62.038	121.698
62.068	121.698
62.103	121.698
62.138	121.698
62.168	121.698
62.203	121.698
62.238	121.698
62.268	121.698
62.303	121.698
62.338	121.698
62.368	121.698
62.403	121.698
62.438	121.698
62.468	121.698
62.503	121.698
62.538	121.698
62.568	121.698
62.603	121.698
62.638	121.698
62.668	121.698
62.703	121.698
62.738	121.698
62.768	121.698
62.803	121.698
62.838	121.698
62.868	121.698
62.903	121.698
62.938	121.698
62.968	121.698
63.003	132.434
63.038	132.434
63.068	132.434
63.103	132.434
63.138	132.434
63.168	132.434
63.203	132.434
63.238	132.434
63.268	132.434
63.303	132.434
63.338	132.434
63.368	132.434
63.403	132.434
63.438	132.434
63.468	132.434
63.503	132.434
63.538	132.434
63.568	132.434
63.603	132.434
63.638	132.434
63.668	132.434
63.703	132.434
63.738	132.434
63.768	132.434
63.803	132.434
63.838	132.434
63.868	132.434
63.903	132.434
63.938	132.434
63.968	132.434
64.003	144.029
64.038	144.029
64.068	144.029
64.103	144.029
64.138	144.029
64.168	144.029
64.203	144.029
64.238	144.029
64.268	144.029
64.303	144.029
64.338	144.029
64.368	144.029
64.403	144.029
64.438	144.029
64.468	144.029
64.503	144.029
64.538	144.029
64.568	144.029
64.603	144.029
64.638	144.029
64.668	144.029
64.703	144.029
64.738	144.029
64.768	144.029
64.803	144.029
64.838	144.029
64.868	144.029
64.903	144.029
64.938	144.029
64.968	144.029
65.003	144.029
65.038	144.029
65.068	144.029
65.103	144.029
65.138	156.551
65.168	156.551
65.203	156.551
65.238	156.551
65.268	156.551
65.303	156.551
65.338	156.551
65.368	156.551
65.403	156.551
65.438	156.551
65.468	156.551
65.503	156.551
65.538	156.551
65.568	156.551
65.603	156.551
65.638	156.551
65.668	156.551
65.703	156.551
65.738	156.551
65.768	156.551
65.803	156.551
65.838	156.551
65.868	156.551
65.903	156.551
65.938	156.551
65.968	156.551
66.003	156.551
66.038	156.551
66.068	156.551
66.103	156.551
66.138	170.075
66.168	170.075
66.203	170.075
66.238	170.075
66.268	170.075
66.303	170.075
66.338	170.075
66.368	170.075
66.403	170.075
66.438	170.075
66.468	170.075
66.503	170.075
66.538	170.075
66.568	170.075
66.603	170.075
66.638	170.075
66.668	170.075
66.703	170.075
66.738	170.075
66.768	170.075
66.803	170.075
66.838	170.075
66.868	170.075
66.903	170.075
66.938	170.075
66.968	170.075
67.003	170.075
67.038	170.075
67.068	170.075
67.103	170.075
67.138	184.681
67.168	184.681
67.203	184.681
67.238	184.681
67.268	184.681
67.303	184.681
67.338	184.681
67.368	184.681
67.403	184.681
67.438	184.681
67.468	184.681
67.503	184.681
67.538	184.681
67.568	184.681
67.603	184.681
67.638	184.681
67.668	184.681
67.703	184.681
67.738	184.681
67.768	184.681
67.803	184.681
67.838	184.681
67.868	184.681
67.903	184.681
67.938	184.681
67.968	184.681
68.003	184.681
68.038	184.681
68.068	184.681
68.098	184.681
68.138	200.455
68.168	200.455
68.203	200.455
68.238	200.455
68.268	200.455
68.303	200.455
68.338	200.455
68.368	200.455
68.403	200.455
68.438	200.455
68.468	200.455
68.503	200.455
68.538	200.455
68.568	200.455
68.603	200.455
68.638	200.455
68.668	200.455
68.703	200.455
68.738	200.455
68.768	200.455
68.803	200.455
68.838	200.455
68.868	200.455
68.903	200.455
68.938	200.455
68.968	200.455
69.003	200.455
69.038	200.455
69.068	200.455
69.103	200.455
69.138	200.455
69.168	200.455
69.203	200.455
69.238	200.455
69.268	200.455
69.303	200.455
69.338	217.491
69.368	217.491
69.403	217.491
69.438	217.491
69.468	217.491
69.503	217.491
69.538	217.491
69.568	217.491
69.603	217.491
69.638	217.491
69.668	217.491
69.703	217.491
69.738	217.491
69.768	217.491
69.803	217.491
69.838	217.491
69.868	217.491
69.903	217.491
69.938	217.491
69.968	217.491
70.003	217.491
70.038	217.491
70.068	217.491
70.103	217.491
70.138	217.491
70.168	217.491
70.203	217.491
70.238	217.491
70.268	217.491
70.303	217.491
70.338	234.854
70.368	234.854
70.403	235.854
70.438	235.89
70.468	235.89
70.503	235.89
70.538	235.89
70.568	235.89
70.603	235.89
70.638	235.89
70.668	235.89
70.703	235.89
70.738	235.89
70.768	235.89
70.803	235.89
70.838	235.89
70.868	235.89
70.903	235.89
70.938	235.89
70.968	235.89
71.003	235.89
71.038	235.89
71.068	235.89
71.103	235.89
71.138	235.89
71.168	235.89
71.203	235.89
71.238	235.89
71.268	235.89
71.303	235.89
71.338	239.854
71.368	239.854
71.403	240.854
71.438	241.854
71.468	241.854
71.503	242.854
71.538	243.854
71.568	243.854
71.603	244.854
71.638	245.854
71.668	245.854
71.703	246.854
71.738	247.854
71.768	247.854
71.803	248.854
71.838	248.854
71.868	248.854
71.903	248.854
71.938	248.854
71.968	248.854
72.003	248.854
72.038	248.854
72.068	248.854
72.103	248.854
72.138	248.854
72.168	248.854
72.203	249.854
72.238	250.854
72.268	250.854
72.303	251.854
72.338	252.854
72.368	252.854
72.403	253.854
72.438	254.854
72.468	254.854
72.503	255.854
72.538	256.854
72.568	256.854
72.603	257.854
72.638	258.854
72.668	258.854
72.703	259.854
72.738	260.856
72.768	260.856
72.803	260.856
72.838	260.856
72.868	260.856
72.903	260.856
72.938	260.856
72.968	260.856
73.003	260.856
73.038	260.856
73.068	260.856
73.103	260.856
73.138	260.856
73.168	260.856
73.203	260.856
73.238	260.856
73.268	260.856
73.303	260.856
73.338	261.856
73.368	261.856
73.403	262.866
73.438	263.879
73.468	263.879
73.503	264.896
73.538	265.917
73.568	265.917
73.603	266.942
73.638	267.971
73.668	267.971
73.703	269.004
73.738	270.041
73.768	270.041
73.803	271.082
73.838	272.127
73.868	272.127
73.903	273.176
73.938	273.176
73.968	273.176
74.003	273.176
74.038	273.176
74.068	273.176
74.103	273.176
74.138	273.176
74.168	273.176
74.203	273.176
74.238	273.176
74.268	273.176
74.303	273.176
74.338	274.176
74.368	274.176
74.403	275.191
74.438	276.295
74.468	276.295
74.503	277.318
74.538	278.43
74.568	278.43
74.603	279.503
74.638	280.581
74.668	280.581
74.703	281.619
74.738	282.748
74.768	282.748
74.803	283.816
74.838	283.816
74.868	283.816
74.903	283.816
74.938	283.816
74.968	283.816
75.003	283.816
75.038	283.816
75.068	283.816
75.103	283.816
75.138	283.816
75.168	283.816
75.203	283.816
75.238	283.816
75.268	283.816
75.303	283.816
75.338	283.816
75.368	283.816
75.403	283.816
75.438	284.816
75.468	284.816
75.503	285.914
75.538	287.016
75.568	287.016
75.603	288.123
75.638	289.234
75.668	289.234
75.703	290.349
75.738	291.468
75.768	291.468
75.803	292.592
75.838	293.72
75.868	293.72
75.903	294.852
75.938	294.852
75.968	294.852
76.003	294.852
76.038	294.852
76.068	294.852
76.103	294.852
76.138	294.852
76.168	294.852
76.203	294.852
76.238	294.852
76.268	294.852
76.303	294.852
76.338	294.852
76.368	294.852
76.403	294.852
76.438	295.852
76.468	295.852
76.503	296.993
76.538	298.138
76.568	298.138
76.603	299.287
76.638	300.441
76.668	300.441
76.703	300.441
76.738	300.441
76.768	300.441
76.803	300.441
76.838	300.441
76.868	300.441
76.903	300.441
76.938	300.441
76.968	300.441
77.003	300.441
77.038	300.441
77.068	300.441
77.103	300.441
77.138	300.441
77.168	300.441
77.203	300.441
77.238	300.441
77.268	300.441
77.303	300.441
77.338	300.441
77.368	300.441
77.403	300.441
77.438	300.441
77.468	300.441
77.503	300.441
77.538	300.441
77.568	300.441
77.603	300.441
77.638	300.441
77.668	300.441
77.703	300.441
77.738	315.674
77.768	315.674
77.803	316.891
77.838	318.113
77.868	318.113
77.903	319.339
77.938	320.57
77.968	320.57
78.003	321.806
78.038	323.047
78.068	323.047
78.103	324.292
78.138	324.292
78.168	324.292
78.203	324.292
78.238	324.292
78.268	324.292
78.303	324.292
78.338	324.292
78.368	324.292
78.403	324.292
78.438	324.292
78.468	324.292
78.503	324.292
78.538	324.292
78.568	324.292
78.603	324.292
78.638	324.292
78.668	324.292
78.703	324.292
78.738	324.292
78.768	324.292
78.803	324.292
78.838	325.292
78.868	325.292
78.903	326.546
78.938	327.805
78.968	327.805
79.003	329.069
79.038	330.338
79.068	330.338
79.103	331.612
79.138	332.891
79.168	332.891
79.203	334.174
79.238	335.462
79.268	335.462
79.303	336.755
79.338	338.053
79.368	338.053
79.403	339.356
79.438	340.664
79.468	340.664
79.503	341.977
79.538	343.295
79.568	343.295
79.603	344.619
79.638	345.948
79.668	345.948
79.703	347.282
79.738	348.621
79.768	348.621
79.803	349.965
79.838	349.965
79.868	349.965
79.903	349.965
79.938	349.965
79.968	349.965
80.003	349.965
80.038	349.965
80.068	349.965
80.103	349.965
80.138	349.965
80.168	349.965
80.203	349.965
80.238	349.965
80.268	349.965
80.303	349.965
80.338	349.965
80.368	349.965
80.403	349.965
80.438	349.965
80.468	349.965
80.503	349.965
80.538	349.965
80.568	349.965
80.603	349.965
80.638	349.965
80.668	349.965
80.703	349.965
80.738	349.965
80.768	349.965
80.803	349.965
80.838	349.965
80.868	349.965
80.903	349.965
80.938	359.162
80.968	359.162
81.003	360.547
81.038	361.937
81.068	361.937
81.098	363.332
81.138	364.733
81.168	364.733
81.203	366.139
81.238	367.551
81.268	367.551
81.303	368.968
81.338	370.391
81.368	370.391
81.403	371.762
81.438	373.253
81.468	373.253
81.503	373.253
81.538	373.253
81.568	373.253
81.603	377.587
81.638	378.962
81.668	378.962
81.703	378.962
81.738	378.962
81.768	378.962
81.803	378.962
81.838	378.962
81.868	378.962
81.903	378.962
81.938	384.922
81.968	384.922
82.003	384.922
82.038	384.922
82.068	384.922
82.103	384.922
82.138	384.922
82.168	384.922
82.203	384.922
82.238	384.922
82.268	384.922
82.303	384.922
82.338	384.922
82.368	384.922
82.403	384.922
82.438	384.922
82.468	384.922
82.503	384.922
82.538	384.922
82.568	384.922
82.603	384.922
82.638	384.922
82.668	384.922
82.703	384.922
82.738	384.922
82.768	384.922
82.803	384.922
82.838	384.922
82.868	384.922
82.903	384.922
82.938	384.922
82.968	384.922
83.003	384.922
83.038	400.528
83.068	400.528
83.103	402.072
83.138	403.622
83.168	403.622
83.203	405.178
83.238	406.74
83.268	406.74
83.303	408.308
83.338	409.882
83.368	409.882
83.403	409.882
83.433	409.882
83.468	409.882
83.503	409.882
83.533	410.882
83.568	410.882
83.603	412.466
83.633	412.466
83.668	412.466
83.703	412.466
83.733	412.466
83.768	412.466
83.803	412.466
83.833	412.466
83.868	412.466
83.903	412.466
83.933	412.466
83.968	412.466
84.003	413.466
84.033	415.028
84.068	415.028
84.103	415.028
84.133	415.028
84.168	415.028
84.203	415.028
84.233	415.028
84.268	415.028
84.303	415.028
84.333	415.028
84.368	415.028
84.403	416.028
84.433	417.632
84.468	417.632
84.503	419.242
84.533	420.858
84.568	420.858
84.603	422.481
84.633	424.11
84.668	424.11
84.703	425.745
84.733	427.386
84.768	427.386
84.803	429.034
84.833	430.688
84.868	430.688
84.903	432.349
84.933	434.016
84.968	434.016
85.003	435.689
85.033	437.369
85.068	437.369
85.103	439.055
85.133	440.748
85.168	440.748
85.203	442.447
85.233	444.153
85.268	444.153
85.303	444.153
85.333	444.153
85.368	444.153
85.403	444.153
85.433	445.153
85.468	445.153
85.503	445.153
85.533	445.153
85.568	445.153
85.603	445.153
85.633	445.153
85.668	445.153
85.703	445.153
85.733	445.153
85.768	445.153
85.803	445.153
85.833	446.153
85.868	446.153
85.903	447.873
85.933	449.6
85.968	449.6
86.003	451.333
86.033	453.073
86.068	453.073
86.103	454.82
86.133	456.574
86.168	456.574
86.203	458.334
86.233	460.101
86.268	460.101
86.303	461.875
86.333	463.656
86.368	463.656
86.403	465.444
86.433	467.239
86.468	467.239
86.503	469.04
86.533	470.848
86.568	470.848
86.603	472.663
86.633	474.485
86.668	474.485
86.703	476.314
86.733	476.314
86.768	476.314
86.803	476.314
86.833	476.314
86.868	476.314
86.903	476.314
86.933	476.314
86.968	476.314
87.003	476.314
87.033	476.314
87.068	476.314
87.103	476.314
87.133	476.314
87.168	476.314
87.203	476.314
87.233	476.314
87.268	476.314
87.303	477.314
87.333	479.154
87.368	479.154
87.403	481.001
87.433	482.855
87.468	482.855
87.503	484.717
87.533	486.586
87.568	486.586
87.603	488.462
87.633	490.345
87.668	490.345
87.703	492.236
87.733	494.134
87.768	494.134
87.803	496.039
87.833	497.951
87.868	497.951
87.903	499.794
87.933	501.798
87.968	501.798
88.003	503.733
88.033	505.675
88.068	505.675
88.103	507.625
88.133	509.582
88.168	509.582
88.203	511.547
88.233	513.519
88.268	513.519
88.303	515.499
88.333	517.486
88.368	517.486
88.403	519.481
88.433	519.481
88.468	519.481
88.503	519.481
88.533	519.481
88.568	519.481
88.603	519.481
88.633	519.481
88.668	519.481
88.703	519.481
88.733	519.481
88.768	519.481
88.803	519.481
88.833	520.481
88.868	520.481
88.903	522.488
88.933	524.502
88.968	524.502
89.003	526.524
89.033	528.554
89.068	528.554
89.103	528.554
89.133	528.554
89.168	528.554
89.203	529.554
89.233	531.596
89.268	531.596
89.303	533.646
89.333	535.621
89.368	535.621
89.403	537.769
89.433	539.801
89.468	539.801
89.503	541.924
89.533	544.013
89.568	544.013
89.603	546.11
89.633	548.216
89.668	548.216
89.703	550.33
89.733	552.452
89.768	552.452
89.803	554.582
89.833	556.72
89.868	556.72
89.903	558.866
89.933	561.021
89.968	561.021
90.003	561.021
90.033	561.021
90.068	561.021
90.103	561.021
90.133	561.021
90.168	561.021
90.203	561.021
90.233	561.021
90.268	561.021
90.303	561.021
90.333	562.021
90.368	562.021
90.403	562.021
90.433	562.021
90.468	562.021
90.503	562.021
90.533	563.021
90.568	563.021
90.603	563.021
90.633	564.021
90.668	564.021
90.703	566.196
90.733	568.379
90.768	568.379
90.803	570.57
90.833	572.77
90.868	572.77
90.903	574.978
90.933	577.195
90.968	577.195
91.003	579.42
91.033	581.654
91.068	581.654
91.103	583.897
91.133	586.148
91.168	586.148
91.203	588.408
91.233	590.677
91.268	590.677
91.303	592.863
91.333	595.24
91.368	595.24
91.403	597.535
91.433	599.839
91.468	599.839
91.503	602.152
91.533	604.474
91.568	604.474
91.603	604.474
91.633	604.474
91.668	604.474
91.703	604.474
91.733	604.474
91.768	604.474
91.803	604.474
91.833	604.474
91.868	604.474
91.903	604.474
91.933	604.474
91.968	604.474
92.003	604.474
92.033	604.474
92.068	604.474
92.103	604.474
92.133	605.474
92.168	605.474
92.203	607.808
92.233	610.151
92.268	610.151
92.303	612.503
92.333	614.864
92.368	614.864
92.403	617.235
92.433	619.615
92.468	619.615
92.503	622.004
92.533	624.402
92.568	624.402
92.603	626.809
92.633	629.129
92.668	629.129
92.703	631.652
92.733	634.039
92.768	634.039
92.803	636.533
92.833	638.987
92.868	638.987
92.903	641.451
92.933	643.924
92.968	643.924
93.003	646.407
93.033	646.407
93.068	646.407
93.103	646.407
93.133	646.407
93.168	646.407
93.203	646.407
93.233	646.407
93.268	646.407
93.303	646.407
93.333	646.407
93.368	646.407
93.403	646.407
93.433	646.407
93.468	646.407
93.503	646.407
93.533	646.407
93.568	646.407
93.603	646.407
93.633	647.407
93.668	647.407
93.703	649.903
93.733	652.409
93.768	652.409
93.803	654.924
93.833	657.449
93.868	657.449
93.903	659.984
93.933	662.529
93.968	662.529
94.003	665.083
94.033	667.647
94.068	667.647
94.103	670.221
94.133	672.805
94.168	672.805
94.203	675.399
94.233	678.003
94.268	678.003
94.303	680.617
94.333	683.241
94.368	683.241
94.403	685.875
94.433	688.519
94.468	688.519
94.503	691.174
94.533	693.839
94.568	693.839
94.603	696.514
94.633	699.199
94.668	699.199
94.703	701.895
94.733	704.601
94.768	704.601
94.803	707.318
94.833	707.318
94.868	707.318
94.903	707.318
94.933	707.318
94.968	707.318
95.003	707.318
95.033	707.318
95.068	707.318
95.103	707.318
95.133	707.318
95.168	707.318
95.203	708.318
95.233	710.994
95.268	710.994
95.303	713.79
95.333	716.487
95.368	716.487
95.403	716.487
95.433	717.487
95.468	717.487
95.503	717.487
95.533	718.487
95.568	718.487
95.603	721.257
95.633	724.038
95.668	724.038
95.703	726.83
95.733	729.632
95.768	729.632
95.803	732.445
95.833	735.269
95.868	735.269
95.903	738.104
95.933	740.95
95.968	740.95
96.003	743.807
96.033	746.675
96.068	746.675
96.103	749.554
96.133	752.444
96.168	752.444
96.203	755.345
96.233	758.257
96.268	758.257
96.303	761.18
96.333	764.115
96.368	764.115
96.403	767.061
96.433	770.018
96.468	770.018
96.503	770.018
96.533	770.018
96.568	770.018
96.603	770.018
96.633	770.018
96.668	770.018
96.703	771.018
96.733	771.018
96.768	771.018
96.803	771.018
96.833	771.018
96.868	771.018
96.903	771.018
96.933	771.018
96.963	771.018
97.003	771.018
97.033	772.018
97.068	772.018
97.103	774.994
97.133	777.982
97.168	777.982
97.203	780.981
97.233	783.992
97.268	783.992
97.303	787.015
97.333	790.049
97.368	790.049
97.403	793.095
97.433	796.153
97.468	796.153
97.503	799.223
97.533	802.304
97.568	802.304
97.603	805.397
97.633	808.502
97.668	808.502
97.703	811.619
97.733	814.748
97.768	814.748
97.803	817.889
97.833	821.042
97.868	821.042
97.903	824.207
97.933	827.385
97.968	827.385
98.003	830.575
98.033	833.777
98.068	833.777
98.103	836.992
98.133	840.219
98.168	840.219
98.203	843.458
98.233	843.458
98.268	843.458
98.303	843.458
98.333	844.458
98.368	844.458
98.403	847.714
98.433	850.982
98.468	850.982
98.503	854.263
98.533	857.557
98.568	857.557
98.603	857.557
98.633	857.557
98.668	857.557
98.703	857.557
98.733	857.557
98.768	857.557
98.803	857.557
98.833	857.557
98.868	857.557
98.903	857.557
98.933	857.557
98.968	857.557
99.003	858.557
99.033	861.867
99.068	861.867
99.103	865.19
99.133	868.526
99.168	868.526
99.203	871.875
99.233	875.236
99.268	875.236
99.303	878.61
99.333	881.997
99.368	881.997
99.403	885.398
99.433	888.812
99.468	888.812
99.503	892.239
99.533	895.679
99.568	895.679
99.603	899.132
99.633	902.599
99.668	902.599
99.703	906.079
99.733	909.572
99.768	909.572
99.803	913.079
99.833	916.599
99.868	916.599
99.903	916.599
99.933	916.599
99.968	916.599
100.003	916.599
100.033	916.599
100.068	916.599
100.103	916.599
100.133	917.599
100.168	917.599
100.203	917.599
100.233	918.599
100.268	918.599
100.303	922.141
100.333	925.696
100.368	925.696
100.403	929.265
100.433	932.848
100.468	932.848
100.503	936.445
100.533	940.055
100.568	940.055
100.603	943.679
100.633	947.317
100.668	947.317
100.703	950.969
100.733	954.635
100.768	954.635
100.803	958.316
100.833	962.011
100.868	962.011
100.903	965.72
100.933	969.443
100.968	969.443
101.003	973.181
101.033	976.933
101.068	976.933
101.103	980.7
101.133	984.481
101.168	984.481
101.203	988.277
101.233	988.277
101.268	988.277
101.303	988.277
101.333	988.277
101.368	988.277
101.403	988.277
101.433	988.277
101.468	988.277
101.503	988.277
101.533	989.277
101.568	989.277
101.603	993.091
101.633	996.92
101.668	996.92
101.703	1000.76
101.733	1004.62
101.768	1004.62
101.803	1008.49
101.833	1012.38
101.868	1012.38
101.903	1016.29
101.933	1020.2
101.968	1020.2
102.003	1024.14
102.033	1028.09
102.068	1028.09
102.103	1032.05
102.133	1036.03
102.168	1036.03
102.203	1040.02
102.233	1044.03
102.268	1044.03
102.303	1048.06
102.333	1052.1
102.368	1052.1
102.403	1056.16
102.433	1056.16
102.468	1056.16
102.503	1056.16
102.533	1056.16
102.568	1056.16
102.603	1057.16
102.633	1057.16
102.668	1057.16
102.703	1057.16
102.733	1057.16
102.768	1057.16
102.803	1057.16
102.833	1057.16
102.868	1057.16
102.903	1057.16
102.933	1057.16
102.968	1057.16
102.998	1057.16
103.033	1058.16
103.068	1058.16
103.103	1062.23
103.133	1066.33
103.168	1066.33
103.203	1070.44
103.233	1074.57
103.268	1074.57
103.303	1078.71
103.333	1082.87
103.368	1082.87
103.403	1087.05
103.433	1091.24
103.468	1091.24
103.503	1095.44
103.533	1099.67
103.568	1099.67
103.603	1103.91
103.633	1108.16
103.668	1108.16
103.703	1112.43
103.733	1116.72
103.768	1116.72
103.803	1121.03
103.833	1125.35
103.868	1125.35
103.903	1129.69
103.933	1134.04
103.968	1134.04
104.003	1134.04
104.033	1134.04
104.068	1134.04
104.103	1134.04
104.133	1134.04
104.168	1134.04
104.203	1134.04
104.233	1134.04
104.268	1134.04
104.303	1134.04
104.333	1134.04
104.368	1134.04
104.403	1134.04
104.433	1134.04
104.468	1134.04
104.503	1134.04
104.528	1134.04
104.568	1134.04
104.603	1134.04
104.633	1134.04
104.668	1134.04
104.703	1134.04
104.733	1134.04
104.768	1134.04
104.803	1134.04
104.833	1134.04
104.868	1134.04
104.903	1134.04
104.933	1134.04
104.968	1134.04
105.003	1134.04
105.033	1225.77
105.068	1225.77
105.103	1225.77
105.133	1225.77
105.168	1225.77
105.193	1225.77
105.233	1225.77
105.268	1225.77
105.303	1225.77
105.333	1225.77
105.368	1225.77
105.403	1225.77
105.433	1225.77
105.468	1225.77
105.503	1225.77
105.533	1225.77
105.568	1225.77
105.603	1225.77
105.633	1225.77
105.668	1225.77
105.703	1225.77
105.733	1225.77
105.768	1225.77
105.803	1225.77
105.833	1225.77
105.868	1225.77
105.903	1225.77
105.933	1225.77
105.968	1225.77
106.003	1225.77
106.033	1278.73
106.068	1278.73
106.103	1283.66
106.133	1288.61
106.168	1288.61
106.203	1293.58
106.233	1298.57
106.268	1298.57
106.293	1303.57
106.333	1308.6
106.368	1308.6
106.403	1313.65
106.433	1318.71
106.468	1318.71
106.503	1323.8
106.533	1324.83
106.568	1324.83
106.603	1324.83
106.633	1324.83
106.668	1324.83
106.703	1324.83
106.733	1324.83
106.768	1324.83
106.803	1324.83
106.833	1324.83
106.868	1324.83
106.903	1324.83
106.933	1324.83
106.968	1324.83
107.003	1324.83
107.033	1350.52
107.068	1350.52
107.103	1355.73
107.133	1360.95
107.168	1360.95
107.203	1366.2
107.233	1371.47
107.268	1371.47
107.303	1376.76
107.333	1382.06
107.368	1382.06
107.403	1387.39
107.433	1392.53
107.468	1392.53
107.503	1398.11
107.533	1403.29
107.568	1403.29
107.603	1408.91
107.633	1414.23
107.658	1414.23
107.703	1414.23
107.733	1414.23
107.768	1414.23
107.803	1414.23
107.833	1414.23
107.868	1414.23
107.903	1414.23
107.933	1414.23
107.968	1414.23
108.003	1415.23
108.033	1420.69
108.068	1420.69
108.103	1426.17
108.133	1426.17
108.168	1426.17
108.203	1426.17
108.233	1426.17
108.268	1426.17
108.303	1427.17
108.333	1432.67
108.368	1432.67
108.403	1438.19
108.433	1443.74
108.468	1443.74
108.503	1449.31
108.533	1454.89
108.568	1454.89
108.603	1460.5
108.633	1466.13
108.668	1466.13
108.703	1471.79
108.733	1477.46
108.768	1477.46
108.803	1483.16
108.833	1488.87
108.868	1488.87
108.903	1494.61
108.933	1500.38
108.968	1500.38
109.003	1506.16
109.033	1511.97
109.068	1511.97
109.103	1517.8
109.133	1523.65
109.168	1523.65
109.203	1529.52
109.233	1529.52
109.268	1529.52
109.303	1529.52
109.333	1529.52
109.368	1529.52
109.403	1529.52
109.433	1529.52
109.468	1529.52
109.503	1529.52
109.533	1529.52
109.568	1529.52
109.603	1529.52
109.633	1529.52
109.668	1529.52
109.703	1529.52
109.733	1529.52
109.768	1529.52
109.803	1529.52
109.833	1529.52
109.868	1529.52
109.903	1529.52
109.933	1529.52
109.968	1529.52
110.003	1529.52
110.033	1529.52
110.068	1529.52
110.103	1529.52
110.133	1529.52
110.168	1529.52
110.203	1529.52
110.233	1529.52
110.268	1529.52
110.303	1616.28
110.333	1622.51
110.368	1622.51
110.403	1628.76
110.433	1635.04
110.468	1635.04
110.503	1641.35
110.533	1647.68
110.568	1647.68
110.603	1647.68
110.633	1647.68
110.668	1647.68
110.703	1647.68
110.733	1647.68
110.768	1647.68
110.803	1647.68
110.833	1648.68
110.868	1648.68
110.903	1652.89
110.933	1652.89
110.968	1652.89
111.003	1652.89
111.033	1652.89
111.068	1652.89
111.103	1652.89
111.133	1652.89
111.168	1652.89
111.203	1652.89
111.233	1652.89
111.268	1652.89
111.303	1706.77
111.333	1713.35
111.368	1713.35
111.403	1719.96
111.433	1726.59
111.468	1726.59
111.503	1733.25
111.533	1739.93
111.568	1739.93
111.603	1746.64
111.633	1746.64
111.668	1746.64
111.703	1746.64
111.733	1746.64
111.768	1746.64
111.803	1746.64
111.833	1746.64
111.868	1746.64
111.903	1747.64
111.933	1754.38
111.968	1754.38
112.003	1761.14
112.033	1767.93
112.068	1767.93
112.103	1774.74
112.133	1781.59
112.168	1781.59
112.203	1786.12
112.233	1786.12
112.268	1786.12
112.303	1802.27
112.333	1809.22
112.368	1809.22
112.403	1816.2
112.433	1823.2
112.468	1823.2
112.503	1830.23
112.533	1837.28
112.568	1837.28
112.603	1844.37
112.633	1851.48
112.668	1851.48
112.703	1858.62
112.733	1865.78
112.768	1865.78
112.803	1865.78
112.833	1865.78
112.868	1865.78
112.903	1866.78
112.933	1873.98
112.968	1873.98
113.003	1881.2
113.033	1888.46
113.068	1888.46
113.103	1895.74
113.133	1903.05
113.168	1903.05
113.203	1910.39
113.233	1917.75
113.268	1917.75
113.303	1925.14
113.333	1932.57
113.368	1932.57
113.403	1940.02
113.433	1947.2
113.468	1947.2
113.503	1955.01
113.533	1962.54
113.568	1962.54
113.603	1970.11
113.633	1977.7
113.668	1977.7
113.703	1985.33
113.733	1992.98
113.768	1992.98
113.803	2000.67
113.833	2008.38
113.868	2008.38
113.903	2016.12
113.933	2023.9
113.968	2023.9
114.003	2031.7
114.033	2039.53
114.068	2039.53
114.103	2039.53
114.133	2039.53
114.168	2039.53
114.203	2040.53
114.233	2048.4
114.268	2048.4
114.303	2056.3
114.333	2064.23
114.368	2064.23
114.403	2072.19
114.433	2080.18
114.468	2080.18
114.503	2088.2
114.533	2096.25
114.568	2096.25
114.603	2104.17
114.633	2112.44
114.668	2112.44
114.703	2120.58
114.733	2128.76
114.768	2128.76
114.803	2136.97
114.833	2145.21
114.868	2145.21
114.903	2153.48
114.933	2161.78
114.968	2161.78
115.003	2170.12
115.033	2178.48
115.068	2178.48
115.103	2186.88
115.133	2195.31
115.168	2195.31
115.203	2203.78
115.233	2212.27
115.268	2212.27
115.303	2220.8
115.333	2229.36
115.368	2229.36
115.403	2229.36
115.433	2229.36
115.468	2229.36
115.503	2230.36
115.533	2238.96
115.568	2238.96
115.603	2247.6
115.633	2256.26
115.668	2256.26
115.703	2264.96
115.733	2273.69
115.768	2273.69
115.803	2282.46
115.833	2291.26
115.868	2291.26
115.903	2300.09
115.933	2308.96
115.968	2308.96
116.003	2317.86
116.033	2326.8
116.068	2326.8
116.103	2335.77
116.133	2344.77
116.168	2344.77
116.203	2353.81
116.233	2362.89
116.268	2362.89
116.303	2372
116.333	2381.15
116.368	2381.15
116.403	2390.32
116.433	2399.54
116.468	2399.54
116.503	2408.79
116.533	2418.08
116.568	2418.08
116.603	2427.4
116.633	2436.76
116.668	2436.76
116.703	2446.16
116.733	2455.59
116.768	2455.59
116.803	2465.05
116.833	2474.56
116.868	2474.56
116.903	2484.1
116.933	2493.68
116.968	2493.68
117.003	2503.29
117.033	2512.94
117.068	2512.94
117.103	2522.63
117.133	2532.36
117.168	2532.36
117.203	2542.12
117.233	2551.92
117.268	2551.92
117.303	2561.76
117.333	2571.64
117.368	2571.64
117.403	2581.55
117.433	2591.5
117.468	2591.5
117.503	2601.5
117.533	2611.52
117.568	2611.52
117.603	2621.59
117.633	2631.5
117.668	2631.5
117.703	2641.85
117.733	2652.03
117.768	2652.03
117.803	2662.26
117.833	2672.52
117.868	2672.52
117.903	2682.83
117.933	2693.17
117.968	2693.17
118.003	2703.55
118.033	2713.98
118.068	2713.98
118.103	2724.44
118.133	2734.95
118.168	2734.95
118.203	2745.49
118.233	2756.07
118.268	2756.07
118.303	2766.7
118.333	2777.37
118.368	2777.37
118.403	2788.07
118.433	2798.82
118.468	2798.82
118.503	2809.61
118.533	2820.45
118.568	2820.45
118.603	2831.32
118.633	2842.24
118.668	2842.24
118.703	2853.2
118.733	2864.2
118.768	2864.2
118.803	2875.24
118.833	2886.32
118.868	2886.32
118.903	2897.45
118.933	2908.62
118.968	2908.62
119.003	2919.84
119.033	2931.09
119.068	2931.09
119.103	2942.39
119.133	2953.74
119.168	2953.74
119.203	2965.13
119.233	2976.56
119.268	2976.56
119.303	2988.03
119.333	2999.55
119.368	2999.55
119.403	3011.12
119.433	3022.73
119.468	3022.73
119.503	3034.38
119.533	3046.08
119.568	3046.08
119.603	3057.82
119.633	3069.61
119.668	3069.61
119.703	3081.45
119.733	3093.33
119.768	3093.33
119.803	3105.25
119.833	3117.23
119.868	3117.23
119.903	3129.25
119.933	3141.31
119.968	3141.31
120.003	3153.42
120.033	3165.58
120.068	3165.58
120.103	3177.78
120.133	3190.04
120.168	3190.04
120.203	3202.33
120.233	3214.68
120.268	3214.68
120.303	3227.07
120.333	3239.52
120.368	3239.52
120.403	3252.01
120.433	3264.54
120.468	3264.54
120.503	3277.13
120.533	3289.77
120.568	3289.77
120.603	3302.45
120.633	3315.18
120.668	3315.18
120.703	3327.96
120.733	3340.79
120.768	3340.79
120.803	3353.68
120.833	3366.6
120.868	3366.6
120.903	3379.06
120.933	3392.61
120.968	3392.61
121.003	3405.7
121.033	3418.83
121.068	3418.83
121.103	3432.01
121.133	3445.24
121.168	3445.24
121.203	3458.52
121.233	3471.86
121.268	3471.86
121.303	3485.24
121.333	3498.68
121.368	3498.68
121.403	3512.17
121.433	3525.71
121.468	3525.71
121.503	3539.3
121.533	3552.95
121.568	3552.95
121.603	3566.65
121.628	3580.4
121.668	3580.4
121.703	3594.2
121.733	3608.06
121.768	3608.06
121.803	3621.97
121.833	3635.93
121.868	3635.93
121.898	3649.95
121.933	3664.02
121.968	3664.02
122.003	3678.15
122.033	3692.33
122.068	3692.33
122.103	3706.57
122.133	3720.86
122.168	3720.86
122.203	3735.2
122.233	3749.6
122.268	3749.6
122.303	3764.06
122.333	3778.57
122.368	3778.57
122.403	3793.14
122.433	3807.76
122.468	3807.76
122.503	3822.45
122.533	3837.18
122.568	3837.18
122.603	3851.98
122.633	3866.83
122.668	3866.83
122.703	3881.74
122.733	3896.7
122.768	3896.7
122.803	3911.73
122.833	3926.81
122.868	3926.81
122.903	3941.95
122.933	3957.15
122.968	3957.15
123.003	3972.4
123.033	3987.72
123.068	3987.72
123.103	4003.09
123.133	4018.53
123.168	4018.53
123.203	4034.02
123.233	4049.57
123.268	4049.57
123.303	4065.19
123.333	4080.86
123.368	4080.86
123.403	4096.59
123.433	4112.39
123.468	4112.39
123.503	4128.24
123.533	4144.16
123.568	4144.16
123.603	4160.14
123.633	4176.17
123.668	4176.17
123.703	4192.28
123.733	4208.44
123.768	4208.44
123.803	4224.66
123.833	4240.95
123.868	4240.95
123.903	4257.3
123.928	4273.72
123.968	4273.72
124.003	4290.19
124.033	4306.73
124.068	4306.73
124.103	4323.34
124.133	4340.01
124.168	4340.01
124.203	4356.74
124.233	4373.54
124.268	4373.54
124.303	4390.4
124.333	4407.33
124.363	4407.33
124.403	4424.32
124.433	4441.38
124.468	4441.38
124.503	4458.5
124.533	4475.69
124.568	4475.69
124.603	4492.95
124.633	4510.27
124.668	4510.27
124.703	4527.66
124.733	4545.11
124.768	4545.11
124.803	4562.64
124.833	4580.23
124.868	4580.23
124.903	4597.89
124.933	4615.61
124.963	4615.61
125.003	4633.41
125.033	4651.27
125.068	4651.27
125.103	4669.21
125.133	4687.21
125.168	4687.21
125.203	4705.28
125.233	4723.42
125.268	4723.42
125.303	4741.63
125.333	4759.91
125.368	4759.91
125.403	4778.26
125.433	4796.69
125.468	4796.69
125.503	4815.18
125.533	4833.74
125.568	4833.74
125.603	4852.38
125.633	4871.09
125.668	4871.09
125.703	4889.87
125.733	4908.72
125.768	4908.72
125.803	4927.65
125.833	4946.64
125.868	4946.64
125.903	4965.72
125.933	4984.86
125.968	4984.86
126.003	5003.31
126.033	5023.37
126.068	5023.37
126.103	5042.74
126.133	5062.18
126.168	5062.18
126.203	5081.7
126.233	5101.29
126.268	5101.29
126.303	5120.96
126.333	5140.7
126.368	5140.7
126.403	5160.52
126.433	5180.42
126.468	5180.42
126.503	5200.39
126.533	5220.44
126.568	5220.44
126.603	5240.57
126.633	5260.77
126.668	5260.77
126.703	5281.06
126.733	5301.42
126.768	5301.42
126.803	5321.86
126.833	5342.38
126.868	5342.38
126.903	5362.97
126.933	5383.65
126.968	5383.65
127.003	5404.4
127.033	5425.24
127.068	5425.24
127.103	5446.16
127.133	5466.31
127.168	5466.31
127.203	5488.23
127.233	5509.39
127.268	5509.39
127.303	5530.63
127.333	5551.96
127.368	5551.96
127.403	5573.36
127.433	5594.85
127.468	5594.85
127.503	5616.42
127.533	5638.08
127.568	5638.08
127.603	5659.81
127.633	5681.63
127.668	5681.63
127.693	5703.54
127.733	5725.53
127.763	5725.53
127.793	5747.6
127.828	5769.76
127.868	5769.76
127.903	5792.01
127.933	5814.34
127.968	5814.34
128.003	5836.76
128.033	5859.26
128.068	5859.26
128.103	5881.85
128.133	5904.53
128.168	5904.53
128.203	5927.29
128.233	5950.14
128.268	5950.14
128.303	5973.08
128.333	5996.11
128.368	5996.11
128.403	6000
128.433	6000
128.468	6000
128.503	6000
128.533	6000
128.568	6000
128.603	6000
128.633	6000
128.668	6000
128.703	6000
128.733	6000
128.768	6000
128.803	6000
128.833	6000
128.868	6000
128.903	6000
128.933	6000
128.968	6000
129.003	6000
129.033	6000
129.068	6000
129.103	6000
129.133	6000
129.168	6000
129.203	6000
129.233	6000
129.268	6000
129.298	6000
129.333	6000
129.368	6000
129.403	6000
129.433	6000
129.468	6000
129.503	6000
129.533	6000
129.568	6000
129.603	6000
129.633	6000
129.668	6000
129.703	6000
129.733	6000
129.768	6000
129.803	6000
129.833	6000
129.868	6000
129.903	6000
129.933	6000
129.968	6000
130.003	6000
130.028	6000
130.063	6000
130.103	6000
130.133	6000
130.168	6000
130.203	6000
130.228	6000
130.258	6000
130.283	6000
130.308	6000
130.333	6000
130.368	6000
130.403	6000
130.433	6000
130.468	6000
130.503	6000
130.533	6000
130.568	6000
130.603	6000
130.633	6000
130.668	6000
130.703	6000
130.733	6000
130.768	6000
130.793	6000
130.833	6000
130.868	6000
130.903	6000
130.933	6000
130.968	6000
131.003	6000
131.033	6000
131.058	6000
131.103	6000
131.133	6000
131.168	6000
131.203	6000
131.233	6000
131.268	6000
131.303	6000
131.333	6000
131.368	6000
131.403	6000
131.433	6000
131.463	6000
131.503	6000
131.533	6000
131.563	6000
131.603	6000
131.633	6000
131.668	6000
131.693	6000
131.718	6000
131.743	6000
131.768	6000
131.803	6000
131.828	6000
131.863	6000
131.903	6000
131.933	6000
131.968	6000
132.003	6000
132.033	6000
132.068	6000
132.103	6000
132.133	6000
132.168	6000
132.203	6000
132.233	6000
132.268	6000
132.303	6000
132.333	6000
132.368	6000
132.403	6000
132.433	6000
132.463	6000
132.503	6000
132.533	6000
132.568	6000
132.603	6000
132.633	6000
132.668	6000
132.703	6000
132.733	6000
132.768	6000
132.803	6000
132.828	6000
132.868	6000
132.903	6000
132.933	6000
132.958	6000
132.988	6000
133.013	6000
133.038	6000
133.068	6000
133.103	6000
133.133	6000
133.168	6000
133.203	6000
133.233	6000
133.263	6000
133.303	6000
133.333	6000
133.368	6000
133.403	6000
133.433	6000
133.468	6000
133.503	6000
133.533	6000
133.568	6000
133.598	6000
133.633	6000
133.668	6000
133.703	6000
133.733	6000
133.768	6000
133.803	6000
133.833	6000
133.868	6000
133.903	6000
133.933	6000
133.958	6000
134.003	6000
134.033	6000
134.068	6000
134.103	6000
134.133	6000
134.168	6000
134.203	6000
134.233	6000
134.268	6000
134.303	6000
134.333	6000
134.368	6000
134.403	6000
134.428	6000
134.458	6000
134.503	6000
134.528	6000
134.568	6000
134.598	6000
134.623	6000
134.668	6000
134.703	6000
134.733	6000
134.768	6000
134.798	6000
134.833	6000
134.868	6000
134.903	6000
134.933	6000
134.968	6000
135.003	6000
135.033	6000
135.068	6000
135.103	6000
135.133	6000
135.168	6000
135.203	6000
135.233	6000
135.268	6000
135.303	6000
135.333	6000
135.368	6000
135.403	6000
135.433	6000
135.468	6000
135.503	6000
135.533	6000
135.568	6000
135.593	6000
135.633	6000
135.668	6000
135.698	6000
135.733	6000
135.768	6000
135.803	6000
135.833	6000
135.868	6000
135.903	6000
135.933	6000
135.968	6000
136.003	6000
136.033	6000
136.058	6000
136.103	6000
136.133	6000
136.168	6000
136.203	6000
136.233	6000
136.268	6000
136.303	6000
136.333	6000
136.368	6000
136.403	6000
136.433	6000
136.468	6000
136.503	6000
136.533	6000
136.568	6000
136.598	6000
136.633	6000
136.663	6000
136.698	6000
136.733	6000
136.768	6000
136.803	6000
136.833	6000
136.868	6000
136.898	6000
136.923	6000
136.948	6000
136.973	6000
137.003	6000
137.033	6000
137.068	6000
137.103	6000
137.133	6000
137.168	6000
137.203	6000
137.233	6000
137.268	6000
137.303	6000
137.333	6000
137.368	6000
137.403	6000
137.433	6000
137.463	6000
137.493	6000
137.533	6000
137.568	6000
137.603	6000
137.633	6000
137.658	6000
137.703	6000
137.733	6000
137.763	6000
137.803	6000
137.833	6000
137.868	6000
137.903	6000
137.928	6000
137.968	6000
138.003	6000
138.033	6000
138.068	6000
138.098	6000
138.133	6000
138.163	6000
138.203	6000
138.233	6000
138.263	6000
138.288	6000
138.313	6000
138.338	6000
138.368	6000
138.398	6000
138.433	6000
138.468	6000
138.498	6000
138.523	6000
138.548	6000
138.573	6000
138.603	6000
138.633	6000
138.668	6000
138.703	6000
138.733	6000
138.768	6000
138.803	6000
138.833	6000
138.868	6000
138.903	6000
138.933	6000
138.968	6000
139.003	6000
139.033	6000
139.068	6000
139.103	6000
139.133	6000
139.168	6000
139.203	6000
139.233	6000
139.268	6000
139.303	6000
139.328	6000
139.368	6000
139.403	6000
139.433	6000
139.468	6000
139.503	6000
139.533	6000
139.568	6000
139.603	6000
139.633	6000
139.668	6000
139.703	6000
139.733	6000
139.763	6000
139.803	6000
139.833	6000
139.863	6000
139.903	6000
139.933	6000
139.968	6000
140.003	6000
140.033	6000
140.068	6000
140.103	6000
140.133	6000
140.168	6000
140.203	6000
140.233	6000
140.268	6000
140.293	6000
140.323	6000
140.368	6000
140.403	6000
140.433	6000
140.468	6000
140.503	6000
140.533	6000
140.558	6000
140.603	6000
140.633	6000
140.668	6000
140.703	6000
140.733	6000
140.768	6000
140.803	6000
140.833	6000
140.868	6000
140.903	6000
140.933	6000
140.958	6000
141.003	6000
141.033	6000
141.068	6000
141.103	6000
141.133	6000
141.168	6000
141.203	6000
141.233	6000
141.268	6000
141.303	6000
141.328	6000
141.368	6000
141.403	6000
141.433	6000
141.468	6000
141.503	6000
141.533	6000
141.568	6000
141.603	6000
141.633	6000
141.668	6000
141.703	6000
141.733	6000
141.768	6000
141.803	6000
141.833	6000
141.868	6000
141.903	6000
141.933	6000
141.968	6000
142.003	6000
142.033	6000
142.068	6000
142.103	6000
142.133	6000
142.158	6000
142.203	6000
142.233	6000
142.258	6000
142.303	6000
142.333	6000
142.368	6000
142.403	6000
142.433	6000
142.468	6000
142.503	6000
142.533	6000
142.568	6000
142.603	6000
142.633	6000
142.668	6000
142.698	6000
142.733	6000
142.768	6000
142.803	6000
142.833	6000
142.868	6000
142.893	6000
142.933	6000
142.968	6000
142.993	6000
143.033	6000
143.068	6000
143.103	6000
143.133	6000
143.168	6000
143.203	6000
143.233	6000
143.268	6000
143.303	6000
143.333	6000
143.368	6000
143.403	6000
143.433	6000
143.468	6000
143.503	6000
143.533	6000
143.568	6000
143.603	6000
143.633	6000
143.668	6000
143.703	6000
143.728	6000
143.763	6000
143.803	6000
143.833	6000
143.868	6000
143.903	6000
143.933	6000
143.963	6000
143.993	6000
144.033	6000
144.068	6000
144.103	6000
144.133	6000
144.168	6000
144.203	6000
144.233	6000
144.263	6000
144.303	6000
144.333	6000
144.368	6000
144.403	6000
144.433	6000
144.468	6000
144.503	6000
144.533	6000
144.558	6000
144.603	6000
144.633	6000
144.668	6000
144.703	6000
144.728	6000
144.768	6000
144.803	6000
144.828	6000
144.863	6000
144.903	6000
144.928	6000
144.963	6000
145.003	6000
145.033	6000
145.063	6000
145.103	6000
145.133	6000
145.163	6000
145.188	6000
145.213	6000
145.238	6000
145.268	6000
145.303	6000
145.333	6000
145.368	6000
145.403	6000
145.433	6000
145.468	6000
145.503	6000
145.533	6000
145.568	6000
145.603	6000
145.633	6000
145.668	6000
145.703	6000
145.733	6000
145.763	6000
145.803	6000
145.833	6000
145.858	6000
145.903	6000
145.933	6000
145.968	6000
146.003	6000
146.033	6000
146.058	6000
146.103	6000
146.128	6000
146.168	6000
146.203	6000
146.228	6000
146.253	6000
146.278	6000
146.303	6000
146.333	6000
146.368	6000
146.393	6000
146.433	6000
146.468	6000
146.503	6000
146.533	6000
146.558	6000
146.603	6000
146.633	6000
146.668	6000
146.703	6000
146.733	6000
146.768	6000
146.803	6000
146.828	6000
146.853	6000
146.878	6000
146.903	6000
146.933	6000
146.968	6000
147.003	6000
147.033	6000
147.063	6000
147.103	6000
147.133	6000
147.168	6000
147.193	6000
147.233	6000
147.268	6000
147.303	6000
147.333	6000
147.363	6000
147.403	6000
147.433	6000
147.463	6000
147.503	6000
147.533	6000
147.568	6000
147.603	6000
147.628	6000
147.668	6000
147.703	6000
147.733	6000
147.768	6000
147.803	6000
147.833	6000
147.868	6000
147.893	6000
147.933	6000
147.968	6000
148.003	6000
148.033	6000
148.063	6000
148.103	6000
148.133	6000
148.163	6000
148.203	6000
148.233	6000
148.268	6000
148.303	6000
148.333	6000
148.368	6000
148.403	6000
148.433	6000
148.468	6000
148.503	6000
148.533	6000
148.568	6000
148.598	6000
148.633	6000
148.668	6000
148.703	6000
148.733	6000
148.768	6000
148.803	6000
148.833	6000
148.868	6000
148.903	6000
148.933	6000
148.968	6000
149.003	6000
149.033	6000
149.068	6000
149.103	6000
149.133	6000
149.168	6000
149.203	6000
149.228	6000
149.268	6000
149.303	6000
149.333	6000
149.368	6000
149.403	6000
149.433	6000
149.468	6000
149.503	6000
149.533	6000
149.563	6000
149.603	6000
149.633	6000
149.668	6000
149.703	6000
149.733	6000
149.768	6000
149.803	6000
149.828	6000
149.863	6000
149.903	6000
149.933	6000
149.968	6000
149.998	6000
150.023	6000
150.063	6000
150.098	6000
150.133	6000
150.168	6000
150.203	6000
150.233	6000
150.263	6000
150.303	6000
150.333	6000
150.368	6000
150.403	6000
150.433	6000
150.468	6000
150.503	6000
150.533	6000
150.563	6000
150.603	6000
150.633	6000
150.668	6000
150.703	6000
150.733	6000
150.763	6000
150.803	6000
150.833	6000
150.868	6000
150.898	6000
150.933	6000
150.963	6000
151.003	6000
151.033	6000
151.063	6000
151.103	6000
151.133	6000
151.168	6000
151.203	6000
151.233	6000
151.268	6000
151.303	6000
151.333	6000
151.363	6000
151.403	6000
151.433	6000
151.463	6000
151.498	6000
151.533	6000
151.558	6000
151.603	6000
151.633	6000
151.668	6000
151.703	6000
151.733	6000
151.763	6000
151.803	6000
151.833	6000
151.863	6000
151.893	6000
151.933	6000
151.963	6000
152.003	6000
152.033	6000
152.068	6000
152.103	6000
152.133	6000
152.168	6000
152.203	6000
152.233	6000
152.263	6000
152.303	6000
152.333	6000
152.368	6000
152.403	6000
152.428	6000
152.468	6000
152.503	6000
152.533	6000
152.568	6000
152.603	6000
152.633	6000
152.668	6000
152.703	6000
152.733	6000
152.763	6000
152.788	6000
152.813	6000
152.838	6000
152.863	6000
152.903	6000
152.933	6000
152.968	6000
153.003	6000
153.033	6000
153.068	6000
153.103	6000
153.133	6000
153.163	6000
153.203	6000
153.233	6000
153.268	6000
153.303	6000
153.333	6000
153.368	6000
153.403	6000
153.433	6000
153.468	6000
153.498	6000
153.533	6000
153.568	6000
153.603	6000
153.633	6000
153.668	6000
153.703	6000
153.733	6000
153.768	6000
153.803	6000
153.833	6000
153.868	6000
153.903	6000
153.928	6000
153.968	6000
154.003	6000
154.033	6000
154.058	6000
154.083	6000
154.108	6000
154.133	6000
154.168	6000
154.203	6000
154.233	6000
154.268	6000
154.303	6000
154.333	6000
154.368	6000
154.403	6000
154.433	6000
154.458	6000
154.483	6000
154.508	6000
154.533	6000
154.568	6000
154.603	6000
154.633	6000
154.658	6000
154.703	6000
154.733	6000
154.768	6000
154.798	6000
154.833	6000
154.868	6000
154.898	6000
154.923	6000
154.968	6000
155.003	6000
155.033	6000
155.068	6000
155.093	6000
155.133	6000
155.168	6000
155.203	6000
155.233	6000
155.268	6000
155.303	6000
155.333	6000
155.368	6000
155.403	6000
155.433	6000
155.463	6000
155.503	6000
155.533	6000
155.558	6000
155.603	6000
155.633	6000
155.668	6000
155.698	6000
155.733	6000
155.768	6000
155.793	6000
155.833	6000
155.868	6000
155.903	6000
155.933	6000
155.968	6000
156.003	6000
156.033	6000
156.068	6000
156.103	6000
156.133	6000
156.168	6000
156.203	6000
156.233	6000
156.268	6000
156.303	6000
156.333	6000
156.368	6000
156.398	6000
156.433	6000
156.468	6000
156.493	6000
156.533	6000
156.568	6000
156.603	6000
156.633	6000
156.668	6000
156.693	6000
156.733	6000
156.768	6000
156.803	6000
156.833	6000
156.863	6000
156.903	6000
156.933	6000
156.963	6000
157.003	6000
157.033	6000
157.068	6000
157.103	6000
157.133	6000
157.163	6000
157.203	6000
157.233	6000
157.268	6000
157.293	6000
157.333	6000
157.368	6000
157.403	6000
157.433	6000
157.468	6000
157.503	6000
157.533	6000
157.563	6000
157.598	6000
157.633	6000
157.663	6000
157.703	6000
157.733	6000
157.768	6000
157.803	6000
157.828	6000
157.868	6000
157.903	6000
157.928	6000
157.968	6000
158.003	6000
158.033	6000
158.068	6000
158.103	6000
158.133	6000
158.168	6000
158.193	6000
158.218	6000
158.243	6000
158.268	6000
158.303	6000
158.333	6000
158.363	6000
158.403	6000
158.433	6000
158.458	6000
158.503	6000
158.533	6000
158.568	6000
158.603	6000
158.633	6000
158.668	6000
158.703	6000
158.733	6000
158.768	6000
158.803	6000
158.833	6000
158.868	6000
158.903	6000
158.933	6000
158.968	6000
159.003	6000
159.033	6000
159.068	6000
159.103	6000
159.128	6000
159.168	6000
159.203	6000
159.233	6000
159.268	6000
159.303	6000
159.333	6000
159.368	6000
159.403	6000
159.433	6000
159.468	6000
159.503	6000
159.533	6000
159.568	6000
159.603	6000
159.633	6000
159.668	6000
159.703	6000
159.733	6000
159.768	6000
159.803	6000
159.833	6000
159.868	6000
159.903	6000
159.933	6000
159.968	6000
160.003	6000
160.033	6000
160.068	6000
160.093	6000
160.133	6000
160.158	6000
160.183	6000
160.208	6000
160.233	6000
160.268	6000
160.303	6000
160.333	6000
160.368	6000
160.403	6000
160.433	6000
160.468	6000
160.503	6000
160.533	6000
160.568	6000
160.598	6000
160.633	6000
160.668	6000
160.698	6000
160.733	6000
160.768	6000
160.803	6000
160.833	6000
160.868	6000
160.903	6000
160.933	6000
160.968	6000
161.003	6000
161.033	6000
161.068	6000
161.103	6000
161.133	6000
161.168	6000
161.203	6000
161.233	6000
161.268	6000
161.303	6000
161.333	6000
161.368	6000
161.403	6000
161.433	6000
161.468	6000
161.503	6000
161.533	6000
161.568	6000
161.603	6000
161.633	6000
161.668	6000
161.693	6000
161.733	6000
161.768	6000
161.803	6000
161.833	6000
161.868	6000
161.903	6000
161.928	6000
161.968	6000
162.003	6000
162.033	6000
162.063	6000
162.088	6000
162.113	6000
162.138	6000
162.168	6000
162.203	6000
162.233	6000
162.268	6000
162.303	6000
162.333	6000
162.358	6000
162.403	6000
162.433	6000
162.468	6000
162.503	6000
162.533	6000
162.568	6000
162.603	6000
162.633	6000
162.668	6000
162.703	6000
162.733	6000
162.768	6000
162.803	6000
162.833	6000
162.868	6000
162.903	6000
162.933	6000
162.963	6000
162.988	6000
163.013	6000
163.038	6000
163.063	6000
163.103	6000
163.133	6000
163.163	6000
163.203	6000
163.233	6000
163.263	6000
163.303	6000
163.333	6000
163.368	6000
163.403	6000
163.433	6000
163.468	6000
163.503	6000
163.533	6000
163.568	6000
163.603	6000
163.633	6000
163.668	6000
163.698	6000
163.733	6000
163.768	6000
163.803	6000
163.833	6000
163.868	6000
163.903	6000
163.933	6000
163.968	6000
163.998	6000
164.023	6000
164.058	6000
164.103	6000
164.133	6000
164.168	6000
164.193	6000
164.233	6000
164.268	6000
164.303	6000
164.333	6000
164.368	6000
164.403	6000
164.433	6000
164.463	6000
164.498	6000
164.523	6000
164.568	6000
164.603	6000
164.633	6000
164.668	6000
164.703	6000
164.733	6000
164.768	6000
164.803	6000
164.833	6000
164.863	6000
164.903	6000
164.933	6000
164.963	6000
165.003	6000
165.033	6000
165.068	6000
165.103	6000
165.133	6000
165.168	6000
165.203	6000
165.233	6000
165.268	6000
165.303	6000
165.333	6000
165.368	6000
165.393	6000
165.433	6000
165.468	6000
165.503	6000
165.533	6000
165.568	6000
165.603	6000
165.633	6000
165.668	6000
165.703	6000
165.733	6000
165.768	6000
165.803	6000
165.828	6000
165.863	6000
165.903	6000
165.933	6000
165.968	6000
166.003	6000
166.033	6000
166.068	6000
166.103	6000
166.133	6000
166.168	6000
166.203	6000
166.233	6000
166.268	6000
166.298	6000
166.333	6000
166.368	6000
166.403	6000
166.433	6000
166.468	6000
166.503	6000
166.533	6000
166.563	6000
166.603	6000
166.633	6000
166.668	6000
166.703	6000
166.733	6000
166.763	6000
166.798	6000
166.833	6000
166.868	6000
166.893	6000
166.933	6000
166.968	6000
167.003	6000
167.033	6000
167.068	6000
167.098	6000
167.133	6000
167.168	6000
167.203	6000
167.233	6000
167.268	6000
167.303	6000
167.333	6000
167.358	6000
167.403	6000
167.433	6000
167.468	6000
167.498	6000
167.533	6000
167.568	6000
167.603	6000
167.633	6000
167.668	6000
167.703	6000
167.733	6000
167.768	6000
167.803	6000
167.833	6000
167.868	6000
167.903	6000
167.933	6000
167.968	6000
168.003	6000
168.033	6000
168.068	6000
168.103	6000
168.133	6000
168.168	6000
168.203	6000
168.228	6000
168.268	6000
168.303	6000
168.333	6000
168.368	6000
168.403	6000
168.433	6000
168.468	6000
168.503	6000
168.533	6000
168.568	6000
168.593	6000
168.633	6000
168.668	6000
168.698	6000
168.733	6000
168.758	6000
168.803	6000
168.833	6000
168.868	6000
168.903	6000
168.933	6000
168.968	6000
169.003	6000
169.033	6000
169.068	6000
169.103	6000
169.133	6000
169.168	6000
169.193	6000
169.218	6000
169.243	6000
169.268	6000
169.303	6000
169.333	6000
169.368	6000
169.403	6000
169.428	6000
169.458	6000
169.503	6000
169.533	6000
169.568	6000
169.603	6000
169.633	6000
169.668	6000
169.693	6000
169.733	6000
169.768	6000
169.803	6000
169.833	6000
169.868	6000
169.903	6000
169.933	6000
169.968	6000
170.003	6000
170.033	6000
170.068	6000
170.103	6000
170.133	6000
170.168	6000
170.203	6000
170.233	6000
170.268	6000
170.303	6000
170.333	6000
170.368	6000
170.398	6000
170.433	6000
170.468	6000
170.503	6000
170.533	6000
170.568	6000
170.603	6000
170.633	6000
170.668	6000
170.703	6000
170.733	6000
170.768	6000
170.798	6000
170.833	6000
170.868	6000
170.903	6000
170.933	6000
170.968	6000
171.003	6000
171.033	6000
171.068	6000
171.103	6000
171.133	6000
171.168	6000
171.198	6000
171.233	6000
171.268	6000
171.303	6000
171.328	6000
171.368	6000
171.403	6000
171.433	6000
171.468	6000
171.503	6000
171.533	6000
171.568	6000
171.603	6000
171.633	6000
171.668	6000
171.693	6000
171.733	6000
171.768	6000
171.803	6000
171.833	6000
171.868	6000
171.903	6000
171.933	6000
171.968	6000
172.003	6000
172.033	6000
172.068	6000
172.093	6000
172.118	6000
172.143	6000
172.168	6000
172.203	6000
172.233	6000
172.263	6000
172.303	6000
172.333	6000
172.368	6000
172.403	6000
172.433	6000
172.468	6000
172.503	6000
172.533	6000
172.568	6000
172.603	6000
172.628	6000
172.668	6000
172.703	6000
172.733	6000
172.768	6000
172.803	6000
172.833	6000
172.868	6000
172.903	6000
172.933	6000
172.968	6000
173.003	6000
173.033	6000
173.068	6000
173.103	6000
173.133	6000
173.168	6000
173.203	6000
173.233	6000
173.268	6000
173.303	6000
173.333	6000
173.368	6000
173.403	6000
173.433	6000
173.468	6000
173.503	6000
173.533	6000
173.568	6000
173.603	6000
173.633	6000
173.668	6000
173.703	6000
173.733	6000
173.768	6000
173.803	6000
173.833	6000
173.858	6000
173.903	6000
173.933	6000
173.963	6000
174.003	6000
174.033	6000
174.068	6000
174.103	6000
174.133	6000
174.168	6000
174.203	6000
174.233	6000
174.268	6000
174.303	6000
174.333	6000
174.368	6000
174.403	6000
174.428	6000
174.453	6000
174.478	6000
174.503	6000
174.533	6000
174.568	6000
174.603	6000
174.633	6000
174.668	6000
174.703	6000
174.733	6000
174.768	6000
174.803	6000
174.833	6000
174.868	6000
174.903	6000
174.933	6000
174.968	6000
174.998	6000
175.033	6000
175.068	6000
175.103	6000
175.133	6000
175.168	6000
175.203	6000
175.233	6000
175.268	6000
175.303	6000
175.333	6000
175.358	6000
175.403	6000
175.433	6000
175.463	6000
175.503	6000
175.533	6000
175.568	6000
175.603	6000
175.633	6000
175.668	6000
175.703	6000
175.733	6000
175.763	6000
175.803	6000
175.833	6000
175.868	6000
175.903	6000
175.933	6000
175.968	6000
176.003	6000
176.033	6000
176.068	6000
176.103	6000
176.133	6000
176.168	6000
176.203	6000
176.233	6000
176.263	6000
176.298	6000
176.333	6000
176.368	6000
176.403	6000
176.433	6000
176.468	6000
176.503	6000
176.533	6000
176.568	6000
176.603	6000
176.633	6000
176.668	6000
176.703	6000
176.728	6000
176.768	6000
176.803	6000
176.833	6000
176.868	6000
176.898	6000
176.933	6000
176.968	6000
177.003	6000
177.033	6000
177.068	6000
177.103	6000
177.133	6000
177.168	6000
177.203	6000
177.233	6000
177.263	6000
177.303	6000
177.328	6000
177.368	6000
177.398	6000
177.433	6000
177.468	6000
177.503	6000
177.533	6000
177.568	6000
177.603	6000
177.633	6000
177.668	6000
177.703	6000
177.733	6000
177.768	6000
177.798	6000
177.833	6000
177.868	6000
177.898	6000
177.933	6000
177.968	6000
178.003	6000
178.033	6000
178.068	6000
178.103	6000
178.133	6000
178.168	6000
178.203	6000
178.233	6000
178.268	6000
178.303	6000
178.328	6000
178.368	6000
178.403	6000
178.433	6000
178.468	6000
178.503	6000
178.533	6000
178.568	6000
178.598	6000
178.633	6000
178.668	6000
178.703	6000
178.733	6000
178.768	6000
178.793	6000
178.833	6000
178.868	6000
178.903	6000
178.933	6000
178.968	6000
179.003	6000
179.033	6000
179.068	6000
179.103	6000
179.128	6000
179.168	6000
179.203	6000
179.228	6000
179.268	6000
179.298	6000
179.333	6000
179.368	6000
179.403	6000
179.433	6000
179.468	6000
179.503	6000
179.533	6000
179.563	6000
179.598	6000
179.633	6000
179.668	6000
179.703	6000
179.733	6000
179.768	6000
179.798	6000
179.823	6000
179.868	6000
179.903	6000
179.933	6000
179.968	6000
180.003	6000
180.033	6000
180.068	6000
180.103	6000
180.133	6000
180.168	6000
180.203	6000
180.233	6000
180.268	6000
180.303	6000
180.333	6000
180.368	6000
180.398	6000
180.423	6000
180.468	6000
180.503	6000
180.533	6000
180.568	6000
180.603	6000
180.633	6000
180.668	6000
180.703	6000
180.733	6000
180.768	6000
180.798	6000
180.833	6000
180.868	6000
180.893	6000
180.933	6000
180.968	6000
181.003	6000
181.033	6000
181.068	6000
181.103	6000
181.128	6000
181.168	6000
181.203	6000
181.233	6000
181.258	6000
181.283	6000
181.308	6000
181.333	6000
181.368	6000
181.403	6000
181.433	6000
181.468	6000
181.503	6000
181.533	6000
181.568	6000
181.603	6000
181.633	6000
181.668	6000
181.693	6000
181.733	6000
181.768	6000
181.803	6000
181.833	6000
181.868	6000
181.903	6000
181.933	6000
181.968	6000
182.003	6000
182.033	6000
182.068	6000
182.103	6000
182.133	6000
182.168	6000
182.203	6000
182.233	6000
182.268	6000
182.303	6000
182.333	6000
182.363	6000
182.403	6000
182.433	6000
182.463	6000
182.503	6000
182.533	6000
182.563	6000
182.603	6000
182.633	6000
182.668	6000
182.703	6000
182.733	6000
182.768	6000
182.803	6000
182.833	6000
182.868	6000
182.903	6000
182.933	6000
182.968	6000
183.003	6000
183.033	6000
183.068	6000
183.103	6000
183.133	6000
183.168	6000
183.203	6000
183.233	6000
183.268	6000
183.303	6000
183.333	6000
183.368	6000
183.403	6000
183.433	6000
183.463	6000
183.503	6000
183.533	6000
183.558	6000
183.583	6000
183.608	6000
183.633	6000
183.668	6000
183.703	6000
183.733	6000
183.768	6000
183.803	6000
183.833	6000
183.858	6000
183.903	6000
183.933	6000
183.968	6000
184.003	6000
184.028	6000
184.068	6000
184.103	6000
184.133	6000
184.168	6000
184.203	6000
184.233	6000
184.268	6000
184.298	6000
184.333	6000
184.358	6000
184.403	6000
184.433	6000
184.468	6000
184.503	6000
184.533	6000
184.568	6000
184.603	6000
184.633	6000
184.668	6000
184.703	6000
184.733	6000
184.768	6000
184.803	6000
184.833	6000
184.868	6000
184.903	6000
184.933	6000
184.968	6000
185.003	6000
185.028	6000
185.068	6000
185.103	6000
185.133	6000
185.163	6000
185.203	6000
185.233	6000
185.268	6000
185.303	6000
185.333	6000
185.368	6000
185.403	6000
185.433	6000
185.468	6000
185.503	6000
185.533	6000
185.568	6000
185.603	6000
185.633	6000
185.668	6000
185.698	6000
185.733	6000
185.768	6000
185.803	6000
185.828	6000
185.868	6000
185.903	6000
185.933	6000
185.968	6000
186.003	6000
186.033	6000
186.058	6000
186.103	6000
186.133	6000
186.163	6000
186.193	6000
186.233	6000
186.268	6000
186.303	6000
186.333	6000
186.368	6000
186.403	6000
186.433	6000
186.468	6000
186.503	6000
186.533	6000
186.568	6000
186.603	6000
186.633	6000
186.668	6000
186.703	6000
186.733	6000
186.768	6000
186.803	6000
186.833	6000
186.868	6000
186.903	6000
186.928	6000
186.968	6000
187.003	6000
187.033	6000
187.068	6000
187.103	6000
187.133	6000
187.168	6000
187.198	6000
187.233	6000
187.268	6000
187.303	6000
187.333	6000
187.368	6000
187.403	6000
187.433	6000
187.468	6000
187.493	6000
187.518	6000
187.543	6000
187.568	6000
187.603	6000
187.633	6000
187.668	6000
187.693	6000
187.733	6000
187.768	6000
187.803	6000
187.833	6000
187.868	6000
187.903	6000
187.933	6000
187.968	6000
188.003	6000
188.033	6000
188.068	6000
188.103	6000
188.133	6000
188.168	6000
188.203	6000
188.233	6000
188.268	6000
188.298	6000
188.328	6000
188.363	6000
188.393	6000
188.423	6000
188.468	6000
188.503	6000
188.533	6000
188.568	6000
188.603	6000
188.633	6000
188.668	6000
188.693	6000
188.733	6000
188.768	6000
188.803	6000
188.833	6000
188.868	6000
188.903	6000
188.933	6000
188.968	6000
189.003	6000
189.033	6000
189.068	6000
189.103	6000
189.133	6000
189.168	6000
189.203	6000
189.233	6000
189.268	6000
189.293	6000
189.323	6000
189.368	6000
189.403	6000
189.433	6000
189.468	6000
189.503	6000
189.533	6000
189.568	6000
189.603	6000
189.633	6000
189.668	6000
189.703	6000
189.733	6000
189.768	6000
189.793	6000
189.833	6000
189.868	6000
189.903	6000
189.928	6000
189.968	6000
189.993	6000
190.033	6000
190.058	6000
190.103	6000
190.133	6000
190.168	6000
190.203	6000
190.233	6000
190.268	6000
190.303	6000
190.333	6000
190.368	6000
190.403	6000
190.433	6000
190.468	6000
190.493	6000
190.533	6000
190.568	6000
190.603	6000
190.633	6000
190.658	6000
190.703	6000
190.733	6000
190.763	6000
190.803	6000
190.833	6000
190.868	6000
190.898	6000
190.933	6000
190.968	6000
191.003	6000
191.033	6000
191.068	6000
191.093	6000
191.133	6000
191.158	6000
191.203	6000
191.233	6000
191.258	6000
191.303	6000
191.333	6000
191.358	6000
191.403	6000
191.433	6000
191.468	6000
191.503	6000
191.533	6000
191.568	6000
191.593	6000
191.633	6000
191.668	6000
191.703	6000
191.733	6000
191.768	6000
191.803	6000
191.828	6000
191.868	6000
191.903	6000
191.933	6000
191.968	6000
192.003	6000
192.033	6000
192.068	6000
192.103	6000
192.133	6000
192.168	6000
192.203	6000
192.233	6000
192.268	6000
192.303	6000
192.333	6000
192.368	6000
192.398	6000
192.433	6000
192.463	6000
192.503	6000
192.533	6000
192.568	6000
192.603	6000
192.633	6000
192.663	6000
192.703	6000
192.733	6000
192.768	6000
192.803	6000
192.833	6000
192.868	6000
192.903	6000
192.933	6000
192.968	6000
193.003	6000
193.033	6000
193.068	6000
193.093	6000
193.118	6000
193.143	6000
193.168	6000
193.198	6000
193.233	6000
193.268	6000
193.303	6000
193.333	6000
193.363	6000
193.403	6000
193.433	6000
193.468	6000
193.503	6000
193.533	6000
193.568	6000
193.598	6000
193.633	6000
193.668	6000
193.698	6000
193.723	6000
193.768	6000
193.803	6000
193.833	6000
193.868	6000
193.893	6000
193.928	6000
193.968	6000
194.003	6000
194.033	6000
194.068	6000
194.103	6000
194.133	6000
194.168	6000
194.203	6000
194.233	6000
194.268	6000
194.298	6000
194.333	6000
194.368	6000
194.393	6000
194.433	6000
194.468	6000
194.503	6000
194.533	6000
194.568	6000
194.603	6000
194.633	6000
194.668	6000
194.698	6000
194.733	6000
194.768	6000
194.803	6000
194.833	6000
194.868	6000
194.903	6000
194.933	6000
194.968	6000
195.003	6000
195.033	6000
195.068	6000
195.103	6000
195.133	6000
195.168	6000
195.193	6000
195.233	6000
195.268	6000
195.303	6000
195.333	6000
195.368	6000
195.403	6000
195.433	6000
195.458	6000
195.503	6000
195.533	6000
195.568	6000
195.603	6000
195.628	6000
195.668	6000
195.703	6000
195.733	6000
195.768	6000
195.803	6000
195.833	6000
195.868	6000
195.903	6000
195.933	6000
195.958	6000
195.983	6000
196.008	6000
196.033	6000
196.068	6000
196.103	6000
196.133	6000
196.168	6000
196.203	6000
196.233	6000
196.268	6000
196.303	6000
196.328	6000
196.353	6000
196.378	6000
196.403	6000
196.433	6000
196.468	6000
196.503	6000
196.533	6000
196.568	6000
196.603	6000
196.633	6000
196.668	6000
196.703	6000
196.733	6000
196.768	6000
196.803	6000
196.833	6000
196.868	6000
196.903	6000
196.933	6000
196.968	6000
196.993	6000
197.033	6000
197.068	6000
197.103	6000
197.133	6000
197.168	6000
197.203	6000
197.233	6000
197.268	6000
197.303	6000
197.333	6000
197.368	6000
197.403	6000
197.433	6000
197.468	6000
197.503	6000
197.533	6000
197.568	6000
197.598	6000
197.633	6000
197.668	6000
197.703	6000
197.733	6000
197.758	6000
197.803	6000
197.828	6000
197.868	6000
197.893	6000
197.933	6000
197.968	6000
198.003	6000
198.028	6000
198.068	6000
198.103	6000
198.133	6000
198.168	6000
198.203	6000
198.233	6000
198.268	6000
198.303	6000
198.333	6000
198.368	6000
198.403	6000
198.428	6000
198.453	6000
198.478	6000
198.503	6000
198.533	6000
198.568	6000
198.603	6000
198.633	6000
198.658	6000
198.683	6000
198.708	6000
198.733	6000
198.768	6000
198.793	6000
198.818	6000
198.868	6000
198.903	6000
198.933	6000
198.968	6000
199.003	6000
199.033	6000
199.068	6000
199.103	6000
199.133	6000
199.158	6000
199.203	6000
199.233	6000
199.268	6000
199.303	6000
199.333	6000
199.368	6000
199.403	6000
199.433	6000
199.468	6000
199.503	6000
199.533	6000
199.568	6000
199.603	6000
199.633	6000
199.668	6000
199.693	6000
199.733	6000
199.768	6000
199.803	6000
199.833	6000
199.868	6000
199.893	6000
199.918	6000
199.943	6000
199.968	6000
199.998	6000
200.033	6000
200.068	6000
200.103	6000
200.133	6000
200.168	6000
200.203	6000
200.233	6000
200.263	6000
200.303	6000
200.333	6000
200.368	6000
200.393	6000
200.433	6000
200.468	6000
200.503	6000
200.533	6000
200.568	6000
200.603	6000
200.633	6000
200.668	6000
200.703	6000
200.728	6000
200.768	6000
200.793	6000
200.833	6000
200.868	6000
200.903	6000
200.933	6000
200.968	6000
201.003	6000
201.028	6000
201.068	6000
201.103	6000
201.133	6000
201.163	6000
201.203	6000
201.233	6000
201.268	6000
201.303	6000
201.333	6000
201.368	6000
201.393	6000
201.433	6000
201.468	6000
201.503	6000
201.533	6000
201.568	6000
201.603	6000
201.633	6000
201.663	6000
201.688	6000
201.713	6000
201.738	6000
201.768	6000
201.803	6000
201.833	6000
201.868	6000
201.903	6000
201.933	6000
201.968	6000
201.993	6000
202.033	6000
202.068	6000
202.103	6000
202.133	6000
202.168	6000
202.203	6000
202.233	6000
202.268	6000
202.303	6000
202.333	6000
202.368	6000
202.403	6000
202.433	6000
202.463	6000
202.503	6000
202.533	6000
202.568	6000
202.603	6000
202.628	6000
202.668	6000
202.698	6000
202.733	6000
202.768	6000
202.803	6000
202.833	6000
202.868	6000
202.903	6000
202.933	6000
202.968	6000
203.003	6000
203.033	6000
203.068	6000
203.093	6000
203.133	6000
203.168	6000
203.198	6000
203.233	6000
203.268	6000
203.303	6000
203.333	6000
203.363	6000
203.393	6000
203.433	6000
203.468	6000
203.493	6000
203.533	6000
203.568	6000
203.603	6000
203.633	6000
203.668	6000
203.703	6000
203.733	6000
203.768	6000
203.803	6000
203.833	6000
203.868	6000
203.903	6000
203.933	6000
203.958	6000
204.003	6000
204.033	6000
204.068	6000
204.103	6000
204.133	6000
204.168	6000
204.203	6000
204.233	6000
204.268	6000
204.293	6000
204.318	6000
204.343	6000
204.368	6000
204.403	6000
204.433	6000
204.468	6000
204.498	6000
204.533	6000
204.568	6000
204.603	6000
204.633	6000
204.668	6000
204.703	6000
204.733	6000
204.768	6000
204.803	6000
204.833	6000
204.868	6000
204.903	6000
204.933	6000
204.968	6000
205.003	6000
205.033	6000
205.068	6000
205.103	6000
205.133	6000
205.168	6000
205.203	6000
205.233	6000
205.268	6000
205.303	6000
205.333	6000
205.368	6000
205.403	6000
205.428	6000
205.468	6000
205.503	6000
205.533	6000
205.563	6000
205.603	6000
205.633	6000
205.668	6000
205.703	6000
205.733	6000
205.768	6000
205.803	6000
205.828	6000
205.868	6000
205.903	6000
205.933	6000
205.968	6000
206.003	6000
206.033	6000
206.068	6000
206.103	6000
206.133	6000
206.168	6000
206.203	6000
206.233	6000
206.268	6000
206.303	6000
206.333	6000
206.368	6000
206.403	6000
206.433	6000
206.468	6000
206.503	6000
206.533	6000
206.568	6000
206.603	6000
206.633	6000
206.668	6000
206.703	6000
206.733	6000
206.768	6000
206.793	6000
206.818	6000
206.843	6000
206.868	6000
206.903	6000
206.933	6000
206.968	6000
207.003	6000
207.033	6000
207.058	6000
207.103	6000
207.133	6000
207.168	6000
207.203	6000
207.233	6000
207.268	6000
207.303	6000
207.333	6000
207.363	6000
207.403	6000
207.433	6000
207.468	6000
207.503	6000
207.533	6000
207.568	6000
207.603	6000
207.633	6000
207.668	6000
207.703	6000
207.733	6000
207.768	6000
207.803	6000
207.833	6000
207.868	6000
207.903	6000
207.933	6000
207.958	6000
207.983	6000
208.008	6000
208.033	6000
208.068	6000
208.103	6000
208.133	6000
208.158	6000
208.203	6000
208.233	6000
208.268	6000
208.303	6000
208.333	6000
208.368	6000
208.398	6000
208.433	6000
208.468	6000
208.503	6000
208.533	6000
208.563	6000
208.588	6000
208.613	6000
208.638	6000
208.663	6000
208.703	6000
208.733	6000
208.768	6000
208.803	6000
208.833	6000
208.868	6000
208.903	6000
208.933	6000
208.968	6000
209.003	6000
209.033	6000
209.063	6000
209.093	6000
209.133	6000
209.168	6000
209.203	6000
209.233	6000
209.268	6000
209.303	6000
209.333	6000
209.368	6000
209.403	6000
209.428	6000
209.453	6000
209.478	6000
209.503	6000
209.533	6000
209.568	6000
209.603	6000
209.633	6000
209.658	6000
209.693	6000
209.723	6000
209.753	6000
209.778	6000
209.803	6000
209.833	6000
209.868	6000
209.903	6000
209.933	6000
209.968	6000
210.003	6000
210.033	6000
210.068	6000
210.103	6000
210.128	6000
210.168	6000
210.203	6000
210.233	6000
210.268	6000
210.298	6000
210.333	6000
210.368	6000
210.403	6000
210.433	6000
210.468	6000
210.503	6000
210.528	6000
210.568	6000
210.603	6000
210.633	6000
210.668	6000
210.703	6000
210.728	6000
210.768	6000
210.803	6000
210.833	6000
210.868	6000
210.903	6000
210.933	6000
210.958	6000
210.983	6000
211.008	6000
211.033	6000
211.068	6000
211.103	6000
211.133	6000
211.168	6000
211.203	6000
211.233	6000
211.263	6000
211.303	6000
211.333	6000
211.358	6000
211.403	6000
211.433	6000
211.468	6000
211.503	6000
211.533	6000
211.563	6000
211.603	6000
211.633	6000
211.668	6000
211.703	6000
211.733	6000
211.768	6000
211.803	6000
211.833	6000
211.868	6000
211.903	6000
211.933	6000
211.968	6000
212.003	6000
212.033	6000
212.068	6000
212.103	6000
212.133	6000
212.168	6000
212.203	6000
212.233	6000
212.268	6000
212.303	6000
212.333	6000
212.368	6000
212.403	6000
212.433	6000
212.468	6000
212.503	6000
212.533	6000
212.568	6000
212.603	6000
212.633	6000
212.668	6000
212.703	6000
212.733	6000
212.763	6000
212.788	6000
212.813	6000
212.838	6000
212.868	6000
212.903	6000
212.933	6000
212.968	6000
213.003	6000
213.033	6000
213.068	6000
213.103	6000
213.133	6000
213.158	6000
213.203	6000
213.233	6000
213.268	6000
213.303	6000
213.333	6000
213.368	6000
213.403	6000
213.433	6000
213.468	6000
213.503	6000
213.528	6000
213.568	6000
213.603	6000
213.633	6000
213.668	6000
213.703	6000
213.728	6000
213.763	6000
213.793	6000
213.833	6000
213.863	6000
213.903	6000
213.933	6000
213.968	6000
214.003	6000
214.033	6000
214.068	6000
214.093	6000
214.118	6000
214.143	6000
214.168	6000
214.203	6000
214.233	6000
214.258	6000
214.303	6000
214.333	6000
214.368	6000
214.403	6000
214.433	6000
214.468	6000
214.503	6000
214.533	6000
214.568	6000
214.603	6000
214.633	6000
214.668	6000
214.703	6000
214.733	6000
214.768	6000
214.803	6000
214.833	6000
214.868	6000
214.903	6000
214.933	6000
214.958	6000
215.003	6000
215.033	6000
215.068	6000
215.103	6000
215.133	6000
215.168	6000
215.203	6000
215.233	6000
215.268	6000
215.303	6000
215.328	6000
215.368	6000
215.403	6000
215.433	6000
215.468	6000
215.503	6000
215.533	6000
215.568	6000
215.603	6000
215.633	6000
215.668	6000
215.703	6000
215.733	6000
215.768	6000
215.798	6000
215.833	6000
215.868	6000
215.898	6000
215.933	6000
215.968	6000
216.003	6000
216.033	6000
216.068	6000
216.103	6000
216.133	6000
216.168	6000
216.203	6000
216.233	6000
216.268	6000
216.303	6000
216.333	6000
216.368	6000
216.403	6000
216.433	6000
216.468	6000
216.503	6000
216.528	6000
216.553	6000
216.578	6000
216.603	6000
216.628	6000
216.668	6000
216.703	6000
216.733	6000
216.768	6000
216.798	6000
216.833	6000
216.868	6000
216.903	6000
216.933	6000
216.968	6000
217.003	6000
217.033	6000
217.068	6000
217.103	6000
217.133	6000
217.168	6000
217.203	6000
217.233	6000
217.268	6000
217.303	6000
217.333	6000
217.368	6000
217.403	6000
217.433	6000
217.468	6000
217.503	6000
217.533	6000
217.568	6000
217.593	6000
217.618	6000
217.643	6000
217.668	6000
217.703	6000
217.733	6000
217.763	6000
217.803	6000
217.833	6000
217.868	6000
217.903	6000
217.933	6000
217.968	6000
218.003	6000
218.033	6000
218.068	6000
218.103	6000
218.133	6000
218.163	6000
218.203	6000
218.233	6000
218.268	6000
218.303	6000
218.333	6000
218.368	6000
218.403	6000
218.428	6000
218.468	6000
218.503	6000
218.533	6000
218.568	6000
218.603	6000
218.633	6000
218.668	6000
218.703	6000
218.733	6000
218.768	6000
218.803	6000
218.833	6000
218.868	6000
218.903	6000
218.933	6000
218.968	6000
219.003	6000
219.033	6000
219.058	6000
219.083	6000
219.108	6000
219.133	6000
219.168	6000
219.203	6000
219.233	6000
219.263	6000
219.303	6000
219.333	6000
219.368	6000
219.403	6000
219.433	6000
219.468	6000
219.503	6000
219.533	6000
219.568	6000
219.603	6000
219.633	6000
219.663	6000
219.703	6000
219.733	6000
219.768	6000
219.803	6000
219.833	6000
219.868	6000
219.898	6000
219.933	6000
219.968	6000
219.993	6000
220.033	6000
220.068	6000
220.103	6000
220.133	6000
220.168	6000
220.203	6000
220.233	6000
220.263	6000
220.303	6000
220.333	6000
220.368	6000
220.403	6000
220.433	6000
220.468	6000
220.503	6000
220.533	6000
220.568	6000
220.593	6000
220.618	6000
220.643	6000
220.668	6000
220.703	6000
220.728	6000
220.768	6000
220.803	6000
220.833	6000
220.868	6000
220.903	6000
220.933	6000
220.968	6000
220.998	6000
221.033	6000
221.068	6000
221.103	6000
221.133	6000
221.168	6000
221.198	6000
221.233	6000
221.268	6000
221.303	6000
221.333	6000
221.368	6000
221.403	6000
221.433	6000
221.468	6000
221.498	6000
221.533	6000
221.568	6000
221.603	6000
221.633	6000
221.668	6000
221.703	6000
221.728	6000
221.763	6000
221.793	6000
221.828	6000
221.868	6000
221.903	6000
221.933	6000
221.958	6000
222.003	6000
222.033	6000
222.063	6000
222.103	6000
222.133	6000
222.168	6000
222.203	6000
222.233	6000
222.268	6000
222.303	6000
222.333	6000
222.368	6000
222.403	6000
222.433	6000
222.468	6000
222.503	6000
222.533	6000
222.568	6000
222.593	6000
222.633	6000
222.668	6000
222.703	6000
222.728	6000
222.768	6000
222.803	6000
222.833	6000
222.868	6000
222.903	6000
222.933	6000
222.968	6000
223.003	6000
223.033	6000
223.068	6000
223.103	6000
223.133	6000
223.168	6000
223.203	6000
223.233	6000
223.258	6000
223.303	6000
223.333	6000
223.368	6000
223.403	6000
223.433	6000
223.468	6000
223.503	6000
223.528	6000
223.568	6000
223.603	6000
223.633	6000
223.663	6000
223.703	6000
223.733	6000
223.768	6000
223.793	6000
223.818	6000
223.843	6000
223.868	6000
223.903	6000
223.933	6000
223.968	6000
224.003	6000
224.033	6000
224.058	6000
224.103	6000
224.133	6000
224.168	6000
224.203	6000
224.233	6000
224.268	6000
224.303	6000
224.333	6000
224.368	6000
224.403	6000
224.428	6000
224.453	6000
224.478	6000
224.503	6000
224.533	6000
224.568	6000
224.603	6000
224.633	6000
224.668	6000
224.703	6000
224.733	6000
224.768	6000
224.803	6000
224.833	6000
224.868	6000
224.903	6000
224.933	6000
224.968	6000
225.003	6000
225.033	6000
225.068	6000
225.103	6000
225.133	6000
225.168	6000
225.203	6000
225.233	6000
225.268	6000
225.293	6000
225.333	6000
225.363	6000
225.403	6000
225.433	6000
225.468	6000
225.503	6000
225.533	6000
225.568	6000
225.603	6000
225.633	6000
225.668	6000
225.703	6000
225.733	6000
225.768	6000
225.803	6000
225.833	6000
225.868	6000
225.903	6000
225.933	6000
225.968	6000
226.003	6000
226.033	6000
226.068	6000
226.093	6000
226.133	6000
226.168	6000
226.203	6000
226.233	6000
226.258	6000
226.303	6000
226.333	6000
226.368	6000
226.403	6000
226.433	6000
226.468	6000
226.503	6000
226.528	6000
226.553	6000
226.578	6000
226.603	6000
226.633	6000
226.658	6000
226.683	6000
226.708	6000
226.733	6000
226.758	6000
226.803	6000
226.833	6000
226.858	6000
226.903	6000
226.933	6000
226.968	6000
227.003	6000
227.033	6000
227.068	6000
227.103	6000
227.133	6000
227.168	6000
227.203	6000
227.233	6000
227.268	6000
227.303	6000
227.333	6000
227.358	6000
227.383	6000
227.408	6000
227.433	6000
227.468	6000
227.503	6000
227.533	6000
227.568	6000
227.603	6000
227.633	6000
227.658	6000
227.703	6000
227.733	6000
227.758	6000
227.803	6000
227.833	6000
227.868	6000
227.893	6000
227.918	6000
227.943	6000
227.968	6000
228.003	6000
228.028	6000
228.068	6000
228.103	6000
228.133	6000
228.168	6000
228.193	6000
228.233	6000
228.268	6000
228.303	6000
228.333	6000
228.368	6000
228.403	6000
228.433	6000
228.463	6000
228.503	6000
228.528	6000
228.568	6000
228.598	6000
228.633	6000
228.668	6000
228.703	6000
228.733	6000
228.768	6000
228.793	6000
228.833	6000
228.858	6000
228.883	6000
228.908	6000
228.933	6000
228.968	6000
229.003	6000
229.033	6000
229.068	6000
229.103	6000
229.133	6000
229.168	6000
229.193	6000
229.233	6000
229.268	6000
229.303	6000
229.333	6000
229.368	6000
229.403	6000
229.433	6000
229.468	6000
229.503	6000
229.533	6000
229.568	6000
229.603	6000
229.633	6000
229.658	6000
229.703	6000
229.733	6000
229.758	6000
229.803	6000
229.833	6000
229.868	6000
229.903	6000
229.933	6000
229.968	6000
229.993	6000
230.023	6000
230.068	6000
230.103	6000
230.133	6000
230.168	6000
230.203	6000
230.233	6000
230.268	6000
230.298	6000
230.333	6000
230.368	6000
230.403	6000
230.433	6000
230.468	6000
230.503	6000
230.533	6000
230.568	6000
230.603	6000
230.633	6000
230.663	6000
230.703	6000
230.733	6000
230.768	6000
230.803	6000
230.833	6000
230.868	6000
230.903	6000
230.933	6000
230.968	6000
230.993	6000
231.033	6000
231.058	6000
231.083	6000
231.108	6000
231.133	6000
231.168	6000
231.203	6000
231.233	6000
231.268	6000
231.303	6000
231.333	6000
231.368	6000
231.403	6000
231.433	6000
231.468	6000
231.503	6000
231.533	6000
231.563	6000
231.603	6000
231.633	6000
231.663	6000
231.688	6000
231.713	6000
231.738	6000
231.768	6000
231.803	6000
231.833	6000
231.868	6000
231.903	6000
231.933	6000
231.968	6000
232.003	6000
232.033	6000
232.068	6000
232.093	6000
232.133	6000
232.168	6000
232.203	6000
232.233	6000
232.268	6000
232.303	6000
232.333	6000
232.368	6000
232.403	6000
232.433	6000
232.468	6000
232.493	6000
232.533	6000
232.558	6000
232.603	6000
232.633	6000
232.668	6000
232.703	6000
232.733	6000
232.768	6000
232.803	6000
232.833	6000
232.868	6000
232.903	6000
232.933	6000
232.968	6000
233.003	6000
233.033	6000
233.068	6000
233.103	6000
233.133	6000
233.168	6000
233.203	6000
233.233	6000
233.258	6000
233.283	6000
233.308	6000
233.333	6000
233.368	6000
233.403	6000
233.433	6000
233.468	6000
233.503	6000
233.533	6000
233.568	6000
233.603	6000
233.633	6000
233.668	6000
233.703	6000
233.733	6000
233.768	6000
233.803	6000
233.833	6000
233.868	6000
233.893	6000
233.918	6000
233.943	6000
233.968	6000
233.998	6000
234.033	6000
234.068	6000
234.103	6000
234.133	6000
234.168	6000
234.203	6000
234.233	6000
234.268	6000
234.303	6000
234.333	6000
234.368	6000
234.403	6000
234.433	6000
234.468	6000
234.503	6000
234.533	6000
234.563	6000
234.603	6000
234.633	6000
234.658	6000
234.703	6000
234.733	6000
234.758	6000
234.803	6000
234.833	6000
234.868	6000
234.903	6000
234.933	6000
234.968	6000
235.003	6000
235.033	6000
235.068	6000
235.103	6000
235.128	6000
235.168	6000
235.203	6000
235.233	6000
235.268	6000
235.303	6000
235.333	6000
235.368	6000
235.393	6000
235.418	6000
235.443	6000
235.468	6000
235.503	6000
235.533	6000
235.568	6000
235.603	6000
235.633	6000
235.668	6000
235.703	6000
235.733	6000
235.768	6000
235.803	6000
235.833	6000
235.868	6000
235.898	6000
235.933	6000
235.968	6000
236.003	6000
236.033	6000
236.068	6000
236.103	6000
236.133	6000
236.168	6000
236.203	6000
236.233	6000
236.268	6000
236.303	6000
236.333	6000
236.368	6000
236.403	6000
236.433	6000
236.468	6000
236.503	6000
236.533	6000
236.558	6000
236.603	6000
236.633	6000
236.658	6000
236.703	6000
236.733	6000
236.768	6000
236.803	6000
236.833	6000
236.868	6000
236.893	6000
236.918	6000
236.943	6000
236.968	6000
237.003	6000
237.033	6000
237.068	6000
237.103	6000
237.133	6000
237.168	6000
237.203	6000
237.233	6000
237.268	6000
237.303	6000
237.333	6000
237.368	6000
237.393	6000
237.418	6000
237.443	6000
237.468	6000
237.493	6000
237.518	6000
237.543	6000
237.568	6000
237.603	6000
237.633	6000
237.668	6000
237.703	6000
237.733	6000
237.768	6000
237.803	6000
237.833	6000
237.868	6000
237.903	6000
237.933	6000
237.968	6000
238.003	6000
238.033	6000
238.068	6000
238.103	6000
238.133	6000
238.168	6000
238.203	6000
238.233	6000
238.268	6000
238.303	6000
238.333	6000
238.368	6000
238.403	6000
238.433	6000
238.468	6000
238.503	6000
238.533	6000
238.568	6000
238.603	6000
238.633	6000
238.668	6000
238.703	6000
238.733	6000
238.758	6000
238.803	6000
238.833	6000
238.868	6000
238.903	6000
238.933	6000
238.968	6000
239.003	6000
239.033	6000
239.068	6000
239.103	6000
239.133	6000
239.168	6000
239.193	6000
239.233	6000
239.263	6000
239.303	6000
239.333	6000
239.368	6000
239.403	6000
239.433	6000
239.458	6000
239.483	6000
239.508	6000
239.533	6000
239.568	6000
239.603	6000
239.633	6000
239.668	6000
239.703	6000
239.728	6000
239.768	6000
239.798	6000
239.833	6000
239.868	6000
239.903	6000
239.933	6000
239.968	6000
239.998	6000
240.033	6000
240.068	6000
240.103	6000
240.133	6000
240.168	6000
240.203	6000
240.233	6000
240.268	6000
240.303	6000
240.333	6000
240.358	6000
240.403	6000
240.433	6000
240.468	6000
240.503	6000
240.533	6000
240.568	6000
240.603	6000
240.633	6000
240.663	6000
240.703	6000
240.733	6000
240.768	6000
240.803	6000
240.833	6000
240.863	6000
240.893	6000
240.933	6000
240.968	6000
241.003	6000
241.033	6000
241.068	6000
241.103	6000
241.133	6000
241.168	6000
241.193	6000
241.223	6000
241.268	6000
241.303	6000
241.333	6000
241.368	6000
241.403	6000
241.433	6000
241.468	6000
241.493	6000
241.518	6000
241.543	6000
241.568	6000
241.603	6000
241.633	6000
241.663	6000
241.703	6000
241.733	6000
241.768	6000
241.803	6000
241.833	6000
241.868	6000
241.903	6000
241.933	6000
241.968	6000
242.003	6000
242.033	6000
242.068	6000
242.098	6000
242.133	6000
242.168	6000
242.193	6000
242.233	6000
242.268	6000
242.303	6000
242.333	6000
242.368	6000
242.398	6000
242.433	6000
242.468	6000
242.503	6000
242.533	6000
242.568	6000
242.593	6000
242.633	6000
242.668	6000
242.703	6000
242.733	6000
242.768	6000
242.803	6000
242.833	6000
242.868	6000
242.893	6000
242.918	6000
242.943	6000
242.968	6000
243.003	6000
243.033	6000
243.068	6000
243.103	6000
243.133	6000
243.168	6000
243.203	6000
243.233	6000
243.268	6000
243.303	6000
243.333	6000
243.363	6000
243.403	6000
243.433	6000
243.468	6000
243.503	6000
243.528	6000
243.553	6000
243.578	6000
243.603	6000
243.633	6000
243.668	6000
243.703	6000
243.733	6000
243.768	6000
243.803	6000
243.833	6000
243.863	6000
243.903	6000
243.933	6000
243.968	6000
244.003	6000
244.033	6000
244.068	6000
244.098	6000
244.133	6000
244.168	6000
244.193	6000
244.223	6000
244.268	6000
244.303	6000
244.333	6000
244.368	6000
244.403	6000
244.433	6000
244.463	6000
244.503	6000
244.533	6000
244.568	6000
244.603	6000
244.633	6000
244.668	6000
244.703	6000
244.733	6000
244.768	6000
244.803	6000
244.833	6000
244.868	6000
244.903	6000
244.933	6000
244.968	6000
245.003	6000
245.033	6000
245.068	6000
245.103	6000
245.133	6000
245.168	6000
245.193	6000
245.233	6000
245.258	6000
245.303	6000
245.333	6000
245.368	6000
245.403	6000
245.428	6000
245.453	6000
245.478	6000
245.503	6000
245.533	6000
245.568	6000
245.603	6000
245.633	6000
245.658	6000
245.703	6000
245.733	6000
245.768	6000
245.803	6000
245.833	6000
245.868	6000
245.903	6000
245.933	6000
245.963	6000
246.003	6000
246.033	6000
246.068	6000
246.103	6000
246.133	6000
246.168	6000
246.193	6000
246.233	6000
246.268	6000
246.303	6000
246.333	6000
246.368	6000
246.403	6000
246.433	6000
246.463	6000
246.503	6000
246.533	6000
246.563	6000
246.603	6000
246.633	6000
246.668	6000
246.703	6000
246.733	6000
246.768	6000
246.803	6000
246.828	6000
246.868	6000
246.903	6000
246.933	6000
246.968	6000
247.003	6000
247.033	6000
247.068	6000
247.103	6000
247.133	6000
247.168	6000
247.193	6000
247.233	6000
247.268	6000
247.303	6000
247.333	6000
247.368	6000
247.403	6000
247.433	6000
247.458	6000
247.503	6000
247.533	6000
247.568	6000
247.603	6000
247.633	6000
247.668	6000
247.703	6000
247.733	6000
247.768	6000
247.803	6000
247.833	6000
247.863	6000
247.903	6000
247.933	6000
247.968	6000
248.003	6000
248.033	6000
248.068	6000
248.103	6000
248.133	6000
248.168	6000
248.203	6000
248.233	6000
248.268	6000
248.303	6000
248.333	6000
248.368	6000
248.403	6000
248.433	6000
248.458	6000
248.503	6000
248.533	6000
248.568	6000
248.603	6000
248.633	6000
248.668	6000
248.693	6000
248.733	6000
248.758	6000
248.803	6000
248.828	6000
248.868	6000
248.893	6000
248.928	6000
248.968	6000
249.003	6000
249.033	6000
249.068	6000
249.098	6000
249.133	6000
249.163	6000
249.193	6000
249.233	6000
249.268	6000
249.303	6000
249.328	6000
249.353	6000
249.378	6000
249.403	6000
249.433	6000
249.468	6000
249.498	6000
249.533	6000
249.568	6000
249.593	6000
249.633	6000
249.668	6000
249.693	6000
249.733	6000
249.768	6000
249.803	6000
249.833	6000
249.858	6000
249.903	6000
249.933	6000
249.958	6000
250.003	6000
250.033	6000
250.058	6000
250.083	6000
250.108	6000
250.133	6000
250.168	6000
250.198	6000
250.233	6000
250.268	6000
250.298	6000
250.328	6000
250.368	6000
250.398	6000
250.428	6000
250.458	6000
250.498	6000
250.528	6000
250.568	6000
250.598	6000
250.633	6000
250.668	6000
250.698	6000
250.733	6000
250.768	6000
250.798	6000
250.833	6000
250.868	6000
250.898	6000
250.933	6000
250.968	6000
250.998	6000
251.033	6000
251.068	6000
251.098	6000
251.133	6000
251.168	6000
251.198	6000
251.223	6000
251.248	6000
251.273	6000
251.298	6000
251.333	6000
251.368	6000
251.398	6000
251.433	6000
251.458	6000
251.498	6000
251.533	6000
251.568	6000
251.598	6000
251.633	6000
251.668	6000
251.698	6000
251.733	6000
251.768	6000
251.798	6000
251.833	6000
251.858	6000
251.883	6000
251.908	6000
251.933	6000
251.968	6000
251.998	6000
252.033	6000
252.068	6000
252.098	6000
252.133	6000
252.168	6000
252.198	6000
252.223	6000
252.268	6000
252.298	6000
252.333	6000
252.368	6000
252.398	6000
252.433	6000
252.468	6000
252.498	6000
252.533	6000
252.568	6000
252.593	6000
252.633	6000
252.668	6000
252.698	6000
252.733	6000
252.768	6000
252.798	6000
252.833	6000
252.868	6000
252.898	6000
252.933	6000
252.968	6000
252.998	6000
253.033	6000
253.068	6000
253.098	6000
253.133	6000
253.168	6000
253.193	6000
253.228	6000
253.268	6000
253.293	6000
253.333	6000
253.368	6000
253.398	6000
253.433	6000
253.463	6000
253.498	6000
253.533	6000
253.568	6000
253.593	6000
253.633	6000
253.658	6000
253.683	6000
253.708	6000
253.733	6000
253.768	6000
253.798	6000
253.828	6000
253.868	6000
253.898	6000
253.933	6000
253.968	6000
253.998	6000
254.033	6000
254.068	6000
254.098	6000
254.133	6000
254.168	6000
254.198	6000
254.228	6000
254.268	6000
254.293	6000
254.333	6000
254.363	6000
254.398	6000
254.428	6000
254.453	6000
254.478	6000
254.503	6000
254.533	6000
254.568	6000
254.598	6000
254.633	6000
254.668	6000
254.698	6000
254.723	6000
254.763	6000
254.798	6000
254.833	6000
254.868	6000
254.898	6000
254.933	6000
254.968	6000
254.998	6000
255.028	6000
255.068	6000
255.098	6000
255.133	6000
255.168	6000
255.198	6000
255.228	6000
255.268	6000
255.298	6000
255.333	6000
255.358	6000
255.383	6000
255.408	6000
255.433	6000
255.468	6000
255.498	6000
255.533	6000
255.568	6000
255.598	6000
255.633	6000
255.668	6000
255.698	6000
255.733	6000
255.768	6000
255.798	6000
255.833	6000
255.863	6000
255.898	6000
255.933	6000
255.968	6000
255.998	6000
256.033	6000
256.068	6000
256.098	6000
256.133	6000
256.158	6000
256.198	6000
256.223	6000
256.268	6000
256.298	6000
256.333	6000
256.368	6000
256.398	6000
256.428	6000
256.468	6000
256.498	6000
256.533	6000
256.568	6000
256.598	6000
256.633	6000
256.668	6000
256.698	6000
256.733	6000
256.768	6000
256.798	6000
256.833	6000
256.868	6000
256.898	6000
256.933	6000
256.963	6000
256.998	6000
257.033	6000
257.058	6000
257.083	6000
257.108	6000
257.133	6000
257.158	6000
257.198	6000
257.228	6000
257.268	6000
257.298	6000
257.328	6000
257.368	6000
257.398	6000
257.433	6000
257.468	6000
257.498	6000
257.533	6000
257.568	6000
257.598	6000
257.633	6000
257.668	6000
257.698	6000
257.733	6000
257.768	6000
257.798	6000
257.833	6000
257.868	6000
257.898	6000
257.933	6000
257.968	6000
257.998	6000
258.033	6000
258.068	6000
258.098	6000
258.133	6000
258.168	6000
258.198	6000
258.228	6000
258.268	6000
258.298	6000
258.333	6000
258.368	6000
258.398	6000
258.433	6000
258.468	6000
258.498	6000
258.533	6000
258.568	6000
258.598	6000
258.633	6000
258.668	6000
258.698	6000
258.733	6000
258.768	6000
258.793	6000
258.818	6000
258.843	6000
258.868	6000
258.898	6000
258.933	6000
258.968	6000
258.998	6000
259.033	6000
259.068	6000
259.098	6000
259.128	6000
259.158	6000
259.198	6000
259.233	6000
259.258	6000
259.298	6000
259.333	6000
259.368	6000
259.398	6000
259.433	6000
259.468	6000
259.498	6000
259.533	6000
259.568	6000
259.593	6000
259.618	6000
259.643	6000
259.668	6000
259.698	6000
259.733	6000
259.768	6000
259.798	6000
259.833	6000
259.868	6000
259.898	6000
259.928	6000
259.968	6000
259.998	6000
260.033	6000
260.068	6000
260.098	6000
260.133	6000
260.158	6000
260.198	6000
260.223	6000
260.248	6000
260.273	6000
260.298	6000
260.333	6000
260.368	6000
260.393	6000
260.433	6000
260.468	6000
260.493	6000
260.533	6000
260.568	6000
260.598	6000
260.633	6000
260.668	6000
260.693	6000
260.733	6000
260.768	6000
260.798	6000
260.833	6000
260.868	6000
260.898	6000
260.923	6000
260.968	6000
260.998	6000
261.033	6000
261.058	6000
261.098	6000
261.133	6000
261.168	6000
261.198	6000
261.233	6000
261.268	6000
261.298	6000
261.328	6000
261.368	6000
261.393	6000
261.433	6000
261.463	6000
261.493	6000
261.533	6000
261.568	6000
261.598	6000
261.633	6000
261.668	6000
261.698	6000
261.733	6000
261.768	6000
261.798	6000
261.833	6000
261.868	6000
261.898	6000
261.933	6000
261.968	6000
261.998	6000
262.033	6000
262.068	6000
262.098	6000
262.133	6000
262.168	6000
262.198	6000
262.223	6000
262.248	6000
262.273	6000
262.298	6000
262.333	6000
262.368	6000
262.398	6000
262.433	6000
262.468	6000
262.493	6000
262.533	6000
262.568	6000
262.593	6000
262.618	6000
262.643	6000
262.668	6000
262.698	6000
262.733	6000
262.758	6000
262.798	6000
262.828	6000
262.868	6000
262.898	6000
262.928	6000
262.968	6000
262.998	6000
263.033	6000
263.068	6000
263.098	6000
263.123	6000
263.168	6000
263.198	6000
263.223	6000
263.248	6000
263.273	6000
263.298	6000
263.333	6000
263.358	6000
263.398	6000
263.433	6000
263.468	6000
263.498	6000
263.533	6000
263.568	6000
263.593	6000
263.633	6000
263.668	6000
263.698	6000
263.733	6000
263.768	6000
263.798	6000
263.833	6000
263.868	6000
263.898	6000
263.933	6000
263.968	6000
263.993	6000
264.018	6000
264.043	6000
264.068	6000
264.098	6000
264.133	6000
264.168	6000
264.198	6000
264.233	6000
264.268	6000
264.298	6000
264.333	6000
264.368	6000
264.398	6000
264.433	6000
264.468	6000
264.498	6000
264.533	6000
264.568	6000
264.598	6000
264.633	6000
264.668	6000
264.698	6000
264.733	6000
264.768	6000
264.798	6000
264.833	6000
264.858	6000
264.888	6000
264.933	6000
264.963	6000
264.998	6000
265.028	6000
265.068	6000
265.098	6000
265.133	6000
265.168	6000
265.198	6000
265.233	6000
265.268	6000
265.298	6000
265.333	6000
265.368	6000
265.398	6000
265.433	6000
265.468	6000
265.498	6000
265.533	6000
265.568	6000
265.593	6000
265.618	6000
265.643	6000
265.668	6000
265.698	6000
265.733	6000
265.768	6000
265.793	6000
265.828	6000
265.863	6000
265.898	6000
265.933	6000
265.968	6000
265.998	6000
266.033	6000
266.068	6000
266.098	6000
266.133	6000
266.158	6000
266.198	6000
266.223	6000
266.248	6000
266.273	6000
266.298	6000
266.333	6000
266.368	6000
266.398	6000
266.433	6000
266.468	6000
266.498	6000
266.533	6000
266.568	6000
266.598	6000
266.628	6000
266.663	6000
266.688	6000
266.733	6000
266.768	6000
266.798	6000
266.833	6000
266.868	6000
266.898	6000
266.933	6000
266.968	6000
266.998	6000
267.033	6000
267.068	6000
267.098	6000
267.133	6000
267.168	6000
267.198	6000
267.223	6000
267.248	6000
267.273	6000
267.298	6000
267.333	6000
267.368	6000
267.398	6000
267.433	6000
267.468	6000
267.498	6000
267.533	6000
267.568	6000
267.598	6000
267.633	6000
267.668	6000
267.698	6000
267.733	6000
267.768	6000
267.798	6000
267.833	6000
267.868	6000
267.898	6000
267.933	6000
267.968	6000
267.998	6000
268.033	6000
268.068	6000
268.098	6000
268.133	6000
268.158	6000
268.198	6000
268.233	6000
268.268	6000
268.298	6000
268.333	6000
268.363	6000
268.398	6000
268.433	6000
268.468	6000
268.498	6000
268.533	6000
268.568	6000
268.598	6000
268.633	6000
268.668	6000
268.698	6000
268.723	6000
268.748	6000
268.773	6000
268.798	6000
268.823	6000
268.868	6000
268.898	6000
268.923	6000
268.968	6000
268.993	6000
269.033	6000
269.058	6000
269.098	6000
269.133	6000
269.168	6000
269.198	6000
269.228	6000
269.268	6000
269.298	6000
269.323	6000
269.368	6000
269.398	6000
269.433	6000
269.468	6000
269.493	6000
269.523	6000
269.568	6000
269.598	6000
269.633	6000
269.668	6000
269.698	6000
269.733	6000
269.758	6000
269.798	6000
269.833	6000
269.863	6000
269.898	6000
269.933	6000
269.968	6000
269.998	6000
270.033	6000
270.068	6000
270.098	6000
270.128	6000
270.168	6000
270.198	6000
270.233	6000
270.258	6000
270.283	6000
270.308	6000
270.333	6000
270.368	6000
270.398	6000
270.433	6000
270.468	6000
270.498	6000
270.533	6000
270.568	6000
270.598	6000
270.633	6000
270.668	6000
270.698	6000
270.733	6000
270.768	6000
270.798	6000
270.833	6000
270.868	6000
270.898	6000
270.933	6000
270.968	6000
270.998	6000
271.033	6000
271.068	6000
271.098	6000
271.133	6000
271.168	6000
271.198	6000
271.228	6000
271.268	6000
271.293	6000
271.333	6000
271.368	6000
271.398	6000
271.433	6000
271.463	6000
271.493	6000
271.523	6000
271.568	6000
271.598	6000
271.633	6000
271.663	6000
271.698	6000
271.733	6000
271.758	6000
271.783	6000
271.808	6000
271.833	6000
271.868	6000
271.898	6000
271.933	6000
271.968	6000
271.998	6000
272.033	6000
272.063	6000
272.098	6000
272.133	6000
272.168	6000
272.198	6000
272.223	6000
272.248	6000
272.273	6000
272.298	6000
272.333	6000
272.368	6000
272.398	6000
272.433	6000
272.468	6000
272.498	6000
272.533	6000
272.568	6000
272.598	6000
272.633	6000
272.668	6000
272.698	6000
272.733	6000
272.763	6000
272.798	6000
272.833	6000
272.868	6000
272.898	6000
272.933	6000
272.968	6000
272.998	6000
273.033	6000
273.068	6000
273.098	6000
273.133	6000
273.168	6000
273.198	6000
273.233	6000
273.268	6000
273.298	6000
273.328	6000
273.368	6000
273.398	6000
273.433	6000
273.468	6000
273.498	6000
273.533	6000
273.568	6000
273.598	6000
273.633	6000
273.663	6000
273.698	6000
273.733	6000
273.768	6000
273.798	6000
273.833	6000
273.858	6000
273.898	6000
273.933	6000
273.968	6000
273.998	6000
274.023	6000
274.068	6000
274.098	6000
274.133	6000
274.168	6000
274.198	6000
274.233	6000
274.268	6000
274.298	6000
274.333	6000
274.358	6000
274.398	6000
274.433	6000
274.468	6000
274.498	6000
274.533	6000
274.568	6000
274.598	6000
274.633	6000
274.668	6000
274.698	6000
274.733	6000
274.768	6000
274.798	6000
274.833	6000
274.868	6000
274.893	6000
274.933	6000
274.968	6000
274.998	6000
275.033	6000
275.068	6000
275.098	6000
275.133	6000
275.168	6000
275.198	6000
275.233	6000
275.268	6000
275.298	6000
275.333	6000
275.368	6000
275.398	6000
275.433	6000
275.468	6000
275.498	6000
275.533	6000
275.558	6000
275.598	6000
275.628	6000
275.668	6000
275.698	6000
275.728	6000
275.768	6000
275.798	6000
275.828	6000
275.868	6000
275.898	6000
275.933	6000
275.968	6000
275.998	6000
276.033	6000
276.068	6000
276.093	6000
276.133	6000
276.168	6000
276.198	6000
276.233	6000
276.268	6000
276.298	6000
276.333	6000
276.368	6000
276.398	6000
276.433	6000
276.458	6000
276.493	6000
276.533	6000
276.568	6000
276.598	6000
276.633	6000
276.668	6000
276.698	6000
276.733	6000
276.768	6000
276.798	6000
276.833	6000
276.868	6000
276.898	6000
276.933	6000
276.968	6000
276.998	6000
277.033	6000
277.068	6000
277.098	6000
277.133	6000
277.168	6000
277.198	6000
277.233	6000
277.268	6000
277.298	6000
277.333	6000
277.368	6000
277.398	6000
277.433	6000
277.468	6000
277.498	6000
277.533	6000
277.563	6000
277.598	6000
277.633	6000
277.668	6000
277.698	6000
277.728	6000
277.768	6000
277.798	6000
277.833	6000
277.868	6000
277.898	6000
277.933	6000
277.968	6000
277.998	6000
278.023	6000
278.068	6000
278.098	6000
278.133	6000
278.168	6000
278.198	6000
278.233	6000
278.268	6000
278.298	6000
278.333	6000
278.368	6000
278.398	6000
278.433	6000
278.468	6000
278.493	6000
278.528	6000
278.568	6000
278.598	6000
278.628	6000
278.668	6000
278.698	6000
278.733	6000
278.768	6000
278.798	6000
278.833	6000
278.868	6000
278.898	6000
278.933	6000
278.968	6000
278.998	6000
279.033	6000
279.068	6000
279.098	6000
279.133	6000
279.168	6000
279.198	6000
279.233	6000
279.268	6000
279.298	6000
279.333	6000
279.368	6000
279.398	6000
279.433	6000
279.468	6000
279.498	6000
279.533	6000
279.568	6000
279.598	6000
279.633	6000
279.668	6000
279.693	6000
279.733	6000
279.768	6000
279.798	6000
279.833	6000
279.868	6000
279.893	6000
279.933	6000
279.968	6000
279.998	6000
280.033	6000
280.063	6000
280.098	6000
280.133	6000
280.168	6000
280.198	6000
280.233	6000
280.268	6000
280.293	6000
280.318	6000
280.343	6000
280.368	6000
280.393	6000
280.418	6000
280.468	6000
280.493	6000
280.533	6000
280.568	6000
280.598	6000
280.633	6000
280.668	6000
280.698	6000
280.733	6000
280.768	6000
280.798	6000
280.833	6000
280.868	6000
280.898	6000
280.933	6000
280.968	6000
280.998	6000
281.033	6000
281.068	6000
281.093	6000
281.133	6000
281.168	6000
281.198	6000
281.233	6000
281.268	6000
281.298	6000
281.333	6000
281.368	6000
281.398	6000
281.433	6000
281.468	6000
281.498	6000
281.533	6000
281.568	6000
281.598	6000
281.633	6000
281.668	6000
281.698	6000
281.723	6000
281.748	6000
281.773	6000
281.798	6000
281.833	6000
281.868	6000
281.898	6000
281.933	6000
281.968	6000
281.998	6000
282.033	6000
282.058	6000
282.098	6000
282.133	6000
282.158	6000
282.198	6000
282.233	6000
282.268	6000
282.298	6000
282.333	6000
282.363	6000
282.398	6000
282.433	6000
282.468	6000
282.498	6000
282.533	6000
282.558	6000
282.598	6000
282.633	6000
282.663	6000
282.698	6000
282.728	6000
282.768	6000
282.793	6000
282.833	6000
282.868	6000
282.898	6000
282.933	6000
282.968	6000
282.998	6000
283.033	6000
283.058	6000
283.083	6000
283.108	6000
283.133	6000
283.168	6000
283.198	6000
283.233	6000
283.268	6000
283.293	6000
283.318	6000
283.343	6000
283.368	6000
283.398	6000
283.433	6000
283.468	6000
283.498	6000
283.533	6000
283.568	6000
283.598	6000
283.633	6000
283.668	6000
283.698	6000
283.733	6000
283.768	6000
283.798	6000
283.833	6000
283.868	6000
283.898	6000
283.933	6000
283.968	6000
283.998	6000
284.033	6000
284.058	6000
284.098	6000
284.133	6000
284.168	6000
284.198	6000
284.223	6000
284.268	6000
284.298	6000
284.333	6000
284.368	6000
284.398	6000
284.428	6000
284.458	6000
284.483	6000
284.508	6000
284.533	6000
284.568	6000
284.598	6000
284.633	6000
284.663	6000
284.698	6000
284.733	6000
284.768	6000
284.798	6000
284.833	6000
284.868	6000
284.898	6000
284.933	6000
284.968	6000
284.998	6000
285.033	6000
285.058	6000
285.098	6000
285.133	6000
285.168	6000
285.198	6000
285.233	6000
285.268	6000
285.298	6000
285.328	6000
285.368	6000
285.398	6000
285.428	6000
285.468	6000
285.498	6000
285.533	6000
285.568	6000
285.598	6000
285.633	6000
285.668	6000
285.698	6000
285.733	6000
285.768	6000
285.793	6000
285.818	6000
285.843	6000
285.868	6000
285.898	6000
285.933	6000
285.963	6000
285.998	6000
286.033	6000
286.068	6000
286.098	6000
286.133	6000
286.168	6000
286.198	6000
286.233	6000
286.268	6000
286.298	6000
286.333	6000
286.368	6000
286.393	6000
286.418	6000
286.443	6000
286.468	6000
286.498	6000
286.533	6000
286.568	6000
286.598	6000
286.633	6000
286.663	6000
286.693	6000
286.733	6000
286.768	6000
286.798	6000
286.833	6000
286.868	6000
286.898	6000
286.928	6000
286.968	6000
286.998	6000
287.033	6000
287.058	6000
287.083	6000
287.108	6000
287.133	6000
287.168	6000
287.198	6000
287.233	6000
287.268	6000
287.298	6000
287.333	6000
287.358	6000
287.398	6000
287.433	6000
287.468	6000
287.498	6000
287.523	6000
287.568	6000
287.598	6000
287.633	6000
287.668	6000
287.698	6000
287.733	6000
287.768	6000
287.798	6000
287.833	6000
287.868	6000
287.898	6000
287.933	6000
287.968	6000
287.998	6000
288.033	6000
288.068	6000
288.098	6000
288.128	6000
288.168	6000
288.198	6000
288.228	6000
288.268	6000
288.298	6000
288.323	6000
288.348	6000
288.373	6000
288.398	6000
288.433	6000
288.468	6000
288.493	6000
288.533	6000
288.568	6000
288.593	6000
288.633	6000
288.668	6000
288.698	6000
288.733	6000
288.768	6000
288.798	6000
288.833	6000
288.868	6000
288.898	6000
288.933	6000
288.968	6000
288.998	6000
289.033	6000
289.068	6000
289.098	6000
289.133	6000
289.168	6000
289.198	6000
289.228	6000
289.268	6000
289.298	6000
289.333	6000
289.368	6000
289.398	6000
289.433	6000
289.468	6000
289.498	6000
289.533	6000
289.568	6000
289.598	6000
289.623	6000
289.648	6000
289.673	6000
289.698	6000
289.733	6000
289.768	6000
289.798	6000
289.833	6000
289.868	6000
289.898	6000
289.933	6000
289.968	6000
289.998	6000
290.033	6000
290.068	6000
290.098	6000
290.133	6000
290.158	6000
290.183	6000
290.208	6000
290.233	6000
290.268	6000
290.298	6000
290.333	6000
290.368	6000
290.398	6000
290.433	6000
290.468	6000
290.498	6000
290.523	6000
290.568	6000
290.598	6000
290.633	6000
290.668	6000
290.698	6000
290.733	6000
290.768	6000
290.798	6000
290.823	6000
290.848	6000
290.873	6000
290.898	6000
290.933	6000
290.968	6000
290.998	6000
291.033	6000
291.068	6000
291.098	6000
291.133	6000
291.168	6000
291.198	6000
291.233	6000
291.268	6000
291.298	6000
291.323	6000
291.368	6000
291.398	4800
291.433	4800
291.468	4800
291.498	4800
291.533	4800
291.568	4800
291.598	4800
291.633	4800
291.668	4800
291.698	4800
291.733	4800
291.768	4800
291.798	4800
291.833	5185
291.868	5185
291.898	5185
291.933	5185
291.968	5185
291.998	5185
292.033	5185
292.068	5185
292.098	5185
292.123	5185
292.148	5185
292.173	5185
292.198	5185
292.233	5185
292.268	5185
292.298	5185
292.333	5185
292.368	5185
292.398	4148
292.433	4148
292.468	4148
292.498	4148
292.533	4148
292.568	4148
292.598	4148
292.633	4148
292.668	4148
292.698	3555.11
292.733	3555.11
292.768	3555.11
292.798	3555.11
292.833	3555.11
292.868	3555.11
292.898	3192.99
292.933	3192.99
292.968	3192.99
292.998	3192.99
293.033	3192.99
293.068	3192.99
293.098	2940.93
293.133	2940.93
293.168	2940.93
293.198	2940.93
293.233	2940.93
293.268	2940.93
293.298	2531.16
293.333	2531.16
293.368	2531.16
293.398	2024.93
293.433	2024.93
293.468	2024.93
293.498	2024.93
293.533	2024.93
293.568	2024.93
293.598	2024.93
293.633	2024.93
293.668	2024.93
293.698	2007.7
293.733	2007.7
293.768	2007.7
293.798	2007.7
293.833	2007.7
293.868	2007.7
293.898	1688.02
293.933	1688.02
293.968	1688.02
293.998	1688.02
294.033	1688.02
294.068	1688.02
294.098	1621.31
294.133	1621.31
294.168	1621.31
294.198	1621.31
294.233	1621.31
294.268	1621.31
294.298	1448.2
294.333	1448.2
294.368	1448.2
294.393	1158.56
294.418	1158.56
294.443	1158.56
294.468	1158.56
294.498	1158.56
294.533	1158.56
294.568	1158.56
294.598	1158.56
294.633	1158.56
294.668	1158.56
294.698	1099.96
294.733	1099.96
294.768	1099.96
294.798	1099.96
294.833	1099.96
294.868	1099.96
294.898	986.698
294.933	986.698
294.968	986.698
294.998	986.698
295.033	986.698
295.068	986.698
295.098	872.81
295.133	872.81
295.168	872.81
295.198	872.81
295.233	872.81
295.268	872.81
295.298	791.149
295.333	791.149
295.368	791.149
295.398	632.919
295.423	632.919
295.453	632.919
295.498	632.919
295.533	632.919
295.568	632.919
295.598	632.919
295.633	632.919
295.668	632.919
295.698	586.231
295.733	586.231
295.768	586.231
295.798	586.231
295.833	586.231
295.898	516.382
295.933	516.382
295.968	516.382
295.998	516.382
296.033	516.382
296.068	516.382
296.098	516.382
296.133	516.382
296.168	516.382
296.198	516.382
296.233	516.382
296.268	516.382
296.298	413.76
296.333	413.76
296.368	413.76
296.398	331.008
296.433	331.008
296.468	331.008
296.498	331.008
296.533	331.008
296.568	331.008
296.598	331.008
296.633	331.008
296.668	331.008
296.698	331.008
296.733	331.008
296.768	331.008
296.798	331.008
296.833	331.008
296.868	331.008
296.898	322.431
296.933	322.431
296.968	322.431
296.998	322.431
297.033	322.431
297.068	322.431
297.098	285.124
297.133	285.124
297.168	285.124
297.198	285.124
297.233	285.124
297.268	285.124
297.298	261.924
297.333	261.924
297.368	261.924
297.398	209.539
297.433	209.539
297.468	209.539
297.498	209.539
297.533	209.539
297.568	209.539
297.598	209.539
297.633	209.539
297.668	209.539
297.698	202.877
297.733	202.877
297.768	202.877
297.798	202.877
297.833	202.877
297.868	202.877
297.898	202.877
297.938	150.51
297.968	150.51
297.998	150.51
298.033	150.51
298.068	150.51
298.098	150.51
298.133	150.51
298.168	150.51
298.198	133.276
298.233	133.276
298.268	133.276
298.298	133.276
298.333	133.276
298.368	133.276
298.403	106.621
298.443	106.621
298.468	106.621
298.498	106.621
298.533	106.621
298.568	106.621
298.598	106.621
298.633	106.621
298.668	106.621
298.698	106.621
298.733	106.621
298.768	106.621
298.798	106.621
298.833	106.621
298.868	106.621
298.898	106.621
298.933	106.621
298.968	106.621
298.998	106.621
299.033	106.621
299.068	106.621
299.098	106.621
299.133	106.621
299.168	106.621
299.198	106.621
299.233	106.621
299.268	106.621
299.298	100
299.333	100
299.368	100
299.398	100
299.433	100
299.468	100
299.498	100
299.533	100
299.568	100
299.598	100
299.633	100
299.668	100
299.698	100
299.733	100
299.768	100
299.798	100
299.833	100
299.868	100
299.898	100
299.933	100
299.968	100
299.998	100
300.033	100
300.068	100
300.098	100
300.133	100
300.168	100
300.198	100
300.233	100
300.268	100
300.298	100
300.333	100
300.368	100
300.398	100
300.433	100
300.468	100
300.498	100
300.533	100
300.568	100
300.598	100
300.633	100
300.668	100
300.698	100
300.733	100
300.768	100
300.798	100
300.833	100
300.868	100
300.898	100
300.933	100
300.968	100
300.998	100
301.033	100
301.068	100
301.098	100
301.133	100
301.168	100
301.198	100
301.233	100
301.268	100
301.298	100
301.333	100
301.368	100
301.398	100
301.433	100
301.468	100
301.498	100
301.533	100
301.568	100
301.598	100
301.633	100
301.668	100
301.698	100
301.733	100
301.768	100
301.798	100
301.833	100
301.868	100
301.898	100
301.933	100
301.968	100
301.998	100
302.033	100
302.068	100
302.098	100
302.133	100
302.168	100
302.198	100
302.233	100
302.268	100
302.298	100
302.333	100
302.368	100
302.398	100
302.433	100
302.468	100
302.498	100
302.533	100
302.568	100
302.598	100
302.633	100
302.668	100
302.698	100
302.733	100
302.768	100
302.798	100
302.833	100
302.868	100
302.898	100
302.933	100
302.968	100
302.998	100
303.033	100
303.068	100
303.098	100
303.133	100
303.168	100
303.198	100
303.233	100
303.268	100
303.298	100
303.333	100
303.368	100
303.398	100
303.433	100
303.468	100
303.498	100
303.533	100
303.568	100
303.598	100
303.633	100
303.668	100
303.698	100
303.733	100
303.768	100
303.798	100
303.833	100
303.868	100
303.898	100
303.933	100
303.968	100
303.998	100
304.033	100
304.068	100
304.098	100
304.133	100
304.168	100
304.198	100
304.233	100
304.268	100
304.298	100
304.333	100
304.368	100
304.398	100
304.433	100
304.468	100
304.498	100
304.533	100
304.568	100
304.598	100
304.633	100
304.668	100
304.698	100
304.733	100
304.768	100
304.798	100
304.833	100
304.868	100
304.898	100
304.933	100
304.968	100
304.998	100
305.033	100
305.068	100
305.098	100
305.133	100
305.168	100
305.198	100
305.233	100
305.268	100
305.298	100
305.333	100
305.368	100
305.398	100
305.433	100
305.468	100
305.498	100
305.533	100
305.568	100
305.598	100
305.633	100
305.668	100
305.698	100
305.733	100
305.768	100
305.798	100
305.833	100
305.868	100
305.898	100
305.933	100
305.968	100
305.998	100
306.033	100
306.068	100
306.098	100
306.133	100
306.168	100
306.198	100
306.233	100
306.268	100
306.298	100
306.333	100
306.368	100
306.398	100
306.433	100
306.468	100
306.498	100
306.533	100
306.568	100
306.598	100
306.633	100
306.668	100
306.698	100
306.733	100
306.768	100
306.798	100
306.833	100
306.868	100
306.898	100
306.933	100
306.968	100
306.998	100
307.033	100
307.068	100
307.098	100
307.133	100
307.168	100
307.198	100
307.233	100
307.268	100
307.298	100
307.333	100
307.368	100
307.398	100
307.433	100
307.468	100
307.498	100
307.533	100
307.568	100
307.598	100
307.633	100
307.668	100
307.698	100
307.733	100
307.768	100
307.798	100
307.833	100
307.868	100
307.898	100
307.933	100
307.968	100
307.998	100
308.033	100
308.068	100
308.098	100
308.133	100
308.168	100
308.198	100
308.233	100
308.268	100
308.298	100
308.333	100
308.368	100
308.398	100
308.433	100
308.468	100
308.498	100
308.533	100
308.568	100
308.598	100
308.633	100
308.668	100
308.698	100
308.733	100
308.768	100
308.798	100
308.833	100
308.868	100
308.898	100
308.933	100
308.968	100
308.998	100
309.033	100
309.068	100
309.098	100
309.133	100
309.168	100
309.198	100
309.233	100
309.268	100
309.298	100
309.333	100
309.368	100
309.398	100
309.433	100
309.468	100
309.498	100
