0.035	500
0.063	500
0.113	500
0.138	1489.14
0.168	1489.14
0.203	3046.77
0.237	3046.77
0.272	2985.83
0.302	2924.9
0.337	2924.9
0.372	2863.96
0.402	2863.96
0.437	2803.03
0.472	2863.96
0.502	2803.03
0.537	2863.96
0.572	2803.03
0.602	2803.03
0.637	2742.09
0.672	2681.16
0.702	2742.09
0.737	2803.03
0.772	2742.09
0.802	2742.09
0.837	2742.09
0.867	2803.03
0.902	2863.96
0.937	2803.03
0.972	2742.09
1.002	2742.09
1.037	2681.16
1.072	2620.22
1.102	2681.16
1.137	2742.09
1.172	2681.16
1.202	2681.16
1.237	2620.22
1.272	2559.28
1.302	2620.22
1.337	2681.16
1.372	2742.09
1.402	2803.03
1.437	2863.96
1.472	2924.9
1.502	2985.83
1.537	3046.77
1.572	2985.83
1.602	2985.83
1.637	2863.96
1.672	2924.9
1.702	2924.9
1.737	2863.96
1.772	2924.9
1.802	2863.96
1.827	2863.96
1.857	2803.03
1.882	2803.03
1.907	2863.96
1.937	2924.9
1.972	2985.83
2.002	3046.77
2.037	3107.7
2.072	3168.64
2.102	3168.64
2.137	3107.7
2.172	2985.83
2.202	2985.83
2.237	2924.9
2.272	2863.96
2.302	2803.03
2.337	2681.16
2.372	2620.22
2.402	2559.28
2.437	2620.22
2.472	2681.16
2.502	2681.16
2.537	2620.22
2.572	2681.16
2.602	2620.22
2.637	2681.16
2.672	2742.09
2.702	2742.09
2.737	2681.16
2.772	2620.22
2.802	2559.28
2.837	2437.42
2.872	2376.48
2.902	2376.48
2.937	2437.42
2.972	2376.48
3.002	2315.54
3.037	2376.48
3.072	2376.48
3.102	2315.54
3.137	2254.61
3.172	2315.54
3.197	2315.54
3.237	2254.61
3.272	2193.67
3.302	2254.61
3.337	2315.54
3.372	2254.61
3.402	2193.67
3.437	2254.61
3.472	2254.61
3.502	2193.67
3.537	2132.74
3.572	2193.67
3.602	2193.67
3.637	2132.74
3.672	2071.8
3.702	2071.8
3.737	2132.74
3.772	2071.8
3.802	2132.74
3.837	2071.8
3.872	2010.87
3.902	2071.8
3.937	2071.8
3.972	2010.87
4.002	2010.87
4.037	2071.8
4.072	2010.87
4.102	2010.87
4.137	2071.8
4.172	2010.87
4.202	2010.87
4.237	1949.93
4.272	1889
4.302	1889
4.337	1767.13
4.372	1706.19
4.402	1706.19
4.437	1767.13
4.472	1767.13
4.502	1706.19
4.532	1706.19
4.572	1645.26
4.602	1706.19
4.637	1706.19
4.672	1645.26
4.702	1645.26
4.737	1584.32
4.772	1584.32
4.802	1645.26
4.837	1584.32
4.872	1645.26
4.902	1645.26
4.937	1706.19
4.972	1767.13
5.002	1767.13
5.037	1706.19
5.072	1706.19
5.102	1645.26
5.137	1645.26
5.172	1584.32
5.202	1584.32
5.237	1645.26
5.272	1706.19
5.302	1706.19
5.337	1706.19
5.372	1706.19
5.402	1706.19
5.437	1706.19
5.472	1645.26
5.502	1645.26
5.537	1706.19
5.572	1706.19
5.602	1767.13
5.637	1767.13
5.672	1706.19
5.702	1706.19
5.737	1767.13
5.772	1706.19
5.802	1706.19
5.837	1706.19
5.872	1706.19
5.902	1645.26
5.937	1645.26
5.972	1706.19
6.002	1706.19
6.037	1645.26
6.072	1706.19
6.102	1706.19
6.137	1706.19
6.172	1645.26
6.202	1645.26
6.237	1706.19
6.272	1645.26
6.302	1645.26
6.337	1645.26
6.372	1645.26
6.402	1584.32
6.437	1584.32
6.472	1645.26
6.502	1645.26
6.537	1584.32
6.572	1645.26
6.602	1645.26
6.637	1584.32
6.672	1584.32
6.702	1645.26
6.737	1645.26
6.772	1706.19
6.802	1706.19
6.837	1828.06
6.872	1828.06
6.902	1889
6.937	1828.06
6.972	1828.06
7.002	1767.13
7.037	1767.13
7.072	1706.19
7.102	1706.19
7.137	1767.13
7.172	1706.19
7.202	1706.19
7.237	1645.26
7.272	1645.26
7.302	1706.19
7.337	1706.19
7.372	1828.06
7.402	1828.06
7.437	1889
7.472	1828.06
7.502	1828.06
7.537	1767.13
7.572	1706.19
7.602	1706.19
7.637	1645.26
7.672	1645.26
7.702	1584.32
7.737	1584.32
7.772	1523.38
7.802	1523.38
7.837	1523.38
7.872	1523.38
7.902	1523.38
7.937	1584.32
7.972	1584.32
8.002	1584.32
8.037	1523.38
8.072	1584.32
8.102	1584.32
8.137	1645.25
8.172	1645.25
8.202	1584.32
8.237	1584.32
8.272	1645.25
8.302	1645.25
8.337	1523.38
8.372	1523.38
8.402	1584.32
8.437	1523.38
8.472	1523.38
8.502	1523.38
8.537	1523.38
8.562	1523.38
8.587	1523.38
8.612	1523.38
8.637	1584.32
8.672	1584.32
8.697	1584.32
8.737	1645.25
8.772	1706.19
8.802	1706.19
8.837	1584.32
8.872	1584.32
8.902	1523.38
8.937	1523.38
8.972	1584.32
9.002	1584.32
9.037	1523.38
9.072	1584.32
9.102	1584.32
9.137	1645.25
9.172	1645.25
9.202	1706.19
9.237	1706.19
9.272	1645.25
9.302	1645.25
9.337	1584.32
9.372	1584.32
9.402	1523.38
9.437	1523.38
9.472	1584.32
9.502	1584.32
9.532	1645.25
9.572	1706.19
9.602	1706.19
9.637	1645.25
9.672	1645.25
9.702	1645.25
9.737	1584.32
9.772	1645.25
9.802	1645.25
9.837	1767.12
9.872	1767.12
9.902	1706.19
9.937	1767.12
9.972	1767.12
10.002	1767.12
10.037	1828.06
10.072	1767.12
10.102	1767.12
10.137	1706.19
10.172	1767.12
10.202	1767.12
10.237	1706.19
10.272	1767.12
10.302	1767.12
10.337	1706.19
10.372	1645.25
10.402	1706.19
10.437	1706.19
10.472	1767.12
10.502	1767.12
10.537	1706.19
10.572	1767.12
10.602	1767.12
10.637	1706.19
10.672	1706.19
10.702	1706.19
10.737	1645.25
10.762	1584.32
10.802	1584.32
10.837	1706.19
10.872	1645.25
10.902	1645.25
10.937	1584.32
10.972	1584.32
11.002	1584.32
11.037	1645.25
11.072	1706.19
11.102	1706.19
11.137	1645.25
11.172	1645.25
11.202	1706.19
11.237	1645.25
11.272	1645.25
11.302	1645.25
11.337	1584.32
11.372	1584.32
11.402	1584.32
11.437	1523.38
11.462	1523.38
11.502	1523.38
11.537	1584.32
11.572	1523.38
11.602	1523.38
11.627	1523.38
11.652	1584.32
11.677	1503.86
11.702	1503.86
11.737	1446.02
11.772	1446.02
11.802	1446.02
11.837	1446.02
11.872	1446.02
11.902	1446.02
11.937	1446.02
11.972	1446.02
12.002	1446.02
12.037	1446.02
12.072	1503.86
12.102	1503.86
12.137	1503.86
12.172	1446.02
12.202	1446.02
12.237	1446.02
12.272	1446.02
12.302	1503.86
12.337	1503.86
12.372	1503.86
12.402	1503.86
12.437	1503.86
12.472	1446.02
12.502	1446.02
12.537	1503.86
12.572	1503.86
12.602	1446.02
12.637	1446.02
12.672	1503.86
12.702	1503.86
12.727	1503.86
12.772	1561.7
12.802	1561.7
12.837	1503.86
12.872	1561.7
12.902	1561.7
12.937	1503.86
12.972	1503.86
13.002	1561.7
13.037	1561.7
13.072	1503.86
13.102	1503.86
13.137	1561.7
13.172	1619.55
13.202	1619.55
13.237	1619.55
13.272	1677.39
13.302	1677.39
13.337	1619.55
13.372	1503.86
13.402	1503.86
13.437	1446.02
13.472	1446.02
13.502	1446.02
13.537	1503.86
13.572	1446.02
13.602	1446.02
13.637	1446.02
13.672	1503.86
13.702	1503.86
13.737	1446.02
13.772	1446.02
13.802	1503.86
13.837	1503.86
13.862	1561.7
13.902	1619.55
13.937	1561.7
13.972	1619.55
14.002	1619.55
14.037	1561.7
14.072	1561.7
14.102	1619.55
14.137	1619.55
14.172	1677.39
14.202	1677.39
14.237	1619.55
14.272	1619.55
14.302	1561.7
14.337	1561.7
14.372	1561.7
14.402	1561.7
14.437	1503.86
14.472	1503.86
14.502	1446.02
14.527	1446.02
14.572	1446.02
14.602	1503.86
14.627	1503.86
14.657	1503.86
14.682	1446.02
14.707	1446.02
14.737	1446.02
14.772	1446.02
14.802	1446.02
14.837	1446.02
14.872	1446.02
14.902	1446.02
14.937	1446.02
14.972	1446.02
15.002	1446.02
15.037	1503.86
15.072	1503.86
15.102	1503.86
15.137	1561.7
15.172	1619.55
15.202	1619.55
15.237	1561.7
15.272	1561.7
15.302	1503.86
15.337	1503.86
15.372	1619.55
15.402	1619.55
15.437	1561.7
15.472	1561.7
15.502	1619.55
15.537	1677.39
15.572	1677.39
15.602	1677.39
15.637	1619.55
15.672	1561.7
15.702	1561.7
15.737	1503.86
15.772	1503.86
15.802	1561.7
15.837	1561.7
15.872	1446.02
15.902	1446.02
15.937	1446.02
15.972	1446.02
16.002	1446.02
16.037	1503.86
16.072	1561.7
16.102	1561.7
16.137	1503.86
16.172	1503.86
16.202	1503.86
16.227	1446.02
16.272	1503.86
16.302	1503.86
16.337	1503.86
16.372	1503.86
16.402	1503.86
16.437	1446.02
16.472	1503.86
16.502	1503.86
16.537	1446.02
16.572	1446.02
16.602	1446.02
16.637	1446.02
16.672	1446.02
16.702	1446.02
16.737	1446.02
16.767	1503.86
16.802	1503.86
16.837	1446.02
16.867	1446.02
16.902	1503.86
16.937	1503.86
16.967	1561.7
17.002	1561.7
17.027	1561.7
17.067	1619.55
17.102	1561.7
17.137	1561.7
17.167	1619.55
17.202	1619.55
17.237	1561.7
17.267	1561.7
17.302	1619.55
17.337	1561.7
17.367	1619.55
17.402	1561.7
17.437	1561.7
17.467	1503.86
17.502	1503.86
17.537	1561.7
17.567	1561.7
17.602	1619.55
17.637	1619.55
17.667	1561.7
17.692	1561.7
17.737	1619.55
17.767	1619.55
17.802	1561.7
17.837	1561.7
17.867	1561.7
17.902	1503.86
17.937	1503.86
17.967	1503.86
18.002	1561.7
18.037	1503.86
18.067	1503.86
18.102	1561.7
18.137	1561.7
18.167	1503.86
18.202	1503.86
18.237	1561.7
18.267	1561.7
18.302	1619.55
18.337	1619.55
18.367	1561.7
18.402	1619.55
18.437	1677.39
18.462	1677.39
18.502	1619.55
18.537	1561.7
18.567	1561.7
18.602	1503.86
18.637	1503.86
18.667	1561.7
18.702	1561.7
18.737	1503.86
18.767	1503.86
18.802	1561.7
18.837	1561.7
18.867	1446.02
18.902	1446.02
18.937	1503.86
18.967	1503.86
19.002	1561.7
19.037	1561.7
19.067	1503.86
19.102	1503.86
19.137	1446.02
19.167	1446.02
19.202	1446.02
19.237	1446.02
19.267	1503.86
19.292	1503.86
19.322	1503.86
19.352	1503.86
19.377	1503.86
19.402	1446.02
19.437	1446.02
19.467	1446.02
19.502	1446.02
19.537	1503.86
19.567	1503.86
19.602	1503.86
19.637	1561.7
19.667	1503.86
19.702	1503.86
19.737	1561.7
19.767	1561.7
19.802	1619.55
19.837	1619.55
19.867	1561.7
19.902	1619.55
19.937	1677.39
19.962	1677.39
19.997	1619.55
20.027	1619.55
20.067	1561.7
20.102	1561.7
20.137	1503.86
20.167	1503.86
20.202	1561.7
20.237	1561.7
20.267	1503.86
20.302	1503.86
20.337	1619.55
20.367	1619.55
20.402	1677.39
20.437	1677.39
20.467	1619.55
20.502	1619.55
20.537	1677.39
20.567	1677.39
20.602	1619.55
20.637	1619.55
20.667	1677.39
20.702	1619.55
20.737	1619.55
20.767	1619.55
20.802	1561.7
20.837	1677.39
20.867	1677.39
20.902	1619.55
20.937	1619.55
20.967	1677.39
21.002	1677.39
21.037	1619.55
21.067	1619.55
21.102	1561.7
21.137	1561.7
21.167	1503.86
21.202	1503.86
21.237	1561.7
21.267	1561.7
21.302	1619.55
21.337	1677.39
21.367	1619.55
21.392	1619.55
21.437	1561.7
21.467	1619.55
21.502	1619.55
21.537	1561.7
21.567	1561.7
21.597	1561.7
21.637	1503.86
21.667	1561.7
21.702	1561.7
21.737	1503.86
21.767	1503.86
21.802	1446.02
21.827	1446.02
21.857	1446.02
21.902	1561.7
21.937	1561.7
21.967	1561.7
22.002	1503.86
22.037	1561.7
22.067	1561.7
22.092	1561.7
22.137	1619.55
22.167	1561.7
22.202	1561.7
22.237	1503.86
22.267	1503.86
22.302	1446.02
22.337	1446.02
22.367	1446.02
22.402	1446.02
22.437	1446.02
22.467	1446.02
22.502	1446.02
22.537	1503.86
22.567	1503.86
22.602	1561.7
22.637	1561.7
22.667	1503.86
22.702	1503.86
22.737	1446.02
22.767	1446.02
22.792	1446.02
22.837	1503.86
22.867	1503.86
22.902	1619.55
22.937	1619.55
22.967	1561.7
23.002	1561.7
23.037	1503.86
23.067	1503.86
23.102	1561.7
23.137	1561.7
23.167	1503.86
23.202	1561.7
23.237	1561.7
23.267	1561.7
23.302	1619.55
23.337	1619.55
23.367	1619.55
23.402	1677.39
23.437	1677.39
23.467	1619.55
23.502	1619.55
23.537	1677.39
23.567	1677.39
23.602	1619.55
23.637	1619.55
23.667	1677.39
23.702	1677.39
23.737	1619.55
23.767	1619.55
23.802	1561.7
23.837	1503.86
23.867	1446.02
23.902	1503.86
23.937	1503.86
23.967	1561.7
24.002	1561.7
24.037	1503.86
24.067	1503.86
24.102	1561.7
24.137	1561.7
24.167	1619.55
24.202	1619.55
24.237	1561.7
24.267	1561.7
24.302	1503.86
24.337	1503.86
24.367	1503.86
24.402	1561.7
24.437	1561.7
24.467	1561.7
24.502	1503.86
24.537	1446.02
24.567	1446.02
24.602	1503.86
24.637	1503.86
24.662	1503.86
24.702	1561.7
24.737	1503.86
24.767	1503.86
24.802	1446.02
24.827	1446.02
24.867	1446.02
24.902	1446.02
24.937	1503.86
24.967	1503.86
25.002	1561.7
25.037	1503.86
25.067	1503.86
25.102	1446.02
25.137	1446.02
25.167	1503.86
25.202	1503.86
25.237	1446.02
25.267	1446.02
25.292	1446.02
25.337	1446.02
25.367	1446.02
25.402	1446.02
25.437	1446.02
25.467	1446.02
25.502	1503.86
25.537	1503.86
25.567	1561.7
25.602	1619.55
25.637	1619.55
25.667	1619.55
25.702	1561.7
25.737	1619.55
25.767	1619.55
25.802	1561.7
25.837	1561.7
25.867	1561.7
25.902	1561.7
25.937	1503.86
25.967	1503.86
26.002	1561.7
26.037	1561.7
26.067	1503.86
26.102	1503.86
26.137	1561.7
26.167	1561.7
26.202	1503.86
26.237	1561.7
26.267	1561.7
26.302	1619.55
26.337	1619.55
26.367	1619.55
26.392	1619.55
26.437	1677.39
26.467	1677.39
26.502	1619.55
26.537	1619.55
26.567	1561.7
26.602	1561.7
26.637	1503.86
26.667	1503.86
26.702	1446.02
26.737	1446.02
26.767	1503.86
26.802	1503.86
26.837	1503.86
26.867	1503.86
26.892	1503.86
26.937	1561.7
26.967	1503.86
27.002	1503.86
27.037	1561.7
27.067	1561.7
27.102	1503.86
27.137	1561.7
27.167	1561.7
27.202	1503.86
27.237	1503.86
27.267	1561.7
27.302	1561.7
27.337	1446.02
27.367	1446.02
27.402	1503.86
27.437	1503.86
27.467	1561.7
27.492	1561.7
27.537	1503.86
27.567	1503.86
27.602	1561.7
27.637	1619.55
27.667	1619.55
27.702	1561.7
27.737	1561.7
27.767	1561.7
27.802	1503.86
27.837	1619.55
27.867	1619.55
27.902	1561.7
27.937	1561.7
27.967	1619.55
28.002	1619.55
28.037	1561.7
28.067	1561.7
28.102	1619.55
28.137	1619.55
28.167	1561.7
28.202	1561.7
28.237	1503.86
28.267	1503.86
28.302	1561.7
28.337	1503.86
28.367	1446.02
28.402	1446.02
28.437	1446.02
28.467	1503.86
28.502	1503.86
28.537	1561.7
28.567	1561.7
28.602	1619.55
28.637	1619.55
28.667	1561.7
28.702	1561.7
28.737	1503.86
28.767	1503.86
28.802	1561.7
28.837	1619.55
28.867	1677.39
28.902	1677.39
28.927	1735.23
28.967	1735.23
29.002	1677.39
29.037	1735.23
29.067	1735.23
29.102	1677.39
29.127	1677.39
29.167	1619.55
29.202	1619.55
29.237	1677.39
29.267	1677.39
29.302	1619.55
29.337	1619.55
29.367	1735.23
29.402	1793.07
29.437	1793.07
29.467	1735.23
29.502	1735.23
29.537	1677.39
29.567	1677.39
29.602	1735.23
29.637	1735.23
29.667	1793.07
29.702	1793.07
29.737	1735.23
29.767	1677.39
29.802	1677.39
29.837	1561.7
29.867	1561.7
29.902	1619.55
29.937	1619.55
29.967	1561.7
29.992	1561.7
30.037	1619.55
30.067	1619.55
30.102	1677.39
30.137	1619.55
30.167	1619.55
30.202	1561.7
30.237	1561.7
30.267	1503.86
30.302	1503.86
30.337	1619.55
30.367	1619.55
30.402	1561.7
30.437	1561.7
30.467	1619.55
30.502	1619.55
30.537	1561.7
30.567	1561.7
30.602	1503.86
30.637	1561.7
30.667	1561.7
30.702	1503.86
30.737	1503.86
30.767	1561.7
30.802	1561.7
30.837	1446.02
30.867	1446.02
30.902	1503.86
30.937	1503.86
30.967	1446.02
31.002	1446.02
31.037	1503.86
31.067	1503.86
31.102	1561.7
31.137	1561.7
31.167	1619.55
31.202	1619.55
31.237	1561.7
31.267	1561.7
31.302	1619.55
31.337	1735.23
31.367	1735.23
31.402	1677.39
31.437	1677.39
31.467	1735.23
31.502	1735.23
31.537	1677.39
31.567	1677.39
31.602	1735.23
31.637	1735.23
31.667	1677.39
31.702	1677.39
31.737	1735.23
31.767	1735.23
31.802	1677.39
31.837	1677.39
31.867	1677.39
31.902	1619.55
31.937	1619.55
31.967	1561.7
32.002	1561.7
32.037	1619.55
32.067	1619.55
32.102	1561.7
32.137	1561.7
32.167	1503.86
32.202	1503.86
32.237	1561.7
32.267	1561.7
32.302	1619.55
32.337	1619.55
32.367	1619.55
32.402	1561.7
32.437	1561.7
32.467	1561.7
32.502	1619.55
32.537	1561.7
32.567	1561.7
32.602	1619.55
32.637	1619.55
32.667	1677.39
32.702	1677.39
32.737	1619.55
32.767	1619.55
32.802	1677.39
32.837	1619.55
32.867	1677.39
32.902	1677.39
32.937	1735.23
32.967	1735.23
33.002	1793.07
33.037	1735.23
33.067	1735.23
33.102	1793.07
33.137	1793.07
33.167	1850.91
33.202	1793.07
33.237	1793.07
33.267	1850.91
33.302	1793.07
33.337	1850.91
33.367	1908.75
33.402	1908.75
33.437	1850.91
33.467	1850.91
33.502	1908.75
33.537	1850.91
33.567	1850.91
33.602	1908.75
33.637	1850.91
33.667	1850.91
33.702	1908.75
33.737	1966.59
33.767	1966.59
33.802	1908.75
33.837	1908.75
33.867	1908.75
33.902	1850.91
33.937	1908.75
33.967	1908.75
33.997	1850.91
34.037	1850.91
34.067	1908.75
34.102	1850.91
34.137	1850.91
34.167	1908.75
34.202	1908.75
34.237	1850.91
34.267	1908.75
34.297	1908.75
34.337	1793.07
34.367	1850.91
34.402	1850.91
34.437	1793.07
34.467	1793.07
34.492	1735.23
34.537	1793.07
34.567	1793.07
34.602	1850.91
34.637	1850.91
34.667	1793.07
34.702	1850.91
34.737	1850.91
34.767	1908.75
34.802	1908.75
34.837	1908.75
34.867	1966.59
34.902	1966.59
34.937	2024.43
34.967	2024.43
35.002	1966.59
35.027	1966.59
35.067	2024.43
35.102	2082.27
35.137	2024.43
35.167	2024.43
35.202	1966.59
35.237	1908.75
35.267	1908.75
35.302	1966.59
35.337	1908.75
35.367	1850.91
35.402	1793.07
35.437	1793.07
35.467	1850.91
35.492	1850.91
35.527	1908.75
35.562	1908.75
35.602	1966.59
35.637	1908.75
35.662	1908.75
35.702	1966.59
35.737	1908.75
35.767	1908.75
35.802	1966.59
35.837	1850.91
35.867	1850.91
35.902	1793.07
35.937	1850.91
35.967	1850.91
36.002	1908.75
36.037	1908.75
36.067	1850.91
36.102	1908.75
36.137	1908.75
36.167	1850.91
36.202	1908.75
36.227	1908.75
36.267	1966.59
36.302	1966.59
36.337	1966.59
36.367	1908.75
36.402	1966.59
36.437	1966.59
36.467	1908.75
36.502	1908.75
36.537	1850.91
36.567	1908.75
36.592	1908.75
36.627	1908.75
36.667	1966.59
36.702	1908.75
36.737	1850.91
36.767	1850.91
36.802	1793.07
36.837	1793.07
36.867	1793.07
36.897	1850.91
36.937	1793.07
36.967	1793.07
37.002	1850.91
37.037	1850.91
37.067	1793.07
37.102	1850.91
37.137	1850.91
37.167	1793.07
37.202	1850.91
37.237	1850.91
37.267	1793.07
37.302	1793.07
37.337	1793.07
37.367	1850.91
37.402	1850.91
37.437	1793.07
37.467	1850.91
37.502	1850.91
37.537	1793.07
37.567	1793.07
37.602	1850.91
37.637	1793.07
37.667	1793.07
37.702	1850.91
37.737	1908.75
37.767	1908.75
37.802	1850.91
37.837	1908.75
37.862	1850.91
37.902	1793.07
37.937	1850.91
37.967	1850.91
38.002	1908.75
38.037	1908.75
38.067	1850.91
38.102	1908.75
38.137	1908.75
38.167	1966.59
38.202	1966.59
38.237	1908.75
38.267	1908.75
38.302	1966.59
38.337	1966.59
38.367	1966.59
38.402	2024.43
38.437	1966.59
38.467	1966.59
38.502	2024.43
38.537	1966.59
38.567	1966.59
38.592	1908.75
38.627	1908.75
38.667	1966.59
38.702	1908.75
38.737	1966.59
38.767	1966.59
38.802	1908.75
38.837	1850.91
38.867	1793.07
38.902	1735.23
38.937	1735.23
38.967	1793.07
39.002	1793.07
39.037	1850.91
39.067	1908.75
39.102	1908.75
39.137	1850.91
39.167	1850.91
39.202	1908.75
39.237	1966.59
39.267	1966.59
39.302	1908.75
39.337	2024.43
39.367	2024.43
39.402	2082.27
39.437	2140.11
39.467	2140.11
39.502	2197.96
39.537	2140.11
39.567	2140.11
39.602	2082.27
39.627	2082.27
39.667	2024.43
39.702	1966.59
39.737	2024.43
39.767	2024.43
39.802	1966.59
39.837	1908.75
39.867	1850.91
39.902	1793.07
39.937	1793.07
39.967	1850.91
40.002	1793.07
40.037	1793.07
40.067	1735.23
40.097	1735.23
40.137	1793.07
40.167	1735.23
40.202	1735.23
40.237	1793.07
40.267	1793.07
40.302	1735.23
40.337	1735.23
40.367	1850.91
40.402	1908.75
40.427	1908.75
40.467	1850.91
40.497	1850.91
40.537	1908.75
40.562	1908.75
40.602	1966.59
40.637	1908.75
40.667	1966.59
40.702	1966.59
40.737	1908.75
40.767	1908.75
40.797	1966.59
40.837	2082.27
40.867	2082.27
40.902	2024.43
40.937	1966.59
40.967	1966.59
41.002	1908.75
41.037	1850.91
41.067	1850.91
41.102	1908.75
41.137	1850.91
41.167	1850.91
41.202	1908.75
41.237	1850.91
41.267	1850.91
41.297	1850.91
41.337	1793.07
41.367	1908.75
41.402	1908.75
41.437	1850.91
41.467	1793.07
41.502	1793.07
41.537	1850.91
41.567	1850.91
41.602	1908.75
41.637	1850.91
41.667	1850.91
41.702	1793.07
41.737	1850.91
41.767	1850.91
41.802	1908.75
41.837	1908.75
41.867	1793.07
41.902	1735.23
41.937	1735.23
41.967	1793.07
41.997	1793.07
42.037	1735.23
42.067	1793.07
42.102	1793.07
42.137	1735.23
42.167	1735.23
42.202	1677.39
42.237	1677.39
42.267	1735.23
42.302	1793.07
42.337	1735.23
42.367	1735.23
42.402	1677.39
42.437	1735.23
42.467	1735.23
42.502	1677.39
42.537	1677.39
42.567	1619.55
42.602	1619.55
42.637	1677.39
42.667	1677.39
42.702	1735.23
42.737	1677.39
42.767	1677.39
42.792	1677.39
42.837	1619.55
42.867	1619.55
42.902	1619.55
42.937	1561.7
42.967	1561.7
43.002	1503.86
43.037	1503.86
43.067	1561.7
43.102	1561.7
43.137	1503.86
43.162	1503.86
43.202	1561.7
43.237	1619.55
43.267	1619.55
43.297	1619.55
43.337	1561.7
43.367	1561.7
43.402	1677.39
43.437	1619.55
43.467	1619.55
43.502	1677.39
43.527	1677.39
43.567	1619.55
43.602	1619.55
43.637	1561.7
43.667	1561.7
43.702	1619.55
43.737	1677.39
43.767	1677.39
43.802	1677.39
43.837	1561.7
43.867	1503.86
43.902	1503.86
43.937	1446.02
43.967	1446.02
43.992	1446.02
44.037	1503.86
44.067	1446.02
44.102	1446.02
44.137	1503.86
44.167	1503.86
44.202	1446.02
44.237	1446.02
44.267	1446.02
44.302	1503.86
44.337	1503.86
44.367	1619.55
44.402	1619.55
44.437	1561.7
44.467	1561.7
44.502	1619.55
44.537	1677.39
44.567	1677.39
44.602	1619.55
44.637	1619.55
44.667	1619.55
44.702	1561.7
44.737	1619.55
44.767	1619.55
44.802	1561.7
44.837	1561.7
44.867	1619.55
44.902	1561.7
44.937	1503.86
44.967	1503.86
45.002	1561.7
45.037	1561.7
45.067	1503.86
45.102	1503.86
45.137	1561.7
45.167	1561.7
45.202	1619.55
45.237	1677.39
45.267	1677.39
45.302	1619.55
45.337	1619.55
45.367	1561.7
45.402	1561.7
45.437	1619.55
45.467	1619.55
45.502	1677.39
45.537	1677.39
45.567	1735.23
45.602	1735.23
45.637	1677.39
45.667	1677.39
45.702	1735.23
45.737	1793.07
45.767	1793.07
45.802	1735.23
45.827	1735.23
45.867	1793.07
45.902	1735.23
45.937	1677.39
45.967	1677.39
46.002	1735.23
46.037	1735.23
46.067	1677.39
46.092	1677.39
46.137	1735.23
46.167	1735.23
46.202	1793.07
46.237	1735.23
46.267	1735.23
46.302	1677.39
46.337	1677.39
46.367	1677.39
46.402	1677.39
46.437	1735.23
46.462	1735.23
46.502	1677.39
46.537	1735.23
46.567	1735.23
46.602	1677.39
46.637	1677.39
46.667	1677.39
46.702	1619.55
46.737	1561.7
46.767	1561.7
46.802	1619.55
46.837	1619.55
46.867	1619.55
46.902	1503.86
46.937	1446.02
46.967	1446.02
47.002	1446.02
47.037	1446.02
47.067	1503.86
47.102	1446.02
47.137	1446.02
47.167	1446.02
47.202	1503.86
47.237	1446.02
47.267	1446.02
47.302	1503.86
47.337	1503.86
47.367	1446.02
47.402	1503.86
47.437	1446.02
47.467	1446.02
47.502	1503.86
47.537	1503.86
47.567	1446.02
47.602	1446.02
47.637	1503.86
47.667	1503.86
47.702	1446.02
47.737	1503.86
47.767	1503.86
47.802	1446.02
47.837	1446.02
47.867	1503.86
47.902	1446.02
47.937	1446.02
47.967	1446.02
48.002	1503.86
48.037	1503.86
48.067	1446.02
48.102	1446.02
48.137	1503.86
48.167	1503.86
48.202	1561.7
48.237	1561.7
48.267	1503.86
48.302	1446.02
48.337	1446.02
48.367	1446.02
48.402	1561.7
48.437	1503.86
48.467	1503.86
48.502	1561.7
48.537	1561.7
48.567	1619.55
48.602	1619.55
48.637	1561.7
48.667	1561.7
48.702	1619.55
48.737	1619.55
48.767	1561.7
48.802	1561.7
48.837	1561.7
48.867	1561.7
48.902	1619.55
48.937	1561.7
48.967	1561.7
49.002	1503.86
49.037	1503.86
49.067	1561.7
49.102	1561.7
49.137	1503.86
49.167	1503.86
49.202	1561.7
49.237	1561.7
49.267	1503.86
49.302	1503.86
49.337	1503.86
49.367	1503.86
49.402	1446.02
49.437	1446.02
49.467	1503.86
49.502	1503.86
49.527	1446.02
49.567	1446.02
49.602	1446.02
49.637	1503.86
49.667	1503.86
49.702	1446.02
49.737	1446.02
49.767	1503.86
49.802	1503.86
49.837	1503.86
49.867	1503.86
49.902	1561.7
49.937	1561.7
49.967	1503.86
49.997	1503.86
50.037	1561.7
50.067	1561.7
50.102	1503.86
50.137	1446.02
50.167	1446.02
50.202	1446.02
50.237	1446.02
50.267	1503.86
50.302	1503.86
50.337	1446.02
50.367	1446.02
50.402	1446.02
50.437	1446.02
50.467	1503.86
50.502	1503.86
50.537	1446.02
50.567	1446.02
50.602	1503.86
50.637	1561.7
50.667	1561.7
50.692	1561.7
50.737	1619.55
50.767	1619.55
50.802	1561.7
50.837	1677.39
50.867	1677.39
50.902	1619.55
50.937	1619.55
50.967	1561.7
51.002	1561.7
51.037	1503.86
51.067	1503.86
51.102	1561.7
51.137	1561.7
51.167	1503.86
51.202	1503.86
51.237	1561.7
51.267	1561.7
51.302	1503.86
51.337	1561.7
51.367	1503.86
51.402	1446.02
51.437	1446.02
51.467	1503.86
51.502	1503.86
51.537	1561.7
51.567	1561.7
51.602	1619.55
51.637	1619.55
51.667	1561.7
51.702	1561.7
51.737	1503.86
51.767	1503.86
51.802	1561.7
51.837	1561.7
51.862	1619.55
51.902	1503.86
51.937	1503.86
51.967	1446.02
52.002	1446.02
52.037	1503.86
52.067	1503.86
52.102	1561.7
52.137	1561.7
52.167	1503.86
52.202	1503.86
52.237	1561.7
52.267	1561.7
52.302	1503.86
52.337	1503.86
52.367	1619.55
52.402	1561.7
52.437	1561.7
52.467	1561.7
52.502	1619.55
52.537	1561.7
52.567	1561.7
52.602	1619.55
52.637	1619.55
52.667	1677.39
52.702	1677.39
52.737	1619.55
52.767	1619.55
52.802	1561.7
52.837	1561.7
52.867	1561.7
52.902	1561.7
52.937	1619.55
52.967	1619.55
53.002	1561.7
53.037	1503.86
53.067	1503.86
53.102	1446.02
53.137	1446.02
53.167	1503.86
53.202	1503.86
53.237	1446.02
53.267	1446.02
53.302	1503.86
53.337	1503.86
53.367	1446.02
53.402	1446.02
53.437	1503.86
53.467	1503.86
53.502	1446.02
53.537	1446.02
53.567	1503.86
53.602	1503.86
53.637	1446.02
53.667	1503.86
53.702	1503.86
53.737	1446.02
53.767	1446.02
53.802	1446.02
53.837	1446.02
53.867	1561.7
53.902	1561.7
53.937	1619.55
53.967	1619.55
54.002	1561.7
54.037	1561.7
54.067	1503.86
54.102	1503.86
54.137	1561.7
54.167	1561.7
54.202	1503.86
54.237	1503.86
54.267	1561.7
54.302	1503.86
54.337	1561.7
54.367	1561.7
54.402	1619.55
54.437	1561.7
54.467	1561.7
54.502	1619.55
54.537	1619.55
54.567	1561.7
54.602	1561.7
54.637	1503.86
54.667	1503.86
54.702	1561.7
54.737	1561.7
54.767	1619.55
54.802	1619.55
54.837	1619.55
54.867	1619.55
54.902	1561.7
54.937	1619.55
54.967	1619.55
55.002	1561.7
55.037	1561.7
55.067	1561.7
55.102	1619.55
55.137	1561.7
55.167	1561.7
55.202	1619.55
55.237	1619.55
55.267	1677.39
55.302	1677.39
55.337	1561.7
55.367	1561.7
55.402	1619.55
55.437	1561.7
55.467	1561.7
55.502	1619.55
55.537	1619.55
55.567	1619.55
55.602	1677.39
55.637	1619.55
55.667	1619.55
55.702	1561.7
55.737	1561.7
55.767	1619.55
55.802	1619.55
55.837	1619.55
55.867	1619.55
55.902	1561.7
55.937	1561.7
55.967	1619.55
56.002	1561.7
56.037	1561.7
56.067	1561.7
56.092	1619.55
56.137	1677.39
56.167	1677.39
56.202	1619.55
56.237	1619.55
56.267	1561.7
56.302	1561.7
56.337	1561.7
56.367	1561.7
56.402	1619.55
56.437	1619.55
56.467	1561.7
56.502	1561.7
56.537	1619.55
56.567	1619.55
56.602	1677.39
56.637	1677.39
56.667	1619.55
56.702	1561.7
56.737	1561.7
56.767	1503.86
56.802	1503.86
56.837	1619.55
56.867	1619.55
56.902	1677.39
56.937	1677.39
56.967	1619.55
57.002	1619.55
57.037	1561.7
57.067	1561.7
57.102	1619.55
57.137	1561.7
57.167	1561.7
57.202	1619.55
57.237	1619.55
57.267	1619.55
57.302	1561.7
57.337	1446.02
57.367	1446.02
57.402	1503.86
57.437	1503.86
57.467	1446.02
57.502	1446.02
57.537	1503.86
57.567	1503.86
57.602	1561.7
57.637	1561.7
57.667	1503.86
57.702	1446.02
57.737	1446.02
57.767	1446.02
57.802	1446.02
57.837	1561.7
57.867	1561.7
57.902	1503.86
57.937	1503.86
57.967	1561.7
58.002	1561.7
58.037	1503.86
58.067	1503.86
58.102	1561.7
58.137	1561.7
58.162	1561.7
58.202	1503.86
58.237	1561.7
58.267	1561.7
58.302	1503.86
58.337	1446.02
58.367	1446.02
58.397	1446.02
58.437	1446.02
58.467	1503.86
58.502	1503.86
58.537	1446.02
58.567	1446.02
58.592	1446.02
58.637	1446.02
58.667	1503.86
58.702	1503.86
58.737	1446.02
58.767	1446.02
58.802	1503.86
58.837	1446.02
58.867	1503.86
58.902	1561.7
58.937	1561.7
58.967	1561.7
59.002	1503.86
59.037	1561.7
59.067	1561.7
59.102	1619.55
59.137	1619.55
59.167	1677.39
59.202	1677.39
59.237	1619.55
59.267	1619.55
59.302	1677.39
59.337	1677.39
59.367	1561.7
59.402	1561.7
59.437	1619.55
59.467	1619.55
59.502	1561.7
59.537	1619.55
59.567	1619.55
59.592	1619.55
59.637	1561.7
59.667	1619.55
59.702	1619.55
59.737	1677.39
59.767	1677.39
59.802	1735.23
59.837	1735.23
59.867	1793.07
59.902	1850.91
59.937	1793.07
59.967	1850.91
60.002	1850.91
60.037	1793.07
60.067	1793.07
60.102	1850.91
60.137	1793.07
60.167	1793.07
60.202	1735.23
60.237	1793.07
60.267	1793.07
60.302	1850.91
60.337	1793.07
60.367	1735.23
60.397	1735.23
60.437	1677.39
60.467	1735.23
60.502	1735.23
60.537	1793.07
60.567	1793.07
60.602	1735.23
60.637	1793.07
60.667	1793.07
60.702	1735.23
60.737	1735.23
60.767	1793.07
60.802	1793.07
60.837	1850.91
60.867	1966.59
60.902	1966.59
60.937	1908.75
60.967	1966.59
61.002	1966.59
61.037	1908.75
61.067	1908.75
61.102	1966.59
61.137	1908.75
61.167	1908.75
61.202	1850.91
61.237	1793.07
61.267	1793.07
61.302	1735.23
61.337	1735.23
61.367	1735.23
61.402	1793.07
61.437	1793.07
61.467	1735.23
61.502	1735.23
61.537	1677.39
61.567	1677.39
61.602	1735.23
61.637	1677.39
61.667	1677.39
61.702	1735.23
61.737	1735.23
61.767	1793.07
61.802	1793.07
61.837	1793.07
61.867	1850.91
61.902	1850.91
61.937	1793.07
61.967	1793.07
62.002	1735.23
62.037	1793.07
62.067	1793.07
62.102	1850.91
62.137	1908.75
62.167	1908.75
62.202	1966.59
62.237	1908.75
62.267	1908.75
62.302	1850.91
62.337	1850.91
62.367	1793.07
62.402	1850.91
62.437	1850.91
62.467	1793.07
62.502	1850.91
62.537	1850.91
62.567	1793.07
62.602	1793.07
62.637	1735.23
62.667	1793.07
62.702	1793.07
62.737	1735.23
62.767	1793.07
62.802	1793.07
62.837	1793.07
62.867	1793.07
62.902	1735.23
62.937	1793.07
62.967	1793.07
63.002	1735.23
63.037	1793.07
63.067	1793.07
63.102	1735.23
63.137	1793.07
63.167	1793.07
63.202	1735.23
63.237	1677.39
63.267	1677.39
63.302	1735.23
63.337	1735.23
63.367	1735.23
63.402	1677.39
63.437	1677.39
63.467	1677.39
63.502	1735.23
63.537	1677.39
63.567	1677.39
63.602	1735.23
63.637	1735.23
63.667	1793.07
63.702	1793.07
63.737	1735.23
63.767	1677.39
63.802	1677.39
63.837	1677.39
63.867	1677.39
63.902	1619.55
63.937	1619.55
63.967	1561.7
64.002	1561.7
64.037	1619.55
64.067	1619.55
64.102	1561.7
64.137	1619.55
64.167	1619.55
64.202	1561.7
64.237	1561.7
64.267	1503.86
64.302	1503.86
64.337	1619.55
64.367	1619.55
64.402	1677.39
64.437	1677.39
64.467	1619.55
64.502	1619.55
64.537	1561.7
64.567	1561.7
64.602	1619.55
64.637	1561.7
64.667	1561.7
64.702	1619.55
64.737	1619.55
64.767	1619.55
64.802	1561.7
64.837	1446.02
64.867	1446.02
64.902	1503.86
64.937	1503.86
64.967	1446.02
65.002	1446.02
65.037	1503.86
65.067	1503.86
65.102	1446.02
65.137	1446.02
65.167	1503.86
65.202	1446.02
65.237	1446.02
65.267	1503.86
65.302	1503.86
65.337	1503.86
65.367	1503.86
65.402	1446.02
65.437	1446.02
65.467	1503.86
65.502	1503.86
65.537	1561.7
65.567	1561.7
65.602	1503.86
65.637	1503.86
65.667	1446.02
65.702	1446.02
65.737	1503.86
65.767	1503.86
65.802	1561.7
65.837	1619.55
65.867	1561.7
65.902	1503.86
65.937	1503.86
65.967	1503.86
66.002	1561.7
66.037	1503.86
66.067	1503.86
66.102	1561.7
66.137	1561.7
66.167	1619.55
66.202	1619.55
66.237	1561.7
66.267	1561.7
66.302	1619.55
66.337	1677.39
66.367	1619.55
66.402	1561.7
66.437	1561.7
66.467	1561.7
66.502	1503.86
66.537	1561.7
66.567	1561.7
66.602	1619.55
66.637	1619.55
66.667	1561.7
66.702	1561.7
66.737	1503.86
66.767	1503.86
66.802	1561.7
66.837	1561.7
66.867	1561.7
66.902	1561.7
66.937	1503.86
66.967	1503.86
67.002	1446.02
67.037	1503.86
67.067	1503.86
67.102	1446.02
67.137	1446.02
67.167	1446.02
67.202	1446.02
67.237	1503.86
67.267	1503.86
67.302	1446.02
67.337	1446.02
67.367	1446.02
67.402	1446.02
67.437	1446.02
67.467	1446.02
67.502	1503.86
67.537	1503.86
67.567	1446.02
67.602	1446.02
67.637	1446.02
67.667	1446.02
67.702	1446.02
67.737	1503.86
67.767	1503.86
67.802	1446.02
67.837	1446.02
67.867	1503.86
67.902	1503.86
67.937	1561.7
67.967	1561.7
68.002	1619.55
68.037	1619.55
68.067	1561.7
68.102	1561.7
68.137	1503.86
68.167	1503.86
68.202	1561.7
68.237	1503.86
68.267	1503.86
68.302	1561.7
68.337	1561.7
68.367	1561.7
68.402	1677.39
68.437	1619.55
68.467	1619.55
68.502	1561.7
68.537	1561.7
68.567	1619.55
68.602	1619.55
68.637	1677.39
68.667	1677.39
68.702	1619.55
68.737	1619.55
68.767	1677.39
68.802	1677.39
68.837	1677.39
68.867	1677.39
68.902	1619.55
68.937	1561.7
68.967	1561.7
69.002	1619.55
69.037	1619.55
69.067	1677.39
69.102	1677.39
69.137	1619.55
69.167	1619.55
69.202	1561.7
69.237	1561.7
69.267	1503.86
69.302	1503.86
69.337	1503.86
69.367	1503.86
69.402	1446.02
69.437	1446.02
69.467	1503.86
69.502	1446.02
69.537	1446.02
69.567	1503.86
69.602	1503.86
69.637	1446.02
69.667	1446.02
69.702	1503.86
69.737	1503.86
69.767	1446.02
69.802	1446.02
69.837	1446.02
69.867	1446.02
69.902	1503.86
69.937	1561.7
69.967	1561.7
70.002	1503.86
70.037	1503.86
70.067	1446.02
70.102	1446.02
70.137	1503.86
70.167	1503.86
70.202	1446.02
70.237	1446.02
70.267	1503.86
70.302	1503.86
70.337	1619.55
70.367	1619.55
70.402	1561.7
70.437	1561.7
70.467	1503.86
70.502	1503.86
70.537	1561.7
70.567	1561.7
70.602	1619.55
70.637	1677.39
70.667	1677.39
70.702	1619.55
70.737	1619.55
70.767	1619.55
70.802	1677.39
70.837	1677.39
70.867	1677.39
70.902	1735.23
70.937	1735.23
70.967	1793.07
71.002	1793.07
71.037	1735.23
71.067	1735.23
71.102	1677.39
71.137	1619.55
71.167	1619.55
71.202	1677.39
71.237	1677.39
71.267	1735.23
71.302	1735.23
71.337	1619.55
71.367	1619.55
71.402	1561.7
71.437	1619.55
71.467	1619.55
71.502	1561.7
71.537	1561.7
71.567	1619.55
71.602	1619.55
71.637	1677.39
71.667	1677.39
71.702	1619.55
71.737	1619.55
71.767	1677.39
71.802	1619.55
71.837	1561.7
71.867	1561.7
71.902	1619.55
71.937	1677.39
71.967	1677.39
72.002	1619.55
72.037	1619.55
72.067	1561.7
72.102	1561.7
72.137	1503.86
72.167	1503.86
72.202	1561.7
72.237	1561.7
72.267	1503.86
72.302	1503.86
72.337	1503.86
72.367	1503.86
72.392	1446.02
72.437	1503.86
72.467	1503.86
72.502	1446.02
72.537	1446.02
72.567	1503.86
72.602	1503.86
72.637	1446.02
72.667	1446.02
72.702	1446.02
72.737	1446.02
72.767	1503.86
72.802	1503.86
72.837	1619.55
72.867	1619.55
72.902	1561.7
72.937	1503.86
72.967	1503.86
73.002	1561.7
73.037	1561.7
73.067	1561.7
73.102	1503.86
73.137	1561.7
73.167	1561.7
73.202	1503.86
73.237	1503.86
73.267	1561.7
73.302	1561.7
73.337	1561.7
73.367	1561.7
73.402	1503.86
73.437	1503.86
73.467	1561.7
73.502	1503.86
73.537	1503.86
73.567	1503.86
73.602	1561.7
73.637	1503.86
73.667	1503.86
73.702	1561.7
73.737	1561.7
73.767	1503.86
73.802	1503.86
73.837	1619.55
73.867	1619.55
73.902	1561.7
73.937	1561.7
73.967	1619.55
74.002	1619.55
74.037	1677.39
74.067	1677.39
74.102	1619.55
74.137	1561.7
74.167	1561.7
74.202	1619.55
74.237	1619.55
74.267	1619.55
74.302	1677.39
74.337	1677.39
74.367	1677.39
74.402	1735.23
74.437	1735.23
74.467	1793.07
74.502	1793.07
74.537	1735.23
74.567	1735.23
74.602	1677.39
74.637	1735.23
74.667	1735.23
74.702	1677.39
74.737	1677.39
74.767	1735.23
74.802	1735.23
74.837	1619.55
74.867	1619.55
74.902	1677.39
74.937	1735.23
74.967	1735.23
75.002	1677.39
75.037	1677.39
75.067	1735.23
75.102	1793.07
75.137	1793.07
75.167	1850.91
75.202	1850.91
75.237	1793.07
75.267	1850.91
75.302	1850.91
75.337	1966.59
75.367	1966.59
75.402	2024.43
75.437	1966.59
75.467	1966.59
75.502	1908.75
75.537	1966.59
75.567	1966.59
75.602	1908.75
75.637	1966.59
75.667	1966.59
75.702	2024.43
75.737	1966.59
75.767	1966.59
75.802	1908.75
75.837	1908.75
75.867	1793.07
75.902	1850.91
75.937	1850.91
75.967	1793.07
76.002	1850.91
76.027	1850.91
76.067	1908.75
76.102	1908.75
76.137	1850.91
76.167	1850.91
76.202	1908.75
76.237	1850.91
76.267	1850.91
76.302	1908.75
76.337	1908.75
76.367	1908.75
76.402	1966.59
76.437	1908.75
76.467	1908.75
76.502	1966.59
76.537	2024.43
76.567	2024.43
76.602	1966.59
76.637	2024.43
76.667	2024.43
76.702	1966.59
76.737	2024.43
76.767	2024.43
76.802	1966.59
76.837	1966.59
76.867	1850.91
76.902	1908.75
76.937	1908.75
76.967	1850.91
77.002	1908.75
77.037	1908.75
77.067	1850.91
77.102	1908.75
77.137	1908.75
77.167	1850.91
77.202	1850.91
77.237	1793.07
77.267	1850.91
77.302	1850.91
77.337	1850.91
77.367	1850.91
77.402	1908.75
77.437	1850.91
77.467	1850.91
77.502	1908.75
77.537	1850.91
77.567	1850.91
77.602	1908.75
77.637	1966.59
77.667	1966.59
77.702	1908.75
77.737	1966.59
77.767	1966.59
77.802	1908.75
77.837	1850.91
77.867	1793.07
77.902	1735.23
77.937	1735.23
77.967	1677.39
78.002	1619.55
78.037	1619.55
78.067	1677.39
78.102	1677.39
78.137	1619.55
78.167	1619.55
78.202	1561.7
78.237	1561.7
78.267	1619.55
78.302	1561.7
78.337	1503.86
78.367	1503.86
78.402	1561.7
78.427	1561.7
78.467	1503.86
78.502	1561.7
78.537	1561.7
78.567	1561.7
78.602	1503.86
78.637	1446.02
78.667	1446.02
78.702	1446.02
78.737	1446.02
78.767	1446.02
78.802	1503.86
78.837	1619.55
78.867	1619.55
78.902	1561.7
78.937	1561.7
78.967	1503.86
79.002	1446.02
79.037	1446.02
79.067	1446.02
79.102	1446.02
79.137	1503.86
79.167	1503.86
79.202	1561.7
79.237	1561.7
79.267	1503.86
79.302	1503.86
79.337	1503.86
79.367	1503.86
79.402	1446.02
79.437	1446.02
79.467	1503.86
79.492	1503.86
79.537	1561.7
79.567	1561.7
79.602	1503.86
79.637	1503.86
79.667	1446.02
79.702	1446.02
79.737	1503.86
79.767	1503.86
79.802	1446.02
79.837	1446.02
79.867	1446.02
79.902	1503.86
79.937	1561.7
79.967	1561.7
80.002	1619.55
80.037	1619.55
80.067	1561.7
80.102	1561.7
80.137	1619.55
80.167	1619.55
80.202	1561.7
80.237	1561.7
80.267	1619.55
80.302	1677.39
80.337	1619.55
80.367	1619.55
80.402	1561.7
80.437	1503.86
80.467	1503.86
80.502	1561.7
80.537	1561.7
80.567	1619.55
80.602	1619.55
80.637	1561.7
80.667	1561.7
80.702	1503.86
80.737	1503.86
80.767	1561.7
80.802	1561.7
80.837	1446.02
80.867	1446.02
80.902	1446.02
80.937	1446.02
80.967	1503.86
81.002	1503.86
81.037	1446.02
81.067	1446.02
81.102	1446.02
81.137	1503.86
81.167	1503.86
81.202	1446.02
81.237	1446.02
81.267	1446.02
81.302	1446.02
81.337	1561.7
81.367	1561.7
81.402	1503.86
81.437	1503.86
81.467	1446.02
81.502	1446.02
81.537	1446.02
81.567	1446.02
81.602	1503.86
81.637	1446.02
81.667	1446.02
81.702	1503.86
81.737	1503.86
81.767	1561.7
81.802	1561.7
81.837	1561.7
81.867	1561.7
81.902	1503.86
81.937	1503.86
81.967	1561.7
82.002	1561.7
82.037	1619.55
82.067	1619.55
82.102	1561.7
82.137	1503.86
82.167	1503.86
82.202	1561.7
82.237	1561.7
82.267	1561.7
82.302	1503.86
82.337	1503.86
82.367	1503.86
82.402	1561.7
82.437	1561.7
82.467	1561.7
82.502	1503.86
82.537	1561.7
82.567	1561.7
82.602	1619.55
82.637	1619.55
82.667	1561.7
82.702	1503.86
82.737	1503.86
82.767	1503.86
82.802	1561.7
82.837	1677.39
82.867	1677.39
82.902	1619.55
82.937	1619.55
82.967	1561.7
83.002	1561.7
83.037	1619.55
83.067	1619.55
83.102	1677.39
83.137	1677.39
83.167	1619.55
83.202	1619.55
83.237	1677.39
83.267	1677.39
83.302	1619.55
83.337	1619.55
83.367	1619.55
83.402	1677.39
83.437	1677.39
83.467	1677.39
83.502	1735.23
83.537	1677.39
83.562	1677.39
83.602	1735.23
83.637	1735.23
83.662	1735.23
83.702	1793.07
83.737	1735.23
83.767	1735.23
83.802	1677.39
83.837	1677.39
83.867	1677.39
83.902	1735.23
83.937	1735.23
83.967	1793.07
84.002	1793.07
84.037	1850.91
84.067	1850.91
84.102	1793.07
84.137	1850.91
84.167	1850.91
84.192	1850.91
84.237	1908.75
84.267	1850.91
84.302	1908.75
84.337	1908.75
84.367	1908.75
84.397	1908.75
84.437	1966.59
84.467	2024.43
84.502	2024.43
84.537	1966.59
84.567	2024.43
84.602	2024.43
84.627	2024.43
84.667	1966.59
84.702	1908.75
84.737	1850.91
84.767	1850.91
84.802	1793.07
84.837	1850.91
84.867	1793.07
84.902	1735.23
84.927	1735.23
84.967	1793.07
85.002	1735.23
85.027	1735.23
85.067	1793.07
85.097	1793.07
85.137	1850.91
85.167	1850.91
85.202	1793.07
85.237	1793.07
85.267	1735.23
85.302	1735.23
85.337	1850.91
85.367	1793.07
85.392	1793.07
85.437	1735.23
85.467	1735.23
85.502	1677.39
85.537	1677.39
85.567	1735.23
85.602	1735.23
85.637	1793.07
85.667	1793.07
85.702	1735.23
85.737	1793.07
85.767	1793.07
85.802	1735.23
85.837	1735.23
85.867	1793.07
85.902	1735.23
85.937	1677.39
85.967	1677.39
85.992	1677.39
86.037	1735.23
86.067	1677.39
86.102	1677.39
86.137	1735.23
86.167	1735.23
86.202	1793.07
86.237	1850.91
86.267	1850.91
86.302	1793.07
86.337	1793.07
86.367	1908.75
86.402	1908.75
86.437	1850.91
86.467	1850.91
86.502	1908.75
86.537	1966.59
86.567	1966.59
86.602	1908.75
86.637	1966.59
86.667	1966.59
86.702	1908.75
86.737	1966.59
86.767	1966.59
86.802	1908.75
86.837	1966.59
86.867	1908.75
86.902	1850.91
86.937	1850.91
86.962	1793.07
87.002	1850.91
87.037	1850.91
87.067	1793.07
87.102	1850.91
87.137	1850.91
87.167	1793.07
87.202	1793.07
87.237	1735.23
87.267	1793.07
87.302	1793.07
87.337	1735.23
87.367	1735.23
87.392	1793.07
87.437	1735.23
87.467	1735.23
87.502	1793.07
87.537	1793.07
87.567	1850.91
87.602	1793.07
87.637	1793.07
87.667	1735.23
87.702	1793.07
87.737	1793.07
87.767	1793.07
87.802	1850.91
87.837	1850.91
87.867	1850.91
87.902	1793.07
87.937	1850.91
87.967	1850.91
88.002	1793.07
88.037	1850.91
88.067	1850.91
88.092	1850.91
88.137	1908.75
88.167	1850.91
88.202	1908.75
88.237	1908.75
88.267	1850.91
88.302	1908.75
88.337	1850.91
88.367	1793.07
88.402	1793.07
88.437	1735.23
88.467	1677.39
88.502	1677.39
88.537	1619.55
88.567	1619.55
88.602	1677.39
88.637	1677.39
88.667	1619.55
88.702	1619.55
88.737	1677.39
88.767	1677.39
88.802	1619.55
88.837	1735.23
88.867	1735.23
88.902	1793.07
88.937	1793.07
88.967	1850.91
89.002	1850.91
89.037	1793.07
89.067	1850.91
89.102	1850.91
89.137	1793.07
89.167	1793.07
89.202	1850.91
89.237	1908.75
89.267	1908.75
89.302	1850.91
89.337	1966.59
89.367	1966.59
89.397	2024.43
89.437	2082.27
89.467	2082.27
89.502	2024.43
89.527	2024.43
89.567	1966.59
89.602	2024.43
89.637	2024.43
89.667	1966.59
89.702	2024.43
89.737	2024.43
89.767	1966.59
89.802	2024.43
89.837	1966.59
89.867	1908.75
89.902	1908.75
89.937	1850.91
89.962	1850.91
89.987	1793.07
90.012	1793.07
90.037	1850.91
90.067	1793.07
90.102	1793.07
90.137	1850.91
90.167	1850.91
90.202	1793.07
90.237	1850.91
90.267	1850.91
90.302	1793.07
90.337	1908.75
90.367	1908.75
90.402	1850.91
90.437	1850.91
90.467	1793.07
90.502	1850.91
90.537	1850.91
90.567	1908.75
90.602	1966.59
90.637	1966.59
90.662	1966.59
90.697	1908.75
90.722	1850.91
90.747	1850.91
90.772	1908.75
90.802	1908.75
90.837	1908.75
90.867	1966.59
90.902	1966.59
90.927	1908.75
90.967	1966.59
91.002	1966.59
91.037	1908.75
91.067	1966.59
91.102	1966.59
91.127	1966.59
91.162	2024.43
91.202	2082.27
91.237	2140.11
91.262	2140.11
91.302	2082.27
91.337	2197.96
91.367	2197.96
91.402	2140.11
91.437	2197.96
91.467	2197.96
91.497	2255.8
91.537	2313.64
91.567	2313.64
91.602	2255.8
91.632	2255.8
91.667	2313.64
91.702	2371.48
91.737	2313.64
91.767	2313.64
91.797	2371.48
91.837	2255.8
91.867	2313.64
91.902	2371.48
91.937	2371.48
91.967	2313.64
92.002	2371.48
92.037	2371.48
92.067	2313.64
92.102	2371.48
92.137	2429.32
92.162	2429.32
92.202	2371.48
92.237	2429.32
92.267	2429.32
92.292	2487.16
92.322	2371.48
92.347	2371.48
92.372	2429.32
92.402	2487.16
92.437	2487.16
92.467	2429.32
92.502	2371.48
92.537	2313.64
92.567	2313.64
92.597	2255.8
92.637	2313.64
92.667	2313.64
92.702	2255.8
92.737	2313.64
92.767	2371.48
92.802	2429.32
92.837	2371.48
92.867	2313.64
92.902	2371.48
92.937	2313.64
92.967	2313.64
92.997	2255.8
93.037	2313.64
93.067	2313.64
93.102	2255.8
93.137	2197.96
93.167	2255.8
93.202	2255.8
93.237	2197.96
93.262	2197.96
93.302	2197.96
93.337	2255.8
93.367	2197.96
93.402	2140.11
93.437	2140.11
93.467	2197.96
93.502	2140.11
93.537	2140.11
93.567	2082.27
93.602	2140.11
93.637	2140.11
93.667	2082.27
93.702	2024.43
93.737	2024.43
93.767	1966.59
93.802	2024.43
93.837	2024.43
93.867	1908.75
93.902	1966.59
93.937	1966.59
93.967	1908.75
93.992	1908.75
94.037	1850.91
94.067	1908.75
94.102	1908.75
94.137	1850.91
94.167	1908.75
94.202	1908.75
94.227	1908.75
94.267	1966.59
94.302	1908.75
94.337	2024.43
94.367	2024.43
94.402	2082.27
94.437	2140.11
94.467	2140.11
94.497	2082.27
94.537	2140.11
94.567	2140.11
94.602	2082.27
94.637	2140.11
94.667	2140.11
94.697	2197.96
94.737	2197.96
94.767	2255.8
94.802	2197.96
94.837	2197.96
94.867	2197.96
94.902	2140.11
94.937	2197.96
94.967	2197.96
95.002	2140.11
95.037	2082.27
95.067	2140.11
95.097	2140.11
95.137	2082.27
95.167	2082.27
95.202	2140.11
95.237	2082.27
95.267	2082.27
95.302	2024.43
95.337	2024.43
95.367	2024.43
95.402	1966.59
95.437	2024.43
95.467	2024.43
95.502	1966.59
95.537	2024.43
95.567	2024.43
95.602	1966.59
95.627	1966.59
95.662	2024.43
95.692	2024.43
95.737	2082.27
95.767	2024.43
95.802	2082.27
95.837	2082.27
95.867	2082.27
95.892	2082.27
95.937	2140.11
95.962	2140.11
96.002	2140.11
96.037	2140.11
96.067	2082.27
96.102	2024.43
96.137	2024.43
96.167	2024.43
96.202	1966.59
96.237	1908.75
96.267	1966.59
96.302	1966.59
96.327	1966.59
96.367	2140.11
96.402	2140.11
96.437	2082.27
96.467	2082.27
96.502	2140.11
96.537	2197.96
96.567	2197.96
96.602	2140.11
96.637	2197.96
96.667	2197.96
96.702	2255.8
96.737	2197.96
96.767	2197.96
96.802	2255.8
96.837	2255.8
96.867	2255.8
96.902	2313.64
96.937	2371.48
96.967	2429.32
97.002	2429.32
97.037	2371.48
97.067	2313.64
97.102	2371.48
97.137	2371.48
97.167	2429.32
97.202	2371.48
97.237	2429.32
97.267	2429.32
97.302	2487.16
97.337	2602.84
97.367	2602.84
97.402	2545
97.437	2487.16
97.467	2429.32
97.502	2487.16
97.537	2545
97.567	2545
97.602	2487.16
97.637	2429.32
97.667	2429.32
97.702	2487.16
97.737	2429.32
97.767	2371.48
97.802	2371.48
97.837	2371.48
97.867	2313.64
97.902	2371.48
97.937	2371.48
97.962	2313.64
98.002	2371.48
98.037	2429.32
98.067	2429.32
98.102	2371.48
98.137	2313.64
98.167	2371.48
98.202	2313.64
98.237	2313.64
98.267	2255.8
98.302	2255.8
98.337	2313.64
98.367	2313.64
98.402	2255.8
98.437	2313.64
98.467	2313.64
98.502	2371.48
98.537	2313.64
98.567	2371.48
98.602	2313.64
98.637	2313.64
98.667	2255.8
98.702	2313.64
98.737	2255.8
98.767	2255.8
98.802	2197.96
98.827	2197.96
98.867	2313.64
98.902	2371.48
98.937	2313.64
98.967	2255.8
99.002	2255.8
99.037	2197.96
99.067	2255.8
99.102	2313.64
99.137	2313.64
99.167	2255.8
99.202	2313.64
99.237	2371.48
99.267	2371.48
99.302	2313.64
99.337	2313.64
99.367	2313.64
99.402	2255.8
99.437	2197.96
99.467	2255.8
99.502	2197.96
99.537	2197.96
99.567	2140.11
99.602	2197.96
99.637	2197.96
99.667	2140.11
99.697	2082.27
99.737	2140.11
99.767	2140.11
99.802	2082.27
99.837	2140.11
99.867	2197.96
99.892	2197.96
99.937	2313.64
99.967	2313.64
100.002	2255.8
100.037	2313.64
100.067	2313.64
100.102	2255.8
100.137	2197.96
100.167	2255.8
100.202	2313.64
100.237	2313.64
100.267	2255.8
100.302	2313.64
100.327	2313.64
100.367	2313.64
100.402	2371.48
100.437	2429.32
100.467	2429.32
100.502	2371.48
100.537	2429.32
100.567	2487.16
100.602	2487.16
100.637	2429.32
100.667	2371.48
100.702	2429.32
100.737	2429.32
100.767	2487.16
100.797	2429.32
100.837	2429.32
100.862	2429.32
100.902	2371.48
100.937	2429.32
100.967	2429.32
101.002	2371.48
101.037	2313.64
101.067	2371.48
101.102	2429.32
101.137	2429.32
101.167	2371.48
101.202	2429.32
101.237	2429.32
101.267	2487.16
101.302	2429.32
101.337	2429.32
101.362	2429.32
101.402	2371.48
101.437	2429.32
101.462	2429.32
101.502	2371.48
101.537	2313.64
101.567	2255.8
101.602	2313.64
101.637	2313.64
101.667	2255.8
101.702	2197.96
101.737	2255.8
101.767	2255.8
101.802	2197.96
101.837	2255.8
101.867	2313.64
101.902	2255.8
101.937	2313.64
101.967	2313.64
102.002	2371.48
102.037	2313.64
102.067	2371.48
102.102	2313.64
102.137	2313.64
102.167	2255.8
102.202	2313.64
102.227	2313.64
102.267	2255.8
102.302	2313.64
102.337	2313.64
102.367	2313.64
102.402	2255.8
102.437	2313.64
102.467	2313.64
102.497	2371.48
102.537	2313.64
102.567	2371.48
102.602	2429.32
102.627	2429.32
102.667	2371.48
102.702	2429.32
102.737	2429.32
102.767	2371.48
102.802	2429.32
102.837	2429.32
102.862	2429.32
102.902	2371.48
102.937	2429.32
102.967	2487.16
103.002	2487.16
103.037	2545
103.067	2487.16
103.102	2545
103.137	2545
103.167	2487.16
103.202	2429.32
103.237	2487.16
103.267	2487.16
103.302	2429.32
103.337	2313.64
103.362	2313.64
103.402	2429.32
103.437	2429.32
103.467	2371.48
103.502	2429.32
103.532	2429.32
103.567	2487.16
103.597	2545
103.637	2545
103.662	2487.16
103.702	2429.32
103.737	2487.16
103.762	2487.16
103.802	2429.32
103.837	2429.32
103.867	2487.16
103.902	2545
103.937	2545
103.967	2487.16
104.002	2545
104.037	2545
104.067	2602.84
104.102	2545
104.127	2545
104.167	2602.84
104.202	2660.68
104.237	2602.84
104.267	2545
104.302	2487.16
104.337	2487.16
104.367	2487.16
104.402	2429.32
104.432	2371.48
104.462	2371.48
104.502	2429.32
104.537	2371.48
104.567	2313.64
104.602	2255.8
104.627	2255.8
104.667	2197.96
104.702	2255.8
104.737	2313.64
104.767	2313.64
104.802	2255.8
104.837	2255.8
104.867	2255.8
104.902	2313.64
104.937	2255.8
104.967	2197.96
105.002	2255.8
105.037	2255.8
105.067	2197.96
105.097	2140.11
105.127	2140.11
105.167	2197.96
105.202	2140.11
105.237	2197.96
105.267	2197.96
105.302	2140.11
105.337	2140.11
105.367	2140.11
105.392	2140.11
105.437	2024.43
105.467	2024.43
105.502	1966.59
105.527	1966.59
105.567	1908.75
105.602	1966.59
105.637	1966.59
105.667	1908.75
105.702	1966.59
105.737	1966.59
105.767	2024.43
105.802	2082.27
105.837	2082.27
105.867	2082.27
105.902	2140.11
105.937	2140.11
105.967	2082.27
106.002	2024.43
106.037	2024.43
106.067	2082.27
106.102	2082.27
106.137	2024.43
106.167	2082.27
106.202	2082.27
106.237	2024.43
106.267	2024.43
106.302	1966.59
106.337	1850.91
106.367	1850.91
106.402	1793.07
106.437	1850.91
106.467	1850.91
106.502	1793.07
106.537	1735.23
106.567	1735.23
106.592	1735.23
106.637	1793.07
106.667	1735.23
106.697	1735.23
106.737	1793.07
106.767	1793.07
106.802	1850.91
106.837	1850.91
106.867	1850.91
106.902	1793.07
106.937	1735.23
106.967	1735.23
107.002	1793.07
107.037	1735.23
107.067	1735.23
107.102	1793.07
107.137	1793.07
107.167	1850.91
107.202	1793.07
107.237	1793.07
107.267	1850.91
107.302	1850.91
107.327	1793.07
107.367	1793.07
107.402	1850.91
107.437	1793.07
107.467	1793.07
107.502	1735.23
107.537	1793.07
107.562	1793.07
107.602	1850.91
107.637	1850.91
107.667	1793.07
107.702	1850.91
107.737	1850.91
107.767	1908.75
107.802	1850.91
107.837	1908.75
107.867	1908.75
107.902	1908.75
107.937	1850.91
107.967	1908.75
108.002	1908.75
108.037	1966.59
108.067	1966.59
108.102	1908.75
108.137	1850.91
108.167	1850.91
108.202	1793.07
108.237	1850.91
108.267	1850.91
108.302	1793.07
108.337	1793.07
108.367	1793.07
108.402	1850.91
108.437	1850.91
108.467	1793.07
108.502	1850.91
108.537	1850.91
108.562	1850.91
108.602	1850.91
108.637	1850.91
108.667	1793.07
108.702	1793.07
108.737	1735.23
108.767	1793.07
108.802	1793.07
108.837	1908.75
108.867	1908.75
108.902	1850.91
108.937	1908.75
108.967	1908.75
109.002	1850.91
109.037	1793.07
109.067	1793.07
109.102	1850.91
109.137	1850.91
109.167	1793.07
109.202	1850.91
109.237	1850.91
109.267	1793.07
109.302	1793.07
109.327	1735.23
109.367	1735.23
109.402	1735.23
109.437	1677.39
109.467	1677.39
109.492	1677.39
109.537	1735.23
109.567	1793.07
109.602	1793.07
109.637	1735.23
109.667	1735.23
109.702	1793.07
109.737	1850.91
109.767	1850.91
109.802	1793.07
109.837	1793.07
109.867	1793.07
109.902	1735.23
109.937	1735.23
109.967	1793.07
110.002	1793.07
110.037	1735.23
110.067	1735.23
110.102	1677.39
110.137	1735.23
110.167	1735.23
110.202	1677.39
110.237	1677.39
110.267	1677.39
110.302	1735.23
110.337	1735.23
110.367	1735.23
110.402	1677.39
110.437	1677.39
110.467	1619.55
110.502	1619.55
110.527	1619.55
110.567	1677.39
110.602	1619.55
110.637	1561.7
110.667	1561.7
110.702	1503.86
110.737	1503.86
110.767	1446.02
110.802	1446.02
110.837	1503.86
110.867	1561.7
110.902	1619.55
110.937	1619.55
110.967	1619.55
111.002	1561.7
111.037	1619.55
111.067	1619.55
111.102	1561.7
111.127	1561.7
111.167	1619.55
111.202	1619.55
111.237	1677.39
111.267	1677.39
111.302	1619.55
111.337	1619.55
111.367	1735.23
111.402	1735.23
111.437	1793.07
111.467	1793.07
111.492	1735.23
111.517	1735.23
111.542	1677.39
111.567	1677.39
111.592	1677.39
111.627	1735.23
111.667	1677.39
111.702	1677.39
111.737	1619.55
111.767	1619.55
111.802	1561.7
111.837	1619.55
111.867	1561.7
111.902	1561.7
111.937	1619.55
111.962	1619.55
112.002	1561.7
112.037	1619.55
112.067	1619.55
112.102	1561.7
112.137	1561.7
112.167	1503.86
112.202	1503.86
112.237	1446.02
112.267	1446.02
112.302	1446.02
112.337	1446.02
112.367	1446.02
112.402	1503.86
112.437	1503.86
112.467	1503.86
112.502	1446.02
112.537	1446.02
112.567	1446.02
112.602	1503.86
112.637	1503.86
112.667	1446.02
112.702	1446.02
112.737	1503.86
112.767	1503.86
112.802	1561.7
112.837	1561.7
112.867	1446.02
112.902	1446.02
112.937	1503.86
112.967	1503.86
113.002	1561.7
113.037	1503.86
113.067	1503.86
113.102	1561.7
113.137	1561.7
113.167	1561.7
113.202	1503.86
113.237	1446.02
113.267	1446.02
113.302	1503.86
113.337	1503.86
113.367	1619.55
113.402	1619.55
113.437	1561.7
113.467	1561.7
113.502	1503.86
113.537	1503.86
113.567	1561.7
113.602	1561.7
113.637	1503.86
113.667	1503.86
113.702	1561.7
113.737	1619.55
113.767	1619.55
113.802	1561.7
113.837	1561.7
113.867	1561.7
113.902	1446.02
113.937	1446.02
113.967	1446.02
114.002	1503.86
114.037	1503.86
114.067	1446.02
114.102	1446.02
114.137	1503.86
114.167	1503.86
114.202	1446.02
114.237	1446.02
114.267	1503.86
114.302	1446.02
114.337	1503.86
114.367	1503.86
114.402	1446.02
114.437	1446.02
114.467	1446.02
114.502	1446.02
114.537	1503.86
114.567	1503.86
114.602	1561.7
114.637	1561.7
114.667	1503.86
114.702	1503.86
114.737	1561.7
114.767	1561.7
114.802	1619.55
114.837	1619.55
114.867	1619.55
114.902	1561.7
114.937	1561.7
114.962	1561.7
115.002	1619.55
115.037	1677.39
115.067	1677.39
115.102	1619.55
115.137	1619.55
115.167	1561.7
115.202	1561.7
115.237	1503.86
115.267	1503.86
115.302	1561.7
115.337	1503.86
115.367	1446.02
115.402	1446.02
115.437	1503.86
115.467	1503.86
115.502	1561.7
115.537	1561.7
115.567	1503.86
115.602	1561.7
115.637	1561.7
115.667	1561.7
115.702	1619.55
115.737	1677.39
115.767	1677.39
115.802	1619.55
115.837	1619.55
115.867	1677.39
115.902	1619.55
115.937	1677.39
115.967	1677.39
115.992	1677.39
116.037	1735.23
116.067	1677.39
116.102	1677.39
116.137	1735.23
116.167	1735.23
116.202	1793.07
116.237	1793.07
116.267	1735.23
116.302	1677.39
116.337	1677.39
116.367	1677.39
116.402	1677.39
116.437	1735.23
116.467	1735.23
116.502	1793.07
116.537	1793.07
116.567	1735.23
116.602	1735.23
116.637	1677.39
116.667	1677.39
116.692	1619.55
116.737	1677.39
116.767	1677.39
116.802	1619.55
116.837	1619.55
116.867	1619.55
116.902	1735.23
116.937	1793.07
116.967	1793.07
117.002	1735.23
117.037	1735.23
117.067	1793.07
117.102	1793.07
117.137	1850.91
117.167	1850.91
117.202	1793.07
117.237	1735.23
117.267	1735.23
117.302	1793.07
117.327	1793.07
117.352	1850.91
117.377	1793.07
117.402	1850.91
117.437	1850.91
117.467	1793.07
117.502	1850.91
117.537	1850.91
117.567	1793.07
117.602	1850.91
117.637	1850.91
117.667	1793.07
117.702	1793.07
117.737	1735.23
117.767	1677.39
117.802	1677.39
117.837	1793.07
117.867	1793.07
117.892	1850.91
117.922	1850.91
117.947	1793.07
117.972	1793.07
118.002	1850.91
118.027	1850.91
118.067	1793.07
118.102	1793.07
118.137	1850.91
118.167	1908.75
118.202	1908.75
118.227	1850.91
118.267	1908.75
118.302	1908.75
118.337	1908.75
118.367	1908.75
118.402	1966.59
118.437	1908.75
118.467	1908.75
118.502	1966.59
118.537	1908.75
118.567	1908.75
118.602	1850.91
118.637	1908.75
118.667	1908.75
118.702	1850.91
118.737	1908.75
118.767	1908.75
118.802	1850.91
118.837	1908.75
118.867	1850.91
118.902	1793.07
118.937	1793.07
118.967	1850.91
119.002	1793.07
119.037	1793.07
119.067	1850.91
119.102	1850.91
119.137	1793.07
119.167	1793.07
119.202	1850.91
119.237	1793.07
119.262	1793.07
119.302	1850.91
119.337	1966.59
119.367	1966.59
119.402	1908.75
119.437	1966.59
119.467	1966.59
119.502	1908.75
119.537	1966.59
119.567	1966.59
119.597	2024.43
119.637	2024.43
119.667	1966.59
119.702	2024.43
119.737	2024.43
119.767	1966.59
119.802	1966.59
119.837	1966.59
119.867	1908.75
119.902	1850.91
119.937	1850.91
119.967	1908.75
120.002	1908.75
120.037	1850.91
120.067	1850.91
120.102	1908.75
120.137	1850.91
120.167	1850.91
120.192	1908.75
120.237	1966.59
120.267	1966.59
120.302	1908.75
120.337	2024.43
120.367	2024.43
120.402	1966.59
120.427	1966.59
120.467	2024.43
120.502	2082.27
120.537	2082.27
120.567	2140.11
120.602	2197.96
120.637	2255.8
120.667	2255.8
120.702	2197.96
120.737	2255.8
120.767	2255.8
120.802	2313.64
120.837	2197.96
120.867	2255.8
120.902	2255.8
120.937	2197.96
120.967	2140.11
121.002	2197.96
121.032	2197.96
121.067	2140.11
121.102	2197.96
121.137	2255.8
121.167	2255.8
121.192	2197.96
121.237	2255.8
121.267	2255.8
121.302	2197.96
121.337	2082.27
121.367	2140.11
121.402	2140.11
121.427	2082.27
121.467	2140.11
121.502	2140.11
121.537	2197.96
121.567	2140.11
121.602	2197.96
121.637	2197.96
121.667	2140.11
121.702	2082.27
121.737	2140.11
121.767	2140.11
121.802	2082.27
121.837	2082.27
121.867	2082.27
121.902	2140.11
121.937	2140.11
121.967	2197.96
122.002	2140.11
122.037	2140.11
122.067	2082.27
122.102	2024.43
122.137	2024.43
122.167	1966.59
122.202	2024.43
122.237	2024.43
122.267	1966.59
122.302	1908.75
122.327	1850.91
122.367	1793.07
122.402	1793.07
122.437	1850.91
122.467	1850.91
122.502	1793.07
122.537	1735.23
122.567	1735.23
122.602	1793.07
122.637	1793.07
122.667	1850.91
122.702	1793.07
122.737	1793.07
122.767	1850.91
122.802	1850.91
122.837	1966.59
122.867	1966.59
122.902	1908.75
122.937	1850.91
122.967	1850.91
123.002	1793.07
123.037	1850.91
123.067	1850.91
123.102	1793.07
123.137	1735.23
123.167	1735.23
123.202	1793.07
123.237	1793.07
123.267	1735.23
123.302	1793.07
123.337	1735.23
123.367	1735.23
123.402	1677.39
123.437	1619.55
123.467	1619.55
123.502	1677.39
123.537	1677.39
123.567	1619.55
123.602	1619.55
123.637	1561.7
123.667	1561.7
123.702	1619.55
123.737	1677.39
123.767	1677.39
123.802	1619.55
123.837	1619.55
123.867	1619.55
123.902	1735.23
123.937	1793.07
123.967	1793.07
123.997	1735.23
124.037	1677.39
124.067	1677.39
124.102	1619.55
124.137	1619.55
124.167	1677.39
124.192	1677.39
124.222	1677.39
124.247	1735.23
124.272	1735.23
124.302	1793.07
124.327	1793.07
124.367	1677.39
124.402	1619.55
124.437	1619.55
124.467	1677.39
124.502	1677.39
124.537	1735.23
124.567	1735.23
124.602	1677.39
124.637	1677.39
124.667	1735.23
124.692	1735.23
124.737	1677.39
124.767	1677.39
124.802	1619.55
124.837	1619.55
124.867	1619.55
124.902	1677.39
124.937	1677.39
124.967	1735.23
125.002	1735.23
125.037	1677.39
125.067	1677.39
125.102	1735.23
125.137	1735.23
125.167	1793.07
125.202	1793.07
125.237	1850.91
125.267	1850.91
125.302	1793.07
125.337	1908.75
125.367	1908.75
125.402	1850.91
125.437	1908.75
125.467	1908.75
125.502	1850.91
125.537	1908.75
125.567	1908.75
125.602	1966.59
125.637	1908.75
125.667	1908.75
125.702	1966.59
125.737	1966.59
125.767	1908.75
125.802	1966.59
125.837	1966.59
125.867	1850.91
125.897	1850.91
125.937	1793.07
125.967	1850.91
126.002	1850.91
126.037	1793.07
126.067	1850.91
126.102	1850.91
126.137	1793.07
126.167	1793.07
126.202	1850.91
126.237	1793.07
126.267	1793.07
126.302	1850.91
126.337	1735.23
126.367	1735.23
126.402	1793.07
126.437	1735.23
126.467	1735.23
126.502	1793.07
126.537	1793.07
126.567	1735.23
126.602	1735.23
126.637	1793.07
126.667	1793.07
126.702	1850.91
126.737	1908.75
126.767	1908.75
126.802	1850.91
126.837	1966.59
126.867	1966.59
126.902	1908.75
126.937	1966.59
126.967	1966.59
127.002	1908.75
127.037	1966.59
127.067	1966.59
127.102	1908.75
127.137	1850.91
127.167	1850.91
127.202	1908.75
127.237	1908.75
127.267	1850.91
127.302	1908.75
127.337	1908.75
127.367	1793.07
127.402	1850.91
127.437	1850.91
127.467	1793.07
127.502	1735.23
127.537	1735.23
127.567	1735.23
127.602	1793.07
127.637	1735.23
127.667	1735.23
127.702	1677.39
127.737	1677.39
127.767	1735.23
127.802	1735.23
127.837	1619.55
127.867	1619.55
127.902	1561.7
127.937	1619.55
127.967	1619.55
128.002	1561.7
128.037	1561.7
128.067	1503.86
128.102	1503.86
128.137	1561.7
128.167	1561.7
128.202	1503.86
128.237	1503.86
128.267	1561.7
128.302	1503.86
128.337	1561.7
128.367	1561.7
128.397	1619.55
128.437	1561.7
128.467	1561.7
128.502	1619.55
128.537	1619.55
128.567	1561.7
128.602	1561.7
128.637	1503.86
128.667	1503.86
128.702	1561.7
128.737	1561.7
128.767	1503.86
128.802	1503.86
128.837	1503.86
128.867	1503.86
128.902	1446.02
128.937	1446.02
128.967	1503.86
129.002	1446.02
129.037	1446.02
129.067	1446.02
129.102	1446.02
129.137	1503.86
129.167	1503.86
129.202	1561.7
129.237	1561.7
129.267	1503.86
129.292	1503.86
129.337	1503.86
129.367	1503.86
129.402	1561.7
129.437	1503.86
129.467	1503.86
129.502	1446.02
129.537	1446.02
129.567	1446.02
129.602	1446.02
129.637	1503.86
129.667	1503.86
129.702	1561.7
129.737	1561.7
129.767	1503.86
129.802	1503.86
129.837	1503.86
129.867	1503.86
129.902	1446.02
129.937	1446.02
129.967	1503.86
130.002	1561.7
130.037	1561.7
130.067	1561.7
130.102	1503.86
130.137	1446.02
130.167	1446.02
130.202	1503.86
130.237	1503.86
130.267	1561.7
130.302	1561.7
130.337	1446.02
130.367	1446.02
130.402	1446.02
130.437	1446.02
130.467	1503.86
130.492	1503.86
130.537	1446.02
130.567	1446.02
130.602	1503.86
130.637	1503.86
130.667	1561.7
130.702	1503.86
130.737	1503.86
130.767	1503.86
130.802	1446.02
130.837	1446.02
130.867	1446.02
130.902	1503.86
130.937	1503.86
130.967	1446.02
131.002	1446.02
131.037	1503.86
131.067	1503.86
131.102	1446.02
131.137	1446.02
131.167	1503.86
131.202	1503.86
131.237	1561.7
131.267	1561.7
131.302	1619.55
131.337	1619.55
131.367	1619.55
131.402	1677.39
131.437	1677.39
131.467	1619.55
131.502	1619.55
131.537	1561.7
131.567	1561.7
131.602	1503.86
131.637	1503.86
131.667	1561.7
131.702	1561.7
131.737	1619.55
131.767	1619.55
131.802	1677.39
131.837	1619.55
131.867	1561.7
131.902	1561.7
131.937	1619.55
131.967	1619.55
132.002	1561.7
132.037	1619.55
132.067	1619.55
132.102	1677.39
132.137	1677.39
132.167	1735.23
132.192	1735.23
132.237	1677.39
132.267	1677.39
132.302	1619.55
132.337	1619.55
132.367	1735.23
132.402	1735.23
132.437	1677.39
132.467	1677.39
132.502	1735.23
132.537	1793.07
132.567	1793.07
132.602	1735.23
132.637	1735.23
132.667	1793.07
132.702	1793.07
132.737	1735.23
132.767	1735.23
132.802	1793.07
132.837	1793.07
132.867	1793.07
132.902	1735.23
132.937	1793.07
132.967	1793.07
133.002	1735.23
133.037	1735.23
133.067	1793.07
133.102	1793.07
133.137	1850.91
133.167	1850.91
133.202	1793.07
133.237	1735.23
133.267	1735.23
133.302	1793.07
133.337	1677.39
133.367	1677.39
133.402	1735.23
133.437	1793.07
133.467	1793.07
133.502	1735.23
133.537	1735.23
133.567	1677.39
133.602	1735.23
133.637	1735.23
133.667	1793.07
133.702	1793.07
133.737	1735.23
133.767	1793.07
133.802	1793.07
133.837	1677.39
133.867	1677.39
133.902	1735.23
133.937	1793.07
133.967	1793.07
133.997	1735.23
134.037	1735.23
134.067	1793.07
134.102	1793.07
134.137	1735.23
134.162	1735.23
134.202	1677.39
134.237	1735.23
134.267	1735.23
134.302	1677.39
134.337	1735.23
134.367	1793.07
134.402	1850.91
134.437	1850.91
134.467	1793.07
134.502	1850.91
134.537	1850.91
134.567	1793.07
134.597	1793.07
134.637	1735.23
134.667	1735.23
134.702	1793.07
134.737	1850.91
134.767	1850.91
134.802	1793.07
134.837	1793.07
134.867	1908.75
134.902	1966.59
134.937	1966.59
134.967	1908.75
135.002	1966.59
135.037	1966.59
135.067	2024.43
135.102	2024.43
135.137	1966.59
135.167	2024.43
135.202	2024.43
135.237	1966.59
135.267	1966.59
135.302	2024.43
135.337	2024.43
135.367	2024.43
135.402	1966.59
135.437	2024.43
135.467	2024.43
135.502	1966.59
135.537	2024.43
135.567	2024.43
135.602	1966.59
135.637	2024.43
135.667	2024.43
135.702	2082.27
135.737	2082.27
135.767	2024.43
135.802	1966.59
135.837	2082.27
135.867	2082.27
135.902	2024.43
135.937	2082.27
135.967	2082.27
136.002	2140.11
136.037	2082.27
136.067	2082.27
136.102	2024.43
136.137	1966.59
136.167	1966.59
136.202	1908.75
136.237	1966.59
136.267	1966.59
136.302	1908.75
136.337	1908.75
136.367	1793.07
136.402	1850.91
136.437	1850.91
136.467	1793.07
136.502	1850.91
136.537	1850.91
136.567	1793.07
136.602	1850.91
136.637	1850.91
136.667	1908.75
136.702	1908.75
136.737	1850.91
136.767	1908.75
136.792	1908.75
136.837	1793.07
136.867	1793.07
136.902	1735.23
136.937	1677.39
136.967	1677.39
137.002	1735.23
137.037	1735.23
137.067	1793.07
137.092	1793.07
137.117	1735.23
137.142	1735.23
137.167	1793.07
137.202	1793.07
137.237	1735.23
137.267	1735.23
137.302	1677.39
137.337	1677.39
137.367	1677.39
137.392	1677.39
137.437	1677.39
137.467	1735.23
137.502	1735.23
137.537	1677.39
137.567	1677.39
137.602	1735.23
137.637	1677.39
137.667	1677.39
137.702	1735.23
137.737	1735.23
137.767	1735.23
137.802	1793.07
137.837	1793.07
137.867	1793.07
137.902	1735.23
137.937	1793.07
137.967	1793.07
138.002	1850.91
138.037	1850.91
138.067	1793.07
138.102	1850.91
138.137	1850.91
138.167	1793.07
138.202	1850.91
138.237	1850.91
138.267	1908.75
138.302	1908.75
138.337	1793.07
138.362	1793.07
138.402	1735.23
138.437	1793.07
138.467	1793.07
138.502	1735.23
138.537	1793.07
138.567	1793.07
138.602	1850.91
138.637	1793.07
138.667	1793.07
138.702	1850.91
138.737	1850.91
138.767	1793.07
138.802	1850.91
138.837	1850.91
138.867	1735.23
138.902	1735.23
138.937	1793.07
138.967	1793.07
139.002	1735.23
139.037	1677.39
139.067	1677.39
139.102	1735.23
139.137	1735.23
139.167	1677.39
139.202	1735.23
139.237	1735.23
139.267	1735.23
139.292	1677.39
139.337	1793.07
139.367	1793.07
139.402	1850.91
139.437	1793.07
139.467	1793.07
139.502	1850.91
139.537	1850.91
139.567	1793.07
139.602	1850.91
139.637	1850.91
139.667	1793.07
139.702	1850.91
139.737	1850.91
139.767	1793.07
139.802	1793.07
139.837	1793.07
139.867	1850.91
139.902	1850.91
139.937	1793.07
139.967	1793.07
140.002	1850.91
140.037	1793.07
140.067	1793.07
140.102	1850.91
140.137	1793.07
140.167	1793.07
140.202	1735.23
140.237	1793.07
140.267	1793.07
140.302	1850.91
140.337	1793.07
140.367	1735.23
140.402	1677.39
140.437	1677.39
140.467	1735.23
140.502	1735.23
140.537	1677.39
140.567	1677.39
140.602	1735.23
140.637	1735.23
140.667	1677.39
140.702	1735.23
140.737	1735.23
140.767	1735.23
140.802	1677.39
140.837	1561.7
140.867	1561.7
140.902	1619.55
140.937	1619.55
140.967	1561.7
141.002	1561.7
141.037	1503.86
141.067	1503.86
141.102	1561.7
141.137	1503.86
141.167	1503.86
141.202	1446.02
141.237	1446.02
141.267	1446.02
141.302	1503.86
141.337	1503.86
141.367	1503.86
141.402	1446.02
141.437	1446.02
141.467	1503.86
141.502	1503.86
141.537	1561.7
141.567	1561.7
141.592	1561.7
141.637	1619.55
141.667	1561.7
141.702	1503.86
141.737	1503.86
141.767	1503.86
141.802	1561.7
141.837	1677.39
141.867	1677.39
141.902	1735.23
141.937	1735.23
141.967	1677.39
142.002	1677.39
142.037	1735.23
142.067	1735.23
142.102	1793.07
142.137	1793.07
142.167	1850.91
142.202	1908.75
142.237	1908.75
142.267	1850.91
142.302	1908.75
142.337	1850.91
142.367	1793.07
142.402	1793.07
142.437	1735.23
142.467	1735.23
142.502	1793.07
142.537	1735.23
142.567	1735.23
142.602	1677.39
142.637	1677.39
142.667	1735.23
142.702	1735.23
142.737	1677.39
142.767	1677.39
142.802	1735.23
142.837	1677.39
142.867	1619.55
142.892	1619.55
142.937	1677.39
142.967	1677.39
143.002	1735.23
143.037	1793.07
143.067	1793.07
143.102	1850.91
143.137	1850.91
143.167	1793.07
143.202	1850.91
143.237	1850.91
143.267	1908.75
143.302	1850.91
143.337	1793.07
143.367	1735.23
143.402	1735.23
143.437	1793.07
143.467	1793.07
143.502	1850.91
143.537	1850.91
143.567	1793.07
143.602	1850.91
143.637	1850.91
143.667	1793.07
143.702	1793.07
143.737	1850.91
143.767	1850.91
143.797	1793.07
143.837	1908.75
143.867	1908.75
143.897	1850.91
143.937	1793.07
143.967	1793.07
144.002	1850.91
144.037	1850.91
144.067	1793.07
144.102	1850.91
144.137	1850.91
144.167	1793.07
144.202	1850.91
144.237	1850.91
144.267	1793.07
144.292	1793.07
144.337	1793.07
144.367	1850.91
144.402	1850.91
144.437	1908.75
144.467	1908.75
144.502	1850.91
144.537	1793.07
144.567	1793.07
144.602	1850.91
144.637	1908.75
144.667	1908.75
144.702	1850.91
144.737	1908.75
144.767	1908.75
144.802	1850.91
144.837	1908.75
144.867	1966.59
144.902	2024.43
144.937	1966.59
144.967	1966.59
145.002	1908.75
145.037	1908.75
145.062	1966.59
145.102	2024.43
145.137	2024.43
145.167	1966.59
145.202	2024.43
145.227	2024.43
145.267	2082.27
145.302	2024.43
145.337	2082.27
145.367	2140.11
145.402	2140.11
145.437	2082.27
145.467	2140.11
145.502	2197.96
145.537	2197.96
145.567	2140.11
145.602	2197.96
145.637	2197.96
145.667	2140.11
145.702	2082.27
145.737	2140.11
145.767	2140.11
145.802	2082.27
145.837	2140.11
145.867	2082.27
145.902	2024.43
145.937	1966.59
145.967	1966.59
146.002	2024.43
146.037	1966.59
146.067	1966.59
146.102	2024.43
146.137	2024.43
146.167	1966.59
146.202	2024.43
146.237	2024.43
146.267	1966.59
146.302	2082.27
146.327	2082.27
146.362	2082.27
146.402	2140.11
146.437	2197.96
146.467	2140.11
146.502	2197.96
146.537	2140.11
146.567	2140.11
146.602	2082.27
146.637	2140.11
146.667	2140.11
146.702	2082.27
146.737	2140.11
146.767	2140.11
146.802	2082.27
146.837	1966.59
146.867	1966.59
146.902	2024.43
146.937	1966.59
146.967	1966.59
147.002	1908.75
147.037	1966.59
147.067	1966.59
147.102	1908.75
147.137	1850.91
147.167	1850.91
147.202	1793.07
147.237	1850.91
147.267	1850.91
147.302	1908.75
147.337	1850.91
147.367	1793.07
147.402	1735.23
147.437	1735.23
147.467	1793.07
147.502	1735.23
147.537	1735.23
147.567	1735.23
147.602	1793.07
147.637	1735.23
147.667	1735.23
147.702	1793.07
147.737	1793.07
147.767	1735.23
147.802	1677.39
147.837	1677.39
147.867	1793.07
147.902	1793.07
147.937	1850.91
147.967	1850.91
148.002	1793.07
148.037	1735.23
148.067	1735.23
148.102	1677.39
148.137	1735.23
148.167	1735.23
148.202	1677.39
148.237	1677.39
148.267	1735.23
148.302	1735.23
148.337	1735.23
148.367	1735.23
148.402	1677.39
148.437	1735.23
148.467	1735.23
148.502	1793.07
148.537	1735.23
148.567	1735.23
148.602	1793.07
148.637	1793.07
148.667	1850.91
148.702	1908.75
148.737	1908.75
148.767	1850.91
148.802	1850.91
148.837	1735.23
148.867	1735.23
148.902	1793.07
148.937	1735.23
148.967	1735.23
148.992	1793.07
149.037	1850.91
149.067	1850.91
149.102	1793.07
149.137	1793.07
149.162	1735.23
149.187	1735.23
149.212	1793.07
149.237	1793.07
149.267	1850.91
149.302	1793.07
149.337	1735.23
149.367	1793.07
149.402	1793.07
149.437	1735.23
149.467	1735.23
149.502	1793.07
149.537	1735.23
149.567	1735.23
149.602	1677.39
149.637	1677.39
149.667	1735.23
149.702	1735.23
149.737	1677.39
149.767	1677.39
149.802	1735.23
149.837	1735.23
149.867	1735.23
149.902	1793.07
149.937	1793.07
149.967	1735.23
150.002	1735.23
150.037	1677.39
150.067	1677.39
150.102	1735.23
150.127	1735.23
150.167	1677.39
150.202	1735.23
150.237	1735.23
150.267	1735.23
150.302	1793.07
150.337	1793.07
150.367	1793.07
150.402	1735.23
150.437	1793.07
150.467	1793.07
150.502	1850.91
150.537	1850.91
150.567	1793.07
150.602	1735.23
150.637	1735.23
150.667	1677.39
150.702	1677.39
150.737	1619.55
150.767	1619.55
150.792	1619.55
150.837	1677.39
150.862	1619.55
150.902	1735.23
150.937	1735.23
150.967	1735.23
151.002	1677.39
151.037	1735.23
151.067	1735.23
151.102	1793.07
151.137	1793.07
151.167	1850.91
151.202	1793.07
151.237	1793.07
151.267	1735.23
151.302	1735.23
151.337	1850.91
151.367	1850.91
151.402	1908.75
151.437	1850.91
151.467	1850.91
151.502	1793.07
151.537	1850.91
151.567	1850.91
151.602	1793.07
151.637	1850.91
151.667	1850.91
151.702	1793.07
151.737	1793.07
151.767	1850.91
151.802	1793.07
151.837	1793.07
151.867	1677.39
151.902	1619.55
151.937	1619.55
151.967	1619.55
152.002	1677.39
152.037	1735.23
152.067	1735.23
152.102	1677.39
152.137	1677.39
152.167	1735.23
152.202	1735.23
152.237	1793.07
152.267	1793.07
152.302	1735.23
152.337	1793.07
152.367	1850.91
152.402	1908.75
152.437	1908.75
152.462	1850.91
152.502	1908.75
152.537	1908.75
152.567	1850.91
152.602	1908.75
152.637	1908.75
152.667	1850.91
152.692	1850.91
152.737	1793.07
152.767	1850.91
152.792	1850.91
152.837	1850.91
152.867	1850.91
152.902	1793.07
152.937	1850.91
152.967	1850.91
153.002	1793.07
153.037	1850.91
153.067	1850.91
153.102	1793.07
153.137	1850.91
153.167	1850.91
153.202	1793.07
153.237	1793.07
153.267	1735.23
153.302	1793.07
153.337	1793.07
153.367	1793.07
153.402	1850.91
153.437	1850.91
153.467	1793.07
153.502	1793.07
153.537	1735.23
153.567	1793.07
153.602	1793.07
153.637	1850.91
153.667	1850.91
153.702	1793.07
153.737	1735.23
153.767	1735.23
153.802	1793.07
153.837	1793.07
153.867	1793.07
153.902	1735.23
153.937	1735.23
153.967	1677.39
154.002	1677.39
154.037	1735.23
154.067	1735.23
154.102	1677.39
154.137	1735.23
154.167	1735.23
154.202	1735.23
154.237	1677.39
154.262	1677.39
154.302	1619.55
154.337	1735.23
154.367	1735.23
154.402	1677.39
154.437	1677.39
154.467	1619.55
154.502	1619.55
154.537	1677.39
154.567	1677.39
154.602	1619.55
154.637	1677.39
154.667	1677.39
154.702	1619.55
154.737	1619.55
154.767	1561.7
154.802	1561.7
154.837	1677.39
154.867	1677.39
154.902	1735.23
154.937	1735.23
154.967	1677.39
155.002	1677.39
155.037	1619.55
155.067	1619.55
155.102	1561.7
155.137	1503.86
155.167	1503.86
155.202	1561.7
155.237	1561.7
155.267	1561.7
155.302	1503.86
155.337	1446.02
155.367	1446.02
155.402	1503.86
155.437	1503.86
155.467	1446.02
155.502	1446.02
155.537	1446.02
155.567	1446.02
155.602	1503.86
155.637	1503.86
155.667	1446.02
155.702	1446.02
155.737	1446.02
155.767	1446.02
155.802	1503.86
155.837	1561.7
155.867	1619.55
155.902	1677.39
155.937	1677.39
155.967	1619.55
156.002	1619.55
156.037	1561.7
156.067	1561.7
156.102	1619.55
156.137	1619.55
156.167	1561.7
156.202	1561.7
156.237	1619.55
156.267	1619.55
156.302	1561.7
156.337	1561.7
156.367	1561.7
156.402	1503.86
156.437	1503.86
156.467	1446.02
156.502	1446.02
156.537	1503.86
156.567	1503.86
156.602	1446.02
156.637	1446.02
156.667	1503.86
156.702	1503.86
156.737	1446.02
156.767	1446.02
156.802	1503.86
156.837	1446.02
156.867	1503.86
156.902	1561.7
156.937	1561.7
156.967	1561.7
157.002	1503.86
157.037	1446.02
157.067	1446.02
157.102	1503.86
157.137	1503.86
157.167	1446.02
157.202	1446.02
157.237	1503.86
157.267	1503.86
157.302	1446.02
157.337	1446.02
157.367	1446.02
157.402	1446.02
157.437	1446.02
157.467	1446.02
157.502	1503.86
157.537	1446.02
157.567	1446.02
157.602	1503.86
157.637	1503.86
157.667	1503.86
157.702	1446.02
157.737	1503.86
157.767	1503.86
157.802	1561.7
157.837	1561.7
157.867	1561.7
157.902	1561.7
157.937	1619.55
157.967	1619.55
157.992	1619.55
158.037	1677.39
158.067	1619.55
158.102	1619.55
158.137	1561.7
158.167	1561.7
158.197	1619.55
158.237	1561.7
158.267	1561.7
158.302	1619.55
158.337	1619.55
158.367	1677.39
158.402	1735.23
158.437	1677.39
158.467	1677.39
158.502	1619.55
158.537	1619.55
158.567	1677.39
158.602	1677.39
158.637	1619.55
158.667	1619.55
158.702	1677.39
158.737	1619.55
158.767	1619.55
158.802	1561.7
158.837	1561.7
158.867	1561.7
158.902	1561.7
158.937	1503.86
158.967	1503.86
159.002	1446.02
159.037	1446.02
159.067	1446.02
159.102	1446.02
159.137	1446.02
159.167	1446.02
159.202	1503.86
159.237	1561.7
159.267	1561.7
159.302	1503.86
159.337	1503.86
159.367	1503.86
159.402	1446.02
159.437	1503.86
159.467	1503.86
159.502	1561.7
159.537	1561.7
159.567	1561.7
159.602	1503.86
159.637	1446.02
159.667	1446.02
159.702	1503.86
159.737	1503.86
159.767	1561.7
159.802	1561.7
159.837	1561.7
159.867	1561.7
159.902	1503.86
159.937	1561.7
159.967	1561.7
160.002	1503.86
160.037	1503.86
160.067	1446.02
160.102	1446.02
160.137	1503.86
160.167	1503.86
160.202	1561.7
160.237	1561.7
160.267	1503.86
160.302	1503.86
160.337	1446.02
160.367	1446.02
160.402	1503.86
160.437	1503.86
160.467	1446.02
160.492	1446.02
160.537	1503.86
160.567	1503.86
160.602	1561.7
160.637	1503.86
160.667	1503.86
160.702	1446.02
160.737	1446.02
160.767	1503.86
160.802	1503.86
160.837	1503.86
160.867	1503.86
160.902	1446.02
160.937	1446.02
160.967	1503.86
161.002	1503.86
161.037	1561.7
161.067	1561.7
161.102	1503.86
161.137	1561.7
161.167	1561.7
161.192	1561.7
161.237	1503.86
161.267	1446.02
161.302	1446.02
161.337	1561.7
161.367	1561.7
161.397	1561.7
161.437	1503.86
161.467	1561.7
161.502	1561.7
161.537	1503.86
161.567	1503.86
161.602	1561.7
161.637	1503.86
161.667	1503.86
161.702	1561.7
161.737	1561.7
161.767	1561.7
161.802	1619.55
161.837	1503.86
161.867	1503.86
161.902	1446.02
161.937	1446.02
161.967	1503.86
162.002	1503.86
162.037	1561.7
162.067	1561.7
162.102	1503.86
162.127	1503.86
162.167	1561.7
162.202	1561.7
162.237	1503.86
162.267	1503.86
162.302	1446.02
162.337	1446.02
162.367	1446.02
162.402	1503.86
162.437	1503.86
162.467	1446.02
162.502	1446.02
162.537	1503.86
162.567	1503.86
162.602	1561.7
162.637	1561.7
162.667	1503.86
162.702	1503.86
162.737	1446.02
162.762	1446.02
162.802	1503.86
162.837	1503.86
162.867	1446.02
162.902	1503.86
162.937	1503.86
162.967	1503.86
163.002	1446.02
163.037	1446.02
163.067	1503.86
163.102	1446.02
163.137	1446.02
163.167	1446.02
163.202	1446.02
163.237	1446.02
163.267	1503.86
163.302	1446.02
163.337	1503.86
163.367	1503.86
163.402	1561.7
163.437	1503.86
163.467	1503.86
163.502	1446.02
163.537	1446.02
163.567	1503.86
163.602	1503.86
163.637	1561.7
163.667	1561.7
163.702	1503.86
163.737	1503.86
163.767	1446.02
163.802	1446.02
163.837	1561.7
163.867	1561.7
163.902	1503.86
163.937	1503.86
163.967	1561.7
164.002	1619.55
164.037	1619.55
164.067	1619.55
164.102	1561.7
164.137	1503.86
164.167	1503.86
164.202	1561.7
164.237	1561.7
164.267	1503.86
164.302	1503.86
164.337	1619.55
164.367	1619.55
164.402	1561.7
164.437	1561.7
164.467	1619.55
164.502	1619.55
164.537	1561.7
164.567	1561.7
164.602	1619.55
164.637	1677.39
164.667	1677.39
164.702	1619.55
164.737	1619.55
164.767	1619.55
164.802	1561.7
164.837	1561.7
164.867	1561.7
164.902	1619.55
164.937	1619.55
164.967	1561.7
165.002	1561.7
165.037	1619.55
165.067	1619.55
165.092	1619.55
165.122	1561.7
165.147	1561.7
165.172	1619.55
165.202	1561.7
165.237	1561.7
165.267	1561.7
165.302	1619.55
165.337	1561.7
165.367	1619.55
165.402	1677.39
165.437	1677.39
165.467	1677.39
165.502	1619.55
165.537	1561.7
165.567	1561.7
165.602	1619.55
165.637	1619.55
165.667	1561.7
165.702	1561.7
165.737	1619.55
165.767	1619.55
165.802	1677.39
165.837	1619.55
165.867	1677.39
165.902	1619.55
165.937	1619.55
165.967	1561.7
166.002	1561.7
166.037	1619.55
166.067	1619.55
166.102	1561.7
166.137	1561.7
166.167	1619.55
166.202	1619.55
166.237	1561.7
166.267	1561.7
166.302	1619.55
166.337	1561.7
166.367	1503.86
166.402	1446.02
166.437	1446.02
166.467	1446.02
166.502	1503.86
166.537	1446.02
166.567	1446.02
166.592	1446.02
166.637	1503.86
166.662	1503.86
166.702	1446.02
166.737	1503.86
166.767	1503.86
166.802	1446.02
166.837	1446.02
166.867	1503.86
166.902	1446.02
166.937	1446.02
166.967	1446.02
167.002	1503.86
167.037	1446.02
167.067	1446.02
167.102	1446.02
167.137	1446.02
167.167	1503.86
167.202	1503.86
167.237	1446.02
167.267	1446.02
167.302	1503.86
167.337	1503.86
167.367	1503.86
167.402	1503.86
167.437	1561.7
167.467	1561.7
167.502	1503.86
167.537	1561.7
167.567	1561.7
167.602	1619.55
167.637	1619.55
167.667	1619.55
167.702	1561.7
167.737	1503.86
167.767	1503.86
167.802	1561.7
167.837	1561.7
167.867	1561.7
167.902	1561.7
167.937	1503.86
167.967	1503.86
168.002	1561.7
168.037	1561.7
168.067	1619.55
168.102	1561.7
168.137	1561.7
168.167	1561.7
168.202	1619.55
168.237	1561.7
168.267	1561.7
168.302	1503.86
168.337	1503.86
168.367	1561.7
168.402	1503.86
168.437	1561.7
168.467	1561.7
168.502	1503.86
168.537	1503.86
168.567	1446.02
168.602	1446.02
168.637	1503.86
168.667	1503.86
168.702	1561.7
168.737	1503.86
168.767	1503.86
168.802	1503.86
168.827	1446.02
168.867	1503.86
168.902	1561.7
168.937	1619.55
168.967	1619.55
169.002	1561.7
169.037	1561.7
169.067	1619.55
169.097	1619.55
169.137	1561.7
169.167	1561.7
169.202	1619.55
169.237	1561.7
169.267	1561.7
169.302	1561.7
169.337	1619.55
169.367	1619.55
169.402	1503.86
169.437	1561.7
169.467	1561.7
169.502	1503.86
169.537	1503.86
169.567	1446.02
169.602	1446.02
169.637	1503.86
169.667	1503.86
169.702	1446.02
169.737	1446.02
169.767	1446.02
169.802	1446.02
169.837	1503.86
169.867	1503.86
169.902	1561.7
169.937	1503.86
169.967	1503.86
170.002	1446.02
170.037	1446.02
170.067	1446.02
170.102	1446.02
170.137	1503.86
170.167	1503.86
170.202	1561.7
170.237	1561.7
170.267	1503.86
170.302	1503.86
170.337	1503.86
170.367	1503.86
170.402	1561.7
170.437	1503.86
170.467	1503.86
170.502	1561.7
170.537	1561.7
170.567	1561.7
170.602	1503.86
170.637	1446.02
170.667	1446.02
170.702	1503.86
170.737	1503.86
170.767	1561.7
170.802	1561.7
170.837	1561.7
170.867	1561.7
170.902	1503.86
170.937	1503.86
170.967	1561.7
171.002	1503.86
171.037	1503.86
171.067	1503.86
171.102	1561.7
171.137	1503.86
171.167	1503.86
171.202	1446.02
171.237	1446.02
171.267	1446.02
171.302	1446.02
171.337	1561.7
171.367	1561.7
171.402	1619.55
171.437	1619.55
171.467	1561.7
171.502	1561.7
171.537	1619.55
171.567	1619.55
171.602	1677.39
171.637	1619.55
171.667	1619.55
171.702	1561.7
171.737	1561.7
171.767	1561.7
171.802	1619.55
171.837	1503.86
171.867	1503.86
171.902	1561.7
171.937	1561.7
171.967	1503.86
172.002	1503.86
172.037	1561.7
172.067	1561.7
172.102	1619.55
172.137	1619.55
172.167	1561.7
172.192	1561.7
172.237	1503.86
172.267	1503.86
172.302	1561.7
172.337	1503.86
172.367	1561.7
172.402	1503.86
172.437	1503.86
172.467	1561.7
172.502	1561.7
172.537	1619.55
172.567	1619.55
172.602	1561.7
172.637	1561.7
172.667	1503.86
172.702	1503.86
172.737	1561.7
172.767	1561.7
172.802	1503.86
172.837	1503.86
172.867	1503.86
172.902	1446.02
172.937	1446.02
172.967	1446.02
173.002	1446.02
173.037	1503.86
173.067	1503.86
173.092	1503.86
173.137	1446.02
173.167	1446.02
173.202	1446.02
173.237	1446.02
173.267	1446.02
173.302	1446.02
173.337	1446.02
173.367	1446.02
173.402	1446.02
173.437	1446.02
173.467	1446.02
173.502	1446.02
173.537	1446.02
173.567	1446.02
173.592	1446.02
173.637	1446.02
173.667	1446.02
173.702	1446.02
173.737	1446.02
173.767	1446.02
173.802	1446.02
173.837	1446.02
173.867	1446.02
173.902	1446.02
173.937	1446.02
173.967	1446.02
174.002	1446.02
174.037	1446.02
174.067	1446.02
174.102	1446.02
174.137	1446.02
174.167	1446.02
174.202	1446.02
174.237	1446.02
174.267	1446.02
174.302	1446.02
174.337	1446.02
174.367	1446.02
174.402	1446.02
174.437	1446.02
174.467	1446.02
174.502	1446.02
174.537	1446.02
174.567	1446.02
174.602	1446.02
174.637	1446.02
174.667	1446.02
174.702	1446.02
174.737	1446.02
174.767	1446.02
174.802	1446.02
174.837	1446.02
174.867	1446.02
174.902	1446.02
174.937	1446.02
174.967	1446.02
175.002	1446.02
175.037	1446.02
175.067	1446.02
175.102	1446.02
175.137	1446.02
175.167	1446.02
175.202	1446.02
175.237	1446.02
175.267	1446.02
175.302	1446.02
175.337	1446.02
175.367	1446.02
175.402	1446.02
175.437	1446.02
175.467	1446.02
175.502	1446.02
175.537	1446.02
175.567	1446.02
175.602	1446.02
175.637	1446.02
175.667	1446.02
175.702	1446.02
175.737	1446.02
175.767	1446.02
175.802	1446.02
175.837	1446.02
175.867	1446.02
175.902	1446.02
175.937	1446.02
175.967	1446.02
176.002	1446.02
176.037	1446.02
176.067	1446.02
176.102	1446.02
176.137	1446.02
176.167	1446.02
176.202	1446.02
176.237	1446.02
176.267	1446.02
176.302	1446.02
176.337	1446.02
176.367	1446.02
176.402	1446.02
176.437	1446.02
176.467	1446.02
176.502	1446.02
176.537	1446.02
176.567	1446.02
176.602	1446.02
176.637	1446.02
176.667	1446.02
176.702	1446.02
176.737	1446.02
176.767	1446.02
176.802	1446.02
176.837	1446.02
176.867	1446.02
176.902	1446.02
176.937	1446.02
176.967	1446.02
177.002	1446.02
177.037	1446.02
177.067	1446.02
177.102	1446.02
177.137	1446.02
177.167	1446.02
177.202	1446.02
177.237	1446.02
177.267	1446.02
177.302	1446.02
177.337	1446.02
177.367	1446.02
177.402	1446.02
177.437	1446.02
177.467	1446.02
177.502	1446.02
177.537	1446.02
177.567	1446.02
177.602	1446.02
177.637	1446.02
177.667	1446.02
177.702	1446.02
177.737	1446.02
177.767	1446.02
177.802	1446.02
177.837	1446.02
177.867	1446.02
177.902	1446.02
177.937	1446.02
177.967	1446.02
178.002	1446.02
178.037	1446.02
178.067	1446.02
178.102	1446.02
178.137	1446.02
178.167	1446.02
178.202	1446.02
178.237	1446.02
178.267	1446.02
178.302	1446.02
178.337	1446.02
178.367	1446.02
178.392	1446.02
178.437	1446.02
178.467	1446.02
178.502	1446.02
178.537	1446.02
178.567	1446.02
178.602	1446.02
178.637	1446.02
178.667	1446.02
178.702	1446.02
178.737	1446.02
178.767	1446.02
178.802	1446.02
178.837	1446.02
178.867	1446.02
178.902	1446.02
178.937	1446.02
178.967	1446.02
179.002	1446.02
179.037	1446.02
179.067	1446.02
179.102	1446.02
179.137	1446.02
179.167	1446.02
179.202	1446.02
179.237	1446.02
179.267	1446.02
179.302	1446.02
179.337	1446.02
179.367	1446.02
179.402	1446.02
179.437	1446.02
179.467	1446.02
179.502	1446.02
179.537	1446.02
179.567	1446.02
179.602	1446.02
179.637	1446.02
179.667	1446.02
179.702	1446.02
179.737	1446.02
179.767	1446.02
179.802	1446.02
179.837	1446.02
179.867	1446.02
179.902	1446.02
179.937	1446.02
179.967	1446.02
180.002	1446.02
180.037	1446.02
180.067	1446.02
180.102	1446.02
180.137	1446.02
180.167	1446.02
180.202	1446.02
180.237	1446.02
180.267	1446.02
180.302	1446.02
180.337	1446.02
180.367	1446.02
180.402	1446.02
180.437	1446.02
180.467	1446.02
180.502	1446.02
180.537	1446.02
180.567	1446.02
180.602	1446.02
180.637	1446.02
180.667	1446.02
180.702	1446.02
180.737	1446.02
180.767	1446.02
180.802	1446.02
180.837	1446.02
180.867	1446.02
180.902	1446.02
180.937	1446.02
180.967	1446.02
181.002	1446.02
181.037	1446.02
181.067	1446.02
181.102	1446.02
181.137	1446.02
181.167	1446.02
181.202	1446.02
181.237	1446.02
181.267	1446.02
181.302	1446.02
181.337	1446.02
181.367	1446.02
181.402	1446.02
181.437	1446.02
181.467	1446.02
181.502	1446.02
181.537	1446.02
181.567	1446.02
181.602	1446.02
181.637	1446.02
181.667	1446.02
181.702	1446.02
181.737	1446.02
181.767	1446.02
181.802	1446.02
181.837	1446.02
181.867	1446.02
181.902	1446.02
181.937	1446.02
181.967	1446.02
182.002	1446.02
182.037	1446.02
182.067	1446.02
182.102	1446.02
182.137	1446.02
182.167	1446.02
182.202	1446.02
182.237	1446.02
182.267	1446.02
182.302	1446.02
182.337	1446.02
182.367	1446.02
182.392	1446.02
182.437	1446.02
182.467	1446.02
182.502	1446.02
182.537	1446.02
182.567	1446.02
182.602	1446.02
182.637	1446.02
182.667	1446.02
182.702	1446.02
182.737	1446.02
182.767	1446.02
182.802	1446.02
182.837	1446.02
182.867	1446.02
182.902	1446.02
182.937	1446.02
182.967	1446.02
183.002	1446.02
183.037	1446.02
183.067	1446.02
183.102	1446.02
183.137	1446.02
183.167	1446.02
183.202	1446.02
183.237	1446.02
183.267	1446.02
183.302	1446.02
183.337	1446.02
183.367	1446.02
183.402	1446.02
183.432	1446.02
183.457	1446.02
183.502	1446.02
183.532	1446.02
183.567	1446.02
183.602	1446.02
183.632	1446.02
183.667	1446.02
183.702	1446.02
183.732	1446.02
183.767	1446.02
183.802	1446.02
183.832	1446.02
183.867	1446.02
183.902	1446.02
183.932	1446.02
183.967	1446.02
184.002	1446.02
184.032	1446.02
184.067	1446.02
184.102	1446.02
184.132	1446.02
184.167	1446.02
184.202	1446.02
184.232	1446.02
184.267	1446.02
184.302	1446.02
184.332	1446.02
184.367	1446.02
184.402	1446.02
184.432	1446.02
184.467	1446.02
184.502	1446.02
184.532	1446.02
184.567	1446.02
184.602	1446.02
184.632	1446.02
184.667	1446.02
184.702	1446.02
184.732	1446.02
184.767	1446.02
184.802	1446.02
184.832	1446.02
184.867	1446.02
184.902	1446.02
184.932	1446.02
184.967	1446.02
185.002	1446.02
185.032	1446.02
185.067	1446.02
185.102	1446.02
185.132	1446.02
185.167	1446.02
185.202	1446.02
185.232	1446.02
185.267	1446.02
185.302	1446.02
185.332	1446.02
185.367	1446.02
185.402	1446.02
185.432	1446.02
185.467	1446.02
185.502	1446.02
185.532	1446.02
185.567	1446.02
185.602	1446.02
185.632	1446.02
185.667	1446.02
185.702	1446.02
185.732	1446.02
185.767	1446.02
185.802	1446.02
185.832	1446.02
185.867	1446.02
185.902	1446.02
185.932	1446.02
185.967	1446.02
186.002	1446.02
186.032	1446.02
186.067	1446.02
186.102	1446.02
186.132	1446.02
186.167	1446.02
186.202	1446.02
186.232	1446.02
186.267	1446.02
186.302	1446.02
186.332	1446.02
186.367	1446.02
186.402	1446.02
186.432	1446.02
186.467	1446.02
186.502	1446.02
186.532	1446.02
186.567	1446.02
186.602	1446.02
186.632	1446.02
186.667	1446.02
186.702	1446.02
186.732	1446.02
186.767	1446.02
186.802	1446.02
186.832	1446.02
186.867	1446.02
186.902	1446.02
186.932	1446.02
186.967	1446.02
187.002	1446.02
187.032	1446.02
187.067	1446.02
187.102	1446.02
187.132	1446.02
187.167	1446.02
187.202	1446.02
187.232	1446.02
187.267	1446.02
187.302	1446.02
187.332	1446.02
187.367	1446.02
187.402	1446.02
187.432	1446.02
187.467	1446.02
187.502	1446.02
187.532	1446.02
187.567	1446.02
187.602	1446.02
187.632	1446.02
187.667	1446.02
187.702	1446.02
187.732	1446.02
187.767	1446.02
187.802	1446.02
187.832	1446.02
187.867	1446.02
187.902	1446.02
187.932	1446.02
187.967	1446.02
188.002	1446.02
188.032	1446.02
188.067	1446.02
188.102	1446.02
188.132	1446.02
188.167	1446.02
188.202	1446.02
188.232	1446.02
188.267	1446.02
188.302	1446.02
188.332	1446.02
188.367	1446.02
188.402	1446.02
188.432	1446.02
188.467	1446.02
188.502	1446.02
188.532	1446.02
188.567	1446.02
188.602	1446.02
188.632	1446.02
188.667	1446.02
188.702	1446.02
188.732	1446.02
188.767	1446.02
188.802	1446.02
188.832	1446.02
188.867	1446.02
188.902	1446.02
188.932	1446.02
188.967	1446.02
189.002	1446.02
189.032	1446.02
189.067	1446.02
189.102	1446.02
189.132	1446.02
189.157	1446.02
189.202	1446.02
189.232	1446.02
189.267	1446.02
189.302	1446.02
189.332	1446.02
189.367	1446.02
189.402	1446.02
189.432	1446.02
189.467	1446.02
189.502	1446.02
189.532	1446.02
189.567	1446.02
189.602	1446.02
189.632	1446.02
189.667	1446.02
189.702	1446.02
189.732	1446.02
189.767	1446.02
189.802	1446.02
189.832	1446.02
189.867	1446.02
189.902	1446.02
189.932	1446.02
189.967	1446.02
190.002	1446.02
190.032	1446.02
190.067	1446.02
190.102	1446.02
190.132	1446.02
190.167	1446.02
190.202	1446.02
190.232	1446.02
190.267	1446.02
190.302	1446.02
190.332	1446.02
190.367	1446.02
190.402	1446.02
190.432	1446.02
190.467	1446.02
190.502	1446.02
190.532	1446.02
190.567	1446.02
190.602	1446.02
190.632	1446.02
190.667	1446.02
190.702	1446.02
190.732	1446.02
190.767	1446.02
190.802	1446.02
190.832	1446.02
190.867	1446.02
190.902	1446.02
190.932	1446.02
190.967	1446.02
191.002	1446.02
191.032	1446.02
191.067	1446.02
191.102	1446.02
191.132	1446.02
191.167	1446.02
191.202	1446.02
191.232	1446.02
191.267	1446.02
191.302	1446.02
191.332	1446.02
191.367	1446.02
191.402	1446.02
191.432	1446.02
191.467	1446.02
191.502	1446.02
191.532	1446.02
191.567	1446.02
191.602	1446.02
191.632	1446.02
191.667	1446.02
191.702	1446.02
191.732	1446.02
191.767	1446.02
191.802	1446.02
191.832	1446.02
191.867	1446.02
191.902	1446.02
191.932	1446.02
191.967	1446.02
192.002	1446.02
192.032	1446.02
192.067	1446.02
192.102	1446.02
192.132	1446.02
192.167	1446.02
192.202	1446.02
192.232	1446.02
192.267	1446.02
192.302	1446.02
192.332	1446.02
192.367	1446.02
192.402	1446.02
192.432	1446.02
192.467	1446.02
192.502	1446.02
192.532	1446.02
192.567	1446.02
192.602	1446.02
192.632	1446.02
192.657	1446.02
192.702	1446.02
192.732	1446.02
192.767	1446.02
192.802	1446.02
192.832	1446.02
192.867	1446.02
192.902	1446.02
192.932	1446.02
192.967	1446.02
193.002	1446.02
193.032	1446.02
193.067	1446.02
193.102	1446.02
193.132	1446.02
193.167	1446.02
193.202	1446.02
193.232	1446.02
193.267	1446.02
193.302	1446.02
193.332	1446.02
193.367	1446.02
193.402	1446.02
193.432	1446.02
193.467	1446.02
193.502	1446.02
193.532	1446.02
193.567	1446.02
193.602	1446.02
193.632	1446.02
193.667	1446.02
193.702	1446.02
193.732	1446.02
193.757	1446.02
193.802	1446.02
193.832	1446.02
193.867	1446.02
193.902	1446.02
193.932	1446.02
193.967	1446.02
194.002	1446.02
194.032	1446.02
194.067	1446.02
194.102	1446.02
194.132	1446.02
194.167	1446.02
194.202	1446.02
194.232	1446.02
194.267	1446.02
194.302	1446.02
194.332	1446.02
194.367	1446.02
194.402	1446.02
194.432	1446.02
194.467	1446.02
194.502	1446.02
194.532	1446.02
194.567	1446.02
194.602	1446.02
194.632	1446.02
194.667	1446.02
194.702	1446.02
194.732	1446.02
194.767	1446.02
194.802	1446.02
194.832	1446.02
194.867	1446.02
194.902	1446.02
194.932	1446.02
194.967	1446.02
195.002	1446.02
195.032	1446.02
195.067	1446.02
195.102	1446.02
195.132	1446.02
195.167	1446.02
195.202	1446.02
195.232	1446.02
195.267	1446.02
195.302	1446.02
195.332	1446.02
195.367	1446.02
195.402	1446.02
195.432	1446.02
195.467	1446.02
195.502	1446.02
195.532	1446.02
195.567	1446.02
195.602	1446.02
195.632	1446.02
195.667	1446.02
195.702	1446.02
195.732	1446.02
195.767	1446.02
195.802	1446.02
195.832	1446.02
195.867	1446.02
195.902	1446.02
195.932	1446.02
195.967	1446.02
196.002	1446.02
196.032	1446.02
196.067	1446.02
196.102	1446.02
196.132	1446.02
196.167	1446.02
196.202	1446.02
196.232	1446.02
196.267	1446.02
196.302	1446.02
196.332	1446.02
196.367	1446.02
196.402	1446.02
196.432	1446.02
196.467	1446.02
196.502	1446.02
196.532	1446.02
196.567	1446.02
196.602	1446.02
196.632	1446.02
196.667	1446.02
196.702	1446.02
196.732	1446.02
196.767	1446.02
196.802	1446.02
196.832	1446.02
196.867	1446.02
196.902	1446.02
196.932	1446.02
196.967	1446.02
197.002	1446.02
197.032	1446.02
197.067	1446.02
197.102	1446.02
197.132	1446.02
197.167	1446.02
197.202	1446.02
197.232	1446.02
197.267	1446.02
197.302	1446.02
197.332	1446.02
197.367	1446.02
197.402	1446.02
197.432	1446.02
197.467	1446.02
197.502	1446.02
197.532	1446.02
197.567	1446.02
197.602	1446.02
197.632	1446.02
197.667	1446.02
197.702	1446.02
197.732	1446.02
197.767	1446.02
197.802	1446.02
197.832	1446.02
197.867	1446.02
197.902	1446.02
197.932	1446.02
197.967	1446.02
198.002	1446.02
198.032	1446.02
198.067	1446.02
198.102	1446.02
198.132	1446.02
198.167	1446.02
198.202	1446.02
198.232	1446.02
198.267	1446.02
198.302	1446.02
198.332	1446.02
198.367	1446.02
198.402	1446.02
198.432	1446.02
198.467	1446.02
198.502	1446.02
198.532	1446.02
198.567	1446.02
198.602	1446.02
198.632	1446.02
198.667	1446.02
198.702	1446.02
198.732	1446.02
198.767	1446.02
198.802	1446.02
198.832	1446.02
198.867	1446.02
198.902	1446.02
198.932	1446.02
198.967	1446.02
199.002	1446.02
199.032	1446.02
199.067	1446.02
199.102	1446.02
199.132	1446.02
199.167	1446.02
199.202	1446.02
199.232	1446.02
199.267	1446.02
199.302	1446.02
199.332	1446.02
199.367	1446.02
199.402	1446.02
199.432	1446.02
199.467	1446.02
199.502	1446.02
199.532	1446.02
199.567	1446.02
199.602	1446.02
199.632	1446.02
199.667	1446.02
199.702	1446.02
199.732	1446.02
199.767	1446.02
199.802	1446.02
199.832	1446.02
199.867	1446.02
199.902	1446.02
199.932	1446.02
199.967	1446.02
200.002	1446.02
200.032	1446.02
200.067	1446.02
200.102	1446.02
200.132	1446.02
200.167	1446.02
200.202	1446.02
200.232	1446.02
200.267	1446.02
200.302	1446.02
200.332	1446.02
200.367	1446.02
200.402	1446.02
200.432	1446.02
200.467	1446.02
200.502	1446.02
200.532	1446.02
200.567	1446.02
200.602	1446.02
200.632	1446.02
200.667	1446.02
200.702	1446.02
200.732	1446.02
200.767	1446.02
200.802	1446.02
200.832	1446.02
200.867	1446.02
200.902	1446.02
200.932	1446.02
200.967	1446.02
201.002	1446.02
201.032	1446.02
201.067	1446.02
201.102	1446.02
201.132	1446.02
201.167	1446.02
201.202	1446.02
201.232	1446.02
201.267	1446.02
201.302	1446.02
201.332	1446.02
201.367	1446.02
201.402	1446.02
201.432	1446.02
201.467	1446.02
201.502	1446.02
201.532	1446.02
201.567	1446.02
201.602	1446.02
201.632	1446.02
201.667	1446.02
201.702	1446.02
201.732	1446.02
201.767	1446.02
201.802	1446.02
201.832	1446.02
201.867	1446.02
201.902	1446.02
201.932	1446.02
201.967	1446.02
202.002	1446.02
202.032	1446.02
202.057	1446.02
202.102	1446.02
202.132	1446.02
202.167	1446.02
202.202	1446.02
202.232	1446.02
202.267	1446.02
202.302	1446.02
202.332	1446.02
202.367	1446.02
202.402	1446.02
202.432	1446.02
202.467	1446.02
202.502	1446.02
202.532	1446.02
202.567	1446.02
202.602	1446.02
202.632	1446.02
202.667	1446.02
202.702	1446.02
202.732	1446.02
202.767	1446.02
202.802	1446.02
202.832	1446.02
202.867	1446.02
202.902	1446.02
202.932	1446.02
202.967	1446.02
203.002	1446.02
203.032	1446.02
203.067	1446.02
203.102	1446.02
203.132	1446.02
203.167	1446.02
203.202	1446.02
203.232	1446.02
203.267	1446.02
203.302	1446.02
203.332	1446.02
203.367	1446.02
203.402	1446.02
203.432	1446.02
203.467	1446.02
203.502	1446.02
203.532	1446.02
203.567	1446.02
203.602	1446.02
203.632	1446.02
203.667	1446.02
203.702	1446.02
203.732	1446.02
203.767	1446.02
203.802	1446.02
203.832	1446.02
203.867	1446.02
203.902	1446.02
203.932	1446.02
203.967	1446.02
204.002	1446.02
204.032	1446.02
204.067	1446.02
204.102	1446.02
204.132	1446.02
204.167	1446.02
204.202	1446.02
204.232	1446.02
204.267	1446.02
204.302	1446.02
204.332	1446.02
204.367	1446.02
204.402	1446.02
204.432	1446.02
204.467	1446.02
204.502	1446.02
204.532	1446.02
204.567	1446.02
204.602	1446.02
204.632	1446.02
204.667	1446.02
204.702	1446.02
204.732	1446.02
204.767	1446.02
204.802	1446.02
204.832	1446.02
204.867	1446.02
204.902	1446.02
204.932	1446.02
204.967	1446.02
205.002	1446.02
205.032	1446.02
205.067	1446.02
205.102	1446.02
205.132	1446.02
205.167	1446.02
205.202	1446.02
205.232	1446.02
205.267	1446.02
205.302	1446.02
205.332	1446.02
205.367	1446.02
205.402	1446.02
205.432	1446.02
205.467	1446.02
205.502	1446.02
205.532	1446.02
205.567	1446.02
205.602	1446.02
205.632	1446.02
205.667	1446.02
205.702	1446.02
205.732	1446.02
205.767	1446.02
205.802	1446.02
205.832	1446.02
205.867	1446.02
205.902	1446.02
205.932	1446.02
205.967	1446.02
206.002	1446.02
206.032	1446.02
206.067	1446.02
206.102	1446.02
206.132	1446.02
206.167	1446.02
206.202	1446.02
206.232	1446.02
206.267	1446.02
206.302	1446.02
206.332	1446.02
206.367	1446.02
206.402	1446.02
206.432	1446.02
206.467	1446.02
206.502	1446.02
206.532	1446.02
206.567	1446.02
206.602	1446.02
206.632	1446.02
206.667	1446.02
206.702	1446.02
206.732	1446.02
206.767	1446.02
206.802	1446.02
206.832	1446.02
206.867	1446.02
206.902	1446.02
206.932	1446.02
206.967	1446.02
207.002	1446.02
207.032	1446.02
207.067	1446.02
207.102	1446.02
207.132	1446.02
207.167	1446.02
207.202	1446.02
207.232	1446.02
207.267	1446.02
207.302	1446.02
207.332	1446.02
207.367	1446.02
207.402	1446.02
207.432	1446.02
207.467	1446.02
207.502	1446.02
207.532	1446.02
207.567	1446.02
207.602	1446.02
207.632	1446.02
207.667	1446.02
207.702	1446.02
207.732	1446.02
207.767	1446.02
207.802	1446.02
207.832	1446.02
207.867	1446.02
207.902	1446.02
207.932	1446.02
207.967	1446.02
208.002	1446.02
208.032	1446.02
208.067	1446.02
208.102	1446.02
208.132	1446.02
208.167	1446.02
208.202	1446.02
208.232	1446.02
208.267	1446.02
208.302	1446.02
208.332	1446.02
208.367	1446.02
208.402	1446.02
208.432	1446.02
208.467	1446.02
208.502	1446.02
208.532	1446.02
208.567	1446.02
208.602	1446.02
208.632	1446.02
208.667	1446.02
208.702	1446.02
208.732	1446.02
208.767	1446.02
208.802	1446.02
208.832	1446.02
208.867	1446.02
208.902	1446.02
208.932	1446.02
208.967	1446.02
209.002	1446.02
209.032	1446.02
209.067	1446.02
209.102	1446.02
209.132	1446.02
209.167	1446.02
209.202	1446.02
209.232	1446.02
209.267	1446.02
209.302	1446.02
209.332	1446.02
209.357	1446.02
209.382	1446.02
209.407	1446.02
209.432	1446.02
209.467	1446.02
209.502	1446.02
209.532	1446.02
209.567	1446.02
209.602	1446.02
209.632	1446.02
209.667	1446.02
209.702	1446.02
209.732	1446.02
209.767	1446.02
209.802	1446.02
209.832	1446.02
209.867	1446.02
209.902	1446.02
209.932	1446.02
209.967	1446.02
210.002	1446.02
210.032	1446.02
210.067	1446.02
210.102	1446.02
210.132	1446.02
210.167	1446.02
210.202	1446.02
210.232	1446.02
210.267	1446.02
210.302	1446.02
210.332	1446.02
210.367	1446.02
210.402	1446.02
210.432	1446.02
210.467	1446.02
210.502	1446.02
210.532	1446.02
210.567	1446.02
210.602	1446.02
210.632	1446.02
210.667	1446.02
210.702	1446.02
210.732	1446.02
210.767	1446.02
210.802	1446.02
210.832	1446.02
210.867	1446.02
210.902	1446.02
210.932	1446.02
210.967	1446.02
211.002	1446.02
211.032	1446.02
211.067	1446.02
211.102	1446.02
211.132	1446.02
211.167	1446.02
211.202	1446.02
211.232	1446.02
211.267	1446.02
211.302	1446.02
211.332	1446.02
211.367	1446.02
211.402	1446.02
211.432	1446.02
211.457	1446.02
211.502	1446.02
211.532	1446.02
211.567	1446.02
211.602	1446.02
211.632	1446.02
211.667	1446.02
211.702	1446.02
211.732	1446.02
211.757	1446.02
211.802	1446.02
211.832	1446.02
211.867	1446.02
211.902	1446.02
211.932	1446.02
211.967	1446.02
212.002	1446.02
212.032	1446.02
212.067	1446.02
212.102	1446.02
212.132	1446.02
212.157	1446.02
212.202	1446.02
212.232	1446.02
212.267	1446.02
212.302	1446.02
212.332	1446.02
212.367	1446.02
212.402	1446.02
212.432	1446.02
212.467	1446.02
212.502	1446.02
212.532	1446.02
212.567	1446.02
212.602	1446.02
212.632	1446.02
212.667	1446.02
212.702	1446.02
212.732	1446.02
212.757	1446.02
212.802	1446.02
212.832	1446.02
212.867	1446.02
212.902	1446.02
212.932	1446.02
212.967	1446.02
213.002	1446.02
213.032	1446.02
213.067	1446.02
213.102	1446.02
213.132	1446.02
213.167	1446.02
213.202	1446.02
213.232	1446.02
213.257	1446.02
213.302	1446.02
213.332	1446.02
213.367	1446.02
213.402	1446.02
213.432	1446.02
213.467	1446.02
213.502	1446.02
213.532	1446.02
213.567	1446.02
213.602	1446.02
213.632	1446.02
213.667	1446.02
213.702	1446.02
213.732	1446.02
213.767	1446.02
213.802	1446.02
213.832	1446.02
213.867	1446.02
213.902	1446.02
213.932	1446.02
213.967	1446.02
214.002	1446.02
214.032	1446.02
214.067	1446.02
214.102	1446.02
214.132	1446.02
214.167	1446.02
214.202	1446.02
214.232	1446.02
214.267	1446.02
214.302	1446.02
214.332	1446.02
214.367	1446.02
214.402	1446.02
214.432	1446.02
214.467	1446.02
214.502	1446.02
214.532	1446.02
214.567	1446.02
214.602	1446.02
214.632	1446.02
214.657	1446.02
214.702	1446.02
214.732	1446.02
214.767	1446.02
214.802	1446.02
214.832	1446.02
214.867	1446.02
214.902	1446.02
214.932	1446.02
214.967	1446.02
215.002	1446.02
215.032	1446.02
215.067	1446.02
215.102	1446.02
215.132	1446.02
215.167	1446.02
215.202	1446.02
215.232	1446.02
215.267	1446.02
215.302	1446.02
215.332	1446.02
215.367	1446.02
215.402	1446.02
215.432	1446.02
215.467	1446.02
215.502	1446.02
215.532	1446.02
215.567	1446.02
215.602	1446.02
215.632	1446.02
215.667	1446.02
215.702	1446.02
215.732	1446.02
215.767	1446.02
215.802	1446.02
215.832	1446.02
215.867	1446.02
215.902	1446.02
215.932	1446.02
215.967	1446.02
216.002	1446.02
216.032	1446.02
216.067	1446.02
216.102	1446.02
216.132	1446.02
216.167	1446.02
216.202	1446.02
216.232	1446.02
216.267	1446.02
216.302	1446.02
216.332	1446.02
216.367	1446.02
216.402	1446.02
216.432	1446.02
216.467	1446.02
216.502	1446.02
216.532	1446.02
216.567	1446.02
216.602	1446.02
216.632	1446.02
216.667	1446.02
216.702	1446.02
216.732	1446.02
216.757	1446.02
216.802	1446.02
216.832	1446.02
216.867	1446.02
216.902	1446.02
216.932	1446.02
216.957	1446.02
217.002	1446.02
217.032	1446.02
217.067	1446.02
217.102	1446.02
217.132	1446.02
217.167	1446.02
217.202	1446.02
217.232	1446.02
217.267	1446.02
217.302	1446.02
217.332	1446.02
217.367	1446.02
217.402	1446.02
217.432	1446.02
217.467	1446.02
217.502	1446.02
217.532	1446.02
217.567	1446.02
217.602	1446.02
217.632	1446.02
217.667	1446.02
217.702	1446.02
217.732	1446.02
217.767	1446.02
217.802	1446.02
217.832	1446.02
217.867	1446.02
217.902	1446.02
217.932	1446.02
217.967	1446.02
218.002	1446.02
218.032	1446.02
218.067	1446.02
218.102	1446.02
218.132	1446.02
218.167	1446.02
218.202	1446.02
218.232	1446.02
218.267	1446.02
218.302	1446.02
218.332	1446.02
218.367	1446.02
218.402	1446.02
218.432	1446.02
218.467	1446.02
218.502	1446.02
218.532	1446.02
218.567	1446.02
218.602	1446.02
218.632	1446.02
218.667	1446.02
218.702	1446.02
218.732	1446.02
218.767	1446.02
218.802	1446.02
218.832	1446.02
218.867	1446.02
218.902	1446.02
218.932	1446.02
218.967	1446.02
219.002	1446.02
219.032	1446.02
219.057	1446.02
219.102	1446.02
219.132	1446.02
219.167	1446.02
219.202	1446.02
219.232	1446.02
219.257	1446.02
219.302	1446.02
219.332	1446.02
219.367	1446.02
219.402	1446.02
219.432	1446.02
219.467	1446.02
219.502	1446.02
219.532	1446.02
219.567	1446.02
219.602	1446.02
219.632	1446.02
219.667	1446.02
219.702	1446.02
219.732	1446.02
219.767	1446.02
219.802	1446.02
219.832	1446.02
219.867	1446.02
219.902	1446.02
219.932	1446.02
219.967	1446.02
220.002	1446.02
220.032	1446.02
220.067	1446.02
220.102	1446.02
220.132	1446.02
220.167	1446.02
220.202	1446.02
220.232	1446.02
220.267	1446.02
220.302	1446.02
220.332	1446.02
220.367	1446.02
220.402	1446.02
220.432	1446.02
220.467	1446.02
220.502	1446.02
220.532	1446.02
220.567	1446.02
220.602	1446.02
220.632	1446.02
220.667	1446.02
220.702	1446.02
220.732	1446.02
220.767	1446.02
220.802	1446.02
220.832	1446.02
220.867	1446.02
220.902	1446.02
220.932	1446.02
220.967	1446.02
221.002	1446.02
221.032	1446.02
221.067	1446.02
221.102	1446.02
221.132	1446.02
221.167	1446.02
221.202	1446.02
221.232	1446.02
221.267	1446.02
221.302	1446.02
221.332	1446.02
221.367	1446.02
221.402	1446.02
221.432	1446.02
221.467	1446.02
221.502	1446.02
221.532	1446.02
221.567	1446.02
221.602	1446.02
221.632	1446.02
221.667	1446.02
221.702	1446.02
221.732	1446.02
221.767	1446.02
221.802	1446.02
221.832	1446.02
221.867	1446.02
221.902	1446.02
221.932	1446.02
221.967	1446.02
222.002	1446.02
222.032	1446.02
222.057	1446.02
222.102	1446.02
222.132	1446.02
222.167	1446.02
222.202	1446.02
222.232	1446.02
222.267	1446.02
222.302	1446.02
222.332	1446.02
222.367	1446.02
222.402	1446.02
222.432	1446.02
222.467	1446.02
222.502	1446.02
222.532	1446.02
222.567	1446.02
222.602	1446.02
222.632	1446.02
222.667	1446.02
222.702	1446.02
222.732	1446.02
222.767	1446.02
222.802	1446.02
222.832	1446.02
222.867	1446.02
222.902	1446.02
222.932	1446.02
222.967	1446.02
223.002	1446.02
223.032	1446.02
223.067	1446.02
223.102	1446.02
223.132	1446.02
223.167	1446.02
223.202	1446.02
223.232	1446.02
223.267	1446.02
223.302	1446.02
223.332	1446.02
223.367	1446.02
223.402	1446.02
223.432	1446.02
223.467	1446.02
223.502	1446.02
223.532	1446.02
223.567	1446.02
223.602	1446.02
223.632	1446.02
223.667	1446.02
223.702	1446.02
223.732	1446.02
223.767	1446.02
223.802	1446.02
223.832	1446.02
223.867	1446.02
223.902	1446.02
223.932	1446.02
223.967	1446.02
224.002	1446.02
224.032	1446.02
224.067	1446.02
224.102	1446.02
224.132	1446.02
224.167	1446.02
224.202	1446.02
224.232	1446.02
224.267	1446.02
224.302	1446.02
224.332	1446.02
224.367	1446.02
224.402	1446.02
224.432	1446.02
224.467	1446.02
224.502	1446.02
224.532	1446.02
224.567	1446.02
224.602	1446.02
224.632	1446.02
224.667	1446.02
224.702	1446.02
224.732	1446.02
224.767	1446.02
224.802	1446.02
224.832	1446.02
224.867	1446.02
224.902	1446.02
224.932	1446.02
224.967	1446.02
225.002	1446.02
225.032	1446.02
225.067	1446.02
225.102	1446.02
225.132	1446.02
225.167	1446.02
225.202	1446.02
225.232	1446.02
225.267	1446.02
225.302	1446.02
225.332	1446.02
225.367	1446.02
225.402	1446.02
225.432	1446.02
225.467	1446.02
225.502	1446.02
225.532	1446.02
225.567	1446.02
225.602	1446.02
225.632	1446.02
225.667	1446.02
225.702	1446.02
225.732	1446.02
225.767	1446.02
225.802	1446.02
225.832	1446.02
225.867	1446.02
225.902	1446.02
225.932	1446.02
225.967	1446.02
226.002	1446.02
226.032	1446.02
226.067	1446.02
226.102	1446.02
226.132	1446.02
226.157	1446.02
226.202	1446.02
226.232	1446.02
226.267	1446.02
226.302	1446.02
226.332	1446.02
226.367	1446.02
226.402	1446.02
226.432	1446.02
226.467	1446.02
226.502	1446.02
226.532	1446.02
226.567	1446.02
226.602	1446.02
226.632	1446.02
226.667	1446.02
226.702	1446.02
226.732	1446.02
226.767	1446.02
226.802	1446.02
226.832	1446.02
226.857	1446.02
226.902	1446.02
226.932	1446.02
226.967	1446.02
227.002	1446.02
227.032	1446.02
227.067	1446.02
227.102	1446.02
227.132	1446.02
227.167	1446.02
227.202	1446.02
227.232	1446.02
227.267	1446.02
227.302	1446.02
227.332	1446.02
227.367	1446.02
227.402	1446.02
227.432	1446.02
227.467	1446.02
227.502	1446.02
227.532	1446.02
227.567	1446.02
227.602	1446.02
227.632	1446.02
227.667	1446.02
227.702	1446.02
227.732	1446.02
227.767	1446.02
227.802	1446.02
227.832	1446.02
227.867	1446.02
227.902	1446.02
227.932	1446.02
227.967	1446.02
228.002	1446.02
228.032	1446.02
228.067	1446.02
228.102	1446.02
228.132	1446.02
228.167	1446.02
228.202	1446.02
228.232	1446.02
228.267	1446.02
228.302	1446.02
228.332	1446.02
228.367	1446.02
228.402	1446.02
228.432	1446.02
228.467	1446.02
228.502	1446.02
228.532	1446.02
228.567	1446.02
228.602	1446.02
228.632	1446.02
228.667	1446.02
228.702	1446.02
228.732	1446.02
228.767	1446.02
228.802	1446.02
228.832	1446.02
228.867	1446.02
228.902	1446.02
228.932	1446.02
228.967	1446.02
229.002	1446.02
229.032	1446.02
229.067	1446.02
229.102	1446.02
229.132	1446.02
229.167	1446.02
229.202	1446.02
229.232	1446.02
229.257	1446.02
229.302	1446.02
229.332	1446.02
229.367	1446.02
229.402	1446.02
229.432	1446.02
229.467	1446.02
229.502	1446.02
229.532	1446.02
229.567	1446.02
229.602	1446.02
229.632	1446.02
229.667	1446.02
229.702	1446.02
229.732	1446.02
229.767	1446.02
229.802	1446.02
229.832	1446.02
229.867	1446.02
229.902	1446.02
229.932	1446.02
229.967	1446.02
230.002	1446.02
230.032	1446.02
230.067	1446.02
230.102	1446.02
230.132	1446.02
230.167	1446.02
230.202	1446.02
230.232	1446.02
230.267	1446.02
230.302	1446.02
230.332	1446.02
230.367	1446.02
230.402	1446.02
230.432	1446.02
230.467	1446.02
230.502	1446.02
230.532	1446.02
230.567	1446.02
230.602	1446.02
230.632	1446.02
230.667	1446.02
230.702	1446.02
230.732	1446.02
230.767	1446.02
230.802	1446.02
230.832	1446.02
230.867	1446.02
230.902	1446.02
230.932	1446.02
230.967	1446.02
231.002	1446.02
231.032	1446.02
231.057	1446.02
231.102	1446.02
231.132	1446.02
231.167	1446.02
231.202	1446.02
231.232	1446.02
231.257	1446.02
231.302	1446.02
231.332	1446.02
231.367	1446.02
231.402	1446.02
231.432	1446.02
231.467	1446.02
231.502	1446.02
231.532	1446.02
231.567	1446.02
231.602	1446.02
231.632	1446.02
231.667	1446.02
231.702	1446.02
231.732	1446.02
231.767	1446.02
231.802	1446.02
231.832	1446.02
231.867	1446.02
231.902	1446.02
231.932	1446.02
231.967	1446.02
232.002	1446.02
232.032	1446.02
232.067	1446.02
232.102	1446.02
232.132	1446.02
232.167	1446.02
232.202	1446.02
232.232	1446.02
232.267	1446.02
232.302	1446.02
232.332	1446.02
232.367	1446.02
232.402	1446.02
232.432	1446.02
232.467	1446.02
232.502	1446.02
232.532	1446.02
232.567	1446.02
232.602	1446.02
232.632	1446.02
232.667	1446.02
232.702	1446.02
232.732	1446.02
232.767	1446.02
232.802	1446.02
232.832	1446.02
232.867	1446.02
232.902	1446.02
232.932	1446.02
232.967	1446.02
233.002	1446.02
233.032	1446.02
233.067	1446.02
233.102	1446.02
233.132	1446.02
233.167	1446.02
233.202	1446.02
233.232	1446.02
233.267	1446.02
233.302	1446.02
233.332	1446.02
233.367	1446.02
233.402	1446.02
233.432	1446.02
233.467	1446.02
233.502	1446.02
233.532	1446.02
233.567	1446.02
233.602	1446.02
233.632	1446.02
233.667	1446.02
233.702	1446.02
233.732	1446.02
233.767	1446.02
233.802	1446.02
233.832	1446.02
233.867	1446.02
233.902	1446.02
233.927	1446.02
233.967	1446.02
234.002	1446.02
234.032	1446.02
234.067	1446.02
234.102	1446.02
234.132	1446.02
234.167	1446.02
234.202	1446.02
234.232	1446.02
234.267	1446.02
234.302	1446.02
234.332	1446.02
234.367	1446.02
234.402	1446.02
234.432	1446.02
234.467	1446.02
234.502	1446.02
234.532	1446.02
234.567	1446.02
234.602	1446.02
234.632	1446.02
234.667	1446.02
234.702	1446.02
234.732	1446.02
234.767	1446.02
234.802	1446.02
234.832	1446.02
234.867	1446.02
234.902	1446.02
234.932	1446.02
234.967	1446.02
235.002	1446.02
235.032	1446.02
235.067	1446.02
235.102	1446.02
235.132	1446.02
235.167	1446.02
235.202	1446.02
235.232	1446.02
235.267	1446.02
235.302	1446.02
235.332	1446.02
235.367	1446.02
235.402	1446.02
235.432	1446.02
235.467	1446.02
235.502	1446.02
235.532	1446.02
235.567	1446.02
235.602	1446.02
235.632	1446.02
235.667	1446.02
235.702	1446.02
235.732	1446.02
235.767	1446.02
235.802	1446.02
235.832	1446.02
235.867	1446.02
235.902	1446.02
235.932	1446.02
235.967	1446.02
236.002	1446.02
236.032	1446.02
236.067	1446.02
236.102	1446.02
236.132	1446.02
236.167	1446.02
236.202	1446.02
236.232	1446.02
236.267	1446.02
236.302	1446.02
236.332	1446.02
236.367	1446.02
236.402	1446.02
236.432	1446.02
236.467	1446.02
236.502	1446.02
236.532	1446.02
236.567	1446.02
236.602	1446.02
236.632	1446.02
236.667	1446.02
236.702	1446.02
236.732	1446.02
236.767	1446.02
236.802	1446.02
236.832	1446.02
236.867	1446.02
236.902	1446.02
236.932	1446.02
236.967	1446.02
237.002	1446.02
237.032	1446.02
237.067	1446.02
237.102	1446.02
237.132	1446.02
237.167	1446.02
237.202	1446.02
237.232	1446.02
237.267	1446.02
237.302	1446.02
237.332	1446.02
237.367	1446.02
237.402	1446.02
237.432	1446.02
237.467	1446.02
237.502	1446.02
237.532	1446.02
237.567	1446.02
237.602	1446.02
237.632	1446.02
237.667	1446.02
237.702	1446.02
237.732	1446.02
237.767	1446.02
237.802	1446.02
237.832	1446.02
237.867	1446.02
237.902	1446.02
237.932	1446.02
237.967	1446.02
238.002	1446.02
238.032	1446.02
238.067	1446.02
238.102	1446.02
238.132	1446.02
238.167	1446.02
238.202	1446.02
238.232	1446.02
238.267	1446.02
238.302	1446.02
238.332	1446.02
238.367	1446.02
238.402	1446.02
238.432	1446.02
238.467	1446.02
238.502	1446.02
238.532	1446.02
238.567	1446.02
238.602	1446.02
238.632	1446.02
238.667	1446.02
238.702	1446.02
238.732	1446.02
238.767	1446.02
238.802	1446.02
238.832	1446.02
238.867	1446.02
238.902	1446.02
238.932	1446.02
238.967	1446.02
239.002	1446.02
239.032	1446.02
239.067	1446.02
239.102	1446.02
239.132	1446.02
239.167	1446.02
239.202	1446.02
239.232	1446.02
239.267	1446.02
239.302	1446.02
239.332	1446.02
239.357	1446.02
239.402	1446.02
239.432	1446.02
239.467	1446.02
239.502	1446.02
239.532	1446.02
239.567	1446.02
239.602	1446.02
239.632	1446.02
239.667	1446.02
239.702	1446.02
239.732	1446.02
239.767	1446.02
239.802	1446.02
239.832	1446.02
239.867	1446.02
239.902	1446.02
239.932	1446.02
239.967	1446.02
240.002	1446.02
240.032	1446.02
240.067	1446.02
240.102	1446.02
240.132	1446.02
240.167	1446.02
240.202	1446.02
240.232	1446.02
240.267	1446.02
240.302	1446.02
240.332	1446.02
240.367	1446.02
240.402	1446.02
240.432	1446.02
240.467	1446.02
240.502	1446.02
240.532	1446.02
240.567	1446.02
240.602	1446.02
240.632	1446.02
240.667	1446.02
240.702	1446.02
240.732	1446.02
240.767	1446.02
240.802	1446.02
240.832	1446.02
240.867	1446.02
240.902	1446.02
240.932	1446.02
240.967	1446.02
241.002	1446.02
241.032	1446.02
241.067	1446.02
241.102	1446.02
241.132	1446.02
241.167	1446.02
241.202	1446.02
241.232	1446.02
241.267	1446.02
241.302	1446.02
241.332	1446.02
241.367	1446.02
241.402	1446.02
241.432	1446.02
241.467	1446.02
241.502	1446.02
241.532	1446.02
241.567	1446.02
241.602	1446.02
241.632	1446.02
241.667	1446.02
241.702	1446.02
241.732	1446.02
241.767	1446.02
241.802	1446.02
241.832	1446.02
241.867	1446.02
241.902	1446.02
241.932	1446.02
241.967	1446.02
242.002	1446.02
242.032	1446.02
242.067	1446.02
242.102	1446.02
242.132	1446.02
242.167	1446.02
242.202	1446.02
242.232	1446.02
242.267	1446.02
242.302	1446.02
242.332	1446.02
242.367	1446.02
242.402	1446.02
242.432	1446.02
242.467	1446.02
242.502	1446.02
242.532	1446.02
242.567	1446.02
242.602	1446.02
242.632	1446.02
242.667	1446.02
242.702	1446.02
242.732	1446.02
242.767	1446.02
242.802	1446.02
242.832	1446.02
242.867	1446.02
242.902	1446.02
242.932	1446.02
242.962	1446.02
243.002	1446.02
243.032	1446.02
243.067	1446.02
243.102	1446.02
243.132	1446.02
243.167	1446.02
243.202	1446.02
243.232	1446.02
243.267	1446.02
243.302	1446.02
243.332	1446.02
243.367	1446.02
243.402	1446.02
243.432	1446.02
243.467	1446.02
243.502	1446.02
243.532	1446.02
243.567	1446.02
243.602	1446.02
243.632	1446.02
243.667	1446.02
243.702	1446.02
243.732	1446.02
243.767	1446.02
243.802	1446.02
243.832	1446.02
243.867	1446.02
243.902	1446.02
243.932	1446.02
243.967	1446.02
244.002	1446.02
244.032	1446.02
244.067	1446.02
244.102	1446.02
244.132	1446.02
244.167	1446.02
244.202	1446.02
244.232	1446.02
244.267	1446.02
244.302	1446.02
244.332	1446.02
244.367	1446.02
244.402	1446.02
244.432	1446.02
244.467	1446.02
244.502	1446.02
244.532	1446.02
244.567	1446.02
244.602	1446.02
244.632	1446.02
244.667	1446.02
244.702	1446.02
244.732	1446.02
244.767	1446.02
244.802	1446.02
244.832	1446.02
244.867	1446.02
244.902	1446.02
244.932	1446.02
244.967	1446.02
245.002	1446.02
245.032	1446.02
245.067	1446.02
245.102	1446.02
245.132	1446.02
245.167	1446.02
245.202	1446.02
245.232	1446.02
245.267	1446.02
245.302	1446.02
245.332	1446.02
245.367	1446.02
245.402	1446.02
245.432	1446.02
245.467	1446.02
245.502	1446.02
245.532	1446.02
245.567	1446.02
245.602	1446.02
245.632	1446.02
245.667	1446.02
245.702	1446.02
245.732	1446.02
245.767	1446.02
245.802	1446.02
245.832	1446.02
245.867	1446.02
245.902	1446.02
245.932	1446.02
245.967	1446.02
246.002	1446.02
246.032	1446.02
246.067	1446.02
246.102	1446.02
246.132	1446.02
246.167	1446.02
246.202	1446.02
246.232	1446.02
246.267	1446.02
246.302	1446.02
246.332	1446.02
246.367	1446.02
246.402	1446.02
246.432	1446.02
246.467	1446.02
246.502	1446.02
246.532	1446.02
246.567	1446.02
246.602	1446.02
246.632	1446.02
246.667	1446.02
246.702	1446.02
246.732	1446.02
246.767	1446.02
246.802	1446.02
246.832	1446.02
246.867	1446.02
246.902	1446.02
246.932	1446.02
246.967	1446.02
247.002	1446.02
247.032	1446.02
247.067	1446.02
247.102	1446.02
247.132	1446.02
247.167	1446.02
247.202	1446.02
247.232	1446.02
247.267	1446.02
247.302	1446.02
247.332	1446.02
247.367	1446.02
247.402	1446.02
247.432	1446.02
247.467	1446.02
247.502	1446.02
247.532	1446.02
247.567	1446.02
247.602	1446.02
247.632	1446.02
247.667	1446.02
247.702	1446.02
247.732	1446.02
247.767	1446.02
247.802	1446.02
247.832	1446.02
247.867	1446.02
247.902	1446.02
247.932	1446.02
247.967	1446.02
248.002	1446.02
248.032	1446.02
248.067	1446.02
248.102	1446.02
248.132	1446.02
248.167	1446.02
248.202	1446.02
248.232	1446.02
248.267	1446.02
248.302	1446.02
248.332	1446.02
248.367	1446.02
248.402	1446.02
248.432	1446.02
248.467	1446.02
248.502	1446.02
248.532	1446.02
248.567	1446.02
248.602	1446.02
248.632	1446.02
248.667	1446.02
248.702	1446.02
248.732	1446.02
248.767	1446.02
248.802	1446.02
248.832	1446.02
248.857	1446.02
248.882	1446.02
248.907	1446.02
248.932	1446.02
248.967	1446.02
249.002	1446.02
249.032	1446.02
249.067	1446.02
249.102	1446.02
249.132	1446.02
249.167	1446.02
249.202	1446.02
249.232	1446.02
249.267	1446.02
249.302	1446.02
249.332	1446.02
249.367	1446.02
249.402	1446.02
249.432	1446.02
249.467	1446.02
249.502	1446.02
249.532	1446.02
249.567	1446.02
249.602	1446.02
249.632	1446.02
249.667	1446.02
249.702	1446.02
249.732	1446.02
249.767	1446.02
249.802	1446.02
249.832	1446.02
249.867	1446.02
249.902	1446.02
249.932	1446.02
249.967	1446.02
250.002	1446.02
250.032	1446.02
250.067	1446.02
250.102	1446.02
250.132	1446.02
250.167	1446.02
250.202	1446.02
250.232	1446.02
250.267	1446.02
250.302	1446.02
250.332	1446.02
250.367	1446.02
250.402	1446.02
250.432	1446.02
250.467	1446.02
250.502	1446.02
250.532	1446.02
250.557	1446.02
250.602	1446.02
250.632	1446.02
250.667	1446.02
250.702	1446.02
250.732	1446.02
250.757	1446.02
250.802	1446.02
250.832	1446.02
250.867	1446.02
250.902	1446.02
250.932	1446.02
250.967	1446.02
251.002	1446.02
251.032	1446.02
251.067	1446.02
251.102	1446.02
251.132	1446.02
251.167	1446.02
251.202	1446.02
251.232	1446.02
251.267	1446.02
251.302	1446.02
251.332	1446.02
251.367	1446.02
251.402	1446.02
251.432	1446.02
251.467	1446.02
251.502	1446.02
251.532	1446.02
251.567	1446.02
251.602	1446.02
251.632	1446.02
251.667	1446.02
251.702	1446.02
251.732	1446.02
251.767	1446.02
251.802	1446.02
251.832	1446.02
251.867	1446.02
251.902	1446.02
251.932	1446.02
251.967	1446.02
252.002	1446.02
252.032	1446.02
252.067	1446.02
252.102	1446.02
252.132	1446.02
252.167	1446.02
252.202	1446.02
252.232	1446.02
252.267	1446.02
252.302	1446.02
252.332	1446.02
252.367	1446.02
252.402	1446.02
252.432	1446.02
252.467	1446.02
252.502	1446.02
252.532	1446.02
252.567	1446.02
252.602	1446.02
252.632	1446.02
252.667	1446.02
252.702	1446.02
252.732	1446.02
252.767	1446.02
252.802	1446.02
252.832	1446.02
252.867	1446.02
252.902	1446.02
252.932	1446.02
252.967	1446.02
253.002	1446.02
253.032	1446.02
253.067	1446.02
253.102	1446.02
253.132	1446.02
253.167	1446.02
253.202	1446.02
253.232	1446.02
253.267	1446.02
253.302	1446.02
253.332	1446.02
253.367	1446.02
253.402	1446.02
253.432	1446.02
253.457	1446.02
253.502	1446.02
253.532	1446.02
253.567	1446.02
253.602	1446.02
253.632	1446.02
253.667	1446.02
253.702	1446.02
253.732	1446.02
253.767	1446.02
253.802	1446.02
253.832	1446.02
253.867	1446.02
253.902	1446.02
253.932	1446.02
253.967	1446.02
254.002	1446.02
254.032	1446.02
254.067	1446.02
254.102	1446.02
254.132	1446.02
254.167	1446.02
254.202	1446.02
254.232	1446.02
254.267	1446.02
254.302	1446.02
254.332	1446.02
254.367	1446.02
254.402	1446.02
254.432	1446.02
254.467	1446.02
254.502	1446.02
254.532	1446.02
254.567	1446.02
254.602	1446.02
254.632	1446.02
254.667	1446.02
254.702	1446.02
254.732	1446.02
254.767	1446.02
254.802	1446.02
254.832	1446.02
254.867	1446.02
254.902	1446.02
254.932	1446.02
254.967	1446.02
255.002	1446.02
255.032	1446.02
255.067	1446.02
255.102	1446.02
255.132	1446.02
255.167	1446.02
255.202	1446.02
255.232	1446.02
255.267	1446.02
255.302	1446.02
255.332	1446.02
255.367	1446.02
255.402	1446.02
255.432	1446.02
255.467	1446.02
255.502	1446.02
255.532	1446.02
255.567	1446.02
255.602	1446.02
255.632	1446.02
255.667	1446.02
255.702	1446.02
255.732	1446.02
255.767	1446.02
255.802	1446.02
255.832	1446.02
255.867	1446.02
255.902	1446.02
255.932	1446.02
255.967	1446.02
256.002	1446.02
256.032	1446.02
256.067	1446.02
256.102	1446.02
256.132	1446.02
256.157	1446.02
256.202	1446.02
256.232	1446.02
256.267	1446.02
256.302	1446.02
256.332	1446.02
256.367	1446.02
256.402	1446.02
256.432	1446.02
256.467	1446.02
256.502	1446.02
256.532	1446.02
256.567	1446.02
256.602	1446.02
256.632	1446.02
256.657	1446.02
256.702	1446.02
256.732	1446.02
256.767	1446.02
256.802	1446.02
256.832	1446.02
256.867	1446.02
256.902	1446.02
256.932	1446.02
256.967	1446.02
257.002	1446.02
257.032	1446.02
257.067	1446.02
257.102	1446.02
257.132	1446.02
257.167	1446.02
257.202	1446.02
257.232	1446.02
257.267	1446.02
257.302	1446.02
257.332	1446.02
257.367	1446.02
257.402	1446.02
257.432	1446.02
257.467	1446.02
257.502	1446.02
257.532	1446.02
257.567	1446.02
257.602	1446.02
257.632	1446.02
257.667	1446.02
257.702	1446.02
257.732	1446.02
257.767	1446.02
257.802	1446.02
257.832	1446.02
257.867	1446.02
257.902	1446.02
257.932	1446.02
257.967	1446.02
258.002	1446.02
258.032	1446.02
258.067	1446.02
258.102	1446.02
258.132	1446.02
258.167	1446.02
258.202	1446.02
258.232	1446.02
258.267	1446.02
258.302	1446.02
258.332	1446.02
258.367	1446.02
258.402	1446.02
258.432	1446.02
258.467	1446.02
258.502	1446.02
258.532	1446.02
258.567	1446.02
258.602	1446.02
258.632	1446.02
258.667	1446.02
258.702	1446.02
258.732	1446.02
258.767	1446.02
258.802	1446.02
258.832	1446.02
258.867	1446.02
258.902	1446.02
258.932	1446.02
258.967	1446.02
259.002	1446.02
259.032	1446.02
259.067	1446.02
259.102	1446.02
259.132	1446.02
259.167	1446.02
259.202	1446.02
259.232	1446.02
259.267	1446.02
259.302	1446.02
259.332	1446.02
259.367	1446.02
259.402	1446.02
259.432	1446.02
259.467	1446.02
259.502	1446.02
259.532	1446.02
259.567	1446.02
259.602	1446.02
259.632	1446.02
259.667	1446.02
259.702	1446.02
259.732	1446.02
259.767	1446.02
259.802	1446.02
259.832	1446.02
259.867	1446.02
259.902	1446.02
259.932	1446.02
259.967	1446.02
260.002	1446.02
260.032	1446.02
260.067	1446.02
260.102	1446.02
260.132	1446.02
260.167	1446.02
260.202	1446.02
260.232	1446.02
260.267	1446.02
260.302	1446.02
260.332	1446.02
260.367	1446.02
260.402	1446.02
260.432	1446.02
260.467	1446.02
260.502	1446.02
260.532	1446.02
260.567	1446.02
260.602	1446.02
260.632	1446.02
260.667	1446.02
260.702	1446.02
260.732	1446.02
260.767	1446.02
260.802	1446.02
260.832	1446.02
260.867	1446.02
260.902	1446.02
260.932	1446.02
260.967	1446.02
261.002	1446.02
261.032	1446.02
261.067	1446.02
261.102	1446.02
261.132	1446.02
261.167	1446.02
261.202	1446.02
261.232	1446.02
261.267	1446.02
261.302	1446.02
261.332	1446.02
261.367	1446.02
261.402	1446.02
261.432	1446.02
261.467	1446.02
261.502	1446.02
261.532	1446.02
261.567	1446.02
261.602	1446.02
261.632	1446.02
261.667	1446.02
261.702	1446.02
261.732	1446.02
261.767	1446.02
261.802	1446.02
261.832	1446.02
261.867	1446.02
261.902	1446.02
261.932	1446.02
261.967	1446.02
262.002	1446.02
262.032	1446.02
262.067	1446.02
262.102	1446.02
262.132	1446.02
262.167	1446.02
262.202	1446.02
262.232	1446.02
262.267	1446.02
262.302	1446.02
262.332	1446.02
262.367	1446.02
262.402	1446.02
262.432	1446.02
262.467	1446.02
262.502	1446.02
262.532	1446.02
262.567	1446.02
262.602	1446.02
262.632	1446.02
262.667	1446.02
262.702	1446.02
262.732	1446.02
262.767	1446.02
262.802	1446.02
262.832	1446.02
262.867	1446.02
262.902	1446.02
262.932	1446.02
262.967	1446.02
263.002	1446.02
263.032	1446.02
263.067	1446.02
263.102	1446.02
263.132	1446.02
263.167	1446.02
263.202	1446.02
263.232	1446.02
263.267	1446.02
263.302	1446.02
263.332	1446.02
263.367	1446.02
263.402	1446.02
263.432	1446.02
263.467	1446.02
263.502	1446.02
263.532	1446.02
263.567	1446.02
263.602	1446.02
263.632	1446.02
263.667	1446.02
263.702	1446.02
263.732	1446.02
263.767	1446.02
263.802	1446.02
263.832	1446.02
263.867	1446.02
263.902	1446.02
263.932	1446.02
263.967	1446.02
264.002	1446.02
264.032	1446.02
264.067	1446.02
264.102	1446.02
264.132	1446.02
264.167	1446.02
264.202	1446.02
264.232	1446.02
264.267	1446.02
264.302	1446.02
264.332	1446.02
264.367	1446.02
264.402	1446.02
264.432	1446.02
264.467	1446.02
264.502	1446.02
264.532	1446.02
264.567	1446.02
264.602	1446.02
264.632	1446.02
264.667	1446.02
264.702	1446.02
264.732	1446.02
264.767	1446.02
264.802	1446.02
264.832	1446.02
264.867	1446.02
264.902	1446.02
264.932	1446.02
264.967	1446.02
265.002	1446.02
265.032	1446.02
265.067	1446.02
265.102	1446.02
265.132	1446.02
265.157	1446.02
265.202	1446.02
265.232	1446.02
265.267	1446.02
265.302	1446.02
265.332	1446.02
265.367	1446.02
265.402	1446.02
265.432	1446.02
265.467	1446.02
265.502	1446.02
265.532	1446.02
265.567	1446.02
265.602	1446.02
265.632	1446.02
265.667	1446.02
265.702	1446.02
265.732	1446.02
265.767	1446.02
265.802	1446.02
265.832	1446.02
265.867	1446.02
265.902	1446.02
265.932	1446.02
265.967	1446.02
266.002	1446.02
266.032	1446.02
266.067	1446.02
266.102	1446.02
266.132	1446.02
266.167	1446.02
266.202	1446.02
266.232	1446.02
266.267	1446.02
266.302	1446.02
266.332	1446.02
266.367	1446.02
266.402	1446.02
266.432	1446.02
266.467	1446.02
266.502	1446.02
266.532	1446.02
266.567	1446.02
266.602	1446.02
266.632	1446.02
266.667	1446.02
266.702	1446.02
266.732	1446.02
266.767	1446.02
266.802	1446.02
266.832	1446.02
266.867	1446.02
266.902	1446.02
266.932	1446.02
266.967	1446.02
267.002	1446.02
267.032	1446.02
267.067	1446.02
267.102	1446.02
267.132	1446.02
267.167	1446.02
267.202	1446.02
267.232	1446.02
267.267	1446.02
267.302	1446.02
267.332	1446.02
267.367	1446.02
267.402	1446.02
267.432	1446.02
267.467	1446.02
267.502	1446.02
267.532	1446.02
267.567	1446.02
267.602	1446.02
267.632	1446.02
267.667	1446.02
267.702	1446.02
267.732	1446.02
267.767	1446.02
267.802	1446.02
267.832	1446.02
267.867	1446.02
267.902	1446.02
267.932	1446.02
267.967	1446.02
268.002	1446.02
268.032	1446.02
268.067	1446.02
268.102	1446.02
268.132	1446.02
268.157	1446.02
268.202	1446.02
268.232	1446.02
268.267	1446.02
268.302	1446.02
268.332	1446.02
268.367	1446.02
268.402	1446.02
268.432	1446.02
268.467	1446.02
268.502	1446.02
268.532	1446.02
268.567	1446.02
268.602	1446.02
268.632	1446.02
268.667	1446.02
268.702	1446.02
268.732	1446.02
268.767	1446.02
268.802	1446.02
268.832	1446.02
268.867	1446.02
268.902	1446.02
268.932	1446.02
268.967	1446.02
269.002	1446.02
269.032	1446.02
269.067	1446.02
269.102	1446.02
269.132	1446.02
269.167	1446.02
269.202	1446.02
269.232	1446.02
269.267	1446.02
269.302	1446.02
269.332	1446.02
269.367	1446.02
269.402	1446.02
269.432	1446.02
269.467	1446.02
269.502	1446.02
269.532	1446.02
269.567	1446.02
269.602	1446.02
269.632	1446.02
269.667	1446.02
269.702	1446.02
269.732	1446.02
269.767	1446.02
269.802	1446.02
269.832	1446.02
269.867	1446.02
269.902	1446.02
269.932	1446.02
269.967	1446.02
270.002	1446.02
270.032	1446.02
270.067	1446.02
270.102	1446.02
270.132	1446.02
270.167	1446.02
270.202	1446.02
270.232	1446.02
270.267	1446.02
270.302	1446.02
270.332	1446.02
270.367	1446.02
270.402	1446.02
270.432	1446.02
270.467	1446.02
270.502	1446.02
270.532	1446.02
270.567	1446.02
270.602	1446.02
270.632	1446.02
270.667	1446.02
270.702	1446.02
270.732	1446.02
270.767	1446.02
270.802	1446.02
270.832	1446.02
270.867	1446.02
270.902	1446.02
270.932	1446.02
270.967	1446.02
271.002	1446.02
271.032	1446.02
271.067	1446.02
271.102	1446.02
271.132	1446.02
271.167	1446.02
271.202	1446.02
271.232	1446.02
271.267	1446.02
271.302	1446.02
271.332	1446.02
271.367	1446.02
271.402	1446.02
271.432	1446.02
271.467	1446.02
271.502	1446.02
271.532	1446.02
271.567	1446.02
271.602	1446.02
271.632	1446.02
271.667	1446.02
271.702	1446.02
271.732	1446.02
271.767	1446.02
271.802	1446.02
271.832	1446.02
271.867	1446.02
271.902	1446.02
271.932	1446.02
271.957	1446.02
272.002	1446.02
272.032	1446.02
272.067	1446.02
272.102	1446.02
272.132	1446.02
272.167	1446.02
272.202	1446.02
272.232	1446.02
272.267	1446.02
272.302	1446.02
272.332	1446.02
272.367	1446.02
272.402	1446.02
272.432	1446.02
272.467	1446.02
272.502	1446.02
272.532	1446.02
272.567	1446.02
272.602	1446.02
272.632	1446.02
272.667	1446.02
272.702	1446.02
272.732	1446.02
272.767	1446.02
272.802	1446.02
272.832	1446.02
272.867	1446.02
272.902	1446.02
272.932	1446.02
272.967	1446.02
273.002	1446.02
273.032	1446.02
273.067	1446.02
273.102	1446.02
273.132	1446.02
273.157	1446.02
273.202	1446.02
273.232	1446.02
273.267	1446.02
273.302	1446.02
273.332	1446.02
273.367	1446.02
273.402	1446.02
273.432	1446.02
273.467	1446.02
273.502	1446.02
273.532	1446.02
273.567	1446.02
273.602	1446.02
273.632	1446.02
273.667	1446.02
273.702	1446.02
273.732	1446.02
273.767	1446.02
273.802	1446.02
273.832	1446.02
273.867	1446.02
273.902	1446.02
273.932	1446.02
273.967	1446.02
274.002	1446.02
274.032	1446.02
274.067	1446.02
274.102	1446.02
274.132	1446.02
274.167	1446.02
274.202	1446.02
274.232	1446.02
274.267	1446.02
274.302	1446.02
274.332	1446.02
274.367	1446.02
274.402	1446.02
274.432	1446.02
274.467	1446.02
274.502	1446.02
274.532	1446.02
274.567	1446.02
274.602	1446.02
274.632	1446.02
274.667	1446.02
274.702	1446.02
274.732	1446.02
274.767	1446.02
274.802	1446.02
274.832	1446.02
274.867	1446.02
274.902	1446.02
274.932	1446.02
274.967	1446.02
275.002	1446.02
275.032	1446.02
275.067	1446.02
275.102	1446.02
275.132	1446.02
275.167	1446.02
275.202	1446.02
275.232	1446.02
275.267	1446.02
275.302	1446.02
275.332	1446.02
275.367	1446.02
275.402	1446.02
275.432	1446.02
275.467	1446.02
275.502	1446.02
275.532	1446.02
275.567	1446.02
275.602	1446.02
275.632	1446.02
275.667	1446.02
275.702	1446.02
275.732	1446.02
275.767	1446.02
275.802	1446.02
275.832	1446.02
275.867	1446.02
275.902	1446.02
275.932	1446.02
275.957	1446.02
276.002	1446.02
276.032	1446.02
276.067	1446.02
276.102	1446.02
276.132	1446.02
276.167	1446.02
276.202	1446.02
276.232	1446.02
276.267	1446.02
276.302	1446.02
276.332	1446.02
276.367	1446.02
276.402	1446.02
276.432	1446.02
276.467	1446.02
276.502	1446.02
276.532	1446.02
276.567	1446.02
276.602	1446.02
276.632	1446.02
276.667	1446.02
276.702	1446.02
276.732	1446.02
276.767	1446.02
276.802	1446.02
276.832	1446.02
276.867	1446.02
276.902	1446.02
276.932	1446.02
276.967	1446.02
277.002	1446.02
277.032	1446.02
277.067	1446.02
277.102	1446.02
277.132	1446.02
277.167	1446.02
277.202	1446.02
277.232	1446.02
277.267	1446.02
277.302	1446.02
277.332	1446.02
277.367	1446.02
277.402	1446.02
277.432	1446.02
277.467	1446.02
277.502	1446.02
277.532	1446.02
277.567	1446.02
277.602	1446.02
277.632	1446.02
277.667	1446.02
277.702	1446.02
277.732	1446.02
277.767	1446.02
277.802	1446.02
277.832	1446.02
277.867	1446.02
277.902	1446.02
277.932	1446.02
277.957	1446.02
278.002	1446.02
278.032	1446.02
278.067	1446.02
278.102	1446.02
278.132	1446.02
278.167	1446.02
278.202	1446.02
278.232	1446.02
278.267	1446.02
278.302	1446.02
278.332	1446.02
278.367	1446.02
278.402	1446.02
278.432	1446.02
278.467	1446.02
278.502	1446.02
278.532	1446.02
278.567	1446.02
278.602	1446.02
278.632	1446.02
278.667	1446.02
278.702	1446.02
278.732	1446.02
278.767	1446.02
278.802	1446.02
278.832	1446.02
278.857	1446.02
278.902	1446.02
278.932	1446.02
278.967	1446.02
279.002	1446.02
279.032	1446.02
279.067	1446.02
279.102	1446.02
279.132	1446.02
279.167	1446.02
279.202	1446.02
279.232	1446.02
279.257	1446.02
279.302	1446.02
279.332	1446.02
279.367	1446.02
279.402	1446.02
279.432	1446.02
279.467	1446.02
279.502	1446.02
279.532	1446.02
279.567	1446.02
279.602	1446.02
279.632	1446.02
279.667	1446.02
279.702	1446.02
279.732	1446.02
279.767	1446.02
279.802	1446.02
279.832	1446.02
279.867	1446.02
279.902	1446.02
279.932	1446.02
279.967	1446.02
280.002	1446.02
280.032	1446.02
280.067	1446.02
280.102	1446.02
280.132	1446.02
280.167	1446.02
280.202	1446.02
280.232	1446.02
280.267	1446.02
280.302	1446.02
280.332	1446.02
280.367	1446.02
280.402	1446.02
280.432	1446.02
280.467	1446.02
280.502	1446.02
280.532	1446.02
280.567	1446.02
280.602	1446.02
280.632	1446.02
280.667	1446.02
280.702	1446.02
280.732	1446.02
280.767	1446.02
280.802	1446.02
280.832	1446.02
280.867	1446.02
280.902	1446.02
280.932	1446.02
280.967	1446.02
281.002	1446.02
281.032	1446.02
281.067	1446.02
281.102	1446.02
281.132	1446.02
281.157	1446.02
281.202	1446.02
281.232	1446.02
281.267	1446.02
281.302	1446.02
281.332	1446.02
281.367	1446.02
281.402	1446.02
281.432	1446.02
281.467	1446.02
281.502	1446.02
281.532	1446.02
281.567	1446.02
281.602	1446.02
281.632	1446.02
281.667	1446.02
281.702	1446.02
281.732	1446.02
281.767	1446.02
281.802	1446.02
281.832	1446.02
281.867	1446.02
281.902	1446.02
281.932	1446.02
281.967	1446.02
282.002	1446.02
282.032	1446.02
282.067	1446.02
282.102	1446.02
282.132	1446.02
282.167	1446.02
282.202	1446.02
282.232	1446.02
282.267	1446.02
282.302	1446.02
282.332	1446.02
282.367	1446.02
282.402	1446.02
282.432	1446.02
282.467	1446.02
282.502	1446.02
282.532	1446.02
282.567	1446.02
282.602	1446.02
282.632	1446.02
282.667	1446.02
282.702	1446.02
282.732	1446.02
282.767	1446.02
282.802	1446.02
282.832	1446.02
282.867	1446.02
282.902	1446.02
282.932	1446.02
282.967	1446.02
283.002	1446.02
283.032	1446.02
283.067	1446.02
283.102	1446.02
283.132	1446.02
283.167	1446.02
283.202	1446.02
283.232	1446.02
283.267	1446.02
283.302	1446.02
283.332	1446.02
283.367	1446.02
283.402	1446.02
283.432	1446.02
283.467	1446.02
283.502	1446.02
283.532	1446.02
283.567	1446.02
283.602	1446.02
283.632	1446.02
283.667	1446.02
283.702	1446.02
283.732	1446.02
283.767	1446.02
283.802	1446.02
283.832	1446.02
283.867	1446.02
283.902	1446.02
283.932	1446.02
283.967	1446.02
284.002	1446.02
284.032	1446.02
284.067	1446.02
284.102	1446.02
284.132	1446.02
284.167	1446.02
284.202	1446.02
284.232	1446.02
284.257	1446.02
284.302	1446.02
284.332	1446.02
284.367	1446.02
284.402	1446.02
284.432	1446.02
284.467	1446.02
284.502	1446.02
284.532	1446.02
284.567	1446.02
284.602	1446.02
284.632	1446.02
284.667	1446.02
284.702	1446.02
284.732	1446.02
284.767	1446.02
284.802	1446.02
284.832	1446.02
284.867	1446.02
284.902	1446.02
284.932	1446.02
284.967	1446.02
285.002	1446.02
285.032	1446.02
285.067	1446.02
285.102	1446.02
285.132	1446.02
285.167	1446.02
285.202	1446.02
285.232	1446.02
285.267	1446.02
285.302	1446.02
285.332	1446.02
285.367	1446.02
285.402	1446.02
285.432	1446.02
285.467	1446.02
285.502	1446.02
285.532	1446.02
285.567	1446.02
285.602	1446.02
285.632	1446.02
285.667	1446.02
285.702	1446.02
285.732	1446.02
285.767	1446.02
285.802	1446.02
285.832	1446.02
285.867	1446.02
285.902	1446.02
285.932	1446.02
285.967	1446.02
286.002	1446.02
286.032	1446.02
286.067	1446.02
286.102	1446.02
286.132	1446.02
286.167	1446.02
286.202	1446.02
286.232	1446.02
286.267	1446.02
286.302	1446.02
286.332	1446.02
286.367	1446.02
286.402	1446.02
286.432	1446.02
286.467	1446.02
286.502	1446.02
286.532	1446.02
286.567	1446.02
286.602	1446.02
286.632	1446.02
286.667	1446.02
286.702	1446.02
286.732	1446.02
286.767	1446.02
286.802	1446.02
286.832	1446.02
286.867	1446.02
286.902	1446.02
286.932	1446.02
286.967	1446.02
287.002	1446.02
287.032	1446.02
287.067	1446.02
287.102	1446.02
287.132	1446.02
287.167	1446.02
287.202	1446.02
287.232	1446.02
287.267	1446.02
287.302	1446.02
287.332	1446.02
287.367	1446.02
287.402	1446.02
287.432	1446.02
287.467	1446.02
287.502	1446.02
287.532	1446.02
287.567	1446.02
287.602	1446.02
287.632	1446.02
287.667	1446.02
287.702	1446.02
287.732	1446.02
287.767	1446.02
287.802	1446.02
287.832	1446.02
287.867	1446.02
287.902	1446.02
287.932	1446.02
287.967	1446.02
288.002	1446.02
288.032	1446.02
288.067	1446.02
288.102	1446.02
288.132	1446.02
288.167	1446.02
288.202	1446.02
288.232	1446.02
288.267	1446.02
288.302	1446.02
288.332	1446.02
288.367	1446.02
288.402	1446.02
288.432	1446.02
288.467	1446.02
288.502	1446.02
288.532	1446.02
288.567	1446.02
288.602	1446.02
288.632	1446.02
288.667	1446.02
288.702	1446.02
288.732	1446.02
288.767	1446.02
288.802	1446.02
288.832	1446.02
288.867	1446.02
288.902	1446.02
288.932	1446.02
288.967	1446.02
289.002	1446.02
289.032	1446.02
289.067	1446.02
289.102	1446.02
289.132	1446.02
289.167	1446.02
289.202	1446.02
289.232	1446.02
289.267	1446.02
289.302	1446.02
289.332	1446.02
289.367	1446.02
289.402	1446.02
289.432	1446.02
289.467	1446.02
289.502	1446.02
289.532	1446.02
289.567	1446.02
289.602	1446.02
289.632	1446.02
289.667	1446.02
289.702	1446.02
289.732	1446.02
289.767	1446.02
289.802	1446.02
289.832	1446.02
289.867	1446.02
289.902	1446.02
289.932	1446.02
289.967	1446.02
290.002	1446.02
290.032	1446.02
290.067	1446.02
290.102	1446.02
290.132	1446.02
290.167	1446.02
290.202	1446.02
290.232	1446.02
290.267	1446.02
290.302	1446.02
290.332	1446.02
290.367	1446.02
290.402	1446.02
290.432	1446.02
290.467	1446.02
290.502	1446.02
290.532	1446.02
290.567	1446.02
290.602	1446.02
290.632	1446.02
290.667	1446.02
290.702	1446.02
290.732	1446.02
290.767	1446.02
290.802	1446.02
290.832	1446.02
290.867	1446.02
290.902	1446.02
290.932	1446.02
290.967	1446.02
291.002	1446.02
291.032	1446.02
291.067	1446.02
291.102	1446.02
291.132	1446.02
291.167	1446.02
291.202	1446.02
291.232	1446.02
291.267	1446.02
291.302	1446.02
291.332	1446.02
291.367	1446.02
291.402	1446.02
291.432	1446.02
291.467	1446.02
291.502	1446.02
291.532	1446.02
291.567	1446.02
291.602	1446.02
291.632	1446.02
291.667	1446.02
291.702	1446.02
291.732	1446.02
291.767	1446.02
291.802	1446.02
291.832	1446.02
291.867	1446.02
291.902	1446.02
291.932	1446.02
291.967	1446.02
292.002	1446.02
292.032	1446.02
292.067	1446.02
292.102	1446.02
292.132	1446.02
292.167	1446.02
292.202	1446.02
292.232	1446.02
292.267	1446.02
292.302	1446.02
292.332	1446.02
292.367	1446.02
292.402	1446.02
292.432	1446.02
292.467	1446.02
292.502	1446.02
292.532	1446.02
292.567	1446.02
292.602	1446.02
292.632	1446.02
292.667	1446.02
292.702	1446.02
292.732	1446.02
292.767	1446.02
292.802	1446.02
292.832	1446.02
292.867	1446.02
292.902	1446.02
292.932	1446.02
292.967	1446.02
293.002	1446.02
293.032	1446.02
293.067	1446.02
293.102	1446.02
293.132	1446.02
293.167	1446.02
293.202	1446.02
293.232	1446.02
293.267	1446.02
293.302	1446.02
293.332	1446.02
293.367	1446.02
293.402	1446.02
293.432	1446.02
293.467	1446.02
293.502	1446.02
293.532	1446.02
293.567	1446.02
293.602	1446.02
293.632	1446.02
293.667	1446.02
293.702	1446.02
293.732	1446.02
293.767	1446.02
293.802	1446.02
293.832	1446.02
293.867	1446.02
293.902	1446.02
293.932	1446.02
293.967	1446.02
294.002	1446.02
294.032	1446.02
294.067	1446.02
294.102	1446.02
294.132	1446.02
294.167	1446.02
294.202	1446.02
294.232	1446.02
294.267	1446.02
294.302	1446.02
294.332	1446.02
294.367	1446.02
294.402	1446.02
294.432	1446.02
294.467	1446.02
294.502	1446.02
294.532	1446.02
294.567	1446.02
294.602	1446.02
294.632	1446.02
294.667	1446.02
294.702	1446.02
294.732	1446.02
294.767	1446.02
294.802	1446.02
294.832	1446.02
294.867	1446.02
294.902	1446.02
294.932	1446.02
294.967	1446.02
295.002	1446.02
295.032	1446.02
295.057	1446.02
295.102	1446.02
295.132	1446.02
295.167	1446.02
295.202	1446.02
295.232	1446.02
295.267	1446.02
295.302	1446.02
295.332	1446.02
295.367	1446.02
295.402	1446.02
295.432	1446.02
295.467	1446.02
295.502	1446.02
295.532	1446.02
295.567	1446.02
295.602	1446.02
295.632	1446.02
295.667	1446.02
295.702	1446.02
295.732	1446.02
295.767	1446.02
295.802	1446.02
295.832	1446.02
295.867	1446.02
295.902	1446.02
295.932	1446.02
295.967	1446.02
296.002	1446.02
296.032	1446.02
296.067	1446.02
296.102	1446.02
296.132	1446.02
296.167	1446.02
296.202	1446.02
296.232	1446.02
296.267	1446.02
296.302	1446.02
296.332	1446.02
296.367	1446.02
296.402	1446.02
296.432	1446.02
296.467	1446.02
296.502	1446.02
296.532	1446.02
296.567	1446.02
296.602	1446.02
296.632	1446.02
296.657	1446.02
296.702	1446.02
296.732	1446.02
296.767	1446.02
296.802	1446.02
296.832	1446.02
296.867	1446.02
296.902	1446.02
296.932	1446.02
296.967	1446.02
297.002	1446.02
297.032	1446.02
297.067	1446.02
297.102	1446.02
297.132	1446.02
297.167	1446.02
297.202	1446.02
297.232	1446.02
297.267	1446.02
297.302	1446.02
297.332	1446.02
297.367	1446.02
297.402	1446.02
297.432	1446.02
297.467	1446.02
297.502	1446.02
297.532	1446.02
297.567	1446.02
297.602	1446.02
297.632	1446.02
297.667	1446.02
297.702	1446.02
297.732	1446.02
297.767	1446.02
297.802	1446.02
297.832	1446.02
297.867	1446.02
297.902	1446.02
297.932	1446.02
297.967	1446.02
298.002	1446.02
298.032	1446.02
298.067	1446.02
298.102	1446.02
298.132	1446.02
298.157	1446.02
298.202	1446.02
298.232	1446.02
298.267	1446.02
298.302	1446.02
298.332	1446.02
298.367	1446.02
298.402	1446.02
298.432	1446.02
298.467	1446.02
298.502	1446.02
298.532	1446.02
298.567	1446.02
298.602	1446.02
298.632	1446.02
298.667	1446.02
298.702	1446.02
298.732	1446.02
298.767	1446.02
298.802	1446.02
298.832	1446.02
298.867	1446.02
298.902	1446.02
298.932	1446.02
298.967	1446.02
299.002	1446.02
299.032	1446.02
299.067	1446.02
299.102	1446.02
299.132	1446.02
299.167	1446.02
299.202	1446.02
299.232	1446.02
299.267	1446.02
299.302	1446.02
299.332	1446.02
299.367	1446.02
299.402	1446.02
299.432	1446.02
299.467	1446.02
299.502	1446.02
299.532	1446.02
299.567	1446.02
299.602	1446.02
299.632	1446.02
299.667	1446.02
299.702	1446.02
299.732	1446.02
299.767	1446.02
299.802	1446.02
299.832	1446.02
299.867	1446.02
299.902	1446.02
299.932	1446.02
299.967	1446.02
300.002	1446.02
300.032	1446.02
300.067	1446.02
300.102	1446.02
300.132	1446.02
300.167	1446.02
300.202	1446.02
300.232	1446.02
300.267	1446.02
300.302	1446.02
300.332	1446.02
300.367	1446.02
300.402	1446.02
300.432	1446.02
300.467	1446.02
300.502	1446.02
300.532	1446.02
300.567	1446.02
300.602	1446.02
300.632	1446.02
300.667	1446.02
300.702	1446.02
300.732	1446.02
300.767	1446.02
300.802	1446.02
300.832	1446.02
300.867	1446.02
300.902	1446.02
300.932	1446.02
300.967	1446.02
301.002	1446.02
301.032	1446.02
301.067	1446.02
301.102	1446.02
301.132	1446.02
301.167	1446.02
301.202	1446.02
301.232	1446.02
301.267	1446.02
301.302	1446.02
301.332	1446.02
301.367	1446.02
301.402	1446.02
301.432	1446.02
301.467	1446.02
301.502	1446.02
301.532	1446.02
301.567	1446.02
301.602	1446.02
301.632	1446.02
301.667	1446.02
301.702	1446.02
301.732	1446.02
301.767	1446.02
301.802	1446.02
301.832	1446.02
301.867	1446.02
301.902	1446.02
301.932	1446.02
301.967	1446.02
302.002	1446.02
302.032	1446.02
302.067	1446.02
302.102	1446.02
302.132	1446.02
302.167	1446.02
302.202	1446.02
302.232	1446.02
302.267	1446.02
302.302	1446.02
302.332	1446.02
302.367	1446.02
302.402	1446.02
302.432	1446.02
302.467	1446.02
302.502	1446.02
302.532	1446.02
302.567	1446.02
302.602	1446.02
302.632	1446.02
302.667	1446.02
302.702	1446.02
302.732	1446.02
302.767	1446.02
302.802	1446.02
302.832	1446.02
302.867	1446.02
302.902	1446.02
302.932	1446.02
302.967	1446.02
303.002	1446.02
303.032	1446.02
303.067	1446.02
303.102	1446.02
303.132	1446.02
303.167	1446.02
303.202	1446.02
303.232	1446.02
303.267	1446.02
303.302	1446.02
303.332	1446.02
303.367	1446.02
303.402	1446.02
303.432	1446.02
303.467	1446.02
303.502	1446.02
303.532	1446.02
303.567	1446.02
303.602	1446.02
303.632	1446.02
303.667	1446.02
303.702	1446.02
303.732	1446.02
303.767	1446.02
303.802	1446.02
303.832	1446.02
303.867	1446.02
303.902	1446.02
303.932	1446.02
303.967	1446.02
304.002	1446.02
304.032	1446.02
304.067	1446.02
304.102	1446.02
304.132	1446.02
304.167	1446.02
304.202	1446.02
304.232	1446.02
304.267	1446.02
304.302	1446.02
304.332	1446.02
304.367	1446.02
304.402	1446.02
304.432	1446.02
304.467	1446.02
304.502	1446.02
304.532	1446.02
304.567	1446.02
304.602	1446.02
304.632	1446.02
304.667	1446.02
304.702	1446.02
304.732	1446.02
304.767	1446.02
304.802	1446.02
304.832	1446.02
304.867	1446.02
304.902	1446.02
304.932	1446.02
304.967	1446.02
305.002	1446.02
305.032	1446.02
305.067	1446.02
305.102	1446.02
305.132	1446.02
305.167	1446.02
305.202	1446.02
305.232	1446.02
305.267	1446.02
305.302	1446.02
305.332	1446.02
305.367	1446.02
305.402	1446.02
305.432	1446.02
305.467	1446.02
305.502	1446.02
305.532	1446.02
305.567	1446.02
305.602	1446.02
305.632	1446.02
305.667	1446.02
305.702	1446.02
305.732	1446.02
305.767	1446.02
305.802	1446.02
305.832	1446.02
305.867	1446.02
305.902	1446.02
305.932	1446.02
305.967	1446.02
306.002	1446.02
306.032	1446.02
306.067	1446.02
306.102	1446.02
306.132	1446.02
306.167	1446.02
306.202	1446.02
306.232	1446.02
306.267	1446.02
306.302	1446.02
306.332	1446.02
306.367	1446.02
306.402	1446.02
306.432	1446.02
306.467	1446.02
306.502	1446.02
306.532	1446.02
306.567	1446.02
306.602	1446.02
306.632	1446.02
306.667	1446.02
306.702	1446.02
306.732	1446.02
306.767	1446.02
306.802	1446.02
306.832	1446.02
306.867	1446.02
306.902	1446.02
306.932	1446.02
306.967	1446.02
307.002	1446.02
307.032	1446.02
307.057	1446.02
307.102	1446.02
307.132	1446.02
307.167	1446.02
307.202	1446.02
307.232	1446.02
307.267	1446.02
307.302	1446.02
307.332	1446.02
307.367	1446.02
307.402	1446.02
307.432	1446.02
307.467	1446.02
307.502	1446.02
307.532	1446.02
307.567	1446.02
307.602	1446.02
307.632	1446.02
307.667	1446.02
307.702	1446.02
307.732	1446.02
307.767	1446.02
307.802	1446.02
307.832	1446.02
307.867	1446.02
307.902	1446.02
307.932	1446.02
307.967	1446.02
308.002	1446.02
308.032	1446.02
308.067	1446.02
308.102	1446.02
308.132	1446.02
308.167	1446.02
308.202	1446.02
308.232	1446.02
308.267	1446.02
308.302	1446.02
308.332	1446.02
308.367	1446.02
308.402	1446.02
308.432	1446.02
308.467	1446.02
308.502	1446.02
308.532	1446.02
308.567	1446.02
308.602	1446.02
308.632	1446.02
308.667	1446.02
308.702	1446.02
308.732	1446.02
308.757	1446.02
308.802	1446.02
308.832	1446.02
308.867	1446.02
308.902	1446.02
308.932	1446.02
308.957	1446.02
309.002	1446.02
309.032	1446.02
309.067	1446.02
309.102	1446.02
309.132	1446.02
309.167	1446.02
309.202	1446.02
309.232	1446.02
309.267	1446.02
309.302	1446.02
309.332	1446.02
309.367	1446.02
309.402	1446.02
309.432	1446.02
309.467	1446.02
309.502	1446.02
309.532	1446.02
309.567	1446.02
309.602	1446.02
309.632	1446.02
309.667	1446.02
309.702	1446.02
309.732	1446.02
309.767	1446.02
309.802	1446.02
309.832	1446.02
309.867	1446.02
309.902	1446.02
309.932	1446.02
309.967	1446.02
