0.035	500
0.063	500
0.113	500
0.138	1489.14
0.168	1489.14
0.203	3046.77
0.237	3046.77
0.272	3107.7
0.302	3046.77
0.337	3046.77
0.372	3107.7
0.402	3107.7
0.437	3107.7
0.472	3107.7
0.502	3046.77
0.527	2985.83
0.572	3046.77
0.597	3046.77
0.637	3046.77
0.672	3046.77
0.702	2985.83
0.737	2924.9
0.772	2863.96
0.802	2803.03
0.837	2803.03
0.862	2803.03
0.902	2863.96
0.937	2863.96
0.972	2863.96
0.997	2803.03
1.037	2742.09
1.072	2803.03
1.102	2863.96
1.137	2924.9
1.172	2924.9
1.202	2985.83
1.237	3046.77
1.272	2985.83
1.302	3046.77
1.337	3046.77
1.372	3107.7
1.402	3046.77
1.437	3107.7
1.472	3046.77
1.502	3046.77
1.527	2985.83
1.567	2924.9
1.602	2985.83
1.637	2924.9
1.672	2863.96
1.702	2803.03
1.737	2742.09
1.762	2742.09
1.802	2863.96
1.827	2924.9
1.857	2985.83
1.882	3046.77
1.907	3046.77
1.937	3107.7
1.972	3168.64
2.002	3229.57
2.037	3290.51
2.072	3351.45
2.102	3290.51
2.137	3351.45
2.172	3412.38
2.202	3351.45
2.237	3473.32
2.272	3412.38
2.302	3473.32
2.337	3473.32
2.372	3412.38
2.402	3473.32
2.437	3412.38
2.472	3473.32
2.502	3412.38
2.537	3473.32
2.572	3412.38
2.602	3473.32
2.637	3412.38
2.672	3351.45
2.702	3412.38
2.737	3351.45
2.772	3290.51
2.802	3229.57
2.837	3229.57
2.872	3107.7
2.902	3046.77
2.937	2985.83
2.972	3046.77
3.002	3046.77
3.037	3168.64
3.072	3229.57
3.102	3229.57
3.137	3229.57
3.172	3290.51
3.202	3229.57
3.237	3290.51
3.272	3351.45
3.302	3473.32
3.337	3534.25
3.372	3473.32
3.402	3534.25
3.437	3595.19
3.472	3534.25
3.502	3473.32
3.537	3595.19
3.572	3656.12
3.602	3595.19
3.637	3656.12
3.672	3595.19
3.702	3656.12
3.737	3595.19
3.772	3656.12
3.802	3595.19
3.837	3656.12
3.872	3595.19
3.902	3656.12
3.937	3717.06
3.972	3656.12
4.002	3595.19
4.037	3656.12
4.072	3717.06
4.102	3656.12
4.132	3717.06
4.172	3717.06
4.202	3777.99
4.237	3717.06
4.272	3656.12
4.302	3534.25
4.337	3595.19
4.372	3656.12
4.402	3595.19
4.427	3534.25
4.472	3473.32
4.502	3534.25
4.527	3595.19
4.572	3595.19
4.602	3656.12
4.627	3656.12
4.652	3717.06
4.677	3656.12
4.702	3717.06
4.732	3777.99
4.772	3838.93
4.802	3899.86
4.837	4021.74
4.872	4021.74
4.902	4082.67
4.937	4143.6
4.972	4204.54
5.002	4265.48
5.027	4326.41
5.072	4387.35
5.102	4326.41
5.127	4265.48
5.167	4326.41
5.202	4387.35
5.227	4387.35
5.272	4448.28
5.302	4509.22
5.327	4448.28
5.362	4387.35
5.402	4326.41
5.427	4265.48
5.472	4448.28
5.502	4509.22
5.527	4448.28
5.562	4387.35
5.602	4448.28
5.627	4387.35
5.657	4448.28
5.692	4448.28
5.717	4387.35
5.742	4448.28
5.772	4387.35
5.802	4265.48
5.827	4326.41
5.872	4326.41
5.902	4326.41
5.927	4265.48
5.962	4326.41
6.002	4448.28
6.027	4448.28
6.057	4387.35
6.102	4387.35
6.127	4326.41
6.157	4509.22
6.202	4570.15
6.227	4509.22
6.252	4570.15
6.277	4570.15
6.302	4570.15
6.327	4570.15
6.352	4570.15
6.377	4570.15
6.402	4570.15
6.427	3918.55
6.452	3918.55
6.477	3918.55
6.502	4509.22
6.527	4570.15
6.562	4509.22
6.602	4509.22
6.627	4570.15
6.657	4570.15
6.702	4570.15
6.727	4509.22
6.757	4570.15
6.802	4570.15
6.837	4570.15
6.862	4509.22
6.902	4570.15
6.927	4570.15
6.972	4509.22
7.002	4570.15
7.027	4509.22
7.072	4570.15
7.102	4509.22
7.137	4570.15
7.172	4509.22
7.202	4570.15
7.237	4509.22
7.272	4570.15
7.302	4570.15
7.337	4509.22
7.372	4509.22
7.402	4570.15
7.437	4509.22
7.472	4509.22
7.502	4570.15
7.527	4570.15
7.572	4509.22
7.602	4448.28
7.627	4387.35
7.657	4387.35
7.682	4448.28
7.707	4387.35
7.737	4326.41
7.762	4387.35
7.787	4387.35
7.812	4326.41
7.837	4387.35
7.872	4326.41
7.902	4387.35
7.937	4387.35
7.972	4387.35
8.002	4326.41
8.027	4387.35
8.072	4326.41
8.097	4265.48
8.122	4326.41
8.172	4265.48
8.202	4387.35
8.227	4326.41
8.272	4326.41
8.302	4326.41
8.327	4387.35
8.372	4326.41
8.402	4448.28
8.427	4387.35
8.452	4448.28
8.477	4448.28
8.502	4509.22
8.527	3675.04
8.557	4509.22
8.602	4448.28
8.627	4509.22
8.672	4387.35
8.702	4448.28
8.737	4570.15
8.772	4570.15
8.802	4570.15
8.827	4509.22
8.872	4570.15
8.902	4509.22
8.927	4570.15
8.972	4509.22
9.002	4570.15
9.037	4509.22
9.072	4448.28
9.102	4509.22
9.137	4448.28
9.172	4509.22
9.202	4570.15
9.237	4509.22
9.272	4509.22
9.302	4448.28
9.337	4570.15
9.372	4570.15
9.402	4509.22
9.437	4570.15
9.472	4509.22
9.502	4570.15
9.532	4509.22
9.572	4570.15
9.602	4302.37
9.637	4509.22
9.672	4570.15
9.702	4509.22
9.737	4570.15
9.772	4570.15
9.797	4570.15
9.827	4570.15
9.872	4509.22
9.897	4570.15
9.922	4509.22
9.972	4570.15
10.002	4509.22
10.027	4448.28
10.072	4448.28
10.102	4448.28
10.127	4509.22
10.172	4448.28
10.202	4387.35
10.227	4509.22
10.272	4448.28
10.297	4387.35
10.322	4448.28
10.347	4448.28
10.372	4509.22
10.402	4509.22
10.427	4570.15
10.467	4570.15
10.502	4570.15
10.527	4509.22
10.552	4570.15
10.577	4570.15
10.602	4509.22
10.627	4448.28
10.652	4509.22
10.677	4570.15
10.702	4570.15
10.732	4509.22
10.772	4570.15
10.802	4570.15
10.832	4570.15
10.862	4570.15
10.902	4509.22
10.937	4570.15
10.972	4509.22
11.002	4570.15
11.037	4570.15
11.072	4509.22
11.102	4448.28
11.137	4387.35
11.172	4448.28
11.202	4387.35
11.232	4387.35
11.272	4326.41
11.302	4509.22
11.337	4448.28
11.367	4387.35
11.402	4448.28
11.437	4509.22
11.472	4448.28
11.502	4509.22
11.537	4448.28
11.562	4448.28
11.602	4387.35
11.637	4448.28
11.662	4387.35
11.702	4448.28
11.737	4448.28
11.762	4387.35
11.792	4204.54
11.827	4265.48
11.857	4326.41
11.882	4387.35
11.907	4326.41
11.937	4387.35
11.962	4387.35
11.987	4326.41
12.012	4387.35
12.037	4448.28
12.072	4387.35
12.102	4509.22
12.137	4509.22
12.172	4448.28
12.202	4570.15
12.227	4509.22
12.272	4570.15
12.297	4509.22
12.322	4570.15
12.372	4509.22
12.402	4448.28
12.427	4448.28
12.472	4570.15
12.502	4509.22
12.527	4570.15
12.572	4509.22
12.597	4570.15
12.622	4509.22
12.672	4570.15
12.702	4509.22
12.727	3641.84
12.772	4509.22
12.802	4570.15
12.827	4570.15
12.862	4570.15
12.902	4509.22
12.937	4570.15
12.972	4509.22
13.002	4509.22
13.037	4570.15
13.072	4570.15
13.102	4509.22
13.137	4448.28
13.172	4387.35
13.202	4387.35
13.237	4326.41
13.272	4265.48
13.302	4204.54
13.327	4143.6
13.372	4204.54
13.402	4265.48
13.437	4204.54
13.472	4143.6
13.502	4143.6
13.537	4082.67
13.572	4204.54
13.602	4143.6
13.637	4082.67
13.672	4143.6
13.702	4143.6
13.737	4082.67
13.772	4265.48
13.802	4204.54
13.837	4204.54
13.872	4204.54
13.902	4265.48
13.937	4326.41
13.972	4265.48
14.002	4326.41
14.037	4265.48
14.062	4326.41
14.087	4265.48
14.112	4326.41
14.137	4387.35
14.172	4326.41
14.202	4387.35
14.232	4448.28
14.267	4326.41
14.302	4265.48
14.327	4326.41
14.352	4265.48
14.377	4326.41
14.402	4265.48
14.432	4326.41
14.462	4326.41
14.492	4265.48
14.517	4326.41
14.542	4448.28
14.572	4387.35
14.602	4448.28
14.627	4387.35
14.652	4326.41
14.677	4387.35
14.702	4448.28
14.727	4509.22
14.752	4448.28
14.777	4448.28
14.802	4387.35
14.827	3504.74
14.852	4448.28
14.877	4387.35
14.902	4509.22
14.937	4570.15
14.962	4509.22
15.002	4570.15
15.037	4509.22
15.062	4509.22
15.092	4570.15
15.137	4509.22
15.162	4509.22
15.192	4448.28
15.237	4570.15
15.262	4570.15
15.302	4570.15
15.337	4509.22
15.362	4509.22
15.402	4570.15
15.437	4448.28
15.472	4448.28
15.502	4387.35
15.537	4448.28
15.572	4509.22
15.602	4448.28
15.637	4387.35
15.672	4448.28
15.702	4448.28
15.737	4387.35
15.772	4448.28
15.802	4387.35
15.832	4387.35
15.872	4326.41
15.902	3933.19
15.937	4448.28
15.972	4448.28
16.002	4387.35
16.037	4448.28
16.072	4448.28
16.102	4509.22
16.137	4509.22
16.162	4509.22
16.187	4448.28
16.212	4387.35
16.237	4448.28
16.262	4448.28
16.292	4570.15
16.322	4509.22
16.347	4509.22
16.372	4448.28
16.402	4387.35
16.427	4326.41
16.452	4387.35
16.477	4387.35
16.502	4387.35
16.527	4448.28
16.552	4509.22
16.577	4570.15
16.602	4509.22
16.632	4570.15
16.657	4570.15
16.682	4509.22
16.707	4570.15
16.732	4509.22
16.762	4570.15
16.792	4448.28
16.827	4387.35
16.852	4326.41
16.882	4265.48
16.907	4326.41
16.937	4265.48
16.962	4387.35
16.987	4387.35
17.037	4387.35
17.067	4448.28
17.102	4570.15
17.132	4509.22
17.162	4448.28
17.187	4387.35
17.237	4509.22
17.267	4570.15
17.302	4509.22
17.337	4448.28
17.367	4509.22
17.402	4570.15
17.437	4509.22
17.467	4448.28
17.502	4509.22
17.532	4570.15
17.567	4509.22
17.602	4448.28
17.632	4448.28
17.667	4509.22
17.702	4570.15
17.737	4570.15
17.767	4509.22
17.792	4448.28
17.837	4509.22
17.867	4570.15
17.902	4509.22
17.937	4448.28
17.967	4509.22
18.002	4039.94
18.032	4570.15
18.067	4570.15
18.102	4509.22
18.137	4448.28
18.167	4509.22
18.202	4509.22
18.227	4570.15
18.252	4570.15
18.277	4570.15
18.302	4509.22
18.337	4570.15
18.362	4570.15
18.387	4509.22
18.412	4570.15
18.437	4570.15
18.462	4509.22
18.487	4570.15
18.537	4509.22
18.562	4448.28
18.587	4509.22
18.612	4509.22
18.637	4570.15
18.662	4570.15
18.687	4570.15
18.737	4509.22
18.762	4570.15
18.787	4570.15
18.812	4570.15
18.837	4509.22
18.862	4570.15
18.887	4509.22
18.912	4570.15
18.937	4570.15
18.967	4509.22
18.992	4570.15
19.017	4570.15
19.042	3623.99
19.067	3623.99
19.092	4509.22
19.137	4570.15
19.167	4509.22
19.192	4448.28
19.217	4509.22
19.242	4570.15
19.267	4570.15
19.297	4509.22
19.337	4570.15
19.367	4509.22
19.397	4509.22
19.437	4570.15
19.467	4570.15
19.502	4509.22
19.532	4509.22
19.567	4570.15
19.602	4509.22
19.637	4448.28
19.667	4387.35
19.702	4448.28
19.727	4448.28
19.767	4570.15
19.802	4509.22
19.837	4509.22
19.867	4570.15
19.902	4509.22
19.927	4570.15
19.952	4509.22
19.992	4570.15
20.037	4570.15
20.067	4570.15
20.102	4570.15
20.137	4509.22
20.167	4448.28
20.202	4509.22
20.237	4448.28
20.267	4570.15
20.302	4570.15
20.327	4509.22
20.352	4509.22
20.377	4448.28
20.402	4509.22
20.437	4448.28
20.462	4387.35
20.487	4387.35
20.512	4448.28
20.537	4387.35
20.562	4326.41
20.587	4387.35
20.612	4448.28
20.637	4448.28
20.662	4509.22
20.687	4509.22
20.737	4509.22
20.762	4570.15
20.787	4570.15
20.812	4570.15
20.837	4509.22
20.862	4570.15
20.887	4509.22
20.912	4570.15
20.937	4509.22
20.967	4509.22
20.992	4509.22
21.037	4509.22
21.062	4448.28
21.087	4509.22
21.112	4509.22
21.137	3668.62
21.167	4509.22
21.192	4509.22
21.237	4570.15
21.267	4509.22
21.292	4509.22
21.337	4387.35
21.367	4448.28
21.392	4387.35
21.437	4326.41
21.467	4387.35
21.502	4326.41
21.537	4265.48
21.567	4204.54
21.602	4265.48
21.637	4326.41
21.662	4326.41
21.687	4265.48
21.717	4326.41
21.742	4326.41
21.767	4265.48
21.802	4265.48
21.837	4204.54
21.867	4143.6
21.902	4204.54
21.937	4265.48
21.967	4204.54
22.002	4204.54
22.037	4265.48
22.067	4143.6
22.102	4204.54
22.137	4143.6
22.167	4204.54
22.202	4143.6
22.237	4082.67
22.267	4143.6
22.302	4082.67
22.337	4021.74
22.362	4082.67
22.387	4082.67
22.412	4143.6
22.437	4204.54
22.467	4143.6
22.497	4082.67
22.537	4143.6
22.562	4082.67
22.587	4021.74
22.612	4021.74
22.637	3960.8
22.662	4021.74
22.687	4021.74
22.712	4082.67
22.737	4082.67
22.762	4021.74
22.792	4082.67
22.817	4143.6
22.842	4082.67
22.867	4143.6
22.892	4204.54
22.922	4143.6
22.947	4143.6
22.972	4082.67
23.002	4143.6
23.037	4082.67
23.067	4021.74
23.102	3960.8
23.127	4021.74
23.152	3960.8
23.182	4021.74
23.207	4082.67
23.232	4204.54
23.267	4326.41
23.302	4387.35
23.332	4326.41
23.367	4387.35
23.402	4326.41
23.437	4265.48
23.467	4326.41
23.502	4326.41
23.537	4265.48
23.567	4326.41
23.602	4448.28
23.637	4448.28
23.667	4448.28
23.692	4509.22
23.737	4509.22
23.767	4448.28
23.802	4570.15
23.837	4509.22
23.867	4570.15
23.902	4509.22
23.937	4570.15
23.967	4570.15
24.002	4509.22
24.037	4570.15
24.067	4570.15
24.102	4448.28
24.137	4387.35
24.167	4448.28
24.202	4387.35
24.232	4448.28
24.262	4509.22
24.287	4448.28
24.312	4387.35
24.337	4387.35
24.362	4448.28
24.387	4387.35
24.412	4448.28
24.437	4387.35
24.462	4387.35
24.487	4509.22
24.512	4509.22
24.537	4570.15
24.562	4570.15
24.587	4570.15
24.612	4570.15
24.637	4509.22
24.662	4448.28
24.687	4387.35
24.712	4448.28
24.737	4448.28
24.762	4509.22
24.787	4509.22
24.812	4509.22
24.837	4570.15
24.862	4570.15
24.887	4509.22
24.937	4509.22
24.962	4509.22
24.987	4570.15
25.012	4570.15
25.037	4570.15
25.062	4509.22
25.087	4570.15
25.117	4509.22
25.142	4570.15
25.167	4509.22
25.202	4570.15
25.232	4570.15
25.267	4509.22
25.302	4509.22
25.327	3501.28
25.362	4509.22
25.402	4509.22
25.437	4448.28
25.467	4509.22
25.502	4448.28
25.537	4509.22
25.567	4509.22
25.592	4448.28
25.637	4509.22
25.667	4570.15
25.702	4509.22
25.737	4570.15
25.767	4570.15
25.802	4509.22
25.837	4570.15
25.867	4509.22
25.902	4570.15
25.937	4509.22
25.967	4570.15
26.002	4570.15
26.037	4570.15
26.067	4509.22
26.102	4448.28
26.137	4387.35
26.167	4448.28
26.202	4387.35
26.237	4448.28
26.267	4387.35
26.302	4570.15
26.337	4509.22
26.367	4448.28
26.402	4509.22
26.437	4570.15
26.467	4509.22
26.497	4448.28
26.532	4387.35
26.562	4448.28
26.587	4387.35
26.612	4387.35
26.637	4509.22
26.667	4570.15
26.692	4509.22
26.737	4570.15
26.762	4570.15
26.787	4509.22
26.812	4570.15
26.837	4570.15
26.862	4570.15
26.887	4570.15
26.912	4570.15
26.937	4509.22
26.962	4570.15
26.987	4509.22
27.012	4570.15
27.037	4570.15
27.062	4509.22
27.087	4448.28
27.112	4509.22
27.137	4570.15
27.162	4509.22
27.187	4570.15
27.212	4509.22
27.237	4509.22
27.262	4570.15
27.287	4448.28
27.322	4509.22
27.347	4570.15
27.372	4509.22
27.402	4570.15
27.437	3549.25
27.467	4570.15
27.502	4509.22
27.537	4570.15
27.567	4570.15
27.602	4509.22
27.637	4570.15
27.667	4570.15
27.702	4570.15
27.737	4570.15
27.767	4570.15
27.802	4570.15
27.837	4509.22
27.867	4570.15
27.902	4570.15
27.937	4509.22
27.967	4448.28
28.002	4387.35
28.027	4448.28
28.067	4509.22
28.102	4570.15
28.137	4509.22
28.167	4509.22
28.192	4448.28
28.237	4448.28
28.267	4509.22
28.292	4570.15
28.322	4570.15
28.347	4570.15
28.372	4570.15
28.402	4570.15
28.437	4570.15
28.462	4570.15
28.487	4338.07
28.512	4509.22
28.537	4509.22
28.562	4448.28
28.587	4387.35
28.612	4448.28
28.637	4509.22
28.662	4509.22
28.687	4448.28
28.712	4387.35
28.737	4448.28
28.767	4448.28
28.802	4570.15
28.832	4509.22
28.862	4448.28
28.892	4509.22
28.922	4448.28
28.947	4570.15
28.972	4509.22
29.002	4509.22
29.032	4570.15
29.062	4570.15
29.087	4570.15
29.122	4509.22
29.147	4570.15
29.172	4570.15
29.202	4509.22
29.227	4448.28
29.262	4509.22
29.302	4570.15
29.337	4509.22
29.367	4570.15
29.402	4570.15
29.432	4570.15
29.462	4509.22
29.502	4509.22
29.537	4570.15
29.567	4509.22
29.602	4570.15
29.637	4570.15
29.667	4570.15
29.702	4509.22
29.737	4448.28
29.767	4387.35
29.802	4448.28
29.837	4509.22
29.867	4448.28
29.902	4509.22
29.932	4509.22
29.967	4570.15
30.002	4570.15
30.037	4509.22
30.067	4448.28
30.102	4509.22
30.137	4570.15
30.167	4570.15
30.202	4570.15
30.237	4509.22
30.267	4448.28
30.302	4570.15
30.337	4509.22
30.367	4448.28
30.402	4509.22
30.437	4448.28
30.462	4509.22
30.487	4570.15
30.512	4509.22
30.537	4570.15
30.567	4570.15
30.592	4570.15
30.632	4448.28
30.657	4509.22
30.682	4509.22
30.707	4570.15
30.732	4509.22
30.762	4570.15
30.787	4509.22
30.812	4570.15
30.837	4509.22
30.862	4570.15
30.887	4570.15
30.912	4570.15
30.937	4509.22
30.962	4448.28
30.987	4509.22
31.012	4570.15
31.037	4570.15
31.062	4509.22
31.087	4570.15
31.112	4570.15
31.137	4570.15
31.162	4509.22
31.187	4448.28
31.212	4448.28
31.237	4509.22
31.267	4570.15
31.292	4570.15
31.337	4509.22
31.367	4448.28
31.392	4448.28
31.422	4509.22
31.467	4448.28
31.497	4570.15
31.537	4570.15
31.567	4570.15
31.602	4570.15
31.637	4509.22
31.667	4570.15
31.702	4509.22
31.737	4509.22
31.767	4448.28
31.802	4509.22
31.837	4570.15
31.867	4509.22
31.902	4570.15
31.937	4509.22
31.967	4448.28
32.002	4509.22
32.037	4448.28
32.067	4448.28
32.102	4509.22
32.127	4448.28
32.167	4509.22
32.202	4509.22
32.237	4448.28
32.267	4570.15
32.302	4570.15
32.332	4509.22
32.367	4570.15
32.392	4509.22
32.437	4448.28
32.467	4387.35
32.502	4387.35
32.527	4509.22
32.552	4570.15
32.577	4509.22
32.602	4448.28
32.637	4509.22
32.662	4509.22
32.687	4329.15
32.712	4329.15
32.737	4329.15
32.762	4509.22
32.787	4570.15
32.812	4570.15
32.837	4509.22
32.862	4570.15
32.887	4570.15
32.912	4509.22
32.937	4509.22
32.967	4509.22
32.992	4509.22
33.022	4448.28
33.047	4387.35
33.072	4448.28
33.097	4509.22
33.132	4448.28
33.167	4509.22
33.192	4448.28
33.232	4448.28
33.262	4509.22
33.287	4570.15
33.312	4509.22
33.337	4448.28
33.367	4387.35
33.392	4326.41
33.417	4265.48
33.442	4448.28
33.467	4509.22
33.502	4448.28
33.537	4509.22
33.567	4448.28
33.602	4509.22
33.637	4570.15
33.667	4570.15
33.702	4448.28
33.737	4387.35
33.767	4387.35
33.802	4326.41
33.837	4387.35
33.867	4448.28
33.902	4387.35
33.937	4387.35
33.967	4326.41
34.002	4387.35
34.037	4448.28
34.067	4448.28
34.102	4448.28
34.137	4387.35
34.162	4387.35
34.192	4448.28
34.237	4448.28
34.267	4448.28
34.297	4448.28
34.337	4509.22
34.367	4570.15
34.402	4509.22
34.437	4448.28
34.467	4509.22
34.497	4448.28
34.527	4387.35
34.552	4448.28
34.577	4448.28
34.602	4509.22
34.637	4448.28
34.662	4387.35
34.687	4448.28
34.712	4448.28
34.737	4509.22
34.762	4448.28
34.787	4570.15
34.812	4570.15
34.837	4509.22
34.862	4448.28
34.887	4509.22
34.912	4509.22
34.937	4448.28
34.962	4509.22
34.987	4570.15
35.012	4570.15
35.037	4509.22
35.062	4570.15
35.087	4509.22
35.112	4448.28
35.137	4570.15
35.162	4509.22
35.187	4509.22
35.212	4448.28
35.237	4509.22
35.262	4570.15
35.287	4509.22
35.312	4387.35
35.337	4387.35
35.362	4326.41
35.387	4387.35
35.412	4448.28
35.437	4509.22
35.462	4509.22
35.487	4448.28
35.537	4448.28
35.562	4387.35
35.587	4509.22
35.637	4509.22
35.667	4570.15
35.702	4509.22
35.737	4570.15
35.762	4570.15
35.802	4570.15
35.837	3579.36
35.867	4509.22
35.902	4570.15
35.937	4570.15
35.962	4509.22
36.002	4448.28
36.037	4509.22
36.067	4448.28
36.102	4509.22
36.137	4570.15
36.167	4509.22
36.202	4570.15
36.237	4509.22
36.267	4448.28
36.302	4570.15
36.337	4509.22
36.367	4570.15
36.402	4509.22
36.437	4570.15
36.467	4570.15
36.502	4509.22
36.537	4448.28
36.567	4387.35
36.597	4448.28
36.622	4387.35
36.647	4448.28
36.672	4448.28
36.702	4387.35
36.727	4448.28
36.752	4509.22
36.777	4509.22
36.802	4448.28
36.827	4387.35
36.862	4570.15
36.887	4077.67
36.912	4570.15
36.937	4570.15
36.967	4509.22
36.992	4509.22
37.017	4570.15
37.042	4509.22
37.067	4570.15
37.092	4509.22
37.117	4570.15
37.142	4570.15
37.167	4509.22
37.197	4570.15
37.222	4509.22
37.262	4448.28
37.287	4509.22
37.312	4570.15
37.337	4509.22
37.367	4570.15
37.402	4570.15
37.427	4509.22
37.462	4448.28
37.502	4448.28
37.527	4509.22
37.567	4570.15
37.602	4509.22
37.627	4448.28
37.667	4570.15
37.702	4570.15
37.727	4570.15
37.767	4570.15
37.797	4570.15
37.837	4509.22
37.867	4448.28
37.902	4509.22
37.937	4570.15
37.967	4570.15
38.002	4448.28
38.037	4448.28
38.067	4509.22
38.102	4448.28
38.127	4387.35
38.167	4448.28
38.192	4448.28
38.237	4570.15
38.267	4509.22
38.302	4570.15
38.337	4570.15
38.367	4570.15
38.402	4570.15
38.437	4509.22
38.467	4448.28
38.502	4509.22
38.532	4448.28
38.567	4387.35
38.597	4448.28
38.622	4509.22
38.647	4448.28
38.672	4509.22
38.702	4448.28
38.727	4387.35
38.752	4387.35
38.777	4326.41
38.802	4265.48
38.837	4326.41
38.862	4326.41
38.902	4387.35
38.937	4448.28
38.962	4387.35
38.992	4326.41
39.022	4387.35
39.047	4326.41
39.072	4326.41
39.102	4326.41
39.137	4326.41
39.162	4326.41
39.187	4265.48
39.237	4265.48
39.262	4204.54
39.287	4204.54
39.337	4265.48
39.362	4204.54
39.387	4265.48
39.437	4204.54
39.462	4143.6
39.487	4082.67
39.512	4143.6
39.537	4082.67
39.567	4143.6
39.592	4204.54
39.637	4143.6
39.667	4143.6
39.702	4204.54
39.737	4387.35
39.767	4326.41
39.802	4387.35
39.837	4326.41
39.867	4326.41
39.902	4387.35
39.937	4326.41
39.967	4265.48
40.002	4326.41
40.037	3565.91
40.067	4387.35
40.102	4326.41
40.137	4326.41
40.167	4387.35
40.202	4326.41
40.237	4265.48
40.267	4204.54
40.302	4326.41
40.337	4387.35
40.367	4448.28
40.402	4509.22
40.427	4448.28
40.467	4509.22
40.502	4570.15
40.537	4509.22
40.567	4570.15
40.602	4509.22
40.637	4570.15
40.667	4509.22
40.692	4570.15
40.722	4570.15
40.747	4570.15
40.772	4570.15
40.802	4570.15
40.832	4570.15
40.857	4570.15
40.887	4509.22
40.917	4448.28
40.942	4570.15
40.967	4509.22
41.002	4570.15
41.027	4570.15
41.052	4509.22
41.077	3857.5
41.102	4448.28
41.137	4509.22
41.162	4448.28
41.202	4509.22
41.237	4509.22
41.262	4509.22
41.302	4570.15
41.337	4509.22
41.362	4570.15
41.387	4570.15
41.437	4570.15
41.462	4509.22
41.487	4570.15
41.537	4509.22
41.562	4448.28
41.587	4448.28
41.637	4570.15
41.662	4509.22
41.687	4570.15
41.737	4509.22
41.767	4448.28
41.802	4509.22
41.837	4448.28
41.867	4509.22
41.902	4570.15
41.932	4570.15
41.967	4509.22
42.002	4448.28
42.037	4448.28
42.067	4387.35
42.102	4326.41
42.137	3667.55
42.167	4448.28
42.202	4387.35
42.227	4387.35
42.267	4448.28
42.302	4448.28
42.337	4509.22
42.367	4509.22
42.402	4448.28
42.437	4509.22
42.467	4509.22
42.497	4509.22
42.537	4570.15
42.562	4570.15
42.587	4570.15
42.612	4509.22
42.637	4570.15
42.667	4509.22
42.702	4570.15
42.737	4570.15
42.762	4509.22
42.787	4509.22
42.812	4509.22
42.837	4570.15
42.867	4509.22
42.902	4570.15
42.937	4570.15
42.967	4570.15
43.002	4509.22
43.037	4570.15
43.062	4570.15
43.097	4509.22
43.122	4570.15
43.147	4570.15
43.172	4509.22
43.202	4448.28
43.227	4448.28
43.252	4509.22
43.277	4448.28
43.302	4387.35
43.337	4448.28
43.362	4387.35
43.402	4448.28
43.437	4387.35
43.462	4326.41
43.497	4387.35
43.532	4448.28
43.562	4509.22
43.602	4570.15
43.637	4509.22
43.662	4448.28
43.702	4570.15
43.737	4509.22
43.762	4448.28
43.802	4509.22
43.837	4509.22
43.867	4570.15
43.902	4509.22
43.937	4509.22
43.967	4448.28
44.002	4387.35
44.037	4448.28
44.067	4448.28
44.102	4448.28
44.127	4448.28
44.167	4387.35
44.202	4448.28
44.237	3760.62
44.267	4570.15
44.302	4570.15
44.337	4509.22
44.367	4509.22
44.402	4570.15
44.437	4570.15
44.467	4570.15
44.502	4570.15
44.537	4509.22
44.567	4570.15
44.602	4509.22
44.637	4570.15
44.667	4509.22
44.702	4509.22
44.737	4509.22
44.762	4570.15
44.787	4570.15
44.812	4509.22
44.837	4570.15
44.862	4509.22
44.887	4509.22
44.912	4570.15
44.937	4509.22
44.962	4448.28
44.987	4509.22
45.012	4570.15
45.037	4570.15
45.062	4570.15
45.087	4509.22
45.112	4570.15
45.137	4570.15
45.162	4509.22
45.187	4570.15
45.212	4570.15
45.237	4509.22
45.262	4570.15
45.287	3802.51
45.312	3802.51
45.337	4509.22
45.362	4570.15
45.387	4509.22
45.412	4509.22
45.437	4570.15
45.462	4570.15
45.492	4509.22
45.537	4509.22
45.562	4448.28
45.587	4509.22
45.612	4570.15
45.637	4570.15
45.667	4509.22
45.697	4448.28
45.737	4448.28
45.762	4509.22
45.787	4448.28
45.822	4448.28
45.867	4509.22
45.902	4448.28
45.937	4509.22
45.967	4448.28
45.997	4509.22
46.022	4509.22
46.067	4448.28
46.102	4387.35
46.137	4326.41
46.167	4265.48
46.202	4326.41
46.237	4265.48
46.267	4265.48
46.302	4326.41
46.337	3727.53
46.367	4326.41
46.402	4387.35
46.437	4326.41
46.467	4387.35
46.502	4326.41
46.527	4265.48
46.567	4326.41
46.602	4265.48
46.637	4204.54
46.667	4143.6
46.702	4082.67
46.737	4082.67
46.767	4021.74
46.802	4082.67
46.837	4021.74
46.867	4082.67
46.892	4021.74
46.937	3960.8
46.962	3899.86
46.987	3960.8
47.012	4021.74
47.037	4021.74
47.062	4082.67
47.092	4143.6
47.137	4143.6
47.162	4143.6
47.187	4082.67
47.212	4143.6
47.237	4082.67
47.262	4082.67
47.287	4204.54
47.312	4204.54
47.337	4143.6
47.362	4143.6
47.397	4143.6
47.437	4082.67
47.462	4143.6
47.487	4143.6
47.537	4265.48
47.562	4204.54
47.587	4143.6
47.612	4204.54
47.637	4143.6
47.662	4143.6
47.687	4204.54
47.737	4204.54
47.767	4265.48
47.802	4326.41
47.837	4265.48
47.867	4204.54
47.902	4204.54
47.937	4265.48
47.967	4326.41
48.002	4387.35
48.037	4326.41
48.067	4265.48
48.102	4326.41
48.137	4265.48
48.167	4326.41
48.202	4387.35
48.237	4326.41
48.267	4448.28
48.302	4509.22
48.337	4570.15
48.367	4509.22
48.402	4448.28
48.437	3918.31
48.467	4387.35
48.502	4448.28
48.537	4387.35
48.567	4448.28
48.602	4509.22
48.637	4570.15
48.667	4509.22
48.702	4570.15
48.737	4509.22
48.767	4570.15
48.802	4509.22
48.827	4448.28
48.857	4570.15
48.887	4509.22
48.912	4509.22
48.937	4570.15
48.962	4509.22
48.987	4570.15
49.012	4509.22
49.037	4570.15
49.062	4570.15
49.087	4509.22
49.112	4570.15
49.137	4509.22
49.162	4509.22
49.187	4448.28
49.212	4448.28
49.237	4509.22
49.262	4570.15
49.287	4509.22
49.312	4570.15
49.337	4509.22
49.362	4570.15
49.387	4509.22
49.412	4570.15
49.437	4509.22
49.462	4570.15
49.487	4509.22
49.512	4570.15
49.537	4570.15
49.562	4509.22
49.587	4570.15
49.612	4570.15
49.637	4509.22
49.662	4448.28
49.687	4448.28
49.712	4509.22
49.737	4448.28
49.762	4387.35
49.787	4448.28
49.812	4570.15
49.837	4570.15
49.862	4509.22
49.887	4570.15
49.912	4570.15
49.937	4570.15
49.962	4509.22
49.987	4448.28
50.037	4570.15
50.067	4509.22
50.102	4570.15
50.137	4509.22
50.167	4509.22
50.202	4570.15
50.237	4509.22
50.267	4448.28
50.302	4570.15
50.337	4570.15
50.367	4570.15
50.402	4509.22
50.437	4448.28
50.467	4448.28
50.502	4387.35
50.537	3684.21
50.567	4265.48
50.602	4326.41
50.637	4387.35
50.667	4448.28
50.702	4387.35
50.737	4326.41
50.767	4448.28
50.802	4509.22
50.837	4509.22
50.867	4448.28
50.902	4448.28
50.937	4387.35
50.967	4448.28
51.002	4570.15
51.037	4509.22
51.067	4448.28
51.092	4387.35
51.117	4448.28
51.142	4448.28
51.167	4509.22
51.202	4509.22
51.227	4570.15
51.252	4509.22
51.277	4448.28
51.302	4509.22
51.337	4570.15
51.362	4509.22
51.387	4509.22
51.412	4570.15
51.437	4570.15
51.462	4509.22
51.487	4448.28
51.512	4509.22
51.537	4509.22
51.562	4448.28
51.587	3751.81
51.612	4509.22
51.637	4570.15
51.662	4509.22
51.687	4570.15
51.712	4570.15
51.737	4570.15
51.762	4570.15
51.787	4509.22
51.837	4570.15
51.862	4509.22
51.887	4509.22
51.937	4570.15
51.967	4509.22
52.002	4570.15
52.037	4570.15
52.067	4509.22
52.102	4570.15
52.137	4570.15
52.167	4509.22
52.197	4570.15
52.237	4570.15
52.267	4570.15
52.302	4570.15
52.337	4570.15
52.367	4570.15
52.402	4509.22
52.437	4570.15
52.467	4570.15
52.502	4509.22
52.537	4448.28
52.567	4387.35
52.602	4326.41
52.637	3787.51
52.667	4326.41
52.702	4387.35
52.737	4448.28
52.767	4387.35
52.802	4448.28
52.837	4387.35
52.867	4448.28
52.902	4448.28
52.937	4387.35
52.967	4448.28
53.002	4387.35
53.037	4387.35
53.062	4387.35
53.092	4509.22
53.122	4570.15
53.147	4509.22
53.172	4570.15
53.197	4509.22
53.222	4570.15
53.247	4509.22
53.272	4509.22
53.302	4570.15
53.337	4570.15
53.362	4570.15
53.387	4509.22
53.412	4570.15
53.437	4570.15
53.462	4509.22
53.487	4448.28
53.512	4448.28
53.537	4509.22
53.562	4570.15
53.587	4570.15
53.612	4570.15
53.637	4509.22
53.662	4570.15
53.687	3811.44
53.712	4509.22
53.737	4570.15
53.762	4570.15
53.787	4509.22
53.812	4570.15
53.837	4570.15
53.862	4570.15
53.887	4570.15
53.912	4509.22
53.937	4570.15
53.962	4509.22
53.987	4448.28
54.012	4448.28
54.037	4570.15
54.062	4509.22
54.092	4570.15
54.117	4570.15
54.142	4509.22
54.167	4570.15
54.197	4570.15
54.237	4509.22
54.262	4570.15
54.302	4570.15
54.337	4509.22
54.367	4570.15
54.402	4570.15
54.437	4509.22
54.467	4570.15
54.502	4509.22
54.537	4570.15
54.567	4570.15
54.602	4509.22
54.637	4509.22
54.667	4570.15
54.702	4570.15
54.737	3882.84
54.767	4509.22
54.802	4570.15
54.837	4509.22
54.867	4570.15
54.902	4509.22
54.937	4448.28
54.967	4509.22
55.002	4448.28
55.037	4448.28
55.067	4387.35
55.102	4387.35
55.137	4326.41
55.167	4387.35
55.202	4326.41
55.237	4326.41
55.262	4265.48
55.287	4204.54
55.312	4204.54
55.337	4204.54
55.362	4265.48
55.387	4204.54
55.412	4143.6
55.437	4204.54
55.462	4204.54
55.487	4204.54
55.512	4265.48
55.537	4326.41
55.562	4265.48
55.587	4326.41
55.612	4387.35
55.637	4448.28
55.662	4387.35
55.687	4326.41
55.737	4326.41
55.762	4326.41
55.787	3796.08
55.812	4509.22
55.837	4448.28
55.862	4387.35
55.887	4448.28
55.912	4448.28
55.937	4509.22
55.967	4509.22
55.992	4448.28
56.027	4509.22
56.067	4570.15
56.092	4570.15
56.122	4509.22
56.167	4570.15
56.197	4509.22
56.227	4570.15
56.267	4448.28
56.292	4448.28
56.322	4509.22
56.367	4570.15
56.392	4509.22
56.422	4570.15
56.467	4570.15
56.502	4570.15
56.537	4570.15
56.567	4570.15
56.602	4570.15
56.637	4509.22
56.667	4570.15
56.702	4509.22
56.737	4509.22
56.767	4448.28
56.792	4448.28
56.837	3927.48
56.867	3927.48
56.902	4509.22
56.937	4448.28
56.967	4509.22
57.002	4570.15
57.037	4509.22
57.067	4570.15
57.102	4509.22
57.137	4509.22
57.167	4570.15
57.202	4509.22
57.237	4448.28
57.267	4509.22
57.302	4570.15
57.327	4509.22
57.352	4448.28
57.377	4509.22
57.402	4570.15
57.437	4509.22
57.467	4570.15
57.502	4570.15
57.537	4509.22
57.562	4570.15
57.587	4570.15
57.612	4570.15
57.637	4570.15
57.662	4509.22
57.687	4570.15
57.712	4570.15
57.737	4570.15
57.762	4570.15
57.787	4570.15
57.812	4570.15
57.837	4570.15
57.862	4509.22
57.887	4570.15
57.937	4570.15
57.962	4509.22
57.987	4570.15
58.037	4509.22
58.062	4448.28
58.087	4387.35
58.137	4448.28
58.167	4509.22
58.192	4570.15
58.237	4509.22
58.267	4570.15
58.292	4509.22
58.337	4570.15
58.367	4570.15
58.402	4570.15
58.437	4509.22
58.467	4570.15
58.492	4509.22
58.537	4570.15
58.567	4570.15
58.602	4509.22
58.637	4448.28
58.667	4509.22
58.702	4570.15
58.737	4509.22
58.767	4509.22
58.802	4570.15
58.837	4509.22
58.867	4570.15
58.902	4570.15
58.937	3795.84
58.967	4570.15
59.002	4570.15
59.037	4509.22
59.067	4570.15
59.102	4509.22
59.137	4448.28
59.167	4509.22
59.202	4570.15
59.237	4509.22
59.267	4509.22
59.302	4448.28
59.337	4509.22
59.367	4448.28
59.402	4570.15
59.437	4509.22
59.462	4570.15
59.487	4570.15
59.512	4509.22
59.537	4448.28
59.562	4509.22
59.587	4509.22
59.612	4570.15
59.637	4509.22
59.662	4448.28
59.687	4509.22
59.712	4448.28
59.737	4448.28
59.762	4387.35
59.787	4448.28
59.812	4570.15
59.837	4570.15
59.862	4509.22
59.887	4509.22
59.912	4570.15
59.937	4509.22
59.962	4448.28
59.987	4570.15
60.012	4570.15
60.037	4570.15
60.062	4509.22
60.087	4509.22
60.112	4509.22
60.137	4509.22
60.167	4570.15
60.192	4509.22
60.237	4509.22
60.267	4509.22
60.292	4570.15
60.337	4509.22
60.367	4448.28
60.392	4509.22
60.437	4448.28
60.467	4448.28
60.492	4387.35
60.537	4509.22
60.567	4448.28
60.602	4509.22
60.637	4448.28
60.667	4448.28
60.702	4387.35
60.737	4326.41
60.767	4265.48
60.802	4448.28
60.837	4387.35
60.867	4387.35
60.902	4326.41
60.937	4265.48
60.967	4326.41
61.002	4387.35
61.037	4448.28
61.067	4387.35
61.102	4448.28
61.137	4509.22
61.167	4448.28
61.202	4509.22
61.237	4448.28
61.267	4387.35
61.302	4448.28
61.337	4387.35
61.367	4326.41
61.402	4265.48
61.437	4326.41
61.467	4326.41
61.502	4448.28
61.537	4387.35
61.567	4448.28
61.602	4387.35
61.627	4509.22
61.652	4448.28
61.677	4448.28
61.702	4509.22
61.737	4448.28
61.762	4387.35
61.787	4448.28
61.812	4387.35
61.837	4448.28
61.862	4387.35
61.887	4387.35
61.922	4387.35
61.952	4387.35
61.977	4387.35
62.002	4448.28
62.037	4448.28
62.062	4448.28
62.092	3761.93
62.122	4387.35
62.147	4326.41
62.172	4387.35
62.197	4326.41
62.237	4265.48
62.262	4265.48
62.287	4265.48
62.337	4387.35
62.362	4326.41
62.387	4387.35
62.437	4326.41
62.467	4448.28
62.492	4387.35
62.537	4509.22
62.567	4570.15
62.602	4509.22
62.637	4448.28
62.667	4387.35
62.702	4448.28
62.737	4387.35
62.767	4326.41
62.802	4448.28
62.837	4509.22
62.867	4570.15
62.902	4570.15
62.937	4509.22
62.967	4509.22
63.002	4570.15
63.037	4509.22
63.067	4509.22
63.102	4570.15
63.137	4034.59
63.167	4034.59
63.202	4034.59
63.237	4034.59
63.267	4509.22
63.302	4570.15
63.337	4509.22
63.367	4570.15
63.392	4509.22
63.437	4509.22
63.467	4570.15
63.502	4509.22
63.537	4570.15
63.567	4509.22
63.592	4570.15
63.632	4509.22
63.662	4570.15
63.687	4570.15
63.712	4509.22
63.737	4570.15
63.762	4509.22
63.787	4570.15
63.812	4570.15
63.837	4570.15
63.862	4509.22
63.892	4570.15
63.937	4570.15
63.962	4570.15
63.987	4509.22
64.037	4509.22
64.062	4448.28
64.087	4570.15
64.112	4570.15
64.137	4570.15
64.162	4509.22
64.187	3722.18
64.212	3722.18
64.237	4509.22
64.267	4570.15
64.292	4570.15
64.337	4570.15
64.367	4448.28
64.392	4509.22
64.437	4509.22
64.467	4570.15
64.492	4509.22
64.537	4570.15
64.567	4509.22
64.592	4509.22
64.637	4570.15
64.667	4570.15
64.702	4570.15
64.737	4509.22
64.767	4448.28
64.802	4570.15
64.837	4509.22
64.867	4448.28
64.902	4387.35
64.937	4387.35
64.967	4326.41
65.002	4265.48
65.037	4326.41
65.067	4387.35
65.102	4448.28
65.137	4509.22
65.167	4448.28
65.202	4509.22
65.237	4448.28
65.267	4387.35
65.302	4448.28
65.337	4387.35
65.367	4509.22
65.402	4448.28
65.437	4387.35
65.467	4448.28
65.502	4509.22
65.537	4570.15
65.562	4509.22
65.587	4570.15
65.612	4509.22
65.637	4570.15
65.667	4509.22
65.702	4570.15
65.727	4570.15
65.752	4570.15
65.777	4509.22
65.802	4509.22
65.837	4570.15
65.862	4509.22
65.892	4448.28
65.917	4387.35
65.942	4448.28
65.967	4509.22
65.997	4509.22
66.027	4448.28
66.052	4570.15
66.077	4570.15
66.102	4509.22
66.137	4448.28
66.162	4509.22
66.187	4448.28
66.237	4509.22
66.262	4448.28
66.287	4387.35
66.312	4387.35
66.337	4326.41
66.362	4387.35
66.387	4387.35
66.412	4448.28
66.437	4387.35
66.467	4326.41
66.492	4326.41
66.537	4326.41
66.567	4448.28
66.592	4387.35
66.637	4387.35
66.667	4448.28
66.692	4509.22
66.737	4387.35
66.767	4448.28
66.802	4448.28
66.837	4387.35
66.867	4387.35
66.902	4326.41
66.937	4265.48
66.967	4326.41
67.002	4265.48
67.037	4326.41
67.067	4265.48
67.102	4326.41
67.137	4326.41
67.167	4387.35
67.202	4326.41
67.237	4265.48
67.267	4326.41
67.302	4387.35
67.337	3870.11
67.367	4387.35
67.402	4448.28
67.427	4387.35
67.467	4326.41
67.502	4387.35
67.537	4326.41
67.567	4326.41
67.602	4265.48
67.637	4204.54
67.662	4143.6
67.692	4204.54
67.737	4204.54
67.767	4326.41
67.792	4387.35
67.822	4387.35
67.847	4448.28
67.872	4509.22
67.902	4448.28
67.937	4509.22
67.962	4448.28
67.987	4570.15
68.012	4570.15
68.037	4570.15
68.062	4570.15
68.087	4509.22
68.112	4570.15
68.137	4570.15
68.162	4570.15
68.187	4570.15
68.212	4509.22
68.237	4509.22
68.262	4570.15
68.287	4570.15
68.312	4509.22
68.337	4570.15
68.362	4570.15
68.387	3766.8
68.422	4570.15
68.447	4570.15
68.472	4570.15
68.502	4570.15
68.537	4570.15
68.562	4509.22
68.587	4448.28
68.637	4570.15
68.662	4509.22
68.687	4570.15
68.737	4570.15
68.767	4509.22
68.802	4570.15
68.837	4509.22
68.867	4448.28
68.902	4509.22
68.937	4509.22
68.967	4570.15
69.002	4509.22
69.037	4570.15
69.067	4570.15
69.102	4570.15
69.137	4509.22
69.167	4509.22
69.202	4448.28
69.237	4509.22
69.267	4448.28
69.302	4509.22
69.337	4448.28
69.367	4387.35
69.402	4326.41
69.437	3907.48
69.467	4448.28
69.502	4387.35
69.537	4326.41
69.567	4387.35
69.602	4326.41
69.637	4265.48
69.667	4265.48
69.697	4326.41
69.722	4265.48
69.747	4265.48
69.772	4387.35
69.802	4448.28
69.832	4387.35
69.857	4448.28
69.887	4509.22
69.912	4509.22
69.937	4509.22
69.967	4448.28
70.002	4448.28
70.037	4509.22
70.062	4509.22
70.087	4570.15
70.112	4509.22
70.137	4570.15
70.162	4509.22
70.187	4570.15
70.212	4570.15
70.237	4570.15
70.262	4509.22
70.292	4509.22
70.337	4570.15
70.362	4570.15
70.387	4509.22
70.437	4570.15
70.462	4509.22
70.487	4570.15
70.537	4509.22
70.562	4509.22
70.587	4448.28
70.612	4509.22
70.637	4448.28
70.667	4448.28
70.692	4509.22
70.737	4570.15
70.767	4570.15
70.792	4570.15
70.837	4570.15
70.867	4570.15
70.892	4570.15
70.937	4570.15
70.967	4570.15
71.002	4448.28
71.037	4509.22
71.067	4509.22
71.102	4448.28
71.137	4387.35
71.167	4448.28
71.202	4509.22
71.237	4448.28
71.267	4509.22
71.302	4570.15
71.337	4509.22
71.367	4570.15
71.402	4570.15
71.437	4509.22
71.467	4570.15
71.502	4509.22
71.537	4106
71.567	4509.22
71.602	4570.15
71.637	4509.22
71.667	4570.15
71.702	4509.22
71.737	4509.22
71.767	4570.15
71.802	4387.35
71.837	4387.35
71.867	4448.28
71.892	4509.22
71.927	4570.15
71.952	4570.15
71.977	4509.22
72.002	4509.22
72.037	4448.28
72.062	4448.28
72.087	4509.22
72.112	4570.15
72.137	4509.22
72.162	4448.28
72.187	4509.22
72.212	4570.15
72.237	4509.22
72.262	4448.28
72.287	4570.15
72.312	4570.15
72.337	4570.15
72.362	4570.15
72.387	4509.22
72.412	4570.15
72.437	4570.15
72.462	4570.15
72.487	4570.15
72.512	4570.15
72.537	4570.15
72.562	4509.22
72.592	4448.28
72.617	4448.28
72.642	4509.22
72.667	4570.15
72.697	4509.22
72.722	4448.28
72.747	4387.35
72.772	4448.28
72.802	4448.28
72.837	4509.22
72.862	4448.28
72.887	4570.15
72.937	4509.22
72.967	4570.15
73.002	4509.22
73.037	4509.22
73.067	4570.15
73.102	4509.22
73.137	4448.28
73.167	4509.22
73.202	4570.15
73.237	4570.15
73.267	4509.22
73.302	4570.15
73.337	4570.15
73.367	4509.22
73.402	4570.15
73.437	4570.15
73.467	4509.22
73.502	4570.15
73.537	4570.15
73.567	4509.22
73.602	4570.15
73.637	3972.1
73.667	4509.22
73.702	4570.15
73.737	4509.22
73.767	4570.15
73.802	4509.22
73.837	4570.15
73.867	4570.15
73.902	4509.22
73.927	4570.15
73.952	4509.22
73.977	4570.15
74.002	4570.15
74.037	4448.28
74.067	4509.22
74.102	4509.22
74.127	4448.28
74.152	4448.28
74.177	4509.22
74.202	4570.15
74.237	4509.22
74.262	4448.28
74.297	4509.22
74.337	4509.22
74.362	4509.22
74.387	4570.15
74.437	4570.15
74.462	4509.22
74.487	4570.15
74.512	4570.15
74.537	4570.15
74.562	4570.15
74.587	4509.22
74.612	4570.15
74.637	4570.15
74.667	4570.15
74.692	3731.1
74.717	4509.22
74.742	4509.22
74.767	4570.15
74.792	4509.22
74.817	4509.22
74.842	4570.15
74.867	4570.15
74.897	4509.22
74.922	4570.15
74.967	4570.15
74.992	4570.15
75.017	4509.22
75.042	4570.15
75.067	4570.15
75.092	4509.22
75.137	4448.28
75.167	4570.15
75.202	4509.22
75.237	4448.28
75.267	4509.22
75.302	4570.15
75.337	4509.22
75.367	4509.22
75.402	4570.15
75.437	4509.22
75.467	4570.15
75.502	4570.15
75.537	4570.15
75.567	4509.22
75.602	4448.28
75.637	4509.22
75.667	4570.15
75.702	4509.22
75.737	4509.22
75.767	4570.15
75.802	4570.15
75.837	4509.22
75.867	4570.15
75.902	4509.22
75.937	4448.28
75.967	4509.22
76.002	4448.28
76.037	4387.35
76.062	4448.28
76.092	4509.22
76.137	4448.28
76.162	4448.28
76.187	4387.35
76.212	4448.28
76.237	4448.28
76.262	4509.22
76.292	4570.15
76.337	4570.15
76.362	4509.22
76.387	4509.22
76.437	4570.15
76.462	4570.15
76.487	4509.22
76.512	4570.15
76.537	4570.15
76.562	4570.15
76.587	4570.15
76.612	4570.15
76.637	4509.22
76.667	4448.28
76.692	4448.28
76.717	4509.22
76.742	4448.28
76.767	4509.22
76.792	3593.28
76.817	4448.28
76.842	4570.15
76.867	4509.22
76.892	4570.15
76.917	4570.15
76.942	4570.15
76.967	4509.22
77.002	4448.28
77.037	4509.22
77.067	4570.15
77.102	4570.15
77.137	4570.15
77.167	4509.22
77.202	4570.15
77.237	4570.15
77.262	4570.15
77.302	4570.15
77.337	4570.15
77.367	4509.22
77.402	4448.28
77.437	4509.22
77.467	4570.15
77.502	4570.15
77.537	4570.15
77.567	4509.22
77.602	4570.15
77.637	4570.15
77.667	4509.22
77.702	4448.28
77.737	4570.15
77.767	4509.22
77.802	4570.15
77.837	4200.97
77.867	4570.15
77.902	4509.22
77.937	4570.15
77.967	4509.22
78.002	4570.15
78.027	4509.22
78.052	4570.15
78.077	4570.15
78.102	4570.15
78.137	4570.15
78.162	4509.22
78.187	4448.28
78.212	4448.28
78.237	4509.22
78.262	4448.28
78.287	4387.35
78.312	4448.28
78.337	4387.35
78.362	4387.35
78.387	4387.35
78.417	4448.28
78.442	4509.22
78.467	4509.22
78.492	4509.22
78.537	4509.22
78.562	4509.22
78.587	4570.15
78.612	4509.22
78.637	4448.28
78.667	4509.22
78.692	4448.28
78.717	4509.22
78.742	4570.15
78.767	4570.15
78.792	4570.15
78.817	4509.22
78.842	4570.15
78.867	4509.22
78.892	4570.15
78.917	4570.15
78.942	4570.15
78.967	4509.22
78.992	4448.28
79.017	4509.22
79.042	4570.15
79.067	4509.22
79.092	4570.15
79.117	4570.15
79.142	4509.22
79.167	4570.15
79.192	4509.22
79.237	4570.15
79.267	4570.15
79.302	4509.22
79.337	4570.15
79.367	4509.22
79.402	4570.15
79.437	4570.15
79.467	4570.15
79.502	4509.22
79.537	4570.15
79.567	4570.15
79.602	4509.22
79.632	4570.15
79.667	4509.22
79.702	4570.15
79.737	4509.22
79.767	4570.15
79.802	4509.22
79.837	4570.15
79.867	4570.15
79.902	4570.15
79.937	4509.22
79.967	4570.15
80.002	4509.22
80.027	4570.15
80.052	4570.15
80.077	4509.22
80.102	4509.22
80.137	4448.28
80.167	4509.22
80.202	4570.15
80.227	4509.22
80.252	4570.15
80.277	4509.22
80.302	4570.15
80.327	4570.15
80.352	4509.22
80.377	4570.15
80.402	4570.15
80.437	4509.22
80.462	4570.15
80.487	4570.15
80.512	4509.22
80.537	4509.22
80.562	4570.15
80.587	4509.22
80.612	4570.15
80.637	4570.15
80.662	4570.15
80.687	4570.15
80.712	4570.15
80.737	4509.22
80.762	4448.28
80.787	4387.35
80.812	4448.28
80.837	4448.28
80.862	4509.22
80.887	4448.28
80.912	4509.22
80.937	4448.28
80.962	4448.28
80.987	3659.69
81.037	4509.22
81.067	4570.15
81.092	4509.22
81.127	4570.15
81.167	4570.15
81.192	4570.15
81.237	4509.22
81.267	4509.22
81.302	4570.15
81.337	4509.22
81.367	4448.28
81.402	4448.28
81.437	4448.28
81.467	4387.35
81.502	4326.41
81.537	4387.35
81.567	4326.41
81.602	4387.35
81.637	4448.28
81.667	4448.28
81.702	4326.41
81.737	4387.35
81.767	4387.35
81.802	4326.41
81.837	4265.48
81.867	4326.41
81.902	4387.35
81.937	4326.41
81.967	4387.35
82.002	4387.35
82.037	4448.28
82.067	4448.28
82.102	4387.35
82.137	4326.41
82.167	4387.35
82.202	4448.28
82.237	4570.15
82.262	4509.22
82.287	4448.28
82.312	4509.22
82.337	4509.22
82.367	4570.15
82.392	4570.15
82.417	4509.22
82.442	4448.28
82.467	4448.28
82.502	4509.22
82.527	4509.22
82.557	4570.15
82.582	4509.22
82.607	4570.15
82.637	4509.22
82.662	4570.15
82.687	4570.15
82.712	4509.22
82.737	4570.15
82.762	4570.15
82.787	4570.15
82.812	4570.15
82.837	4570.15
82.862	4570.15
82.887	4509.22
82.912	4448.28
82.937	4509.22
82.962	4448.28
82.987	4387.35
83.012	4387.35
83.037	4326.41
83.062	4448.28
83.102	4570.15
83.137	4570.15
83.162	4509.22
83.202	4570.15
83.237	4509.22
83.267	4448.28
83.297	4387.35
83.337	4387.35
83.362	4387.35
83.402	4448.28
83.437	4387.35
83.467	4387.35
83.492	4326.41
83.537	4387.35
83.567	4448.28
83.602	4387.35
83.637	4387.35
83.667	4326.41
83.702	4387.35
83.737	4326.41
83.762	4387.35
83.802	4509.22
83.832	4509.22
83.867	4387.35
83.902	4448.28
83.937	4448.28
83.967	4326.41
84.002	4387.35
84.032	4448.28
84.067	4387.35
84.102	4326.41
84.137	4265.48
84.167	4326.41
84.202	4265.48
84.237	4265.48
84.267	4326.41
84.302	4387.35
84.327	4509.22
84.352	4448.28
84.377	4448.28
84.402	4509.22
84.437	4448.28
84.462	4387.35
84.502	4387.35
84.537	4509.22
84.562	4448.28
84.597	4387.35
84.622	4448.28
84.652	4387.35
84.677	4387.35
84.702	4448.28
84.737	4509.22
84.762	4448.28
84.802	4387.35
84.837	4509.22
84.862	4509.22
84.892	4448.28
84.917	4387.35
84.942	4448.28
84.967	4387.35
85.002	4326.41
85.037	4387.35
85.062	4448.28
85.087	4448.28
85.137	4448.28
85.162	4509.22
85.187	4448.28
85.237	4448.28
85.262	4448.28
85.287	4509.22
85.332	4570.15
85.367	4570.15
85.392	4509.22
85.427	4570.15
85.467	4509.22
85.502	4509.22
85.537	4448.28
85.567	4509.22
85.602	4570.15
85.637	4509.22
85.667	4570.15
85.702	4509.22
85.737	4448.28
85.767	4448.28
85.802	4509.22
85.837	4570.15
85.867	4509.22
85.902	4448.28
85.932	4509.22
85.967	4570.15
86.002	4509.22
86.037	4448.28
86.067	4509.22
86.102	4570.15
86.137	4570.15
86.162	4570.15
86.202	4570.15
86.237	4509.22
86.267	4448.28
86.302	4570.15
86.337	4509.22
86.367	4448.28
86.402	4387.35
86.437	4326.41
86.467	4265.48
86.502	4326.41
86.537	4265.48
86.567	4265.48
86.602	4143.6
86.637	4204.54
86.662	4204.54
86.687	4143.6
86.712	4265.48
86.737	4265.48
86.762	4265.48
86.787	4387.35
86.812	4387.35
86.837	4448.28
86.862	4387.35
86.887	4387.35
86.912	4448.28
86.937	4509.22
86.962	4509.22
86.987	4570.15
87.012	4509.22
87.037	4509.22
87.062	4448.28
87.087	4509.22
87.122	4509.22
87.152	4570.15
87.177	4509.22
87.202	4570.15
87.237	4509.22
87.262	4448.28
87.287	4509.22
87.337	4448.28
87.362	4448.28
87.387	4387.35
87.437	4387.35
87.467	4448.28
87.492	4509.22
87.537	4509.22
87.567	4570.15
87.602	4509.22
87.632	4570.15
87.667	4509.22
87.702	4570.15
87.737	4570.15
87.767	4509.22
87.802	4570.15
87.837	4570.15
87.867	4509.22
87.902	4509.22
87.937	4570.15
87.967	4509.22
88.002	4570.15
88.037	4509.22
88.067	4570.15
88.102	4570.15
88.137	4509.22
88.162	4509.22
88.202	4570.15
88.232	4570.15
88.267	4570.15
88.302	4570.15
88.337	4077.67
88.367	4077.67
88.402	4448.28
88.437	4509.22
88.467	4448.28
88.502	4448.28
88.537	4509.22
88.567	4448.28
88.602	4448.28
88.627	4387.35
88.657	4448.28
88.687	4387.35
88.712	4387.35
88.737	4448.28
88.762	4387.35
88.787	4509.22
88.812	4448.28
88.837	4448.28
88.862	4387.35
88.887	4509.22
88.912	4448.28
88.937	4448.28
88.962	4387.35
88.987	4387.35
89.012	4326.41
89.037	4387.35
89.062	4387.35
89.087	4326.41
89.122	4387.35
89.152	4448.28
89.177	4387.35
89.202	4448.28
89.237	4387.35
89.262	4326.41
89.287	4265.48
89.322	4326.41
89.362	4448.28
89.387	3530.44
89.412	4448.28
89.437	4387.35
89.462	4448.28
89.487	4509.22
89.512	4448.28
89.537	4509.22
89.567	4448.28
89.592	4387.35
89.622	4448.28
89.667	4448.28
89.692	4448.28
89.737	4509.22
89.767	4570.15
89.802	4509.22
89.837	4448.28
89.867	4509.22
89.902	4509.22
89.937	4448.28
89.967	4570.15
90.002	4570.15
90.037	4509.22
90.067	4509.22
90.102	4448.28
90.137	4387.35
90.167	4326.41
90.192	4265.48
90.237	4326.41
90.267	4387.35
90.302	4326.41
90.337	4265.48
90.367	4265.48
90.392	4326.41
90.417	4265.48
90.442	3798.94
90.467	3798.94
90.502	4326.41
90.537	4326.41
90.567	4265.48
90.602	4204.54
90.632	4265.48
90.667	4204.54
90.702	4326.41
90.727	4387.35
90.757	4326.41
90.787	4387.35
90.812	4509.22
90.837	4448.28
90.867	4509.22
90.902	4448.28
90.927	4387.35
90.957	4387.35
90.992	4326.41
91.017	4387.35
91.042	4326.41
91.067	4387.35
91.092	4387.35
91.122	4448.28
91.147	4509.22
91.172	4448.28
91.202	4509.22
91.232	4570.15
91.262	4570.15
91.302	4570.15
91.337	4509.22
91.362	4448.28
91.387	4387.35
91.437	4509.22
91.462	4509.22
91.487	3713.25
91.512	4509.22
91.537	4448.28
91.562	4509.22
91.587	4570.15
91.612	4570.15
91.637	4570.15
91.662	4509.22
91.687	4448.28
91.712	4509.22
91.737	4570.15
91.767	4509.22
91.797	4570.15
91.837	4509.22
91.862	4448.28
91.887	4570.15
91.937	4448.28
91.962	4448.28
92.002	4570.15
92.037	4570.15
92.067	4509.22
92.102	4448.28
92.137	4387.35
92.167	4448.28
92.202	4509.22
92.237	4570.15
92.267	4570.15
92.302	4509.22
92.337	4448.28
92.367	4448.28
92.402	4448.28
92.437	4509.22
92.467	4509.22
92.502	4387.35
92.532	4448.28
92.567	4387.35
92.602	4448.28
92.637	4387.35
92.667	4448.28
92.702	4387.35
92.737	4387.35
92.767	4448.28
92.802	4387.35
92.827	4448.28
92.852	4387.35
92.877	4448.28
92.902	4448.28
92.927	4448.28
92.952	4387.35
92.977	4448.28
93.002	4509.22
93.037	4448.28
93.062	4387.35
93.087	4387.35
93.112	4326.41
93.137	4387.35
93.162	4326.41
93.187	4265.48
93.237	4326.41
93.262	4265.48
93.287	4387.35
93.337	4448.28
93.362	4387.35
93.387	4326.41
93.412	4387.35
93.437	4387.35
93.467	4326.41
93.492	4265.48
93.517	4326.41
93.542	4326.41
93.567	4265.48
93.592	3474.03
93.617	4204.54
93.642	4265.48
93.667	4204.54
93.702	4204.54
93.727	4265.48
93.767	4265.48
93.802	4204.54
93.832	4326.41
93.867	4387.35
93.902	4326.41
93.927	4326.41
93.967	4265.48
94.002	4326.41
94.037	4265.48
94.067	4326.41
94.102	4265.48
94.137	4326.41
94.167	4326.41
94.202	4387.35
94.237	4326.41
94.262	4387.35
94.302	4509.22
94.337	4570.15
94.362	4570.15
94.402	4509.22
94.427	4509.22
94.467	4570.15
94.502	4448.28
94.537	4387.35
94.567	4448.28
94.602	4509.22
94.637	4448.28
94.667	4509.22
94.702	4570.15
94.737	4509.22
94.767	4570.15
94.802	4509.22
94.837	4448.28
94.867	4387.35
94.902	4326.41
94.937	4387.35
94.962	4448.28
94.997	4509.22
95.037	4509.22
95.062	4509.22
95.097	4448.28
95.137	4570.15
95.162	4570.15
95.187	4509.22
95.227	4570.15
95.262	4509.22
95.302	4570.15
95.337	4570.15
95.362	4570.15
95.402	4570.15
95.427	4570.15
95.462	4570.15
95.487	4570.15
95.512	4570.15
95.537	4570.15
95.562	4570.15
95.587	4570.15
95.612	4570.15
95.637	4570.15
95.662	4570.15
95.687	3641.84
95.712	3641.84
95.737	3641.84
95.767	3641.84
95.792	3641.84
95.817	3641.84
95.842	3641.84
95.867	3641.84
95.892	3641.84
95.917	3641.84
95.942	3641.84
95.967	3641.84
96.002	3641.84
96.032	3641.84
96.057	3641.84
96.102	3641.84
96.137	3641.84
96.167	3641.84
96.202	3641.84
96.237	3641.84
96.267	3641.84
96.297	3641.84
96.332	3641.84
96.367	3641.84
96.402	3641.84
96.437	3641.84
96.467	3641.84
96.502	3641.84
96.537	3641.84
96.567	3641.84
96.592	3641.84
96.637	3641.84
96.667	3641.84
96.702	3641.84
96.737	3229.29
96.767	3229.29
96.802	3229.29
96.837	3229.29
96.867	3229.29
96.897	3229.29
96.937	3229.29
96.967	3229.29
97.002	3229.29
97.037	3229.29
97.067	3229.29
97.102	3229.29
97.137	3229.29
97.167	3229.29
97.192	3229.29
97.237	3229.29
97.267	3229.29
97.302	3229.29
97.337	3229.29
97.367	3229.29
97.402	3229.29
97.437	3229.29
97.467	3229.29
97.502	3229.29
97.537	3229.29
97.567	3229.29
97.602	3229.29
97.637	3229.29
97.667	3229.29
97.702	3229.29
97.737	3229.29
97.767	3229.29
97.802	3229.29
97.837	3229.29
97.867	3229.29
97.892	3229.29
97.932	3229.29
97.967	3229.29
98.002	3229.29
98.037	3229.29
98.067	3229.29
98.102	3229.29
98.132	3229.29
98.162	3229.29
98.202	3229.29
98.237	3229.29
98.267	3229.29
98.302	3229.29
98.337	3229.29
98.367	3229.29
98.402	3229.29
98.437	3229.29
98.467	3229.29
98.502	3229.29
98.537	3229.29
98.567	3229.29
98.602	3229.29
98.637	3229.29
98.667	3229.29
98.702	3229.29
98.737	3229.29
98.767	3229.29
98.802	3229.29
98.837	3229.29
98.867	3229.29
98.902	3229.29
98.937	3229.29
98.967	3229.29
99.002	3229.29
99.037	3229.29
99.067	3229.29
99.102	3229.29
99.137	3229.29
99.167	3229.29
99.202	3229.29
99.237	3229.29
99.267	3229.29
99.302	3229.29
99.337	3229.29
99.367	3229.29
99.402	3229.29
99.437	3229.29
99.467	3229.29
99.502	3229.29
99.537	3229.29
99.567	3229.29
99.602	3229.29
99.637	3229.29
99.667	3229.29
99.697	3229.29
99.722	3229.29
99.747	3229.29
99.772	3229.29
99.802	3229.29
99.837	3229.29
99.867	3229.29
99.902	3229.29
99.937	3229.29
99.967	3229.29
100.002	3229.29
100.037	3229.29
100.067	3229.29
100.102	3229.29
100.137	3229.29
100.167	3229.29
100.202	3229.29
100.237	3229.29
100.267	3229.29
100.302	3229.29
100.337	3229.29
100.367	3229.29
100.402	3229.29
100.437	3229.29
100.467	3229.29
100.502	3229.29
100.537	3229.29
100.567	3229.29
100.602	3229.29
100.637	3229.29
100.667	3229.29
100.702	3229.29
100.737	3229.29
100.767	3229.29
100.802	3229.29
100.837	3229.29
100.867	3229.29
100.902	3229.29
100.937	3229.29
100.967	3229.29
100.992	3229.29
101.037	3229.29
101.067	3229.29
101.102	3229.29
101.127	3229.29
101.167	3229.29
101.202	3229.29
101.227	3229.29
101.267	3229.29
101.302	3229.29
101.337	3229.29
101.367	3229.29
101.402	3229.29
101.437	3229.29
101.467	3229.29
101.497	3229.29
101.537	3229.29
101.567	3229.29
101.602	3229.29
101.637	3229.29
101.667	3229.29
101.702	3229.29
101.737	3229.29
101.767	3229.29
101.802	3229.29
101.832	3229.29
101.867	3229.29
101.902	3229.29
101.937	3229.29
101.967	3229.29
102.002	3229.29
102.037	3229.29
102.067	3229.29
102.102	3229.29
102.137	3229.29
102.167	3229.29
102.202	3229.29
102.237	3229.29
102.267	3229.29
102.302	3229.29
102.337	3229.29
102.367	3229.29
102.402	3229.29
102.437	3229.29
102.467	3229.29
102.502	3229.29
102.537	3229.29
102.567	3229.29
102.597	3229.29
102.622	3229.29
102.647	3229.29
102.672	3229.29
102.702	3229.29
102.732	3229.29
102.757	3229.29
102.802	3229.29
102.837	3229.29
102.867	3229.29
102.902	3229.29
102.937	3229.29
102.967	3229.29
103.002	3229.29
103.037	3229.29
103.067	3229.29
103.092	3229.29
103.137	3229.29
103.167	3229.29
103.202	3229.29
103.227	3229.29
103.267	3229.29
103.302	3229.29
103.337	3229.29
103.367	3229.29
103.402	3229.29
103.437	3229.29
103.467	3229.29
103.492	3229.29
103.537	3229.29
103.567	3229.29
103.592	3229.29
103.632	3229.29
103.667	3229.29
103.702	3229.29
103.737	3229.29
103.767	3229.29
103.802	3229.29
103.837	3229.29
103.867	3229.29
103.902	3229.29
103.937	3229.29
103.967	3229.29
104.002	3229.29
104.037	3229.29
104.067	3229.29
104.102	3229.29
104.137	3229.29
104.167	3229.29
104.202	3229.29
104.237	3229.29
104.267	3229.29
104.302	3229.29
104.337	3229.29
104.367	3229.29
104.402	3229.29
104.432	3229.29
104.467	3229.29
104.502	3229.29
104.537	3229.29
104.567	3229.29
104.602	3229.29
104.637	3229.29
104.667	3229.29
104.702	3229.29
104.737	3229.29
104.767	3229.29
104.802	3229.29
104.837	3229.29
104.867	3229.29
104.902	3229.29
104.932	3229.29
104.967	3229.29
104.992	3229.29
105.037	3229.29
105.067	3229.29
105.102	3229.29
105.132	3229.29
105.167	3229.29
105.202	3229.29
105.237	3229.29
105.267	3229.29
105.302	3229.29
105.337	3229.29
105.367	3229.29
105.402	3229.29
105.437	3229.29
105.467	3229.29
105.502	3229.29
105.537	3229.29
105.567	3229.29
105.602	3229.29
105.637	3229.29
105.667	3229.29
105.702	3229.29
105.737	3229.29
105.767	3229.29
105.802	3229.29
105.837	3229.29
105.867	3229.29
105.902	3229.29
105.937	3229.29
105.967	3229.29
106.002	3229.29
106.037	3229.29
106.067	3229.29
106.102	3229.29
106.137	3488.63
106.167	3488.63
106.202	3488.63
106.237	3488.63
106.267	3488.63
106.302	3488.63
106.337	3488.63
106.367	3488.63
106.402	3488.63
106.437	3488.63
106.467	3488.63
106.502	3488.63
106.537	3488.63
106.567	3488.63
106.597	3488.63
106.637	3488.63
106.662	3488.63
106.702	3488.63
106.737	3488.63
106.767	3488.63
106.802	3488.63
106.837	3488.63
106.867	3488.63
106.902	3488.63
106.937	3488.63
106.967	3488.63
107.002	3488.63
107.037	3488.63
107.067	3488.63
107.102	3488.63
107.137	3768.72
107.167	3768.72
107.197	3768.72
107.227	3768.72
107.267	3768.72
107.302	3768.72
107.337	3768.72
107.367	3768.72
107.402	3768.72
107.437	3768.72
107.467	3768.72
107.502	3768.72
107.532	3768.72
107.567	3768.72
107.602	3768.72
107.627	3768.72
107.667	3768.72
107.702	3768.72
107.737	3768.72
107.767	3768.72
107.802	3768.72
107.837	3768.72
107.867	3768.72
107.902	3768.72
107.937	3768.72
107.967	3768.72
108.002	3768.72
108.027	3768.72
108.057	3768.72
108.092	3768.72
108.137	3768.72
108.162	3768.72
108.202	3768.72
108.237	3444.84
108.267	3444.84
108.302	3444.84
108.337	3444.84
108.362	3444.84
108.402	3444.84
108.437	3444.84
108.467	3444.84
108.502	3444.84
108.537	3444.84
108.567	3444.84
108.602	3444.84
108.637	3444.84
108.662	3444.84
108.702	3444.84
108.737	3444.84
108.767	3444.84
108.802	3444.84
108.832	3444.84
108.867	3444.84
108.902	3444.84
108.937	3444.84
108.967	3444.84
109.002	3444.84
109.037	3444.84
109.067	3444.84
109.102	3444.84
109.127	3444.84
109.167	3444.84
109.202	3444.84
109.237	3444.84
109.267	3444.84
109.302	3444.84
109.337	3444.84
109.367	3444.84
109.402	3444.84
109.437	3444.84
109.467	3444.84
109.502	3444.84
109.537	3444.84
109.567	3444.84
109.602	3444.84
109.637	3444.84
109.667	3444.84
109.702	3444.84
109.732	3444.84
109.767	3444.84
109.802	3444.84
109.837	3444.84
109.867	3444.84
109.892	3444.84
109.922	3444.84
109.947	3444.84
109.972	3444.84
110.002	3444.84
110.037	3444.84
110.067	3444.84
110.102	3444.84
110.137	3444.84
110.167	3444.84
110.202	3444.84
110.237	3444.84
110.262	3444.84
110.302	3444.84
110.337	3444.84
110.367	3444.84
110.402	3444.84
110.432	3444.84
110.467	3444.84
110.502	3444.84
110.537	3444.84
110.567	3444.84
110.602	3444.84
110.637	3444.84
110.667	3444.84
110.702	3444.84
110.737	3444.84
110.767	3444.84
110.802	3444.84
110.837	3444.84
110.867	3444.84
110.902	3444.84
110.937	3444.84
110.967	3444.84
111.002	3444.84
111.037	3444.84
111.067	3444.84
111.102	3444.84
111.132	3444.84
111.167	3444.84
111.202	3444.84
111.227	3444.84
111.267	3444.84
111.302	3444.84
111.337	3444.84
111.367	3444.84
111.402	3444.84
111.437	3444.84
111.467	3444.84
111.502	3444.84
111.537	3444.84
111.567	3444.84
111.602	3444.84
111.627	3444.84
111.667	3444.84
111.702	3444.84
111.737	3444.84
111.767	3444.84
111.802	3444.84
111.837	3444.84
111.867	3444.84
111.897	3444.84
111.937	3444.84
111.967	3444.84
112.002	3444.84
112.037	3444.84
112.067	3444.84
112.102	3444.84
112.132	3444.84
112.167	3444.84
112.202	3444.84
112.232	3444.84
112.267	3444.84
112.302	3444.84
112.337	3444.84
112.367	3444.84
112.402	3444.84
112.437	3444.84
112.467	3444.84
112.502	3444.84
112.527	3444.84
112.567	3444.84
112.602	3444.84
112.637	3444.84
112.667	3444.84
112.702	3444.84
112.737	3444.84
112.767	3444.84
112.802	3444.84
112.837	3444.84
112.867	3444.84
112.902	3444.84
112.937	3444.84
112.967	3444.84
113.002	3444.84
113.037	3444.84
113.067	3444.84
113.102	3444.84
113.137	3444.84
113.167	3444.84
113.202	3444.84
113.237	3444.84
113.267	3444.84
113.302	3444.84
113.337	3444.84
113.367	3444.84
113.402	3444.84
113.437	3721.43
113.462	3721.43
113.497	3721.43
113.537	3721.43
113.567	3721.43
113.592	3721.43
113.617	3721.43
113.642	3721.43
113.667	3721.43
113.697	3721.43
113.732	3721.43
113.767	3721.43
113.802	3721.43
113.832	3721.43
113.867	3721.43
113.902	3721.43
113.927	3721.43
113.967	3721.43
114.002	3721.43
114.027	3721.43
114.052	3721.43
114.077	3721.43
114.102	3721.43
114.137	3721.43
114.167	3721.43
114.197	3721.43
114.222	3721.43
114.267	3721.43
114.292	3721.43
114.322	3721.43
114.367	3721.43
114.392	3721.43
114.422	3721.43
114.467	4020.15
114.492	3619.7
114.522	3619.7
114.567	3619.7
114.597	3619.7
114.622	3619.7
114.667	3619.7
114.702	3619.7
114.727	3619.7
114.767	3619.7
114.802	3619.7
114.832	3619.7
114.867	3619.7
114.902	3619.7
114.937	3619.7
114.967	3619.7
115.002	3619.7
115.037	3619.7
115.067	3619.7
115.102	3619.7
115.137	3619.7
115.167	3619.7
115.202	3619.7
115.237	3619.7
115.267	3619.7
115.302	3619.7
115.337	3619.7
115.367	3619.7
115.402	3619.7
115.437	3619.7
115.467	3619.7
115.502	3619.7
115.537	3619.7
115.567	3619.7
115.597	3619.7
115.632	3619.7
115.667	3619.7
115.692	3619.7
115.722	3619.7
115.747	3619.7
115.772	3619.7
115.802	3619.7
115.837	3619.7
115.867	3619.7
115.892	3619.7
115.937	3619.7
115.967	3619.7
115.992	3619.7
116.022	3619.7
116.047	3619.7
116.072	3619.7
116.097	3619.7
116.122	3619.7
116.147	3619.7
116.172	3619.7
116.202	3619.7
116.232	3619.7
116.262	3619.7
116.302	3619.7
116.337	3619.7
116.362	3619.7
116.402	3619.7
116.437	3619.7
116.462	3619.7
116.502	3619.7
116.537	3619.7
116.567	3619.7
116.602	3280.35
116.632	3280.35
116.667	3280.35
116.702	3280.35
116.737	3280.35
116.767	3280.35
116.802	3280.35
116.837	3280.35
116.867	3280.35
116.902	3280.35
116.937	3280.35
116.967	3280.35
117.002	3280.35
117.037	3280.35
117.067	3280.35
117.102	3280.35
117.137	3280.35
117.162	3280.35
117.202	3280.35
117.227	3280.35
117.252	3280.35
117.277	3280.35
117.302	3280.35
117.337	3280.35
117.367	3280.35
117.402	3280.35
117.437	3280.35
117.467	3280.35
117.502	3280.35
117.537	3280.35
117.567	3280.35
117.602	3280.35
117.637	3280.35
117.667	3280.35
117.702	3280.35
117.727	3280.35
117.767	3280.35
117.802	3280.35
117.837	3280.35
117.867	3280.35
117.897	3280.35
117.922	3280.35
117.947	3280.35
117.972	3280.35
118.002	3280.35
118.037	3280.35
118.067	3280.35
118.102	3280.35
118.137	3280.35
118.162	3280.35
118.202	3280.35
118.237	3280.35
118.267	3280.35
118.292	3280.35
118.322	3280.35
118.347	3280.35
118.372	3280.35
118.402	3280.35
118.437	3280.35
118.467	3280.35
118.502	3280.35
118.537	3280.35
118.567	3280.35
118.592	3280.35
118.637	3280.35
118.667	3280.35
118.702	3280.35
118.737	3280.35
118.767	3280.35
118.792	3280.35
118.837	3280.35
118.867	3280.35
118.902	3280.35
118.937	3280.35
118.967	3280.35
119.002	3280.35
119.037	3280.35
119.067	3280.35
119.102	3280.35
119.137	3280.35
119.167	3280.35
119.202	3280.35
119.237	3280.35
119.267	3280.35
119.302	3280.35
119.337	3280.35
119.367	3280.35
119.402	3280.35
119.437	3280.35
119.467	3280.35
119.492	3280.35
119.537	3280.35
119.567	3280.35
119.602	3280.35
119.637	3280.35
119.667	3280.35
119.702	3543.78
119.737	3543.78
119.767	3543.78
119.802	3543.78
119.837	3543.78
119.867	3543.78
119.902	3543.78
119.937	3543.78
119.967	3543.78
120.002	3543.78
120.027	3543.78
120.067	3543.78
120.102	3543.78
120.137	3543.78
120.167	3543.78
120.202	3543.78
120.237	3543.78
120.267	3543.78
120.302	3543.78
120.337	3543.78
120.367	3543.78
120.402	3543.78
120.437	3543.78
120.467	3543.78
120.502	3543.78
120.537	3543.78
120.567	3543.78
120.602	3543.78
120.637	3543.78
120.667	3543.78
120.702	3828.29
120.737	3828.29
120.767	3828.29
120.802	3828.29
120.832	3828.29
120.867	3828.29
120.902	3828.29
120.932	3828.29
120.967	3828.29
121.002	3828.29
121.037	3828.29
121.062	3828.29
121.102	3828.29
121.137	3828.29
121.162	3828.29
121.197	3828.29
121.222	3828.29
121.247	3828.29
121.272	3828.29
121.302	3828.29
121.337	3828.29
121.362	3828.29
121.392	3828.29
121.437	3828.29
121.462	3828.29
121.487	3828.29
121.537	3828.29
121.562	3828.29
121.587	3828.29
121.637	3828.29
121.662	3828.29
121.702	3828.29
121.737	3828.29
121.762	3828.29
121.802	3357.23
121.837	3357.23
121.867	3357.23
121.902	3357.23
121.937	3357.23
121.967	3357.23
122.002	3357.23
122.037	3357.23
122.067	3357.23
122.102	3357.23
122.137	3357.23
122.167	3357.23
122.202	3357.23
122.237	3357.23
122.267	3357.23
122.302	3357.23
122.337	3357.23
122.367	3357.23
122.402	3357.23
122.437	3357.23
122.467	3357.23
122.502	3357.23
122.527	3357.23
122.567	3357.23
122.602	3357.23
122.637	3357.23
122.667	3357.23
122.702	3357.23
122.737	3357.23
122.767	3357.23
122.802	3357.23
122.837	3357.23
122.867	3357.23
122.902	3357.23
122.937	3357.23
122.967	3357.23
123.002	3357.23
123.037	3357.23
123.067	3357.23
123.102	3357.23
123.137	3357.23
123.167	3357.23
123.202	3357.23
123.237	3357.23
123.267	3357.23
123.302	3357.23
123.337	3357.23
123.367	3357.23
123.402	3357.23
123.437	3357.23
123.467	3357.23
123.502	3357.23
123.537	3357.23
123.567	3357.23
123.602	3357.23
123.637	3357.23
123.667	3357.23
123.702	3357.23
123.737	3357.23
123.767	3357.23
123.802	3357.23
123.837	3357.23
123.867	3357.23
123.902	3626.8
123.937	3626.8
123.967	3626.8
124.002	3626.8
124.027	3626.8
124.062	3626.8
124.102	3626.8
124.137	3626.8
124.162	3626.8
124.192	3626.8
124.237	3626.8
124.262	3626.8
124.287	3626.8
124.312	3626.8
124.337	3626.8
124.362	3626.8
124.392	3626.8
124.437	3626.8
124.462	3626.8
124.492	3626.8
124.537	3626.8
124.567	3626.8
124.592	3626.8
124.637	3626.8
124.667	3626.8
124.702	3626.8
124.732	3626.8
124.767	3626.8
124.802	3626.8
124.837	3626.8
124.867	3626.8
124.902	3917.95
124.937	3642.47
124.967	3642.47
125.002	3642.47
125.037	3642.47
125.067	3642.47
125.102	3642.47
125.137	3642.47
125.167	3642.47
125.202	3642.47
125.237	3642.47
125.267	3642.47
125.302	3642.47
125.337	3642.47
125.367	3642.47
125.402	3642.47
125.437	3642.47
125.467	3642.47
125.502	3642.47
125.537	3642.47
125.567	3642.47
125.602	3642.47
125.637	3642.47
125.667	3642.47
125.702	3642.47
125.737	3642.47
125.767	3642.47
125.802	3642.47
125.837	3642.47
125.867	3642.47
125.902	3642.47
125.937	3642.47
125.967	3642.47
126.002	3934.86
126.037	3934.86
126.067	3934.86
126.102	3934.86
126.137	3934.86
126.167	3934.86
126.202	3934.86
126.237	3934.86
126.267	3934.86
126.302	3934.86
126.337	3934.86
126.367	3934.86
126.402	3934.86
126.437	3934.86
126.467	3934.86
126.502	3934.86
126.537	3934.86
126.567	3934.86
126.602	3934.86
126.637	3934.86
126.667	3934.86
126.692	3934.86
126.722	3934.86
126.747	3934.86
126.772	3934.86
126.802	3934.86
126.832	3934.86
126.857	3934.86
126.882	3934.86
126.907	3934.86
126.937	3934.86
126.967	3934.86
127.002	4250.65
127.037	3694.42
127.067	3694.42
127.092	3694.42
127.137	3694.42
127.167	3694.42
127.202	3694.42
127.237	3694.42
127.267	3694.42
127.302	3694.42
127.337	3694.42
127.367	3694.42
127.402	3694.42
127.437	3694.42
127.467	3694.42
127.502	3694.42
127.537	3694.42
127.567	3694.42
127.602	3694.42
127.637	3694.42
127.667	3694.42
127.702	3694.42
127.737	3694.42
127.767	3694.42
127.802	3694.42
127.827	3694.42
127.867	3694.42
127.902	3694.42
127.937	3694.42
127.967	3694.42
128.002	3694.42
128.037	3694.42
128.067	3694.42
128.102	3990.97
128.137	3990.97
128.167	3990.97
128.202	3990.97
128.237	3990.97
128.267	3990.97
128.302	3990.97
128.337	3990.97
128.367	3990.97
128.397	3990.97
128.437	3990.97
128.462	3990.97
128.487	3990.97
128.512	3990.97
128.537	3990.97
128.562	3990.97
128.587	3990.97
128.612	3990.97
128.637	3990.97
128.662	3990.97
128.687	3990.97
128.712	3990.97
128.737	3990.97
128.762	3990.97
128.787	3990.97
128.812	3990.97
128.837	3990.97
128.862	3990.97
128.887	3990.97
128.912	3990.97
128.937	3990.97
128.962	3990.97
128.987	3990.97
129.012	3990.97
129.037	3990.97
129.062	3990.97
129.092	4311.25
129.137	3662.88
129.162	3662.88
129.187	3662.88
129.237	3662.88
129.267	3662.88
129.302	3662.88
129.337	3662.88
129.367	3662.88
129.402	3662.88
129.437	3662.88
129.467	3662.88
129.502	3662.88
129.537	3662.88
129.567	3662.88
129.602	3662.88
129.637	3662.88
129.667	3662.88
129.702	3662.88
129.737	3662.88
129.767	3662.88
129.802	3662.88
129.837	3662.88
129.867	3662.88
129.902	3662.88
129.937	3662.88
129.967	3662.88
130.002	3662.88
130.037	3662.88
130.067	3662.88
130.102	3662.88
130.137	3662.88
130.162	3662.88
130.202	3662.88
130.237	3662.88
130.267	3662.88
130.302	3662.88
130.337	3662.88
130.367	3662.88
130.402	3662.88
130.432	3662.88
130.467	3662.88
130.502	3662.88
130.537	3662.88
130.567	3662.88
130.602	3662.88
130.637	3662.88
130.667	3662.88
130.702	3662.88
130.737	3662.88
130.762	3662.88
130.802	3662.88
130.837	3662.88
130.862	3662.88
130.902	3662.88
130.937	3662.88
130.962	3662.88
131.002	3662.88
131.037	3662.88
131.062	3662.88
131.102	3662.88
131.137	3662.88
131.167	3662.88
131.197	3412.48
131.237	3412.48
131.267	3412.48
131.302	3412.48
131.337	3412.48
131.367	3412.48
131.402	3412.48
131.437	3412.48
131.467	3412.48
131.502	3412.48
131.537	3412.48
131.567	3412.48
131.602	3412.48
131.637	3412.48
131.667	3412.48
131.702	3412.48
131.737	3412.48
131.767	3412.48
131.802	3412.48
131.837	3412.48
131.867	3412.48
131.902	3412.48
131.937	3412.48
131.967	3412.48
132.002	3412.48
132.037	3412.48
132.067	3412.48
132.102	3412.48
132.137	3412.48
132.167	3412.48
132.202	3412.48
132.237	3412.48
132.267	3412.48
132.302	3412.48
132.337	3412.48
132.367	3412.48
132.402	3412.48
132.437	3412.48
132.467	3412.48
132.502	3412.48
132.537	3412.48
132.567	3412.48
132.602	3412.48
132.637	3412.48
132.667	3412.48
132.702	3412.48
132.737	3412.48
132.767	3412.48
132.802	3412.48
132.837	3412.48
132.867	3412.48
132.902	3412.48
132.937	3412.48
132.967	3412.48
133.002	3412.48
133.037	3412.48
133.067	3412.48
133.102	3412.48
133.137	3412.48
133.167	3412.48
133.202	3412.48
133.237	3412.48
133.267	3412.48
133.302	3686.48
133.337	3686.48
133.367	3686.48
133.402	3686.48
133.437	3686.48
133.467	3686.48
133.502	3686.48
133.527	3686.48
133.552	3686.48
133.577	3686.48
133.602	3686.48
133.637	3686.48
133.667	3686.48
133.702	3686.48
133.727	3686.48
133.752	3686.48
133.777	3686.48
133.802	3686.48
133.837	3686.48
133.867	3686.48
133.902	3686.48
133.937	3686.48
133.962	3686.48
133.987	3686.48
134.012	3686.48
134.037	3686.48
134.062	3686.48
134.087	3686.48
134.112	3686.48
134.137	3686.48
134.167	3686.48
134.202	3686.48
134.237	3686.48
134.262	3686.48
134.302	3982.4
134.337	3593.49
134.362	3593.49
134.402	3593.49
134.437	3593.49
134.467	3593.49
134.502	3593.49
134.537	3593.49
134.567	3593.49
134.602	3593.49
134.637	3593.49
134.667	3593.49
134.702	3593.49
134.737	3593.49
134.767	3593.49
134.802	3593.49
134.837	3593.49
134.867	3593.49
134.902	3593.49
134.937	3593.49
134.967	3593.49
135.002	3593.49
135.037	3593.49
135.067	3593.49
135.102	3593.49
135.137	3593.49
135.167	3593.49
135.202	3593.49
135.237	3593.49
135.267	3593.49
135.302	3593.49
135.337	3593.49
135.367	3593.49
135.402	3593.49
135.437	3593.49
135.467	3593.49
135.502	3593.49
135.537	3593.49
135.567	3593.49
135.602	3593.49
135.637	3593.49
135.667	3593.49
135.702	3593.49
135.737	3593.49
135.762	3593.49
135.787	3593.49
135.812	3593.49
135.837	3593.49
135.867	3593.49
135.902	3593.49
135.937	3593.49
135.967	3593.49
135.992	3593.49
136.037	3593.49
136.062	3593.49
136.102	3593.49
136.137	3593.49
136.167	3593.49
136.202	3593.49
136.237	3593.49
136.267	3593.49
136.302	3593.49
136.337	3593.49
136.367	3593.49
136.402	3593.49
136.437	3593.49
136.467	3593.49
136.502	3593.49
136.537	3593.49
136.567	3593.49
136.602	3593.49
136.637	3593.49
136.667	3593.49
136.702	3593.49
136.732	3593.49
136.757	3593.49
136.802	3593.49
136.837	3593.49
136.867	3593.49
136.902	3593.49
136.937	3593.49
136.967	3593.49
136.992	3593.49
137.037	3593.49
137.067	3593.49
137.102	3593.49
137.137	3593.49
137.167	3593.49
137.202	3593.49
137.237	3593.49
137.267	3593.49
137.302	3593.49
137.332	3593.49
137.362	3593.49
137.402	3593.49
137.437	3593.49
137.467	3593.49
137.502	3593.49
137.537	3593.49
137.567	3593.49
137.602	3593.49
137.637	3593.49
137.667	3593.49
137.702	3593.49
137.737	3593.49
137.767	3593.49
137.802	3593.49
137.837	3593.49
137.867	3593.49
137.902	3593.49
137.937	3593.49
137.967	3593.49
138.002	3593.49
138.037	3593.49
138.067	3593.49
138.102	3593.49
138.137	3593.49
138.167	3593.49
138.202	3593.49
138.237	3593.49
138.262	3593.49
138.302	3593.49
138.337	3593.49
138.367	3593.49
138.402	3593.49
138.437	3593.49
138.467	3593.49
138.502	3593.49
138.537	3593.49
138.567	3593.49
138.602	3593.49
138.637	3593.49
138.667	3593.49
138.702	3593.49
138.737	3593.49
138.767	3593.49
138.802	3593.49
138.832	3593.49
138.867	3593.49
138.902	3593.49
138.937	3593.49
138.967	3593.49
139.002	3593.49
139.037	3593.49
139.067	3593.49
139.102	3593.49
139.137	3593.49
139.167	3593.49
139.202	3593.49
139.237	3593.49
139.267	3593.49
139.302	3593.49
139.337	3593.49
139.367	3593.49
139.402	3593.49
139.437	3593.49
139.467	3593.49
139.502	3593.49
139.537	3593.49
139.567	3593.49
139.602	3593.49
139.637	3593.49
139.667	3593.49
139.702	3593.49
139.732	3593.49
139.767	3593.49
139.802	3593.49
139.837	3593.49
139.867	3593.49
139.892	3593.49
139.937	3593.49
139.967	3593.49
140.002	3593.49
140.037	3593.49
140.067	3593.49
140.102	3593.49
140.137	3593.49
140.167	3593.49
140.202	3593.49
140.237	3593.49
140.267	3593.49
140.302	3593.49
140.337	3593.49
140.367	3593.49
140.402	3593.49
140.437	3593.49
140.467	3593.49
140.502	3593.49
140.537	3593.49
140.567	3593.49
140.602	3593.49
140.637	3593.49
140.667	3593.49
140.702	3593.49
140.737	3593.49
140.767	3593.49
140.802	3593.49
140.837	3593.49
140.867	3593.49
140.902	3593.49
140.937	3593.49
140.967	3593.49
141.002	3593.49
141.037	3593.49
141.067	3593.49
141.102	3593.49
141.137	3593.49
141.167	3593.49
141.202	3593.49
141.237	3593.49
141.267	3593.49
141.302	3593.49
141.337	3593.49
141.367	3593.49
141.402	3593.49
141.437	3593.49
141.467	3593.49
141.502	3593.49
141.537	3593.49
141.567	3593.49
141.602	3593.49
141.637	3593.49
141.667	3593.49
141.702	3593.49
141.737	3593.49
141.767	3593.49
141.802	3593.49
141.837	3593.49
141.862	3593.49
141.902	3593.49
141.937	3593.49
141.967	3593.49
142.002	3593.49
142.037	3593.49
142.067	3593.49
142.102	3593.49
142.137	3593.49
142.167	3593.49
142.202	3593.49
142.237	3593.49
142.267	3593.49
142.302	3593.49
142.337	3593.49
142.367	3593.49
142.402	3593.49
142.437	3593.49
142.467	3593.49
142.502	3593.49
142.532	3593.49
142.567	3593.49
142.602	3593.49
142.637	3593.49
142.667	3593.49
142.702	3593.49
142.737	3593.49
142.762	3593.49
142.802	3593.49
142.837	3593.49
142.867	3593.49
142.892	3593.49
142.937	3593.49
142.967	3593.49
143.002	3593.49
143.032	3593.49
143.067	3593.49
143.102	3593.49
143.137	3593.49
143.167	3593.49
143.202	3593.49
143.237	3593.49
143.267	3593.49
143.302	3593.49
143.337	3593.49
143.367	3593.49
143.402	3593.49
143.437	3593.49
143.467	3593.49
143.502	3593.49
143.537	3593.49
143.567	3593.49
143.602	3593.49
143.637	3593.49
143.667	3593.49
143.702	3593.49
143.737	3593.49
143.762	3593.49
143.802	3593.49
143.837	3593.49
143.867	3593.49
143.902	3593.49
143.937	3593.49
143.967	3593.49
144.002	3593.49
144.037	3593.49
144.062	3593.49
144.102	3593.49
144.137	3593.49
144.167	3593.49
144.202	3593.49
144.237	3593.49
144.267	3593.49
144.302	3593.49
144.337	3593.49
144.367	3593.49
144.402	3593.49
144.437	3593.49
144.462	3593.49
144.502	3593.49
144.537	3593.49
144.567	3593.49
144.602	3593.49
144.637	3593.49
144.667	3593.49
144.702	3593.49
144.737	3593.49
144.767	3593.49
144.802	3593.49
144.827	3593.49
144.852	3593.49
144.877	3593.49
144.902	3593.49
144.937	3593.49
144.967	3593.49
145.002	3593.49
145.037	3593.49
145.067	3593.49
145.102	3593.49
145.137	3593.49
145.167	3593.49
145.202	3593.49
145.237	3593.49
145.267	3593.49
145.302	3593.49
145.337	3593.49
145.367	3593.49
145.402	3593.49
145.437	3593.49
145.467	3593.49
145.502	3593.49
145.537	3593.49
145.567	3593.49
145.602	3593.49
145.637	3593.49
145.667	3593.49
145.702	3593.49
145.737	3593.49
145.767	3593.49
145.802	3593.49
145.837	3593.49
145.867	3593.49
145.902	3593.49
145.937	3593.49
145.962	3593.49
145.987	3593.49
146.012	3593.49
146.037	3593.49
146.067	3593.49
146.102	3593.49
146.137	3593.49
146.167	3593.49
146.202	3593.49
146.237	3593.49
146.267	3593.49
146.302	3593.49
146.337	3593.49
146.367	3593.49
146.392	3593.49
146.437	3593.49
146.467	3593.49
146.492	3593.49
146.537	3593.49
146.567	3593.49
146.602	3593.49
146.637	3593.49
146.667	3593.49
146.702	3593.49
146.737	3593.49
146.767	3593.49
146.802	3593.49
146.837	3593.49
146.867	3593.49
146.902	3593.49
146.937	3368.9
146.967	3368.9
146.997	3368.9
147.037	3368.9
147.067	3368.9
147.097	3368.9
147.137	3368.9
147.167	3368.9
147.202	3368.9
147.237	3368.9
147.267	3368.9
147.302	3368.9
147.337	3368.9
147.367	3368.9
147.402	3368.9
147.437	3368.9
147.467	3368.9
147.502	3368.9
147.537	3368.9
147.567	3368.9
147.602	3368.9
147.627	3368.9
147.667	3368.9
147.702	3368.9
147.737	3368.9
147.767	3368.9
147.802	3368.9
147.837	3368.9
147.867	3368.9
147.902	3368.9
147.937	3368.9
147.967	3368.9
148.002	3639.41
148.037	3639.41
148.067	3639.41
148.102	3639.41
148.137	3639.41
148.167	3639.41
148.202	3639.41
148.237	3639.41
148.267	3639.41
148.302	3639.41
148.337	3639.41
148.367	3639.41
148.402	3639.41
148.437	3639.41
148.467	3639.41
148.502	3639.41
148.537	3639.41
148.567	3639.41
148.602	3639.41
148.637	3639.41
148.662	3639.41
148.692	3639.41
148.737	3639.41
148.762	3639.41
148.802	3639.41
148.837	3639.41
148.862	3639.41
148.902	3639.41
148.937	3639.41
148.962	3639.41
149.002	3931.56
149.037	3716.56
149.062	3716.56
149.102	3716.56
149.137	3716.56
149.162	3716.56
149.202	3716.56
149.237	3716.56
149.262	3716.56
149.292	3716.56
149.337	3716.56
149.367	3716.56
149.402	3716.56
149.437	3716.56
149.467	3716.56
149.502	3716.56
149.527	3716.56
149.567	3716.56
149.592	3716.56
149.637	3716.56
149.667	3716.56
149.702	3716.56
149.737	3716.56
149.762	3716.56
149.787	3716.56
149.812	3716.56
149.837	3716.56
149.867	3716.56
149.902	3716.56
149.937	3716.56
149.967	3716.56
149.992	3716.56
150.037	3716.56
150.067	3716.56
150.102	3506.05
150.137	3506.05
150.167	3506.05
150.192	3506.05
150.237	3506.05
150.267	3506.05
150.302	3506.05
150.337	3506.05
150.367	3506.05
150.402	3506.05
150.437	3506.05
150.467	3506.05
150.502	3506.05
150.537	3506.05
150.567	3506.05
150.602	3506.05
150.637	3506.05
150.667	3506.05
150.702	3506.05
150.737	3506.05
150.767	3506.05
150.802	3506.05
150.827	3506.05
150.867	3506.05
150.902	3506.05
150.937	3506.05
150.967	3506.05
150.997	3506.05
151.037	3506.05
151.067	3506.05
151.092	3506.05
151.137	3506.05
151.167	3506.05
151.192	3506.05
151.237	3506.05
151.267	3506.05
151.292	3506.05
151.337	3506.05
151.367	3506.05
151.402	3506.05
151.437	3506.05
151.467	3506.05
151.502	3506.05
151.537	3506.05
151.567	3506.05
151.602	3506.05
151.637	3506.05
151.667	3506.05
151.702	3506.05
151.737	3506.05
151.767	3506.05
151.802	3506.05
151.837	3506.05
151.867	3506.05
151.902	3506.05
151.937	3506.05
151.962	3506.05
152.002	3506.05
152.037	3506.05
152.067	3506.05
152.102	3506.05
152.137	3506.05
152.167	3506.05
152.202	3506.05
152.237	3506.05
152.267	3506.05
152.302	3506.05
152.337	3506.05
152.367	3506.05
152.402	3506.05
152.437	3506.05
152.467	3506.05
152.502	3506.05
152.537	3506.05
152.567	3506.05
152.602	3506.05
152.637	3506.05
152.667	3506.05
152.692	3506.05
152.737	3506.05
152.767	3506.05
152.802	3506.05
152.837	3506.05
152.867	3506.05
152.902	3506.05
152.937	3506.05
152.967	3506.05
153.002	3506.05
153.037	3506.05
153.067	3506.05
153.102	3506.05
153.137	3506.05
153.167	3506.05
153.202	3506.05
153.237	3506.05
153.267	3506.05
153.302	3506.05
153.337	3506.05
153.367	3506.05
153.402	3506.05
153.437	3506.05
153.467	3506.05
153.502	3506.05
153.537	3506.05
153.567	3506.05
153.602	3506.05
153.637	3506.05
153.667	3506.05
153.702	3506.05
153.737	3506.05
153.767	3506.05
153.802	3506.05
153.837	3506.05
153.867	3506.05
153.902	3506.05
153.937	3506.05
153.967	3506.05
154.002	3506.05
154.032	3506.05
154.057	3506.05
154.102	3506.05
154.137	3506.05
154.167	3506.05
154.197	3506.05
154.237	3506.05
154.267	3506.05
154.302	3506.05
154.337	3506.05
154.367	3506.05
154.402	3506.05
154.437	3506.05
154.467	3506.05
154.502	3506.05
154.537	3506.05
154.567	3506.05
154.602	3506.05
154.637	3506.05
154.667	3506.05
154.702	3506.05
154.737	3506.05
154.767	3506.05
154.802	3506.05
154.837	3506.05
154.867	3506.05
154.902	3506.05
154.937	3506.05
154.967	3506.05
155.002	3506.05
155.037	3506.05
155.067	3506.05
155.102	3506.05
155.137	3506.05
155.167	3506.05
155.202	3506.05
155.237	3506.05
155.267	3506.05
155.302	3506.05
155.337	3787.53
155.367	3787.53
155.392	3787.53
155.437	3787.53
155.467	3787.53
155.502	3787.53
155.527	3787.53
155.567	3787.53
155.592	3787.53
155.622	3787.53
155.647	3787.53
155.672	3787.53
155.697	3787.53
155.722	3787.53
155.747	3787.53
155.772	3787.53
155.797	3787.53
155.822	3787.53
155.847	3787.53
155.872	3787.53
155.902	3787.53
155.937	3787.53
155.967	3787.53
155.992	3787.53
156.022	3787.53
156.047	3787.53
156.072	3787.53
156.102	3787.53
156.137	3787.53
156.167	3787.53
156.192	3787.53
156.222	3787.53
156.267	3787.53
156.302	3787.53
156.337	4091.53
156.367	4091.53
156.402	3675.99
156.432	3675.99
156.467	3675.99
156.502	3675.99
156.527	3675.99
156.567	3675.99
156.602	3675.99
156.637	3675.99
156.667	3675.99
156.702	3675.99
156.737	3675.99
156.762	3675.99
156.802	3675.99
156.837	3675.99
156.867	3675.99
156.902	3675.99
156.937	3675.99
156.967	3675.99
157.002	3675.99
157.037	3675.99
157.067	3675.99
157.102	3675.99
157.137	3675.99
157.167	3675.99
157.202	3675.99
157.237	3675.99
157.267	3675.99
157.302	3675.99
157.337	3675.99
157.367	3675.99
157.397	3675.99
157.437	3675.99
157.467	3675.99
157.502	3675.99
157.537	3675.99
157.567	3675.99
157.602	3675.99
157.637	3675.99
157.667	3675.99
157.692	3675.99
157.722	3675.99
157.747	3675.99
157.772	3675.99
157.797	3675.99
157.832	3675.99
157.867	3675.99
157.897	3675.99
157.937	3675.99
157.967	3675.99
157.992	3675.99
158.037	3675.99
158.062	3675.99
158.092	3675.99
158.122	3675.99
158.147	3675.99
158.172	3675.99
158.202	3675.99
158.237	3675.99
158.262	3675.99
158.287	3675.99
158.312	3675.99
158.337	3675.99
158.367	3675.99
158.402	3675.99
158.437	3675.99
158.462	3675.99
158.502	3352.9
158.537	3352.9
158.567	3352.9
158.602	3352.9
158.637	3352.9
158.667	3352.9
158.702	3352.9
158.737	3352.9
158.767	3352.9
158.802	3352.9
158.837	3352.9
158.867	3352.9
158.902	3352.9
158.937	3352.9
158.967	3352.9
159.002	3352.9
159.037	3352.9
159.067	3352.9
159.102	3352.9
159.137	3352.9
159.167	3352.9
159.202	3352.9
159.237	3352.9
159.267	3352.9
159.302	3352.9
159.337	3352.9
159.367	3352.9
159.402	3352.9
159.437	3352.9
159.467	3352.9
159.502	3352.9
159.537	3352.9
159.567	3352.9
159.602	3352.9
159.637	3352.9
159.667	3352.9
159.702	3352.9
159.737	3352.9
159.767	3352.9
159.802	3352.9
159.837	3352.9
159.867	3352.9
159.902	3352.9
159.937	3352.9
159.967	3352.9
160.002	3352.9
160.037	3352.9
160.067	3352.9
160.102	3352.9
160.137	3352.9
160.167	3352.9
160.202	3352.9
160.237	3352.9
160.267	3352.9
160.302	3352.9
160.337	3352.9
160.367	3352.9
160.402	3352.9
160.437	3352.9
160.467	3352.9
160.502	3352.9
160.537	3352.9
160.567	3352.9
160.602	3352.9
160.627	3352.9
160.667	3352.9
160.702	3352.9
160.737	3352.9
160.767	3352.9
160.802	3352.9
160.837	3352.9
160.867	3352.9
160.902	3352.9
160.937	3352.9
160.967	3352.9
161.002	3352.9
161.037	3352.9
161.067	3352.9
161.102	3352.9
161.137	3352.9
161.167	3352.9
161.202	3352.9
161.237	3352.9
161.267	3352.9
161.302	3352.9
161.337	3352.9
161.367	3352.9
161.402	3352.9
161.437	3352.9
161.467	3352.9
161.502	3352.9
161.537	3352.9
161.567	3352.9
161.602	3352.9
161.637	3352.9
161.667	3352.9
161.702	3352.9
161.737	3352.9
161.767	3352.9
161.802	3352.9
161.837	3352.9
161.867	3352.9
161.902	3352.9
161.937	3352.9
161.967	3352.9
162.002	3352.9
162.037	3352.9
162.067	3352.9
162.102	3352.9
162.137	3352.9
162.167	3352.9
162.202	3352.9
162.237	3352.9
162.267	3352.9
162.297	3352.9
162.337	3352.9
162.367	3352.9
162.402	3352.9
162.437	3352.9
162.467	3352.9
162.502	3352.9
162.537	3352.9
162.567	3352.9
162.602	3352.9
162.637	3352.9
162.667	3352.9
162.702	3622.14
162.732	3622.14
162.767	3622.14
162.802	3622.14
162.837	3622.14
162.867	3622.14
162.902	3622.14
162.937	3622.14
162.967	3622.14
162.992	3622.14
163.037	3622.14
163.062	3622.14
163.092	3622.14
163.137	3622.14
163.167	3622.14
163.192	3622.14
163.237	3622.14
163.267	3622.14
163.297	3622.14
163.337	3622.14
163.362	3622.14
163.387	3622.14
163.412	3622.14
163.437	3622.14
163.462	3622.14
163.502	3622.14
163.537	3622.14
163.567	3622.14
163.602	3622.14
163.637	3622.14
163.667	3622.14
163.702	3912.91
163.737	3614.85
163.767	3614.85
163.802	3614.85
163.837	3614.85
163.867	3614.85
163.902	3614.85
163.937	3614.85
163.967	3614.85
164.002	3614.85
164.037	3614.85
164.067	3614.85
164.102	3614.85
164.137	3614.85
164.167	3614.85
164.202	3614.85
164.232	3614.85
164.267	3614.85
164.302	3614.85
164.337	3614.85
164.367	3614.85
164.402	3614.85
164.437	3614.85
164.467	3614.85
164.502	3614.85
164.537	3614.85
164.567	3614.85
164.602	3614.85
164.637	3614.85
164.667	3614.85
164.702	3614.85
164.737	3614.85
164.767	3614.85
164.802	3905.04
164.837	3905.04
164.867	3905.04
164.892	3905.04
164.937	3905.04
164.962	3905.04
164.987	3905.04
165.012	3905.04
165.037	3905.04
165.062	3905.04
165.087	3905.04
165.112	3905.04
165.137	3905.04
165.162	3905.04
165.187	3905.04
165.212	3905.04
165.237	3905.04
165.262	3905.04
165.287	3905.04
165.312	3905.04
165.337	3905.04
165.362	3905.04
165.392	3905.04
165.427	3905.04
165.452	3905.04
165.477	3905.04
165.502	3905.04
165.537	3905.04
165.562	3905.04
165.592	3905.04
165.637	3905.04
165.662	3905.04
165.687	3905.04
165.737	3905.04
165.762	3905.04
165.787	4218.44
165.837	3567.55
165.867	3567.55
165.892	3567.55
165.937	3567.55
165.967	3567.55
166.002	3567.55
166.037	3567.55
166.067	3567.55
166.102	3567.55
166.137	3567.55
166.167	3567.55
166.202	3567.55
166.227	3567.55
166.267	3567.55
166.302	3567.55
166.337	3567.55
166.367	3567.55
166.402	3567.55
166.427	3567.55
166.467	3567.55
166.502	3567.55
166.537	3567.55
166.567	3567.55
166.602	3567.55
166.637	3567.55
166.667	3567.55
166.702	3567.55
166.737	3567.55
166.767	3567.55
166.802	3567.55
166.837	3567.55
166.867	3567.55
166.902	3567.55
166.937	3567.55
166.967	3567.55
167.002	3567.55
167.037	3567.55
167.067	3567.55
167.102	3567.55
167.137	3567.55
167.167	3567.55
167.202	3567.55
167.237	3567.55
167.267	3567.55
167.302	3567.55
167.337	3567.55
167.367	3567.55
167.402	3567.55
167.437	3567.55
167.467	3567.55
167.502	3567.55
167.537	3567.55
167.567	3567.55
167.602	3567.55
167.637	3567.55
167.667	3567.55
167.702	3567.55
167.737	3567.55
167.767	3567.55
167.802	3567.55
167.837	3567.55
167.867	3567.55
167.892	3567.55
167.937	3853.95
167.962	3853.95
167.987	3853.95
168.012	3853.95
168.037	3853.95
168.067	3853.95
168.102	3853.95
168.132	3853.95
168.162	3853.95
168.192	3853.95
168.237	3853.95
168.262	3853.95
168.287	3853.95
168.312	3853.95
168.337	3853.95
168.362	3853.95
168.387	3853.95
168.412	3853.95
168.437	3853.95
168.462	3853.95
168.487	3853.95
168.512	3853.95
168.537	3853.95
168.562	3853.95
168.592	3853.95
168.622	3853.95
168.647	3853.95
168.672	3853.95
168.702	3853.95
168.737	3853.95
168.762	3853.95
168.792	3853.95
168.837	3853.95
168.862	3853.95
168.887	3853.95
168.937	4163.27
168.962	4163.27
169.002	3642.86
169.037	3642.86
169.067	3642.86
169.102	3642.86
169.137	3642.86
169.167	3642.86
169.202	3642.86
169.237	3642.86
169.267	3642.86
169.302	3642.86
169.337	3642.86
169.367	3642.86
169.402	3642.86
169.437	3642.86
169.467	3642.86
169.502	3642.86
169.537	3642.86
169.567	3642.86
169.602	3642.86
169.637	3642.86
169.667	3642.86
169.702	3642.86
169.737	3642.86
169.767	3642.86
169.802	3642.86
169.837	3642.86
169.867	3642.86
169.902	3642.86
169.937	3642.86
169.967	3642.86
170.002	3642.86
170.037	3935.29
170.067	3935.29
170.102	3935.29
170.137	3935.29
170.167	3935.29
170.197	3935.29
170.222	3935.29
170.247	3935.29
170.272	3935.29
170.302	3935.29
170.337	3935.29
170.362	3935.29
170.387	3935.29
170.412	3935.29
170.437	3935.29
170.467	3935.29
170.502	3935.29
170.527	3935.29
170.552	3935.29
170.577	3935.29
170.602	3935.29
170.637	3935.29
170.662	3935.29
170.692	3935.29
170.717	3935.29
170.742	3935.29
170.767	3935.29
170.802	3935.29
170.837	3935.29
170.862	3935.29
170.902	3935.29
170.932	3935.29
170.957	3935.29
171.002	3935.29
171.037	4251.11
171.062	4251.11
171.102	3678.21
171.137	3678.21
171.162	3678.21
171.202	3678.21
171.237	3678.21
171.262	3678.21
171.302	3678.21
171.337	3678.21
171.367	3678.21
171.402	3678.21
171.437	3678.21
171.467	3678.21
171.502	3678.21
171.537	3678.21
171.567	3678.21
171.602	3678.21
171.637	3678.21
171.667	3678.21
171.702	3678.21
171.737	3678.21
171.767	3678.21
171.802	3678.21
171.837	3678.21
171.867	3678.21
171.902	3678.21
171.937	3678.21
171.967	3678.21
172.002	3678.21
172.027	3678.21
172.067	3678.21
172.102	3678.21
172.137	3678.21
172.167	3678.21
172.202	3678.21
172.237	3678.21
172.267	3678.21
172.302	3678.21
172.337	3678.21
172.367	3678.21
172.402	3678.21
172.437	3678.21
172.462	3678.21
172.492	3678.21
172.537	3678.21
172.567	3678.21
172.592	3678.21
172.637	3678.21
172.667	3678.21
172.692	3678.21
172.722	3678.21
172.747	3678.21
172.772	3678.21
172.802	3678.21
172.837	3678.21
172.862	3678.21
172.902	3678.21
172.937	3678.21
172.962	3678.21
173.002	3678.21
173.037	3678.21
173.062	3678.21
173.102	3678.21
173.137	3678.21
173.162	3678.21
173.202	3383.66
173.237	3383.66
173.262	3383.66
173.292	3383.66
173.337	3383.66
173.362	3383.66
173.402	3383.66
173.437	3383.66
173.467	3383.66
173.502	3383.66
173.537	3383.66
173.567	3383.66
173.602	3383.66
173.637	3383.66
173.667	3383.66
173.692	3383.66
173.737	3383.66
173.767	3383.66
173.802	3383.66
173.837	3383.66
173.867	3383.66
173.902	3383.66
173.937	3383.66
173.967	3383.66
174.002	3383.66
174.037	3383.66
174.067	3383.66
174.102	3383.66
174.137	3383.66
174.167	3383.66
174.202	3383.66
174.237	3383.66
174.267	3383.66
174.302	3383.66
174.337	3383.66
174.367	3383.66
174.402	3383.66
174.437	3383.66
174.467	3383.66
174.502	3383.66
174.537	3383.66
174.567	3383.66
174.602	3383.66
174.637	3383.66
174.667	3383.66
174.702	3383.66
174.737	3383.66
174.767	3383.66
174.802	3383.66
174.837	3383.66
174.867	3383.66
174.902	3383.66
174.937	3383.66
174.967	3383.66
175.002	3383.66
175.037	3383.66
175.067	3383.66
175.102	3383.66
175.137	3383.66
175.167	3383.66
175.202	3383.66
175.237	3383.66
175.267	3383.66
175.302	3655.36
175.337	3655.36
175.367	3655.36
175.402	3655.36
175.437	3655.36
175.467	3655.36
175.502	3655.36
175.537	3655.36
175.567	3655.36
175.602	3655.36
175.637	3655.36
175.662	3655.36
175.697	3655.36
175.737	3655.36
175.767	3655.36
175.802	3655.36
175.837	3655.36
175.867	3655.36
175.902	3655.36
175.937	3655.36
175.967	3655.36
175.997	3655.36
176.037	3655.36
176.067	3655.36
176.092	3655.36
176.137	3655.36
176.167	3655.36
176.192	3655.36
176.237	3655.36
176.267	3655.36
176.292	3948.79
176.337	3694.27
176.367	3694.27
176.402	3694.27
176.437	3694.27
176.467	3694.27
176.502	3694.27
176.537	3694.27
176.567	3694.27
176.602	3694.27
176.637	3694.27
176.667	3694.27
176.702	3694.27
176.737	3694.27
176.767	3694.27
176.802	3694.27
176.837	3694.27
176.867	3694.27
176.902	3694.27
176.937	3694.27
176.967	3694.27
177.002	3694.27
177.037	3694.27
177.067	3694.27
177.102	3694.27
177.137	3694.27
177.167	3694.27
177.202	3694.27
177.237	3694.27
177.267	3694.27
177.302	3694.27
177.337	3694.27
177.367	3694.27
177.402	3694.27
177.437	3694.27
177.467	3694.27
177.492	3694.27
177.537	3694.27
177.567	3694.27
177.592	3694.27
177.637	3694.27
177.667	3694.27
177.692	3694.27
177.737	3694.27
177.767	3694.27
177.802	3694.27
177.837	3694.27
177.867	3694.27
177.902	3694.27
177.937	3694.27
177.967	3694.27
178.002	3694.27
178.037	3694.27
178.067	3694.27
178.102	3694.27
178.137	3694.27
178.162	3694.27
178.187	3694.27
178.212	3694.27
178.237	3694.27
178.262	3694.27
178.287	3694.27
178.312	3694.27
178.337	3694.27
178.367	3694.27
178.392	3694.27
178.437	3384.01
178.467	3384.01
178.502	3384.01
178.537	3384.01
178.567	3384.01
178.602	3384.01
178.637	3384.01
178.667	3384.01
178.702	3384.01
178.737	3384.01
178.767	3384.01
178.802	3384.01
178.837	3384.01
178.867	3384.01
178.902	3384.01
178.937	3384.01
178.967	3384.01
179.002	3384.01
179.037	3384.01
179.067	3384.01
179.102	3384.01
179.137	3384.01
179.167	3384.01
179.202	3384.01
179.237	3384.01
179.267	3384.01
179.302	3384.01
179.337	3384.01
179.367	3384.01
179.402	3384.01
179.437	3384.01
179.467	3384.01
179.502	3655.73
179.537	3655.73
179.567	3655.73
179.602	3655.73
179.637	3655.73
179.667	3655.73
179.702	3655.73
179.737	3655.73
179.767	3655.73
179.802	3655.73
179.837	3655.73
179.862	3655.73
179.897	3655.73
179.932	3655.73
179.957	3655.73
179.987	3655.73
180.012	3655.73
180.037	3655.73
180.067	3655.73
180.102	3655.73
180.137	3655.73
180.162	3655.73
180.187	3655.73
180.212	3655.73
180.237	3655.73
180.267	3655.73
180.292	3655.73
180.337	3655.73
180.362	3655.73
180.387	3655.73
180.412	3655.73
180.437	3655.73
180.467	3655.73
180.502	3949.19
180.532	3733.22
180.562	3733.22
180.602	3733.22
180.637	3733.22
180.667	3733.22
180.702	3733.22
180.737	3733.22
180.767	3733.22
180.802	3733.22
180.837	3733.22
180.867	3733.22
180.902	3733.22
180.937	3733.22
180.967	3733.22
181.002	3733.22
181.037	3733.22
181.067	3733.22
181.102	3733.22
181.137	3733.22
181.167	3733.22
181.202	3733.22
181.232	3733.22
181.267	3733.22
181.302	3733.22
181.337	3733.22
181.367	3733.22
181.402	3733.22
181.437	3733.22
181.467	3733.22
181.502	3733.22
181.537	3733.22
181.567	3733.22
181.602	3733.22
181.637	3733.22
181.667	3733.22
181.702	3733.22
181.737	3733.22
181.767	3733.22
181.802	3733.22
181.837	3733.22
181.867	3733.22
181.902	3733.22
181.937	3733.22
181.967	3733.22
182.002	3733.22
182.037	3733.22
182.067	3733.22
182.102	3733.22
182.137	3733.22
182.167	3733.22
182.202	3733.22
182.237	3733.22
182.267	3733.22
182.302	3733.22
182.337	3733.22
182.367	3733.22
182.392	3733.22
182.422	3733.22
182.447	3733.22
182.472	3733.22
182.502	3733.22
182.537	3733.22
182.567	3733.22
182.597	3733.22
182.622	3733.22
182.647	3463.44
182.672	3463.44
182.702	3463.44
182.737	3463.44
182.767	3463.44
182.802	3463.44
182.837	3463.44
182.867	3463.44
182.902	3463.44
182.937	3463.44
182.967	3463.44
183.002	3463.44
183.037	3463.44
183.067	3463.44
183.102	3463.44
183.137	3463.44
183.167	3463.44
183.202	3463.44
183.237	3463.44
183.267	3463.44
183.302	3463.44
183.337	3463.44
183.367	3463.44
183.402	3463.44
183.432	3463.44
183.467	3463.44
183.502	3463.44
183.532	3463.44
183.567	3463.44
183.602	3463.44
183.632	3463.44
183.667	3463.44
183.702	3463.44
183.732	3463.44
183.767	3463.44
183.802	3463.44
183.832	3463.44
183.867	3463.44
183.902	3463.44
183.932	3463.44
183.967	3463.44
184.002	3463.44
184.032	3463.44
184.067	3463.44
184.102	3463.44
184.132	3463.44
184.162	3463.44
184.202	3463.44
184.232	3463.44
184.267	3463.44
184.302	3463.44
184.332	3463.44
184.367	3463.44
184.402	3463.44
184.432	3463.44
184.467	3463.44
184.502	3463.44
184.532	3463.44
184.567	3463.44
184.602	3463.44
184.632	3463.44
184.667	3463.44
184.702	3463.44
184.732	3741.51
184.767	3741.51
184.802	3741.51
184.832	3741.51
184.867	3741.51
184.902	3741.51
184.932	3741.51
184.957	3741.51
184.987	3741.51
185.012	3741.51
185.037	3741.51
185.067	3741.51
185.102	3741.51
185.132	3741.51
185.162	3741.51
185.187	3741.51
185.212	3741.51
185.237	3741.51
185.267	3741.51
185.302	3741.51
185.332	3741.51
185.362	3741.51
185.387	3741.51
185.412	3741.51
185.437	3741.51
185.462	3741.51
185.487	3741.51
185.512	3741.51
185.537	3741.51
185.562	3741.51
185.587	3741.51
185.612	3741.51
185.637	3741.51
185.667	3741.51
185.702	3741.51
185.732	4041.83
185.767	4041.83
185.802	3655.02
185.832	3655.02
185.862	3655.02
185.902	3655.02
185.932	3655.02
185.967	3655.02
186.002	3655.02
186.032	3655.02
186.067	3655.02
186.102	3655.02
186.132	3655.02
186.167	3655.02
186.202	3655.02
186.232	3655.02
186.267	3655.02
186.302	3655.02
186.327	3655.02
186.367	3655.02
186.402	3655.02
186.432	3655.02
186.467	3655.02
186.502	3655.02
186.532	3655.02
186.567	3655.02
186.602	3655.02
186.632	3655.02
186.667	3655.02
186.702	3655.02
186.732	3655.02
186.767	3655.02
186.802	3655.02
186.832	3655.02
186.867	3655.02
186.902	3655.02
186.932	3655.02
186.967	3655.02
187.002	3655.02
187.032	3655.02
187.067	3655.02
187.102	3655.02
187.132	3655.02
187.157	3655.02
187.202	3655.02
187.232	3655.02
187.257	3655.02
187.302	3655.02
187.332	3655.02
187.357	3655.02
187.387	3655.02
187.412	3655.02
187.437	3655.02
187.467	3655.02
187.502	3655.02
187.532	3655.02
187.557	3655.02
187.602	3655.02
187.632	3655.02
187.657	3655.02
187.702	3655.02
187.732	3655.02
187.762	3655.02
187.802	3655.02
187.832	3655.02
187.867	3655.02
187.902	3390.88
187.932	3390.88
187.967	3390.88
188.002	3390.88
188.027	3390.88
188.067	3390.88
188.102	3390.88
188.132	3390.88
188.167	3390.88
188.202	3390.88
188.232	3390.88
188.267	3390.88
188.302	3390.88
188.332	3390.88
188.367	3390.88
188.402	3390.88
188.432	3390.88
188.467	3390.88
188.502	3390.88
188.532	3390.88
188.567	3390.88
188.602	3390.88
188.632	3390.88
188.667	3390.88
188.702	3390.88
188.732	3390.88
188.767	3390.88
188.802	3390.88
188.832	3390.88
188.867	3390.88
188.902	3390.88
188.932	3390.88
188.967	3390.88
189.002	3390.88
189.032	3390.88
189.067	3390.88
189.102	3390.88
189.132	3390.88
189.167	3390.88
189.202	3390.88
189.232	3390.88
189.267	3390.88
189.302	3390.88
189.332	3390.88
189.367	3390.88
189.402	3390.88
189.432	3390.88
189.467	3390.88
189.502	3390.88
189.532	3390.88
189.567	3390.88
189.602	3390.88
189.632	3390.88
189.667	3390.88
189.697	3390.88
189.732	3390.88
189.767	3390.88
189.802	3390.88
189.832	3390.88
189.867	3390.88
189.902	3390.88
189.932	3390.88
189.967	3390.88
190.002	3663.15
190.032	3663.15
190.067	3663.15
190.102	3663.15
190.127	3663.15
190.167	3663.15
190.202	3663.15
190.232	3663.15
190.267	3663.15
190.302	3663.15
190.332	3663.15
190.367	3663.15
190.402	3663.15
190.432	3663.15
190.467	3663.15
190.502	3663.15
190.527	3663.15
190.557	3663.15
190.602	3663.15
190.632	3663.15
190.667	3663.15
190.702	3663.15
190.727	3663.15
190.767	3663.15
190.802	3663.15
190.827	3663.15
190.867	3663.15
190.902	3663.15
190.932	3663.15
190.967	3663.15
191.002	3957.21
191.032	3640.32
191.067	3640.32
191.102	3640.32
191.132	3640.32
191.167	3640.32
191.202	3640.32
191.227	3640.32
191.267	3640.32
191.302	3640.32
191.332	3640.32
191.367	3640.32
191.402	3640.32
191.432	3640.32
191.467	3640.32
191.502	3640.32
191.532	3640.32
191.567	3640.32
191.602	3640.32
191.632	3640.32
191.667	3640.32
191.702	3640.32
191.732	3640.32
191.767	3640.32
191.802	3640.32
191.827	3640.32
191.867	3640.32
191.902	3640.32
191.932	3640.32
191.967	3640.32
192.002	3640.32
192.032	3640.32
192.067	3640.32
192.102	3640.32
192.132	3640.32
192.167	3640.32
192.202	3640.32
192.232	3640.32
192.267	3640.32
192.302	3640.32
192.332	3640.32
192.357	3640.32
192.402	3640.32
192.432	3640.32
192.467	3640.32
192.497	3640.32
192.532	3640.32
192.562	3640.32
192.602	3640.32
192.632	3640.32
192.657	3640.32
192.692	3640.32
192.717	3640.32
192.742	3640.32
192.767	3640.32
192.802	3640.32
192.832	3640.32
192.857	3640.32
192.902	3640.32
192.932	3640.32
192.967	3640.32
193.002	3640.32
193.027	3640.32
193.052	3640.32
193.077	3640.32
193.102	3640.32
193.132	3363.03
193.167	3363.03
193.202	3363.03
193.232	3363.03
193.267	3363.03
193.302	3363.03
193.327	3363.03
193.367	3363.03
193.402	3363.03
193.432	3363.03
193.467	3363.03
193.502	3363.03
193.532	3363.03
193.567	3363.03
193.602	3363.03
193.632	3363.03
193.667	3363.03
193.702	3363.03
193.732	3363.03
193.767	3363.03
193.802	3363.03
193.832	3363.03
193.867	3363.03
193.902	3363.03
193.932	3363.03
193.967	3363.03
194.002	3363.03
194.032	3363.03
194.067	3363.03
194.102	3363.03
194.132	3363.03
194.167	3363.03
194.202	3363.03
194.232	3363.03
194.267	3363.03
194.302	3363.03
194.332	3363.03
194.367	3363.03
194.402	3363.03
194.432	3363.03
194.467	3363.03
194.502	3363.03
194.532	3363.03
194.567	3363.03
194.602	3363.03
194.632	3363.03
194.667	3363.03
194.702	3363.03
194.732	3363.03
194.767	3363.03
194.802	3363.03
194.832	3363.03
194.867	3363.03
194.902	3363.03
194.932	3363.03
194.967	3363.03
195.002	3363.03
195.032	3363.03
195.067	3363.03
195.102	3363.03
195.132	3363.03
195.167	3363.03
195.202	3363.03
195.232	3633.07
195.267	3633.07
195.302	3633.07
195.332	3633.07
195.367	3633.07
195.402	3633.07
195.432	3633.07
195.467	3633.07
195.502	3633.07
195.532	3633.07
195.557	3633.07
195.602	3633.07
195.632	3633.07
195.667	3633.07
195.702	3633.07
195.727	3633.07
195.752	3633.07
195.777	3633.07
195.802	3633.07
195.832	3633.07
195.857	3633.07
195.887	3633.07
195.912	3633.07
195.937	3633.07
195.967	3633.07
196.002	3633.07
196.032	3633.07
196.057	3633.07
196.102	3633.07
196.132	3633.07
196.167	3633.07
196.202	3633.07
196.232	3924.72
196.267	3924.72
196.302	3694.75
196.332	3694.75
196.362	3694.75
196.402	3694.75
196.432	3694.75
196.462	3694.75
196.502	3694.75
196.532	3694.75
196.562	3694.75
196.602	3694.75
196.632	3694.75
196.657	3694.75
196.702	3694.75
196.732	3694.75
196.767	3694.75
196.802	3694.75
196.832	3694.75
196.867	3694.75
196.902	3694.75
196.932	3694.75
196.967	3694.75
197.002	3694.75
197.032	3694.75
197.067	3694.75
197.102	3694.75
197.132	3694.75
197.167	3694.75
197.197	3694.75
197.232	3694.75
197.262	3694.75
197.302	3694.75
197.332	3694.75
197.367	3694.75
197.402	3694.75
197.432	3694.75
197.467	3694.75
197.502	3694.75
197.532	3694.75
197.567	3694.75
197.602	3694.75
197.632	3694.75
197.667	3694.75
197.702	3694.75
197.732	3694.75
197.767	3694.75
197.802	3694.75
197.832	3694.75
197.867	3694.75
197.902	3694.75
197.932	3694.75
197.967	3694.75
198.002	3694.75
198.027	3694.75
198.057	3694.75
198.102	3694.75
198.127	3694.75
198.157	3694.75
198.192	3694.75
198.217	3694.75
198.242	3694.75
198.267	3694.75
198.302	3694.75
198.332	3694.75
198.367	3694.75
198.402	3442.18
198.427	3442.18
198.467	3442.18
198.502	3442.18
198.532	3442.18
198.567	3442.18
198.602	3442.18
198.632	3442.18
198.667	3442.18
198.702	3442.18
198.732	3442.18
198.767	3442.18
198.792	3442.18
198.832	3442.18
198.867	3442.18
198.902	3442.18
198.932	3442.18
198.967	3442.18
199.002	3442.18
199.032	3442.18
199.067	3442.18
199.102	3442.18
199.127	3442.18
199.167	3442.18
199.202	3442.18
199.232	3442.18
199.267	3442.18
199.302	3442.18
199.332	3442.18
199.367	3442.18
199.392	3442.18
199.432	3442.18
199.467	3442.18
199.497	3442.18
199.532	3442.18
199.567	3442.18
199.602	3442.18
199.627	3442.18
199.667	3442.18
199.702	3442.18
199.732	3442.18
199.767	3442.18
199.802	3442.18
199.832	3442.18
199.867	3442.18
199.902	3442.18
199.932	3442.18
199.967	3442.18
200.002	3442.18
200.032	3442.18
200.067	3442.18
200.102	3442.18
200.132	3442.18
200.167	3442.18
200.202	3442.18
200.232	3442.18
200.267	3442.18
200.302	3442.18
200.332	3442.18
200.367	3442.18
200.402	3442.18
200.432	3442.18
200.467	3442.18
200.502	3718.56
200.527	3718.56
200.557	3718.56
200.602	3718.56
200.632	3718.56
200.667	3718.56
200.702	3718.56
200.727	3718.56
200.767	3718.56
200.802	3718.56
200.827	3718.56
200.867	3718.56
200.902	3718.56
200.932	3718.56
200.967	3718.56
201.002	3718.56
201.032	3718.56
201.067	3718.56
201.102	3718.56
201.127	3718.56
201.167	3718.56
201.202	3718.56
201.232	3718.56
201.267	3718.56
201.302	3718.56
201.332	3718.56
201.367	3718.56
201.402	3718.56
201.432	3718.56
201.467	3718.56
201.502	4017.04
201.532	3656.14
201.567	3656.14
201.602	3656.14
201.632	3656.14
201.667	3656.14
201.702	3656.14
201.732	3656.14
201.767	3656.14
201.802	3656.14
201.832	3656.14
201.867	3656.14
201.902	3656.14
201.932	3656.14
201.962	3656.14
202.002	3656.14
202.032	3656.14
202.067	3656.14
202.102	3656.14
202.132	3656.14
202.157	3656.14
202.202	3656.14
202.232	3656.14
202.267	3656.14
202.302	3656.14
202.332	3656.14
202.367	3656.14
202.402	3656.14
202.432	3656.14
202.467	3656.14
202.502	3656.14
202.532	3656.14
202.567	3656.14
202.602	3949.63
202.632	3949.63
202.667	3949.63
202.702	3949.63
202.732	3949.63
202.767	3949.63
202.802	3949.63
202.832	3949.63
202.867	3949.63
202.902	3949.63
202.927	3949.63
202.952	3949.63
202.977	3949.63
203.002	3949.63
203.032	3949.63
203.067	3949.63
203.102	3949.63
203.132	3949.63
203.167	3949.63
203.192	3949.63
203.217	3949.63
203.242	3949.63
203.267	3949.63
203.302	3949.63
203.332	3949.63
203.367	3949.63
203.402	3949.63
203.427	3949.63
203.467	3949.63
203.502	3949.63
203.527	3949.63
203.567	3949.63
203.602	4266.6
203.627	3683.27
203.667	3683.27
203.702	3683.27
203.732	3683.27
203.767	3683.27
203.802	3683.27
203.832	3683.27
203.867	3683.27
203.902	3683.27
203.932	3683.27
203.967	3683.27
204.002	3683.27
204.032	3683.27
204.067	3683.27
204.102	3683.27
204.132	3683.27
204.167	3683.27
204.202	3683.27
204.232	3683.27
204.267	3683.27
204.302	3683.27
204.332	3683.27
204.367	3683.27
204.402	3683.27
204.432	3683.27
204.467	3683.27
204.502	3683.27
204.532	3683.27
204.567	3683.27
204.602	3683.27
204.632	3683.27
204.667	3683.27
204.692	3683.27
204.732	3683.27
204.767	3683.27
204.792	3683.27
204.832	3683.27
204.867	3683.27
204.902	3683.27
204.932	3683.27
204.967	3683.27
205.002	3683.27
205.027	3683.27
205.067	3683.27
205.102	3683.27
205.127	3683.27
205.157	3683.27
205.202	3683.27
205.232	3683.27
205.257	3683.27
205.302	3683.27
205.332	3683.27
205.367	3683.27
205.402	3683.27
205.432	3683.27
205.467	3683.27
205.502	3683.27
205.532	3683.27
205.557	3683.27
205.602	3683.27
205.632	3683.27
205.667	3683.27
205.702	3683.27
205.732	3388.32
205.757	3388.32
205.802	3388.32
205.832	3388.32
205.867	3388.32
205.902	3388.32
205.932	3388.32
205.967	3388.32
206.002	3388.32
206.032	3388.32
206.067	3388.32
206.102	3388.32
206.132	3388.32
206.167	3388.32
206.202	3388.32
206.232	3388.32
206.267	3388.32
206.302	3388.32
206.332	3388.32
206.367	3388.32
206.402	3388.32
206.432	3388.32
206.467	3388.32
206.502	3388.32
206.532	3388.32
206.567	3388.32
206.602	3388.32
206.632	3388.32
206.667	3388.32
206.702	3388.32
206.732	3388.32
206.767	3388.32
206.792	3388.32
206.832	3388.32
206.867	3388.32
206.902	3388.32
206.932	3388.32
206.967	3388.32
207.002	3388.32
207.032	3388.32
207.067	3388.32
207.102	3388.32
207.132	3388.32
207.167	3388.32
207.202	3388.32
207.232	3388.32
207.267	3388.32
207.302	3388.32
207.332	3388.32
207.367	3388.32
207.402	3388.32
207.432	3388.32
207.467	3388.32
207.502	3388.32
207.532	3388.32
207.567	3388.32
207.602	3388.32
207.632	3388.32
207.667	3388.32
207.702	3388.32
207.732	3388.32
207.767	3388.32
207.802	3388.32
207.832	3388.32
207.867	3388.32
207.902	3388.32
207.932	3388.32
207.967	3388.32
208.002	3388.32
208.032	3388.32
208.067	3388.32
208.102	3388.32
208.132	3388.32
208.167	3388.32
208.202	3388.32
208.232	3388.32
208.267	3388.32
208.302	3388.32
208.332	3388.32
208.367	3388.32
208.402	3388.32
208.432	3388.32
208.467	3388.32
208.502	3388.32
208.532	3388.32
208.557	3388.32
208.602	3388.32
208.632	3388.32
208.667	3388.32
208.702	3388.32
208.732	3388.32
208.767	3388.32
208.802	3388.32
208.832	3388.32
208.867	3388.32
208.902	3660.39
208.932	3660.39
208.967	3660.39
209.002	3660.39
209.032	3660.39
209.067	3660.39
209.102	3660.39
209.132	3660.39
209.167	3660.39
209.192	3660.39
209.217	3660.39
209.242	3660.39
209.267	3660.39
209.302	3660.39
209.332	3660.39
209.367	3660.39
209.402	3660.39
209.432	3660.39
209.462	3660.39
209.497	3660.39
209.522	3660.39
209.547	3660.39
209.572	3660.39
209.602	3660.39
209.632	3660.39
209.662	3660.39
209.702	3660.39
209.732	3660.39
209.762	3660.39
209.802	3660.39
209.832	3660.39
209.862	3660.39
209.902	3954.22
209.932	3606.68
209.967	3606.68
210.002	3606.68
210.032	3606.68
210.067	3606.68
210.092	3606.68
210.132	3606.68
210.167	3606.68
210.202	3606.68
210.232	3606.68
210.267	3606.68
210.302	3606.68
210.332	3606.68
210.367	3606.68
210.392	3606.68
210.432	3606.68
210.467	3606.68
210.502	3606.68
210.532	3606.68
210.567	3606.68
210.602	3606.68
210.632	3606.68
210.667	3606.68
210.702	3606.68
210.732	3606.68
210.767	3606.68
210.802	3606.68
210.832	3606.68
210.867	3606.68
210.902	3606.68
210.932	3606.68
210.967	3606.68
211.002	3606.68
211.032	3606.68
211.067	3606.68
211.102	3606.68
211.132	3606.68
211.167	3606.68
211.202	3606.68
211.232	3606.68
211.267	3606.68
211.302	3606.68
211.332	3606.68
211.367	3606.68
211.402	3606.68
211.432	3606.68
211.467	3606.68
211.502	3606.68
211.532	3606.68
211.567	3606.68
211.602	3606.68
211.632	3606.68
211.667	3606.68
211.702	3606.68
211.727	3606.68
211.762	3606.68
211.802	3606.68
211.832	3606.68
211.857	3606.68
211.902	3606.68
211.932	3606.68
211.967	3606.68
212.002	3606.68
212.032	3346.04
212.067	3346.04
212.102	3346.04
212.132	3346.04
212.167	3346.04
212.202	3346.04
212.232	3346.04
212.267	3346.04
212.302	3346.04
212.332	3346.04
212.367	3346.04
212.397	3346.04
212.432	3346.04
212.467	3346.04
212.502	3346.04
212.532	3346.04
212.567	3346.04
212.602	3346.04
212.632	3346.04
212.667	3346.04
212.702	3346.04
212.732	3346.04
212.767	3346.04
212.802	3346.04
212.832	3346.04
212.867	3346.04
212.902	3346.04
212.932	3346.04
212.967	3346.04
213.002	3346.04
213.032	3346.04
213.062	3346.04
213.102	3346.04
213.132	3346.04
213.167	3346.04
213.192	3346.04
213.232	3346.04
213.267	3346.04
213.302	3346.04
213.332	3346.04
213.367	3346.04
213.397	3346.04
213.432	3346.04
213.467	3346.04
213.502	3346.04
213.532	3346.04
213.567	3346.04
213.602	3346.04
213.627	3346.04
213.667	3346.04
213.702	3346.04
213.732	3346.04
213.767	3346.04
213.802	3346.04
213.832	3346.04
213.867	3346.04
213.902	3346.04
213.932	3346.04
213.967	3346.04
214.002	3346.04
214.032	3346.04
214.057	3346.04
214.102	3346.04
214.132	3346.04
214.167	3346.04
214.202	3346.04
214.232	3346.04
214.267	3346.04
214.302	3346.04
214.332	3346.04
214.367	3346.04
214.402	3346.04
214.432	3346.04
214.467	3346.04
214.502	3346.04
214.532	3346.04
214.567	3346.04
214.602	3346.04
214.632	3346.04
214.667	3346.04
214.702	3346.04
214.732	3346.04
214.767	3346.04
214.802	3346.04
214.832	3346.04
214.867	3346.04
214.902	3346.04
214.932	3346.04
214.967	3346.04
215.002	3346.04
215.032	3346.04
215.067	3346.04
215.097	3346.04
215.132	3346.04
215.167	3346.04
215.202	3346.04
215.232	3346.04
215.267	3346.04
215.302	3346.04
215.332	3346.04
215.367	3346.04
215.392	3346.04
215.432	3346.04
215.467	3346.04
215.502	3346.04
215.532	3346.04
215.567	3346.04
215.602	3346.04
215.632	3346.04
215.667	3346.04
215.692	3346.04
215.732	3346.04
215.767	3346.04
215.802	3346.04
215.827	3346.04
215.867	3346.04
215.902	3346.04
215.932	3346.04
215.967	3346.04
216.002	3346.04
216.032	3346.04
216.067	3346.04
216.102	3346.04
216.132	3346.04
216.167	3346.04
216.202	3346.04
216.232	3346.04
216.267	3346.04
216.302	3346.04
216.332	3346.04
216.367	3346.04
216.402	3346.04
216.432	3346.04
216.467	3346.04
216.502	3346.04
216.532	3346.04
216.567	3346.04
216.602	3346.04
216.632	3346.04
216.667	3346.04
216.702	3346.04
216.732	3346.04
216.767	3346.04
216.802	3346.04
216.832	3346.04
216.867	3346.04
216.897	3346.04
216.932	3346.04
216.967	3346.04
217.002	3346.04
217.032	3346.04
217.067	3346.04
217.102	3346.04
217.132	3346.04
217.167	3346.04
217.202	3346.04
217.232	3346.04
217.267	3346.04
217.302	3614.72
217.332	3614.72
217.367	3614.72
217.402	3614.72
217.432	3614.72
217.467	3614.72
217.502	3614.72
217.532	3614.72
217.567	3614.72
217.602	3614.72
217.632	3614.72
217.667	3614.72
217.702	3614.72
217.732	3614.72
217.767	3614.72
217.802	3614.72
217.832	3614.72
217.867	3614.72
217.902	3614.72
217.932	3614.72
217.967	3614.72
218.002	3614.72
218.032	3614.72
218.057	3614.72
218.102	3614.72
218.132	3614.72
218.157	3614.72
218.202	3614.72
218.232	3614.72
218.267	3614.72
218.302	3904.9
218.332	3904.9
218.367	3904.9
218.392	3904.9
218.417	3904.9
218.442	3904.9
218.467	3904.9
218.502	3904.9
218.532	3904.9
218.562	3904.9
218.602	3904.9
218.632	3904.9
218.667	3904.9
218.702	3904.9
218.732	3904.9
218.767	3904.9
218.802	3904.9
218.832	3904.9
218.857	3904.9
218.887	3904.9
218.912	3904.9
218.937	3904.9
218.962	3904.9
219.002	3904.9
219.032	3904.9
219.067	3904.9
219.102	3904.9
219.132	3904.9
219.162	3904.9
219.202	3904.9
219.232	3904.9
219.257	3904.9
219.282	3904.9
219.307	3904.9
219.332	3904.9
219.357	3904.9
219.402	3470.18
219.432	3470.18
219.467	3470.18
219.502	3470.18
219.532	3470.18
219.567	3470.18
219.592	3470.18
219.632	3470.18
219.667	3470.18
219.692	3470.18
219.732	3470.18
219.767	3470.18
219.802	3470.18
219.832	3470.18
219.867	3470.18
219.902	3470.18
219.932	3470.18
219.967	3470.18
220.002	3470.18
220.032	3470.18
220.067	3470.18
220.102	3470.18
220.132	3470.18
220.167	3470.18
220.202	3470.18
220.232	3470.18
220.262	3470.18
220.292	3470.18
220.332	3470.18
220.367	3470.18
220.402	3470.18
220.432	3470.18
220.467	3470.18
220.497	3470.18
220.532	3470.18
220.567	3470.18
220.602	3470.18
220.632	3470.18
220.667	3470.18
220.702	3470.18
220.732	3470.18
220.767	3470.18
220.797	3470.18
220.832	3470.18
220.867	3470.18
220.902	3470.18
220.932	3470.18
220.962	3470.18
221.002	3470.18
221.032	3470.18
221.067	3470.18
221.102	3470.18
221.132	3470.18
221.167	3470.18
221.202	3470.18
221.232	3470.18
221.267	3470.18
221.297	3470.18
221.332	3470.18
221.367	3470.18
221.402	3470.18
221.432	3470.18
221.467	3470.18
221.502	3470.18
221.532	3470.18
221.567	3470.18
221.602	3470.18
221.632	3470.18
221.667	3470.18
221.702	3470.18
221.732	3470.18
221.767	3470.18
221.802	3470.18
221.832	3470.18
221.867	3470.18
221.902	3470.18
221.932	3470.18
221.967	3470.18
222.002	3470.18
222.032	3470.18
222.067	3470.18
222.102	3470.18
222.132	3470.18
222.167	3470.18
222.202	3470.18
222.232	3470.18
222.267	3470.18
222.302	3470.18
222.332	3470.18
222.367	3470.18
222.402	3470.18
222.432	3470.18
222.467	3470.18
222.502	3470.18
222.532	3748.79
222.567	3748.79
222.602	3748.79
222.632	3748.79
222.667	3748.79
222.702	3748.79
222.727	3748.79
222.767	3748.79
222.802	3748.79
222.832	3748.79
222.867	3748.79
222.902	3748.79
222.932	3748.79
222.967	3748.79
223.002	3748.79
223.032	3748.79
223.067	3748.79
223.102	3748.79
223.132	3748.79
223.167	3748.79
223.202	3748.79
223.232	3748.79
223.267	3748.79
223.302	3748.79
223.332	3748.79
223.367	3748.79
223.402	3748.79
223.432	3748.79
223.467	3748.79
223.502	3748.79
223.532	4049.69
223.567	4049.69
223.602	3749.13
223.632	3749.13
223.667	3749.13
223.702	3749.13
223.732	3749.13
223.767	3749.13
223.802	3749.13
223.832	3749.13
223.867	3749.13
223.902	3749.13
223.932	3749.13
223.967	3749.13
224.002	3749.13
224.032	3749.13
224.067	3749.13
224.102	3749.13
224.132	3749.13
224.167	3749.13
224.202	3749.13
224.232	3749.13
224.267	3749.13
224.302	3749.13
224.332	3749.13
224.367	3749.13
224.402	3749.13
224.432	3749.13
224.467	3749.13
224.502	3749.13
224.532	3749.13
224.567	3749.13
224.602	3749.13
224.632	3749.13
224.667	3749.13
224.702	3749.13
224.732	3749.13
224.767	3749.13
224.802	3749.13
224.832	3749.13
224.857	3749.13
224.882	3749.13
224.907	3749.13
224.932	3749.13
224.962	3749.13
225.002	3749.13
225.032	3749.13
225.062	3749.13
225.102	3749.13
225.132	3749.13
225.157	3749.13
225.202	3749.13
225.232	3749.13
225.257	3749.13
225.302	3749.13
225.332	3749.13
225.362	3749.13
225.402	3749.13
225.432	3749.13
225.457	3749.13
225.502	3749.13
225.532	3749.13
225.567	3749.13
225.602	3749.13
225.632	3749.13
225.667	3749.13
225.702	3324.42
225.732	3324.42
225.762	3324.42
225.802	3324.42
225.832	3324.42
225.867	3324.42
225.902	3324.42
225.932	3324.42
225.967	3324.42
226.002	3324.42
226.032	3324.42
226.067	3324.42
226.102	3324.42
226.132	3324.42
226.167	3324.42
226.202	3324.42
226.232	3324.42
226.267	3324.42
226.302	3324.42
226.332	3324.42
226.367	3324.42
226.402	3324.42
226.432	3324.42
226.467	3324.42
226.502	3324.42
226.532	3324.42
226.567	3324.42
226.602	3324.42
226.632	3324.42
226.667	3324.42
226.702	3324.42
226.732	3324.42
226.757	3324.42
226.787	3324.42
226.812	3324.42
226.837	3324.42
226.867	3324.42
226.902	3324.42
226.932	3324.42
226.967	3324.42
227.002	3324.42
227.032	3324.42
227.067	3324.42
227.102	3324.42
227.132	3324.42
227.167	3324.42
227.202	3324.42
227.232	3324.42
227.267	3324.42
227.302	3324.42
227.332	3324.42
227.367	3324.42
227.402	3324.42
227.432	3324.42
227.467	3324.42
227.502	3324.42
227.532	3324.42
227.567	3324.42
227.602	3324.42
227.632	3324.42
227.667	3324.42
227.702	3324.42
227.732	3324.42
227.767	3324.42
227.802	3591.38
227.832	3591.38
227.867	3591.38
227.902	3591.38
227.932	3591.38
227.967	3591.38
228.002	3591.38
228.032	3591.38
228.062	3591.38
228.092	3591.38
228.132	3591.38
228.157	3591.38
228.202	3591.38
228.232	3591.38
228.267	3591.38
228.302	3591.38
228.332	3591.38
228.357	3591.38
228.402	3591.38
228.432	3591.38
228.467	3591.38
228.502	3591.38
228.527	3591.38
228.552	3591.38
228.577	3591.38
228.602	3591.38
228.632	3591.38
228.667	3591.38
228.702	3591.38
228.732	3591.38
228.767	3591.38
228.802	3879.69
228.832	3682.67
228.867	3682.67
228.902	3682.67
228.932	3682.67
228.967	3682.67
229.002	3682.67
229.032	3682.67
229.067	3682.67
229.102	3682.67
229.132	3682.67
229.167	3682.67
229.202	3682.67
229.232	3682.67
229.267	3682.67
229.302	3682.67
229.332	3682.67
229.367	3682.67
229.402	3682.67
229.432	3682.67
229.467	3682.67
229.502	3682.67
229.532	3682.67
229.567	3682.67
229.602	3682.67
229.632	3682.67
229.662	3682.67
229.702	3682.67
229.732	3682.67
229.767	3682.67
229.802	3682.67
229.832	3682.67
229.867	3682.67
229.902	3682.67
229.932	3682.67
229.967	3682.67
230.002	3682.67
230.032	3682.67
230.067	3682.67
230.102	3682.67
230.132	3682.67
230.167	3682.67
230.202	3682.67
230.232	3682.67
230.267	3682.67
230.302	3682.67
230.332	3682.67
230.367	3682.67
230.402	3682.67
230.432	3682.67
230.467	3682.67
230.502	3682.67
230.532	3682.67
230.567	3682.67
230.602	3682.67
230.632	3682.67
230.667	3682.67
230.702	3682.67
230.732	3682.67
230.757	3682.67
230.802	3682.67
230.827	3682.67
230.867	3682.67
230.902	3682.67
230.932	3474.08
230.967	3474.08
230.997	3474.08
231.022	3474.08
231.047	3474.08
231.072	3474.08
231.102	3474.08
231.132	3474.08
231.167	3474.08
231.202	3474.08
231.232	3474.08
231.267	3474.08
231.302	3474.08
231.332	3474.08
231.367	3474.08
231.402	3474.08
231.432	3474.08
231.467	3474.08
231.502	3474.08
231.532	3474.08
231.567	3474.08
231.602	3474.08
231.632	3474.08
231.667	3474.08
231.702	3474.08
231.732	3474.08
231.767	3474.08
231.802	3474.08
231.832	3474.08
231.867	3474.08
231.902	3474.08
231.932	3474.08
231.967	3474.08
232.002	3474.08
232.032	3474.08
232.067	3474.08
232.102	3474.08
232.132	3474.08
232.167	3474.08
232.202	3474.08
232.232	3474.08
232.267	3474.08
232.302	3474.08
232.332	3474.08
232.367	3474.08
232.402	3474.08
232.432	3474.08
232.467	3474.08
232.502	3474.08
232.532	3474.08
232.567	3474.08
232.602	3474.08
232.632	3474.08
232.667	3474.08
232.702	3474.08
232.732	3474.08
232.767	3474.08
232.802	3474.08
232.832	3474.08
232.867	3474.08
232.902	3474.08
232.932	3474.08
232.967	3474.08
233.002	3474.08
233.032	3753.01
233.067	3753.01
233.102	3753.01
233.127	3753.01
233.167	3753.01
233.197	3753.01
233.222	3753.01
233.267	3753.01
233.302	3753.01
233.332	3753.01
233.367	3753.01
233.402	3753.01
233.432	3753.01
233.467	3753.01
233.502	3753.01
233.532	3753.01
233.567	3753.01
233.602	3753.01
233.627	3753.01
233.667	3753.01
233.702	3753.01
233.727	3753.01
233.767	3753.01
233.802	3753.01
233.832	3753.01
233.867	3753.01
233.902	3753.01
233.927	3753.01
233.967	3753.01
234.002	3753.01
234.032	4054.25
234.067	4054.25
234.102	3650.41
234.132	3650.41
234.167	3650.41
234.202	3650.41
234.232	3650.41
234.267	3650.41
234.302	3650.41
234.332	3650.41
234.367	3650.41
234.402	3650.41
234.432	3650.41
234.467	3650.41
234.497	3650.41
234.532	3650.41
234.567	3650.41
234.602	3650.41
234.632	3650.41
234.667	3650.41
234.702	3650.41
234.732	3650.41
234.767	3650.41
234.802	3650.41
234.832	3650.41
234.867	3650.41
234.902	3650.41
234.932	3650.41
234.967	3650.41
235.002	3650.41
235.032	3650.41
235.067	3650.41
235.102	3650.41
235.132	3943.44
235.167	3943.44
235.197	3943.44
235.232	3943.44
235.267	3943.44
235.292	3943.44
235.327	3943.44
235.362	3943.44
235.392	3943.44
235.417	3943.44
235.442	3943.44
235.467	3943.44
235.502	3943.44
235.527	3943.44
235.567	3943.44
235.602	3943.44
235.627	3943.44
235.667	3943.44
235.702	3943.44
235.727	3943.44
235.767	3943.44
235.802	3943.44
235.827	3943.44
235.852	3943.44
235.902	3943.44
235.927	3943.44
235.967	3943.44
236.002	3943.44
236.027	3943.44
236.067	3943.44
236.102	3943.44
236.132	4259.91
236.167	4259.91
236.202	3635.9
236.232	3635.9
236.262	3635.9
236.302	3635.9
236.332	3635.9
236.367	3635.9
236.402	3635.9
236.432	3635.9
236.467	3635.9
236.502	3635.9
236.532	3635.9
236.567	3635.9
236.602	3635.9
236.632	3635.9
236.667	3635.9
236.702	3635.9
236.732	3635.9
236.767	3635.9
236.802	3635.9
236.832	3635.9
236.867	3635.9
236.902	3635.9
236.932	3635.9
236.967	3635.9
237.002	3635.9
237.032	3635.9
237.067	3635.9
237.102	3635.9
237.132	3635.9
237.167	3635.9
237.202	3635.9
237.232	3635.9
237.267	3635.9
237.302	3635.9
237.332	3635.9
237.357	3635.9
237.392	3635.9
237.422	3635.9
237.467	3635.9
237.502	3635.9
237.527	3635.9
237.552	3635.9
237.577	3635.9
237.602	3635.9
237.632	3635.9
237.662	3635.9
237.702	3635.9
237.732	3635.9
237.767	3635.9
237.802	3635.9
237.832	3635.9
237.867	3635.9
237.902	3635.9
237.932	3635.9
237.967	3635.9
238.002	3635.9
238.032	3635.9
238.067	3635.9
238.097	3635.9
238.122	3635.9
238.152	3635.9
238.177	3635.9
238.202	3635.9
238.232	3635.9
238.267	3635.9
238.302	3380.25
238.332	3380.25
238.362	3380.25
238.402	3380.25
238.432	3380.25
238.467	3380.25
238.502	3380.25
238.532	3380.25
238.567	3380.25
238.602	3380.25
238.632	3380.25
238.667	3380.25
238.702	3380.25
238.732	3380.25
238.767	3380.25
238.802	3380.25
238.832	3380.25
238.867	3380.25
238.902	3380.25
238.932	3380.25
238.967	3380.25
239.002	3380.25
239.032	3380.25
239.067	3380.25
239.092	3380.25
239.132	3380.25
239.167	3380.25
239.202	3380.25
239.232	3380.25
239.267	3380.25
239.292	3380.25
239.332	3380.25
239.367	3380.25
239.402	3380.25
239.427	3380.25
239.467	3380.25
239.502	3380.25
239.532	3380.25
239.567	3380.25
239.602	3380.25
239.632	3380.25
239.667	3380.25
239.702	3380.25
239.732	3380.25
239.767	3380.25
239.802	3380.25
239.832	3380.25
239.867	3380.25
239.902	3380.25
239.932	3380.25
239.967	3380.25
240.002	3380.25
240.032	3380.25
240.067	3380.25
240.102	3380.25
240.132	3380.25
240.167	3380.25
240.202	3380.25
240.232	3380.25
240.267	3380.25
240.292	3380.25
240.332	3380.25
240.367	3380.25
240.402	3380.25
240.432	3380.25
240.467	3380.25
240.502	3380.25
240.532	3380.25
240.567	3380.25
240.602	3380.25
240.632	3380.25
240.667	3380.25
240.702	3380.25
240.732	3380.25
240.767	3380.25
240.802	3380.25
240.832	3380.25
240.867	3380.25
240.902	3380.25
240.932	3380.25
240.967	3380.25
241.002	3380.25
241.032	3380.25
241.067	3380.25
241.102	3380.25
241.132	3380.25
241.167	3380.25
241.202	3380.25
241.232	3380.25
241.267	3380.25
241.302	3380.25
241.332	3380.25
241.367	3380.25
241.402	3380.25
241.432	3380.25
241.462	3380.25
241.502	3380.25
241.532	3380.25
241.567	3380.25
241.592	3380.25
241.632	3380.25
241.667	3380.25
241.702	3380.25
241.727	3380.25
241.752	3380.25
241.777	3380.25
241.802	3380.25
241.832	3380.25
241.857	3380.25
241.902	3380.25
241.932	3380.25
241.967	3380.25
242.002	3380.25
242.032	3380.25
242.067	3380.25
242.102	3380.25
242.132	3380.25
242.167	3380.25
242.202	3380.25
242.232	3380.25
242.267	3380.25
242.302	3380.25
242.332	3380.25
242.367	3380.25
242.402	3380.25
242.432	3380.25
242.467	3380.25
242.502	3380.25
242.532	3380.25
242.567	3380.25
242.602	3380.25
242.632	3380.25
242.667	3380.25
242.702	3380.25
242.732	3380.25
242.767	3380.25
242.802	3380.25
242.832	3380.25
242.867	3380.25
242.902	3380.25
242.932	3380.25
242.967	3380.25
243.002	3380.25
243.032	3380.25
243.067	3380.25
243.102	3380.25
243.132	3380.25
243.167	3380.25
243.202	3380.25
243.232	3380.25
243.267	3380.25
243.302	3380.25
243.332	3380.25
243.367	3380.25
243.402	3380.25
243.432	3380.25
243.457	3380.25
243.502	3380.25
243.532	3380.25
243.567	3380.25
243.602	3380.25
243.632	3380.25
243.667	3380.25
243.702	3380.25
243.732	3380.25
243.767	3380.25
243.802	3380.25
243.832	3380.25
243.867	3380.25
243.902	3380.25
243.932	3380.25
243.967	3380.25
244.002	3380.25
244.032	3380.25
244.067	3380.25
244.102	3380.25
244.132	3380.25
244.167	3380.25
244.202	3380.25
244.232	3380.25
244.267	3380.25
244.302	3380.25
244.332	3380.25
244.367	3380.25
244.402	3380.25
244.432	3380.25
244.467	3380.25
244.502	3380.25
244.532	3380.25
244.567	3380.25
244.602	3651.67
244.632	3651.67
244.667	3651.67
244.702	3651.67
244.732	3651.67
244.767	3651.67
244.802	3651.67
244.832	3651.67
244.867	3651.67
244.902	3651.67
244.932	3651.67
244.967	3651.67
245.002	3651.67
245.032	3651.67
245.067	3651.67
245.102	3651.67
245.132	3651.67
245.167	3651.67
245.202	3651.67
245.232	3651.67
245.267	3651.67
245.302	3651.67
245.332	3651.67
245.367	3651.67
245.402	3651.67
245.432	3651.67
245.467	3651.67
245.502	3651.67
245.532	3651.67
245.567	3651.67
245.602	3944.81
245.632	3944.81
245.667	3944.81
245.702	3944.81
245.732	3944.81
245.767	3944.81
245.802	3944.81
245.832	3944.81
245.867	3944.81
245.902	3944.81
245.932	3944.81
245.967	3944.81
246.002	3944.81
246.027	3944.81
246.067	3944.81
246.102	3944.81
246.132	3944.81
246.167	3944.81
246.202	3944.81
246.232	3944.81
246.267	3944.81
246.302	3944.81
246.327	3944.81
246.367	3944.81
246.402	3944.81
246.432	3944.81
246.462	3944.81
246.502	3944.81
246.532	3944.81
246.567	3944.81
246.602	3944.81
246.627	3944.81
246.667	3944.81
246.702	3613.5
246.732	3613.5
246.767	3613.5
246.802	3613.5
246.832	3613.5
246.867	3613.5
246.902	3613.5
246.932	3613.5
246.967	3613.5
247.002	3613.5
247.032	3613.5
247.067	3613.5
247.102	3613.5
247.132	3613.5
247.167	3613.5
247.202	3613.5
247.232	3613.5
247.267	3613.5
247.302	3613.5
247.332	3613.5
247.367	3613.5
247.402	3613.5
247.432	3613.5
247.467	3613.5
247.502	3613.5
247.532	3613.5
247.567	3613.5
247.602	3613.5
247.632	3613.5
247.667	3613.5
247.702	3613.5
247.732	3903.58
247.767	3903.58
247.802	3903.58
247.832	3903.58
247.857	3903.58
247.902	3903.58
247.932	3903.58
247.962	3903.58
247.987	3903.58
248.012	3903.58
248.037	3903.58
248.067	3903.58
248.102	3903.58
248.132	3903.58
248.167	3903.58
248.197	3903.58
248.222	3903.58
248.267	3903.58
248.302	3903.58
248.332	3903.58
248.367	3903.58
248.402	3903.58
248.427	3903.58
248.467	3903.58
248.502	3903.58
248.527	3903.58
248.567	3903.58
248.602	3903.58
248.627	3903.58
248.652	3903.58
248.702	3903.58
248.727	4216.87
248.767	4216.87
248.802	3656.82
248.832	3656.82
248.857	3656.82
248.902	3656.82
248.927	3656.82
248.967	3656.82
249.002	3656.82
249.032	3656.82
249.067	3656.82
249.102	3656.82
249.132	3656.82
249.167	3656.82
249.202	3656.82
249.232	3656.82
249.267	3656.82
249.302	3656.82
249.332	3656.82
249.367	3656.82
249.402	3656.82
249.432	3656.82
249.467	3656.82
249.502	3656.82
249.532	3656.82
249.567	3656.82
249.602	3656.82
249.632	3656.82
249.667	3656.82
249.702	3656.82
249.732	3656.82
249.767	3656.82
249.802	3656.82
249.832	3656.82
249.867	3656.82
249.902	3656.82
249.932	3656.82
249.967	3656.82
250.002	3656.82
250.032	3656.82
250.067	3656.82
250.102	3656.82
250.132	3656.82
250.167	3656.82
250.202	3656.82
250.232	3656.82
250.257	3656.82
250.302	3656.82
250.327	3656.82
250.362	3656.82
250.402	3656.82
250.432	3656.82
250.467	3656.82
250.492	3656.82
250.517	3656.82
250.542	3656.82
250.567	3656.82
250.602	3656.82
250.632	3656.82
250.667	3656.82
250.702	3656.82
250.732	3656.82
250.767	3656.82
250.792	3656.82
250.817	3656.82
250.842	3656.82
250.867	3656.82
250.892	3371.13
250.917	3371.13
250.967	3371.13
251.002	3371.13
251.027	3371.13
251.067	3371.13
251.102	3371.13
251.132	3371.13
251.167	3371.13
251.202	3371.13
251.232	3371.13
251.267	3371.13
251.297	3371.13
251.332	3371.13
251.367	3371.13
251.402	3371.13
251.432	3371.13
251.467	3371.13
251.502	3371.13
251.527	3371.13
251.567	3371.13
251.602	3371.13
251.632	3371.13
251.667	3371.13
251.702	3371.13
251.732	3371.13
251.767	3371.13
251.802	3371.13
251.832	3371.13
251.867	3371.13
251.902	3371.13
251.932	3371.13
251.967	3371.13
252.002	3371.13
252.032	3371.13
252.067	3371.13
252.092	3371.13
252.122	3371.13
252.167	3371.13
252.202	3371.13
252.232	3371.13
252.267	3371.13
252.302	3371.13
252.332	3371.13
252.367	3371.13
252.402	3371.13
252.432	3371.13
252.467	3371.13
252.502	3371.13
252.532	3371.13
252.567	3371.13
252.602	3371.13
252.632	3371.13
252.667	3371.13
252.702	3371.13
252.732	3371.13
252.767	3371.13
252.802	3371.13
252.832	3371.13
252.867	3371.13
252.902	3371.13
252.932	3371.13
252.967	3371.13
253.002	3371.13
253.032	3371.13
253.067	3371.13
253.102	3371.13
253.132	3371.13
253.167	3371.13
253.197	3371.13
253.232	3371.13
253.267	3371.13
253.302	3371.13
253.332	3371.13
253.367	3371.13
253.402	3371.13
253.432	3371.13
253.467	3371.13
253.502	3371.13
253.532	3371.13
253.567	3371.13
253.592	3371.13
253.632	3371.13
253.667	3371.13
253.702	3371.13
253.732	3371.13
253.767	3371.13
253.797	3371.13
253.827	3371.13
253.867	3371.13
253.902	3371.13
253.932	3371.13
253.967	3371.13
253.992	3371.13
254.032	3371.13
254.067	3371.13
254.102	3371.13
254.132	3371.13
254.157	3371.13
254.202	3371.13
254.232	3371.13
254.267	3371.13
254.302	3371.13
254.332	3371.13
254.367	3371.13
254.402	3371.13
254.432	3371.13
254.467	3371.13
254.502	3371.13
254.532	3371.13
254.567	3371.13
254.602	3371.13
254.632	3371.13
254.667	3371.13
254.702	3371.13
254.732	3371.13
254.767	3371.13
254.802	3371.13
254.832	3371.13
254.867	3371.13
254.902	3371.13
254.932	3371.13
254.967	3371.13
255.002	3371.13
255.032	3371.13
255.067	3371.13
255.102	3641.82
255.132	3641.82
255.167	3641.82
255.202	3641.82
255.232	3641.82
255.267	3641.82
255.302	3641.82
255.332	3641.82
255.367	3641.82
255.402	3641.82
255.432	3641.82
255.467	3641.82
255.497	3641.82
255.522	3641.82
255.567	3641.82
255.602	3641.82
255.632	3641.82
255.667	3641.82
255.702	3641.82
255.732	3641.82
255.757	3641.82
255.787	3641.82
255.812	3641.82
255.837	3641.82
255.862	3641.82
255.902	3641.82
255.932	3641.82
255.967	3641.82
256.002	3641.82
256.032	3641.82
256.062	3641.82
256.102	3934.16
256.132	3695.96
256.167	3695.96
256.202	3695.96
256.232	3695.96
256.257	3695.96
256.302	3695.96
256.332	3695.96
256.367	3695.96
256.397	3695.96
256.432	3695.96
256.467	3695.96
256.492	3695.96
256.527	3695.96
256.567	3695.96
256.602	3695.96
256.632	3695.96
256.667	3695.96
256.702	3695.96
256.732	3695.96
256.767	3695.96
256.802	3695.96
256.832	3695.96
256.867	3695.96
256.902	3695.96
256.932	3695.96
256.967	3695.96
257.002	3695.96
257.032	3695.96
257.067	3695.96
257.102	3695.96
257.132	3695.96
257.167	3695.96
257.202	3695.96
257.232	3695.96
257.262	3695.96
257.302	3695.96
257.332	3695.96
257.367	3695.96
257.402	3695.96
257.432	3695.96
257.467	3695.96
257.502	3695.96
257.527	3695.96
257.557	3695.96
257.602	3695.96
257.632	3695.96
257.657	3695.96
257.682	3695.96
257.707	3695.96
257.732	3695.96
257.762	3695.96
257.792	3695.96
257.822	3695.96
257.852	3695.96
257.877	3695.96
257.902	3695.96
257.932	3695.96
257.957	3695.96
258.002	3695.96
258.032	3695.96
258.062	3695.96
258.102	3695.96
258.132	3695.96
258.157	3695.96
258.202	3695.96
258.232	3335.03
258.262	3335.03
258.302	3335.03
258.332	3335.03
258.357	3335.03
258.402	3335.03
258.432	3335.03
258.467	3335.03
258.502	3335.03
258.532	3335.03
258.567	3335.03
258.602	3335.03
258.632	3335.03
258.667	3335.03
258.702	3335.03
258.732	3335.03
258.767	3335.03
258.802	3335.03
258.832	3335.03
258.867	3335.03
258.902	3335.03
258.932	3335.03
258.967	3335.03
259.002	3335.03
259.032	3335.03
259.067	3335.03
259.102	3335.03
259.132	3335.03
259.167	3335.03
259.202	3335.03
259.232	3335.03
259.267	3335.03
259.302	3335.03
259.332	3335.03
259.367	3335.03
259.402	3335.03
259.432	3335.03
259.467	3335.03
259.502	3335.03
259.532	3335.03
259.567	3335.03
259.602	3335.03
259.632	3335.03
259.667	3335.03
259.702	3335.03
259.732	3335.03
259.767	3335.03
259.802	3335.03
259.832	3335.03
259.867	3335.03
259.902	3335.03
259.932	3335.03
259.967	3335.03
260.002	3335.03
260.032	3335.03
260.067	3335.03
260.102	3335.03
260.132	3335.03
260.167	3335.03
260.202	3335.03
260.232	3335.03
260.267	3335.03
260.302	3335.03
260.332	3602.83
260.367	3602.83
260.402	3602.83
260.432	3602.83
260.467	3602.83
260.502	3602.83
260.532	3602.83
260.567	3602.83
260.602	3602.83
260.632	3602.83
260.667	3602.83
260.702	3602.83
260.732	3602.83
260.767	3602.83
260.802	3602.83
260.832	3602.83
260.867	3602.83
260.902	3602.83
260.932	3602.83
260.967	3602.83
261.002	3602.83
261.032	3602.83
261.067	3602.83
261.102	3602.83
261.132	3602.83
261.167	3602.83
261.202	3602.83
261.232	3602.83
261.267	3602.83
261.302	3602.83
261.332	3892.05
261.362	3892.05
261.402	3892.05
261.432	3892.05
261.467	3892.05
261.502	3892.05
261.532	3892.05
261.567	3892.05
261.602	3892.05
261.632	3892.05
261.667	3892.05
261.702	3892.05
261.727	3892.05
261.767	3892.05
261.802	3892.05
261.832	3892.05
261.867	3892.05
261.902	3892.05
261.932	3892.05
261.967	3892.05
262.002	3892.05
262.032	3892.05
262.067	3892.05
262.102	3892.05
262.132	3892.05
262.167	3892.05
262.192	3892.05
262.232	3892.05
262.267	3892.05
262.302	3892.05
262.332	3892.05
262.367	3892.05
262.402	3892.05
262.432	3511.97
262.467	3511.97
262.502	3511.97
262.532	3511.97
262.567	3511.97
262.602	3511.97
262.632	3511.97
262.667	3511.97
262.702	3511.97
262.732	3511.97
262.767	3511.97
262.792	3511.97
262.832	3511.97
262.867	3511.97
262.902	3511.97
262.932	3511.97
262.967	3511.97
263.002	3511.97
263.032	3511.97
263.067	3511.97
263.102	3511.97
263.132	3511.97
263.167	3511.97
263.202	3511.97
263.232	3511.97
263.267	3511.97
263.302	3511.97
263.332	3511.97
263.367	3511.97
263.402	3511.97
263.432	3511.97
263.467	3511.97
263.502	3793.93
263.532	3793.93
263.557	3793.93
263.602	3793.93
263.632	3793.93
263.667	3793.93
263.702	3793.93
263.732	3793.93
263.762	3793.93
263.787	3793.93
263.812	3793.93
263.837	3793.93
263.867	3793.93
263.902	3793.93
263.932	3793.93
263.967	3793.93
264.002	3793.93
264.027	3793.93
264.052	3793.93
264.077	3793.93
264.102	3793.93
264.127	3793.93
264.167	3793.93
264.202	3793.93
264.227	3793.93
264.252	3793.93
264.277	3793.93
264.302	3793.93
264.327	3793.93
264.352	3793.93
264.377	3793.93
264.402	3793.93
264.427	3793.93
264.467	3793.93
264.502	4098.44
264.532	3570.13
264.567	3570.13
264.602	3570.13
264.627	3570.13
264.667	3570.13
264.702	3570.13
264.732	3570.13
264.767	3570.13
264.802	3570.13
264.832	3570.13
264.867	3570.13
264.902	3570.13
264.932	3570.13
264.967	3570.13
265.002	3570.13
265.027	3570.13
265.067	3570.13
265.102	3570.13
265.132	3570.13
265.167	3570.13
265.192	3570.13
265.232	3570.13
265.267	3570.13
265.302	3570.13
265.332	3570.13
265.367	3570.13
265.402	3570.13
265.432	3570.13
265.467	3570.13
265.502	3570.13
265.532	3570.13
265.567	3570.13
265.602	3570.13
265.632	3570.13
265.667	3570.13
265.702	3570.13
265.732	3570.13
265.767	3570.13
265.792	3570.13
265.832	3570.13
265.867	3570.13
265.902	3570.13
265.932	3570.13
265.967	3570.13
266.002	3570.13
266.032	3570.13
266.067	3570.13
266.102	3570.13
266.132	3570.13
266.167	3570.13
266.202	3570.13
266.232	3570.13
266.267	3570.13
266.302	3570.13
266.332	3570.13
266.367	3570.13
266.402	3570.13
266.432	3570.13
266.467	3570.13
266.502	3570.13
266.532	3570.13
266.567	3570.13
266.602	3570.13
266.632	3570.13
266.657	3570.13
266.702	3570.13
266.727	3570.13
266.767	3570.13
266.802	3570.13
266.832	3570.13
266.867	3570.13
266.902	3570.13
266.932	3570.13
266.967	3570.13
267.002	3570.13
267.032	3570.13
267.067	3570.13
267.102	3570.13
267.132	3570.13
267.167	3570.13
267.202	3570.13
267.232	3570.13
267.267	3570.13
267.302	3570.13
267.332	3570.13
267.367	3570.13
267.402	3570.13
267.432	3570.13
267.467	3570.13
267.502	3570.13
267.532	3570.13
267.567	3570.13
267.602	3570.13
267.632	3570.13
267.667	3570.13
267.702	3570.13
267.732	3570.13
267.767	3570.13
267.802	3570.13
267.832	3570.13
267.867	3570.13
267.902	3570.13
267.932	3570.13
267.967	3570.13
268.002	3570.13
268.032	3570.13
268.067	3570.13
268.102	3570.13
268.132	3570.13
268.167	3570.13
268.202	3570.13
268.232	3570.13
268.267	3570.13
268.302	3570.13
268.332	3570.13
268.367	3570.13
268.402	3570.13
268.432	3570.13
268.467	3570.13
268.502	3570.13
268.532	3570.13
268.567	3570.13
268.602	3570.13
268.632	3570.13
268.667	3570.13
268.702	3570.13
268.732	3570.13
268.767	3570.13
268.802	3570.13
268.832	3570.13
268.867	3570.13
268.902	3570.13
268.932	3570.13
268.967	3570.13
269.002	3570.13
269.032	3570.13
269.067	3570.13
269.102	3570.13
269.132	3570.13
269.162	3570.13
269.202	3570.13
269.227	3570.13
269.267	3570.13
269.302	3570.13
269.332	3570.13
269.357	3570.13
269.402	3570.13
269.432	3570.13
269.457	3570.13
269.502	3570.13
269.532	3570.13
269.567	3570.13
269.602	3570.13
269.632	3570.13
269.667	3570.13
269.702	3570.13
269.727	3570.13
269.752	3570.13
269.777	3570.13
269.802	3570.13
269.832	3570.13
269.857	3570.13
269.902	3570.13
269.932	3570.13
269.967	3570.13
269.997	3570.13
270.032	3570.13
270.062	3570.13
270.102	3570.13
270.132	3570.13
270.167	3570.13
270.202	3570.13
270.232	3570.13
270.257	3570.13
270.292	3570.13
270.332	3570.13
270.367	3570.13
270.392	3570.13
270.432	3570.13
270.467	3570.13
270.492	3570.13
270.532	3570.13
270.567	3570.13
270.592	3570.13
270.627	3570.13
270.667	3570.13
270.702	3570.13
270.732	3570.13
270.767	3570.13
270.802	3570.13
270.827	3570.13
270.852	3570.13
270.877	3570.13
270.902	3570.13
270.927	3570.13
270.967	3570.13
271.002	3570.13
271.032	3570.13
271.067	3570.13
271.102	3570.13
271.132	3570.13
271.167	3570.13
271.202	3570.13
271.232	3570.13
271.267	3570.13
271.302	3570.13
271.332	3570.13
271.367	3570.13
271.402	3570.13
271.432	3570.13
271.467	3570.13
271.492	3570.13
271.532	3570.13
271.567	3570.13
271.597	3570.13
271.632	3570.13
271.667	3570.13
271.702	3570.13
271.732	3570.13
271.767	3570.13
271.802	3570.13
271.832	3570.13
271.867	3570.13
271.892	3856.74
271.922	3856.74
271.967	3856.74
272.002	3856.74
272.032	3856.74
272.067	3856.74
272.102	3856.74
272.127	3856.74
272.167	3856.74
272.192	3856.74
272.217	3856.74
272.242	3856.74
272.267	3856.74
272.302	3856.74
272.327	3856.74
272.367	3856.74
272.402	3856.74
272.427	3856.74
272.452	3856.74
272.477	3856.74
272.502	3856.74
272.527	3856.74
272.567	3856.74
272.602	3856.74
272.627	3856.74
272.667	3856.74
272.702	3856.74
272.727	3856.74
272.752	3856.74
272.802	3856.74
272.827	3856.74
272.867	3856.74
272.902	3404.77
272.932	3404.77
272.967	3404.77
273.002	3404.77
273.027	3404.77
273.067	3404.77
273.102	3404.77
273.132	3404.77
273.167	3404.77
273.202	3404.77
273.232	3404.77
273.267	3404.77
273.302	3404.77
273.332	3404.77
273.367	3404.77
273.402	3404.77
273.432	3404.77
273.467	3404.77
273.497	3404.77
273.532	3404.77
273.567	3404.77
273.602	3404.77
273.632	3404.77
273.667	3404.77
273.702	3404.77
273.732	3404.77
273.767	3404.77
273.802	3404.77
273.832	3404.77
273.867	3404.77
273.902	3404.77
273.932	3404.77
273.967	3404.77
274.002	3404.77
274.032	3404.77
274.067	3404.77
274.102	3404.77
274.132	3404.77
274.167	3404.77
274.202	3404.77
274.232	3404.77
274.267	3404.77
274.302	3404.77
274.332	3404.77
274.367	3404.77
274.402	3404.77
274.432	3404.77
274.457	3404.77
274.502	3404.77
274.532	3404.77
274.567	3404.77
274.602	3404.77
274.632	3404.77
274.667	3404.77
274.702	3404.77
274.732	3404.77
274.767	3404.77
274.802	3404.77
274.832	3404.77
274.867	3404.77
274.902	3404.77
274.927	3404.77
274.967	3404.77
275.002	3678.16
275.032	3678.16
275.067	3678.16
275.102	3678.16
275.132	3678.16
275.167	3678.16
275.202	3678.16
275.232	3678.16
275.267	3678.16
275.302	3678.16
275.332	3678.16
275.367	3678.16
275.402	3678.16
275.427	3678.16
275.457	3678.16
275.502	3678.16
275.532	3678.16
275.567	3678.16
275.602	3678.16
275.627	3678.16
275.657	3678.16
275.702	3678.16
275.727	3678.16
275.757	3678.16
275.802	3678.16
275.832	3678.16
275.867	3678.16
275.902	3678.16
275.932	3678.16
275.967	3678.16
275.992	3973.41
276.017	3973.41
276.042	3686.27
276.067	3686.27
276.102	3686.27
276.132	3686.27
276.167	3686.27
276.192	3686.27
276.217	3686.27
276.267	3686.27
276.302	3686.27
276.332	3686.27
276.367	3686.27
276.402	3686.27
276.432	3686.27
276.467	3686.27
276.502	3686.27
276.532	3686.27
276.567	3686.27
276.602	3686.27
276.632	3686.27
276.667	3686.27
276.702	3686.27
276.732	3686.27
276.762	3686.27
276.802	3686.27
276.832	3686.27
276.867	3686.27
276.902	3686.27
276.932	3686.27
276.967	3686.27
276.997	3686.27
277.032	3686.27
277.067	3686.27
277.102	3686.27
277.132	3686.27
277.167	3686.27
277.202	3686.27
277.232	3686.27
277.267	3686.27
277.297	3686.27
277.332	3686.27
277.367	3686.27
277.402	3686.27
277.432	3686.27
277.467	3686.27
277.502	3686.27
277.527	3686.27
277.567	3686.27
277.602	3686.27
277.632	3686.27
277.667	3686.27
277.702	3686.27
277.732	3686.27
277.767	3686.27
277.802	3686.27
277.832	3686.27
277.867	3686.27
277.902	3686.27
277.932	3686.27
277.967	3686.27
278.002	3686.27
278.032	3686.27
278.062	3686.27
278.102	3686.27
278.132	3419.88
278.167	3419.88
278.202	3419.88
278.232	3419.88
278.267	3419.88
278.302	3419.88
278.332	3419.88
278.367	3419.88
278.402	3419.88
278.432	3419.88
278.467	3419.88
278.502	3419.88
278.532	3419.88
278.567	3419.88
278.602	3419.88
278.632	3419.88
278.667	3419.88
278.702	3419.88
278.732	3419.88
278.767	3419.88
278.802	3419.88
278.832	3419.88
278.857	3419.88
278.902	3419.88
278.932	3419.88
278.967	3419.88
279.002	3419.88
279.032	3419.88
279.067	3419.88
279.102	3419.88
279.127	3419.88
279.167	3419.88
279.202	3419.88
279.232	3419.88
279.267	3419.88
279.302	3419.88
279.332	3419.88
279.367	3419.88
279.402	3419.88
279.432	3419.88
279.467	3419.88
279.502	3419.88
279.532	3419.88
279.567	3419.88
279.602	3419.88
279.632	3419.88
279.667	3419.88
279.702	3419.88
279.732	3419.88
279.757	3419.88
279.802	3419.88
279.832	3419.88
279.867	3419.88
279.902	3419.88
279.932	3419.88
279.967	3419.88
280.002	3419.88
280.032	3419.88
280.067	3419.88
280.102	3419.88
280.132	3419.88
280.167	3419.88
280.202	3419.88
280.232	3694.47
280.267	3694.47
280.302	3694.47
280.332	3694.47
280.367	3694.47
280.402	3694.47
280.432	3694.47
280.457	3694.47
280.502	3694.47
280.532	3694.47
280.567	3694.47
280.602	3694.47
280.632	3694.47
280.657	3694.47
280.702	3694.47
280.732	3694.47
280.767	3694.47
280.802	3694.47
280.832	3694.47
280.867	3694.47
280.902	3694.47
280.932	3694.47
280.962	3694.47
280.992	3694.47
281.017	3694.47
281.042	3694.47
281.067	3694.47
281.102	3694.47
281.132	3694.47
281.162	3694.47
281.187	3694.47
281.212	3694.47
281.237	3991.02
281.267	3991.02
281.297	3718.2
281.332	3718.2
281.362	3718.2
281.387	3718.2
281.412	3718.2
281.437	3718.2
281.462	3718.2
281.502	3718.2
281.532	3718.2
281.567	3718.2
281.602	3718.2
281.632	3718.2
281.667	3718.2
281.697	3718.2
281.732	3718.2
281.767	3718.2
281.802	3718.2
281.832	3718.2
281.867	3718.2
281.902	3718.2
281.932	3718.2
281.967	3718.2
282.002	3718.2
282.032	3718.2
282.067	3718.2
282.102	3718.2
282.132	3718.2
282.167	3718.2
282.202	3718.2
282.232	3718.2
282.267	3718.2
282.302	3718.2
282.332	3718.2
282.367	3718.2
282.402	3718.2
282.432	3718.2
282.467	3718.2
282.502	3718.2
282.532	3718.2
282.567	3718.2
282.602	3718.2
282.632	3718.2
282.667	3718.2
282.702	3718.2
282.732	3718.2
282.767	3718.2
282.802	3718.2
282.832	3718.2
282.867	3718.2
282.902	3718.2
282.927	3718.2
282.952	3718.2
282.977	3718.2
283.002	3718.2
283.032	3718.2
283.067	3718.2
283.102	3718.2
283.132	3718.2
283.167	3718.2
283.202	3718.2
283.232	3718.2
283.267	3718.2
283.302	3718.2
283.332	3718.2
283.357	3718.2
283.402	3384.14
283.427	3384.14
283.457	3384.14
283.502	3384.14
283.527	3384.14
283.557	3384.14
283.602	3384.14
283.632	3384.14
283.667	3384.14
283.702	3384.14
283.732	3384.14
283.767	3384.14
283.802	3384.14
283.832	3384.14
283.867	3384.14
283.902	3384.14
283.932	3384.14
283.967	3384.14
284.002	3384.14
284.032	3384.14
284.067	3384.14
284.097	3384.14
284.132	3384.14
284.167	3384.14
284.202	3384.14
284.232	3384.14
284.267	3384.14
284.302	3384.14
284.332	3384.14
284.367	3384.14
284.402	3384.14
284.432	3384.14
284.467	3384.14
284.502	3384.14
284.532	3384.14
284.567	3384.14
284.602	3384.14
284.632	3384.14
284.667	3384.14
284.702	3384.14
284.732	3384.14
284.767	3384.14
284.802	3384.14
284.832	3384.14
284.867	3384.14
284.902	3384.14
284.932	3384.14
284.967	3384.14
285.002	3384.14
285.032	3384.14
285.067	3384.14
285.102	3384.14
285.132	3384.14
285.167	3384.14
285.202	3384.14
285.232	3384.14
285.267	3384.14
285.302	3384.14
285.332	3384.14
285.367	3384.14
285.402	3384.14
285.432	3384.14
285.467	3384.14
285.502	3655.87
285.532	3655.87
285.567	3655.87
285.602	3655.87
285.632	3655.87
285.667	3655.87
285.702	3655.87
285.732	3655.87
285.767	3655.87
285.802	3655.87
285.827	3655.87
285.862	3655.87
285.897	3655.87
285.922	3655.87
285.952	3655.87
285.977	3655.87
286.002	3655.87
286.032	3655.87
286.067	3655.87
286.097	3655.87
286.132	3655.87
286.167	3655.87
286.197	3655.87
286.232	3655.87
286.267	3655.87
286.297	3655.87
286.322	3655.87
286.352	3655.87
286.377	3655.87
286.402	3655.87
286.427	3655.87
286.452	3655.87
286.477	3949.34
286.502	3949.34
286.532	3679.37
286.557	3679.37
286.587	3679.37
286.612	3679.37
286.637	3679.37
286.667	3679.37
286.702	3679.37
286.732	3679.37
286.767	3679.37
286.802	3679.37
286.832	3679.37
286.867	3679.37
286.902	3679.37
286.932	3679.37
286.967	3679.37
287.002	3679.37
287.032	3679.37
287.067	3679.37
287.102	3679.37
287.132	3679.37
287.157	3679.37
287.202	3679.37
287.232	3679.37
287.267	3679.37
287.292	3679.37
287.332	3679.37
287.367	3679.37
287.402	3679.37
287.432	3679.37
287.467	3679.37
287.502	3679.37
287.532	3679.37
287.567	3679.37
287.602	3492.53
287.632	3492.53
287.667	3492.53
287.702	3492.53
287.732	3492.53
287.767	3492.53
287.802	3492.53
287.832	3492.53
287.867	3492.53
287.902	3492.53
287.932	3492.53
287.967	3492.53
288.002	3492.53
288.032	3492.53
288.067	3492.53
288.102	3492.53
288.132	3492.53
288.167	3492.53
288.202	3492.53
288.232	3492.53
288.267	3492.53
288.302	3492.53
288.332	3492.53
288.367	3492.53
288.402	3492.53
288.432	3492.53
288.467	3492.53
288.502	3492.53
288.532	3492.53
288.567	3492.53
288.602	3492.53
288.632	3772.93
288.667	3772.93
288.702	3772.93
288.732	3772.93
288.767	3772.93
288.802	3772.93
288.832	3772.93
288.857	3772.93
288.892	3772.93
288.922	3772.93
288.957	3772.93
289.002	3772.93
289.032	3772.93
289.062	3772.93
289.097	3772.93
289.122	3772.93
289.147	3772.93
289.172	3772.93
289.202	3772.93
289.232	3772.93
289.257	3772.93
289.287	3772.93
289.312	3772.93
289.337	3772.93
289.362	3772.93
289.402	3772.93
289.432	3772.93
289.457	3772.93
289.502	3772.93
289.532	3772.93
289.557	3772.93
289.582	3772.93
289.607	3772.93
289.632	4075.76
289.662	4075.76
289.692	3510.57
289.732	3510.57
289.762	3510.57
289.802	3510.57
289.832	3510.57
289.867	3510.57
289.902	3510.57
289.932	3510.57
289.967	3510.57
290.002	3510.57
290.032	3510.57
290.067	3510.57
290.102	3510.57
290.132	3510.57
290.167	3510.57
290.202	3510.57
290.232	3510.57
290.267	3510.57
290.302	3510.57
290.332	3510.57
290.367	3510.57
290.402	3510.57
290.432	3510.57
290.467	3510.57
290.502	3510.57
290.532	3510.57
290.567	3510.57
290.602	3510.57
290.632	3510.57
290.667	3510.57
290.702	3510.57
290.732	3510.57
290.767	3510.57
290.802	3510.57
290.832	3510.57
290.867	3510.57
290.902	3510.57
290.932	3510.57
290.967	3510.57
291.002	3510.57
291.032	3510.57
291.067	3510.57
291.102	3510.57
291.132	3510.57
291.167	3510.57
291.202	3510.57
291.232	3510.57
291.267	3510.57
291.302	3510.57
291.332	3510.57
291.367	3510.57
291.402	3510.57
291.432	3510.57
291.467	3510.57
291.497	3510.57
291.522	3510.57
291.567	3510.57
291.602	3510.57
291.632	3510.57
291.667	3510.57
291.702	3510.57
291.732	3510.57
291.767	3510.57
291.802	3792.41
291.827	3792.41
291.867	3792.41
291.902	3792.41
291.932	3792.41
291.967	3792.41
291.997	3792.41
292.022	3792.41
292.052	3792.41
292.077	3792.41
292.102	3792.41
292.132	3792.41
292.167	3792.41
292.202	3792.41
292.232	3792.41
292.262	3792.41
292.292	3792.41
292.332	3792.41
292.367	3792.41
292.402	3792.41
292.432	3792.41
292.462	3792.41
292.487	3792.41
292.512	3792.41
292.537	3792.41
292.567	3792.41
292.602	3792.41
292.632	3792.41
292.667	3792.41
292.702	3792.41
292.732	3792.41
292.757	3792.41
292.802	4096.81
292.832	3760.74
292.867	3760.74
292.902	3760.74
292.927	3760.74
292.952	3760.74
293.002	3760.74
293.032	3760.74
293.067	3760.74
293.102	3760.74
293.132	3760.74
293.157	3760.74
293.202	3760.74
293.232	3760.74
293.267	3760.74
293.302	3760.74
293.332	3760.74
293.367	3760.74
293.402	3760.74
293.432	3760.74
293.467	3760.74
293.502	3760.74
293.532	3760.74
293.567	3760.74
293.602	3760.74
293.632	3760.74
293.667	3760.74
293.702	3760.74
293.732	3760.74
293.767	3760.74
293.802	3760.74
293.832	3760.74
293.867	3760.74
293.902	3760.74
293.932	3760.74
293.957	3760.74
294.002	3760.74
294.032	3760.74
294.062	3760.74
294.097	3760.74
294.127	3760.74
294.167	3760.74
294.202	3760.74
294.227	3760.74
294.252	3760.74
294.277	3760.74
294.302	3760.74
294.327	3760.74
294.367	3760.74
294.402	3760.74
294.432	3760.74
294.467	3760.74
294.497	3760.74
294.522	3760.74
294.567	3760.74
294.602	3760.74
294.627	3760.74
294.667	3760.74
294.702	3760.74
294.732	3760.74
294.767	3760.74
294.802	3760.74
294.827	3760.74
294.867	3760.74
294.902	3760.74
294.932	3371.44
294.967	3371.44
295.002	3371.44
295.032	3371.44
295.067	3371.44
295.102	3371.44
295.132	3371.44
295.167	3371.44
295.192	3371.44
295.232	3371.44
295.267	3371.44
295.302	3371.44
295.332	3371.44
295.367	3371.44
295.402	3371.44
295.432	3371.44
295.467	3371.44
295.502	3371.44
295.532	3371.44
295.567	3371.44
295.602	3371.44
295.632	3371.44
295.667	3371.44
295.702	3371.44
295.732	3371.44
295.767	3371.44
295.802	3371.44
295.832	3371.44
295.867	3371.44
295.902	3371.44
295.932	3371.44
295.967	3371.44
296.002	3371.44
296.032	3371.44
296.067	3371.44
296.102	3371.44
296.127	3371.44
296.162	3371.44
296.202	3371.44
296.232	3371.44
296.257	3371.44
296.302	3371.44
296.332	3371.44
296.367	3371.44
296.402	3371.44
296.432	3371.44
296.467	3371.44
296.492	3371.44
296.532	3371.44
296.567	3371.44
296.602	3371.44
296.632	3371.44
296.667	3371.44
296.702	3371.44
296.732	3371.44
296.767	3371.44
296.802	3371.44
296.832	3371.44
296.867	3371.44
296.902	3371.44
296.932	3371.44
296.967	3371.44
297.002	3371.44
297.032	3371.44
297.067	3371.44
297.102	3371.44
297.132	3371.44
297.167	3371.44
297.202	3371.44
297.232	3371.44
297.267	3371.44
297.302	3371.44
297.332	3371.44
297.367	3371.44
297.402	3371.44
297.432	3371.44
297.467	3371.44
297.502	3371.44
297.532	3371.44
297.567	3371.44
297.602	3371.44
297.632	3371.44
297.667	3371.44
297.697	3371.44
297.732	3371.44
297.767	3371.44
297.802	3371.44
297.832	3371.44
297.867	3371.44
297.902	3371.44
297.932	3371.44
297.967	3371.44
297.992	3371.44
298.032	3371.44
298.067	3371.44
298.102	3642.16
298.132	3642.16
298.167	3642.16
298.202	3642.16
298.232	3642.16
298.267	3642.16
298.302	3642.16
298.332	3642.16
298.367	3642.16
298.402	3642.16
298.432	3642.16
298.467	3642.16
298.502	3642.16
298.532	3642.16
298.557	3642.16
298.602	3642.16
298.627	3642.16
298.652	3642.16
298.677	3642.16
298.702	3642.16
298.732	3642.16
298.767	3642.16
298.802	3642.16
298.827	3642.16
298.852	3642.16
298.877	3642.16
298.902	3642.16
298.927	3642.16
298.957	3642.16
298.982	3642.16
299.007	3642.16
299.032	3642.16
299.067	3642.16
299.102	3934.53
299.132	3696.31
299.162	3696.31
299.187	3696.31
299.212	3696.31
299.237	3696.31
299.267	3696.31
299.302	3696.31
299.332	3696.31
299.367	3696.31
299.402	3696.31
299.432	3696.31
299.457	3696.31
299.502	3696.31
299.532	3696.31
299.567	3696.31
299.602	3696.31
299.632	3696.31
299.667	3696.31
299.702	3696.31
299.732	3696.31
299.767	3696.31
299.802	3696.31
299.832	3696.31
299.867	3696.31
299.902	3696.31
299.932	3696.31
299.967	3696.31
300.002	3696.31
300.032	3696.31
300.067	3696.31
300.102	3696.31
300.132	3696.31
300.167	3696.31
300.202	3508.6
300.232	3508.6
300.267	3508.6
300.302	3508.6
300.332	3508.6
300.367	3508.6
300.402	3508.6
300.432	3508.6
300.467	3508.6
300.502	3508.6
300.532	3508.6
300.567	3508.6
300.602	3508.6
300.632	3508.6
300.667	3508.6
300.702	3508.6
300.732	3508.6
300.767	3508.6
300.802	3508.6
300.832	3508.6
300.867	3508.6
300.902	3508.6
300.932	3508.6
300.967	3508.6
301.002	3508.6
301.032	3508.6
301.067	3508.6
301.102	3508.6
301.132	3508.6
301.167	3508.6
301.202	3508.6
301.232	3790.29
301.267	3790.29
301.292	3790.29
301.332	3790.29
301.367	3790.29
301.392	3790.29
301.432	3790.29
301.457	3790.29
301.487	3790.29
301.512	3790.29
301.537	3790.29
301.567	3790.29
301.597	3790.29
301.622	3790.29
301.647	3790.29
301.672	3790.29
301.697	3790.29
301.732	3790.29
301.767	3790.29
301.802	3790.29
301.832	3790.29
301.867	3790.29
301.897	3790.29
301.922	3790.29
301.952	3790.29
301.977	3790.29
302.002	3790.29
302.032	3790.29
302.067	3790.29
302.092	3790.29
302.122	3790.29
302.167	3790.29
302.202	3790.29
302.227	4094.51
302.267	4094.51
302.302	3646.68
302.332	3646.68
302.367	3646.68
302.402	3646.68
302.432	3646.68
302.467	3646.68
302.502	3646.68
302.532	3646.68
302.557	3646.68
302.602	3646.68
302.632	3646.68
302.667	3646.68
302.702	3646.68
302.732	3646.68
302.767	3646.68
302.802	3646.68
302.832	3646.68
302.867	3646.68
302.902	3646.68
302.932	3646.68
302.967	3646.68
303.002	3646.68
303.032	3646.68
303.067	3646.68
303.102	3646.68
303.132	3646.68
303.167	3646.68
303.202	3646.68
303.232	3646.68
303.267	3646.68
303.302	3646.68
303.332	3646.68
303.367	3646.68
303.402	3646.68
303.432	3646.68
303.467	3646.68
303.502	3646.68
303.532	3646.68
303.567	3646.68
303.602	3646.68
303.632	3646.68
303.667	3646.68
303.702	3646.68
303.732	3646.68
303.767	3646.68
303.802	3646.68
303.827	3646.68
303.862	3646.68
303.902	3646.68
303.932	3646.68
303.967	3646.68
303.997	3646.68
304.022	3646.68
304.057	3646.68
304.082	3646.68
304.107	3646.68
304.132	3646.68
304.162	3646.68
304.202	3646.68
304.232	3646.68
304.267	3646.68
304.302	3646.68
304.332	3646.68
304.367	3646.68
304.402	3447.25
304.427	3447.25
304.467	3447.25
304.502	3447.25
304.527	3447.25
304.567	3447.25
304.602	3447.25
304.627	3447.25
304.667	3447.25
304.702	3447.25
304.732	3447.25
304.767	3447.25
304.802	3447.25
304.832	3447.25
304.867	3447.25
304.902	3447.25
304.932	3447.25
304.967	3447.25
305.002	3447.25
305.032	3447.25
305.067	3447.25
305.102	3447.25
305.132	3447.25
305.167	3447.25
305.202	3447.25
305.232	3447.25
305.267	3447.25
305.302	3447.25
305.332	3447.25
305.367	3447.25
305.402	3447.25
305.432	3447.25
305.467	3447.25
305.502	3447.25
305.532	3447.25
305.567	3447.25
305.602	3447.25
305.632	3447.25
305.667	3447.25
305.697	3447.25
305.732	3447.25
305.767	3447.25
305.802	3447.25
305.832	3447.25
305.867	3447.25
305.902	3447.25
305.932	3447.25
305.967	3447.25
306.002	3447.25
306.032	3447.25
306.067	3447.25
306.102	3447.25
306.132	3447.25
306.167	3447.25
306.202	3447.25
306.232	3447.25
306.267	3447.25
306.302	3447.25
306.332	3447.25
306.367	3447.25
306.402	3447.25
306.432	3447.25
306.467	3447.25
306.502	3724.03
306.532	3724.03
306.567	3724.03
306.602	3724.03
306.632	3724.03
306.667	3724.03
306.702	3724.03
306.732	3724.03
306.767	3724.03
306.797	3724.03
306.822	3724.03
306.852	3724.03
306.877	3724.03
306.902	3724.03
306.932	3724.03
306.967	3724.03
306.997	3724.03
307.022	3724.03
307.047	3724.03
307.072	3724.03
307.102	3724.03
307.132	3724.03
307.167	3724.03
307.202	3724.03
307.232	3724.03
307.262	3724.03
307.287	3724.03
307.312	3724.03
307.337	3724.03
307.362	3724.03
307.387	3724.03
307.412	3724.03
307.437	3724.03
307.462	3724.03
307.487	4022.95
307.512	4022.95
307.537	3724.37
307.567	3724.37
307.602	3724.37
307.632	3724.37
307.667	3724.37
307.702	3724.37
307.732	3724.37
307.767	3724.37
307.802	3724.37
307.832	3724.37
307.867	3724.37
307.902	3724.37
307.932	3724.37
307.967	3724.37
308.002	3724.37
308.032	3724.37
308.067	3724.37
308.102	3724.37
308.132	3724.37
308.167	3724.37
308.202	3724.37
308.232	3724.37
308.257	3724.37
308.302	3724.37
308.332	3724.37
308.367	3724.37
308.402	3724.37
308.432	3724.37
308.467	3724.37
308.502	3724.37
308.532	3724.37
308.567	3724.37
308.602	3724.37
308.632	3724.37
308.667	3724.37
308.702	3724.37
308.732	3724.37
308.767	3724.37
308.802	3724.37
308.832	3724.37
308.857	3724.37
308.902	3724.37
308.932	3724.37
308.957	3724.37
309.002	3724.37
309.032	3724.37
309.067	3724.37
309.102	3724.37
309.132	3724.37
309.162	3724.37
309.202	3724.37
309.232	3724.37
309.267	3724.37
309.302	3724.37
309.332	3724.37
309.362	3724.37
309.402	3724.37
309.432	3724.37
309.467	3724.37
309.492	3724.37
309.532	3724.37
309.557	3724.37
309.587	3724.37
309.612	3724.37
309.637	3433.4
309.667	3433.4
309.702	3433.4
309.732	3433.4
309.767	3433.4
309.802	3433.4
309.832	3433.4
309.867	3433.4
309.902	3433.4
309.932	3433.4
309.967	3433.4
