0.058	23
0.086	23
0.135	22
0.161	23
0.194	26
0.225	22
0.26	23
0.295	23
0.325	23
0.36	23
0.395	23
0.425	23
0.45	38
0.476	34
0.501	29
0.528	26
0.56	23
0.586	39
0.611	34
0.637	30
0.663	26
0.688	41
0.714	37
0.739	32
0.764	27
0.789	42
0.816	39
0.843	36
0.869	32
0.895	23
0.922	40
0.947	40
0.973	31
0.998	26
1.024	42
1.049	42
1.076	34
1.101	29
1.128	26
1.153	46
1.178	36
1.203	31
1.228	46
1.253	46
1.278	41
1.304	32
1.329	47
1.355	48
1.38	43
1.405	33
1.43	53
1.456	54
1.482	45
1.507	50
1.533	51
1.559	57
1.585	48
1.61	53
1.636	54
1.661	54
1.687	50
1.713	41
1.739	52
1.764	52
1.79	53
1.816	44
1.842	55
1.867	55
1.892	50
1.918	56
1.943	46
1.968	56
1.993	51
2.018	46
2.043	56
2.069	47
2.094	52
2.119	47
2.144	57
2.169	52
2.194	52
2.219	42
2.244	52
2.269	52
2.296	24
2.322	45
2.349	47
2.374	52
2.402	30
2.429	37
2.456	49
2.484	47
2.511	39
2.538	36
2.565	43
2.59	53
2.617	40
2.643	36
2.672	35
2.7	28
2.726	24
2.755	20
2.781	39
2.806	34
2.833	31
2.86	23
2.895	23
2.92	43
2.945	38
2.97	33
2.995	23
3.022	45
3.049	42
3.075	38
3.101	29
3.126	49
3.152	45
3.179	37
3.204	32
3.229	27
3.254	47
3.281	39
3.307	35
3.333	51
3.358	51
3.383	46
3.409	37
3.434	52
3.459	52
3.485	48
3.511	39
3.537	55
3.562	55
3.588	51
3.613	41
3.64	48
3.666	54
3.692	55
3.718	46
3.744	52
3.77	48
3.795	53
3.821	49
3.847	55
3.876	54
3.901	39
3.927	50
3.952	50
3.978	51
4.003	31
4.029	52
4.054	52
4.08	53
4.105	33
4.132	50
4.158	51
4.183	51
4.208	36
4.233	51
4.259	52
4.284	57
4.309	37
4.334	52
4.362	45
4.39	53
4.417	45
4.442	40
4.467	45
4.492	50
4.517	45
4.543	41
4.569	42
4.594	52
4.625	23
4.65	28
4.675	38
4.701	29
4.728	26
4.753	20
4.779	37
4.804	32
4.831	29
4.86	23
4.895	23
4.925	23
4.96	23
4.995	23
5.02	20
5.047	40
5.073	36
5.098	26
5.125	23
5.152	45
5.179	37
5.204	32
5.231	29
5.258	51
5.284	42
5.31	38
5.336	34
5.363	51
5.388	46
5.413	41
5.439	52
5.465	53
5.491	49
5.517	45
5.542	50
5.567	30
5.593	51
5.619	47
5.647	55
5.672	35
5.698	51
5.723	51
5.751	49
5.776	39
5.801	44
5.826	49
5.851	49
5.876	39
5.901	49
5.926	49
5.952	50
5.977	55
6.002	50
6.028	51
6.055	53
6.081	44
6.106	34
6.134	42
6.159	52
6.184	52
6.21	38
6.235	33
6.261	54
6.286	54
6.312	40
6.337	35
6.364	42
6.389	52
6.414	42
6.439	37
6.464	42
6.491	49
6.517	40
6.543	36
6.572	50
6.599	47
6.624	47
6.652	30
6.679	37
6.704	32
6.731	29
6.76	23
6.785	20
6.81	38
6.837	35
6.863	26
6.895	23
6.925	23
6.96	23
6.995	23
7.025	23
7.06	23
7.086	44
7.111	34
7.136	34
7.163	26
7.189	47
7.216	39
7.241	39
7.267	30
7.293	51
7.319	42
7.346	44
7.372	35
7.397	55
7.422	50
7.448	46
7.474	37
7.5	58
7.526	54
7.555	53
7.58	43
7.606	49
7.631	54
7.656	54
7.681	44
7.706	54
7.732	50
7.757	55
7.782	45
7.807	45
7.832	50
7.857	55
7.883	46
7.908	36
7.933	51
7.958	51
7.983	56
8.009	47
8.035	53
8.06	53
8.085	48
8.111	39
8.137	55
8.163	56
8.188	51
8.213	41
8.238	46
8.264	52
8.289	47
8.315	38
8.34	38
8.367	55
8.395	40
8.42	43
8.446	39
8.472	50
8.497	55
8.524	47
8.551	29
8.578	51
8.604	37
8.629	47
8.655	38
8.681	44
8.706	34
8.731	29
8.76	23
8.795	23
8.825	23
8.86	23
8.895	23
8.924	22
8.96	23
8.995	23
9.025	23
9.055	20
9.083	41
9.108	36
9.138	36
9.163	26
9.188	26
9.214	37
9.241	39
9.266	29
9.295	23
9.32	43
9.346	39
9.372	35
9.398	26
9.424	47
9.45	43
9.475	38
9.503	31
9.528	51
9.554	52
9.58	43
9.606	34
9.631	54
9.656	54
9.682	45
9.707	50
9.733	51
9.758	56
9.784	47
9.81	53
9.836	54
9.861	54
9.887	50
9.913	56
9.938	51
9.964	57
9.989	52
10.015	43
10.04	48
10.066	54
10.092	55
10.117	55
10.143	51
10.169	47
10.195	53
10.22	48
10.245	53
10.271	49
10.296	54
10.322	50
10.348	51
10.373	51
10.398	51
10.424	47
10.45	48
10.475	53
10.5	53
10.525	48
10.551	44
10.576	54
10.601	29
10.628	26
10.653	41
10.678	51
10.703	31
10.73	28
10.76	23
10.797	25
10.825	23
10.86	23
10.894	22
10.919	27
10.946	39
10.972	35
10.998	26
11.025	23
11.05	20
11.077	35
11.103	31
11.128	26
11.16	23
11.185	43
11.211	39
11.238	36
11.263	26
11.288	46
11.314	37
11.339	37
11.366	29
11.395	23
11.42	43
11.446	44
11.473	36
11.498	26
11.523	46
11.551	49
11.577	40
11.604	32
11.629	52
11.654	52
11.679	42
11.704	52
11.729	57
11.754	52
11.779	42
11.805	48
11.83	53
11.855	53
11.881	44
11.907	50
11.932	50
11.957	50
11.984	47
12.009	37
12.034	52
12.06	53
12.086	49
12.116	39
12.141	54
12.167	50
12.192	50
12.219	42
12.244	42
12.27	53
12.295	53
12.32	43
12.345	43
12.37	48
12.396	54
12.421	49
12.447	45
12.473	51
12.498	51
12.524	52
12.549	47
12.574	47
12.599	57
12.624	47
12.651	44
12.676	39
12.703	31
12.728	26
12.755	28
12.782	40
12.809	37
12.834	32
12.86	23
12.885	20
12.912	35
12.942	35
12.969	32
12.995	23
13.025	23
13.06	23
13.095	23
13.125	23
13.15	20
13.175	38
13.201	29
13.228	26
13.26	23
13.287	45
13.313	36
13.338	36
13.364	27
13.39	48
13.416	39
13.441	39
13.466	29
13.491	49
13.516	44
13.541	39
13.566	54
13.591	49
13.617	45
13.643	41
13.669	47
13.698	51
13.723	51
13.749	47
13.774	52
13.802	55
13.827	50
13.852	47
13.877	50
13.903	56
13.929	52
13.954	52
13.98	53
14.006	44
14.031	54
14.057	50
14.086	49
14.111	49
14.136	39
14.162	50
14.187	50
14.213	56
14.238	41
14.263	51
14.289	52
14.314	42
14.339	52
14.366	44
14.391	49
14.416	49
14.442	40
14.469	47
14.494	52
14.52	48
14.545	43
14.57	48
14.597	55
14.623	51
14.65	48
14.675	38
14.701	49
14.726	49
14.752	45
14.779	37
14.806	44
14.831	54
14.857	50
14.883	26
14.911	39
14.937	35
14.963	26
14.995	23
15.025	23
15.059	22
15.094	22
15.124	22
15.16	23
15.195	23
15.22	20
15.246	39
15.272	35
15.297	25
15.325	23
15.355	20
15.382	40
15.408	36
15.434	32
15.46	23
15.487	45
15.513	36
15.538	36
15.564	27
15.589	47
15.614	37
15.64	38
15.666	29
15.694	52
15.719	47
15.744	42
15.771	59
15.796	54
15.823	51
15.849	47
15.874	52
15.9	53
15.928	51
15.953	51
15.979	52
16.007	55
16.033	51
16.059	52
16.084	47
16.11	53
16.135	33
16.16	53
16.185	48
16.211	54
16.236	44
16.261	54
16.287	50
16.312	55
16.338	46
16.364	57
16.39	48
16.415	53
16.441	54
16.466	29
16.493	51
16.519	52
16.547	45
16.573	36
16.598	46
16.623	51
16.648	46
16.673	36
16.698	36
16.726	49
16.751	54
16.777	40
16.802	35
16.827	45
16.852	50
16.879	37
16.904	37
16.929	47
16.956	54
16.99	23
17.015	33
17.04	38
17.066	29
17.093	26
17.125	23
17.15	20
17.176	39
17.202	35
17.228	26
17.255	20
17.28	38
17.305	38
17.331	29
17.36	23
17.39	23
17.425	23
17.453	20
17.479	37
17.506	34
17.531	29
17.56	23
17.586	44
17.613	41
17.641	39
17.666	29
17.695	28
17.722	50
17.747	40
17.772	35
17.798	51
17.823	51
17.848	46
17.873	36
17.902	55
17.927	50
17.952	50
17.978	41
18.004	57
18.029	52
18.054	52
18.08	43
18.105	53
18.131	54
18.156	54
18.181	44
18.207	55
18.232	55
18.257	50
18.283	46
18.308	51
18.333	46
18.358	51
18.383	46
18.408	51
18.434	47
18.459	52
18.485	48
18.511	49
18.536	49
18.561	54
18.587	50
18.613	51
18.64	53
18.666	29
18.692	50
18.717	50
18.743	51
18.768	31
18.794	42
18.819	52
18.845	53
18.87	33
18.895	33
18.92	53
18.945	43
18.972	35
18.998	31
19.023	46
19.05	48
19.077	40
19.103	36
19.131	29
19.16	23
19.189	22
19.224	22
19.259	22
19.289	22
19.324	22
19.359	22
19.39	23
19.415	20
19.44	38
19.466	29
19.493	26
19.525	23
19.56	23
19.585	20
19.611	39
19.638	36
19.663	26
19.69	23
19.716	44
19.741	34
19.767	30
19.793	26
19.82	48
19.845	38
19.872	35
19.897	50
19.922	50
19.948	46
19.974	37
20.001	44
20.028	56
20.054	52
20.079	47
20.105	48
20.13	53
20.156	54
20.181	54
20.206	54
20.231	44
20.256	54
20.282	45
20.307	55
20.332	45
20.357	55
20.382	45
20.408	51
20.433	46
20.458	51
20.483	46
20.509	52
20.534	52
20.559	52
20.584	47
20.609	47
20.635	53
20.66	53
20.686	44
20.711	54
20.736	49
20.762	50
20.789	47
20.816	49
20.842	40
20.867	30
20.893	41
20.918	51
20.943	41
20.968	31
20.994	32
21.02	38
21.045	53
21.071	34
21.096	29
21.121	39
21.146	44
21.173	31
21.199	32
21.225	23
21.25	20
21.275	38
21.302	35
21.328	26
21.353	20
21.379	37
21.406	39
21.431	29
21.459	22
21.49	23
21.525	23
21.56	23
21.586	20
21.613	41
21.64	38
21.666	29
21.693	26
21.725	23
21.752	45
21.779	37
21.804	37
21.831	29
21.856	49
21.883	41
21.909	42
21.935	33
21.96	53
21.986	44
22.012	45
22.038	51
22.063	51
22.089	52
22.114	47
22.14	53
22.165	53
22.191	54
22.216	49
22.242	40
22.267	50
22.293	51
22.319	52
22.344	42
22.37	53
22.396	54
22.423	51
22.449	47
22.474	57
22.499	52
22.524	52
22.549	47
22.574	52
22.603	51
22.628	51
22.655	53
22.681	54
22.706	54
22.732	50
22.757	50
22.782	50
22.807	45
22.834	52
22.862	40
22.887	50
22.913	51
22.938	36
22.963	41
22.989	52
23.015	53
23.042	40
23.067	35
23.092	50
23.118	51
23.144	42
23.169	32
23.195	48
23.22	53
23.259	22
23.286	34
23.312	40
23.338	31
23.363	26
23.39	23
23.425	23
23.46	23
23.49	23
23.525	23
23.56	23
23.59	23
23.62	20
23.646	39
23.672	35
23.7	33
23.725	23
23.755	20
23.781	39
23.81	38
23.837	35
23.863	26
23.888	46
23.913	41
23.939	37
23.966	29
23.993	26
24.02	48
24.046	39
24.072	35
24.098	51
24.124	52
24.15	43
24.176	39
24.202	55
24.227	55
24.253	51
24.278	41
24.303	51
24.329	52
24.354	52
24.38	43
24.405	53
24.431	54
24.457	55
24.482	45
24.508	56
24.534	42
24.56	53
24.585	48
24.611	49
24.636	54
24.662	55
24.688	46
24.714	52
24.739	57
24.765	53
24.793	51
24.818	51
24.844	52
24.87	33
24.896	54
24.922	55
24.948	51
24.973	36
24.998	31
25.023	51
25.05	53
25.075	53
25.101	34
25.127	25
25.152	45
25.177	55
25.202	35
25.228	26
25.254	47
25.279	42
25.306	39
25.331	29
25.358	46
25.383	46
25.41	43
25.436	34
25.462	25
25.489	22
25.52	20
25.546	39
25.572	35
25.599	32
25.625	23
25.66	23
25.686	44
25.712	40
25.738	36
25.763	26
25.79	23
25.825	23
25.85	43
25.876	34
25.903	36
25.928	26
25.96	23
25.988	46
26.013	41
26.038	36
26.063	26
26.09	43
26.115	43
26.14	38
26.165	28
26.19	48
26.217	45
26.242	40
26.267	55
26.293	51
26.318	51
26.343	41
26.369	42
26.395	53
26.42	53
26.445	43
26.47	43
26.495	53
26.521	54
26.547	45
26.572	35
26.597	50
26.623	51
26.649	47
26.677	40
26.702	55
26.727	50
26.753	51
26.778	41
26.803	51
26.829	57
26.854	52
26.88	38
26.905	53
26.931	54
26.956	54
26.981	44
27.009	47
27.034	52
27.059	52
27.085	43
27.111	44
27.136	54
27.161	49
27.188	46
27.213	41
27.239	52
27.264	52
27.29	48
27.316	44
27.341	49
27.366	29
27.391	24
27.416	34
27.442	40
27.467	30
27.493	26
27.52	33
27.545	43
27.572	35
27.599	32
27.625	23
27.66	23
27.69	23
27.715	20
27.74	38
27.766	29
27.793	26
27.825	23
27.86	23
27.886	44
27.913	41
27.94	38
27.966	29
27.996	29
28.025	23
28.051	44
28.078	36
28.105	38
28.131	29
28.16	23
28.187	45
28.214	42
28.239	37
28.264	27
28.29	48
28.316	49
28.342	40
28.368	31
28.395	53
28.42	53
28.446	44
28.473	36
28.501	54
28.526	54
28.551	49
28.576	39
28.601	54
28.626	49
28.651	49
28.676	39
28.702	55
28.727	50
28.752	50
28.777	40
28.802	50
28.827	50
28.852	50
28.877	40
28.902	50
28.928	51
28.953	51
28.979	42
29.005	53
29.03	53
29.056	54
29.081	44
29.106	44
29.131	54
29.157	50
29.182	45
29.207	40
29.232	55
29.257	50
29.284	42
29.311	44
29.336	49
29.361	54
29.386	49
29.413	41
29.438	51
29.463	51
29.49	48
29.517	30
29.544	42
29.57	33
29.595	28
29.62	23
29.646	44
29.672	35
29.699	32
29.725	23
29.75	20
29.776	34
29.802	35
29.827	25
29.855	20
29.88	38
29.907	35
29.934	32
29.96	23
29.99	23
30.025	23
30.053	20
30.08	38
30.105	38
30.131	29
30.16	23
30.185	43
30.212	40
30.237	35
30.263	26
30.289	47
30.314	42
30.341	39
30.366	29
30.392	45
30.419	47
30.445	43
30.471	34
30.497	55
30.522	50
30.548	46
30.574	37
30.599	52
30.624	52
30.65	48
30.675	38
30.7	53
30.725	53
30.75	48
30.775	38
30.801	54
30.826	54
30.851	49
30.876	39
30.901	54
30.927	50
30.952	50
30.978	41
31.004	52
31.029	57
31.055	53
31.081	44
31.106	54
31.132	55
31.157	50
31.182	45
31.21	48
31.237	50
31.263	51
31.289	47
31.314	47
31.34	53
31.365	53
31.392	50
31.417	50
31.442	50
31.467	30
31.493	28
31.519	47
31.544	57
31.57	33
31.595	33
31.62	48
31.645	43
31.67	33
31.696	29
31.721	34
31.746	39
31.771	34
31.798	31
31.824	22
31.853	20
31.88	38
31.906	34
31.931	29
31.96	23
31.99	23
32.025	23
32.05	28
32.076	34
32.103	36
32.133	31
32.16	23
32.185	30
32.212	40
32.238	36
32.263	26
32.29	23
32.315	43
32.34	33
32.366	29
32.396	29
32.422	50
32.447	40
32.473	36
32.498	36
32.524	52
32.551	44
32.576	39
32.601	54
32.626	54
32.651	44
32.677	40
32.702	45
32.727	55
32.753	51
32.778	41
32.803	56
32.829	52
32.854	52
32.88	43
32.905	53
32.93	53
32.956	54
32.982	40
33.007	50
33.033	46
33.058	51
33.084	42
33.109	52
33.134	52
33.16	53
33.186	44
33.212	55
33.237	50
33.263	56
33.288	46
33.314	52
33.339	57
33.364	27
33.39	48
33.418	51
33.444	57
33.469	32
33.494	32
33.519	52
33.545	53
33.57	33
33.596	29
33.622	40
33.648	56
33.673	36
33.699	32
33.724	37
33.749	47
33.774	37
33.799	32
33.826	39
33.853	20
33.878	36
33.905	38
33.931	29
33.96	23
33.99	23
34.025	23
34.06	23
34.086	24
34.112	40
34.138	36
34.165	28
34.19	23
34.225	23
34.25	43
34.275	33
34.302	35
34.328	26
34.355	38
34.381	39
34.408	36
34.434	32
34.46	23
34.485	43
34.511	39
34.537	35
34.562	45
34.587	45
34.612	45
34.638	36
34.665	53
34.69	48
34.715	48
34.74	38
34.765	53
34.791	49
34.816	49
34.842	40
34.868	46
34.894	52
34.92	58
34.946	44
34.972	50
34.998	51
35.023	56
35.049	47
35.074	52
35.1	53
35.125	53
35.151	49
35.177	50
35.203	46
35.229	52
35.254	52
35.28	53
35.305	53
35.331	54
35.357	50
35.382	45
35.408	46
35.434	32
35.461	49
35.487	50
35.512	50
35.538	36
35.563	56
35.588	46
35.614	52
35.639	47
35.665	28
35.692	35
35.718	51
35.743	41
35.768	31
35.793	36
35.82	48
35.845	43
35.872	35
35.899	32
35.926	39
35.951	44
35.976	39
36.002	35
36.028	26
36.055	20
36.081	39
36.108	36
36.134	32
36.16	23
36.19	23
36.225	23
36.25	43
36.276	34
36.303	36
36.331	29
36.359	22
36.387	30
36.413	41
36.44	33
36.466	29
36.493	26
36.525	23
36.552	37
36.578	36
36.604	37
36.629	27
36.656	49
36.681	39
36.706	39
36.732	50
36.758	51
36.784	47
36.81	43
36.837	40
36.863	51
36.888	51
36.913	46
36.938	51
36.965	53
36.994	52
37.019	52
37.045	43
37.071	54
37.097	55
37.122	50
37.148	46
37.174	37
37.199	52
37.225	53
37.251	49
37.279	42
37.304	57
37.329	52
37.354	52
37.38	43
37.408	51
37.434	52
37.459	52
37.485	43
37.51	48
37.536	54
37.561	54
37.586	44
37.612	45
37.637	55
37.662	25
37.689	32
37.714	42
37.74	53
37.766	29
37.791	24
37.817	35
37.843	51
37.869	47
37.894	52
37.919	47
37.945	53
37.971	34
37.996	29
38.021	29
38.05	20
38.077	35
38.104	37
38.13	28
38.159	22
38.189	22
38.225	23
38.26	23
38.29	23
38.325	23
38.35	33
38.375	33
38.402	35
38.428	26
38.46	23
38.49	23
38.515	43
38.541	34
38.566	29
38.593	26
38.62	23
38.647	40
38.673	36
38.699	32
38.726	29
38.751	44
38.778	41
38.803	36
38.828	51
38.855	48
38.88	43
38.909	57
38.935	58
38.962	55
38.987	50
39.013	56
39.038	46
39.063	51
39.09	53
39.115	48
39.141	54
39.167	45
39.192	50
39.217	50
39.243	56
39.271	39
39.298	51
39.324	52
39.352	50
39.379	42
39.404	52
39.429	52
39.454	52
39.48	43
39.506	54
39.531	54
39.556	54
39.581	44
39.606	49
39.631	54
39.657	55
39.682	45
39.708	51
39.734	52
39.759	52
39.786	49
39.811	49
39.836	49
39.862	25
39.887	45
39.912	45
39.94	53
39.965	28
39.99	23
40.017	35
40.043	41
40.068	31
40.093	26
40.118	31
40.144	37
40.171	34
40.196	29
40.224	22
40.259	22
40.29	23
40.325	23
40.36	23
40.385	20
40.412	40
40.439	37
40.466	29
40.493	26
40.525	23
40.55	43
40.576	34
40.602	35
40.628	26
40.653	46
40.678	36
40.703	36
40.728	26
40.755	48
40.78	38
40.808	41
40.833	31
40.858	51
40.883	46
40.908	41
40.933	31
40.958	51
40.983	41
41.008	51
41.033	46
41.059	52
41.084	47
41.109	47
41.135	48
41.16	53
41.187	45
41.212	50
41.237	50
41.263	51
41.288	46
41.313	56
41.339	52
41.365	53
41.391	49
41.416	54
41.442	55
41.467	45
41.492	50
41.517	50
41.543	51
41.568	46
41.593	51
41.619	52
41.644	57
41.67	33
41.695	53
41.721	54
41.746	54
41.771	34
41.798	36
41.823	51
41.851	49
41.876	39
41.902	35
41.927	40
41.954	52
41.979	42
42.006	39
42.031	34
42.056	54
42.083	46
42.108	41
42.135	33
42.16	23
42.19	23
42.225	23
42.25	23
42.275	38
42.302	35
42.328	26
42.363	26
42.39	23
42.415	28
42.441	34
42.466	29
42.493	26
42.525	23
42.55	25
42.576	34
42.603	36
42.628	26
42.653	33
42.679	37
42.705	38
42.731	29
42.76	23
42.785	43
42.81	43
42.836	34
42.862	55
42.887	45
42.913	46
42.938	36
42.963	51
42.989	47
43.014	47
43.039	52
43.064	52
43.09	48
43.115	48
43.14	53
43.165	53
43.19	48
43.215	53
43.24	53
43.266	54
43.292	50
43.317	50
43.343	51
43.368	31
43.394	52
43.419	52
43.444	57
43.47	38
43.498	51
43.523	56
43.549	47
43.577	40
43.602	50
43.627	50
43.652	50
43.677	40
43.705	43
43.73	53
43.755	53
43.781	44
43.806	44
43.832	55
43.857	50
43.883	41
43.909	42
43.934	52
43.96	53
43.985	48
44.012	40
44.037	50
44.063	51
44.09	48
44.116	29
44.141	39
44.167	55
44.193	26
44.22	23
44.246	39
44.271	34
44.296	29
44.325	23
44.35	20
44.376	34
44.403	36
44.428	26
44.455	20
44.489	22
44.525	23
44.56	23
44.59	23
44.615	20
44.641	34
44.666	29
44.693	26
44.725	23
44.752	45
44.778	36
44.805	38
44.831	29
44.86	23
44.887	45
44.912	40
44.94	38
44.968	31
44.994	52
45.019	47
45.044	42
45.069	32
45.094	52
45.119	52
45.144	42
45.169	44
45.194	52
45.222	55
45.247	45
45.274	37
45.3	53
45.325	53
45.35	48
45.376	39
45.401	54
45.426	49
45.452	50
45.478	41
45.503	56
45.528	56
45.554	52
45.579	42
45.605	58
45.63	53
45.655	53
45.68	43
45.705	43
45.73	53
45.755	53
45.78	38
45.805	38
45.83	53
45.855	53
45.88	43
45.907	40
45.935	53
45.96	53
45.986	44
46.012	45
46.037	50
46.062	55
46.087	45
46.115	43
46.14	43
46.165	28
46.19	23
46.216	29
46.242	40
46.268	31
46.295	28
46.325	23
46.35	20
46.377	35
46.404	37
46.43	28
46.46	23
46.489	22
46.525	23
46.56	23
46.59	23
46.616	44
46.643	36
46.668	31
46.695	28
46.725	23
46.75	43
46.776	34
46.802	35
46.828	26
46.86	23
46.885	43
46.91	38
46.935	33
46.961	24
46.986	44
47.011	39
47.037	35
47.063	51
47.088	46
47.114	47
47.139	37
47.165	53
47.191	49
47.217	50
47.243	41
47.269	42
47.294	52
47.32	53
47.346	44
47.372	45
47.398	51
47.423	56
47.448	46
47.474	47
47.499	52
47.524	52
47.55	48
47.575	53
47.6	53
47.626	54
47.652	45
47.678	56
47.704	42
47.73	53
47.755	48
47.78	43
47.805	48
47.831	54
47.857	55
47.882	45
47.908	46
47.934	52
47.96	53
47.985	43
48.01	43
48.036	54
48.061	51
48.088	46
48.114	42
48.14	53
48.166	54
48.193	51
48.219	47
48.245	43
48.271	34
48.297	30
48.325	23
48.359	22
48.39	23
48.416	29
48.441	34
48.466	29
48.492	25
48.525	23
48.56	23
48.585	25
48.612	40
48.638	36
48.663	26
48.688	38
48.713	41
48.74	38
48.766	29
48.792	25
48.817	45
48.842	40
48.867	30
48.893	51
48.919	52
48.944	42
48.969	32
48.994	52
49.02	53
49.049	47
49.075	38
49.101	54
49.127	50
49.154	52
49.18	43
49.206	54
49.232	45
49.258	51
49.284	42
49.31	58
49.336	44
49.362	55
49.387	50
49.412	50
49.437	50
49.463	26
49.489	47
49.514	47
49.539	52
49.565	53
49.591	49
49.617	45
49.643	56
49.669	42
49.697	40
49.724	52
49.75	53
49.775	48
49.801	34
49.827	45
49.853	51
49.878	41
49.903	36
49.928	46
49.953	51
49.978	41
50.004	37
50.029	32
50.054	52
50.079	42
50.104	37
50.129	32
50.154	52
50.181	44
50.206	39
50.231	29
50.258	36
50.283	41
50.308	36
50.334	32
50.36	23
50.386	20
50.411	39
50.437	35
50.463	26
50.49	23
50.525	23
50.56	23
50.589	22
50.615	20
50.64	38
50.666	29
50.693	26
50.725	23
50.75	43
50.775	38
50.801	34
50.826	24
50.853	46
50.879	37
50.904	37
50.93	28
50.956	49
50.982	40
51.007	40
51.033	56
51.058	51
51.084	47
51.109	52
51.134	52
51.16	53
51.185	48
51.211	44
51.239	52
51.265	58
51.29	48
51.315	53
51.341	39
51.366	54
51.391	49
51.417	50
51.442	50
51.47	53
51.495	53
51.52	53
51.545	43
51.572	40
51.597	50
51.622	55
51.647	45
51.672	50
51.697	45
51.722	50
51.748	46
51.775	38
51.803	51
51.828	51
51.853	51
51.881	44
51.906	44
51.931	54
51.956	49
51.982	40
52.007	45
52.033	51
52.058	51
52.086	39
52.111	44
52.136	54
52.161	24
52.189	22
52.22	38
52.245	43
52.273	36
52.3	33
52.325	30
52.36	23
52.39	23
52.415	20
52.442	35
52.468	31
52.495	28
52.52	20
52.546	39
52.572	35
52.599	32
52.625	23
52.659	22
52.69	23
52.725	23
52.752	25
52.778	36
52.805	38
52.831	29
52.857	45
52.883	41
52.908	41
52.933	31
52.958	51
52.984	42
53.01	43
53.036	34
53.061	49
53.087	45
53.113	46
53.14	38
53.166	54
53.192	50
53.219	52
53.245	43
53.271	34
53.297	55
53.323	56
53.349	47
53.374	37
53.401	54
53.427	55
53.452	50
53.477	40
53.503	51
53.529	52
53.554	52
53.58	43
53.606	54
53.632	55
53.658	51
53.684	47
53.709	52
53.735	53
53.761	54
53.786	49
53.812	50
53.837	50
53.862	45
53.89	48
53.915	53
53.943	41
53.968	31
53.993	46
54.018	51
54.043	41
54.068	31
54.093	46
54.118	51
54.143	41
54.168	31
54.193	46
54.218	51
54.243	41
54.271	34
54.296	29
54.321	39
54.346	44
54.373	36
54.399	32
54.428	26
54.46	23
54.49	23
54.525	23
54.55	43
54.575	38
54.602	35
54.628	26
54.663	26
54.689	22
54.716	29
54.743	36
54.768	31
54.795	28
54.825	23
54.851	44
54.876	34
54.902	35
54.928	26
54.954	47
54.98	38
55.005	38
55.03	28
55.058	51
55.083	41
55.109	42
55.135	33
55.16	53
55.186	44
55.211	44
55.236	49
55.262	50
55.288	46
55.317	50
55.342	55
55.367	30
55.393	51
55.418	51
55.443	41
55.47	38
55.495	53
55.52	53
55.547	45
55.572	50
55.597	50
55.626	54
55.652	50
55.678	41
55.703	51
55.728	51
55.754	52
55.78	43
55.805	53
55.831	39
55.856	54
55.882	45
55.907	45
55.932	50
55.957	50
55.983	46
56.008	51
56.034	52
56.059	52
56.084	47
56.109	47
56.134	52
56.16	53
56.185	43
56.21	43
56.235	53
56.26	53
56.285	20
56.31	38
56.335	53
56.36	53
56.39	23
56.415	33
56.44	53
56.465	28
56.49	23
56.515	33
56.54	38
56.566	29
56.593	26
56.619	20
56.646	29
56.672	35
56.7	33
56.725	23
56.759	22
56.79	23
56.824	22
56.86	23
56.886	20
56.912	40
56.938	36
56.965	28
56.993	26
57.025	23
57.052	35
57.079	37
57.106	34
57.131	29
57.16	23
57.185	43
57.21	38
57.235	33
57.26	23
57.287	45
57.312	40
57.339	37
57.364	32
57.389	47
57.418	51
57.443	41
57.469	32
57.495	53
57.52	53
57.546	44
57.571	34
57.597	55
57.622	55
57.647	45
57.672	35
57.697	50
57.722	55
57.748	46
57.773	36
57.798	56
57.823	51
57.849	47
57.874	47
57.9	48
57.928	51
57.954	52
57.98	58
58.006	54
58.031	49
58.056	54
58.082	45
58.107	50
58.132	45
58.157	50
58.182	45
58.208	46
58.233	51
58.259	52
58.285	43
58.31	48
58.336	54
58.362	55
58.388	46
58.414	52
58.44	58
58.465	28
58.49	48
58.515	48
58.541	54
58.568	31
58.593	41
58.62	48
58.647	45
58.674	37
58.7	33
58.725	38
58.752	45
58.779	37
58.805	38
58.831	29
58.86	23
58.886	20
58.913	41
58.94	38
58.965	28
58.99	23
59.015	30
59.041	39
59.066	29
59.092	25
59.125	23
59.15	43
59.176	39
59.201	34
59.227	25
59.255	48
59.282	40
59.307	40
59.333	31
59.358	46
59.387	45
59.412	45
59.437	35
59.462	50
59.49	48
59.515	48
59.54	38
59.566	54
59.591	54
59.616	49
59.642	40
59.668	36
59.693	56
59.719	52
59.745	43
59.771	34
59.797	55
59.823	51
59.849	47
59.875	38
59.9	53
59.925	53
59.952	50
59.977	40
60.002	55
60.027	50
60.053	51
60.079	42
60.105	53
60.13	53
60.155	53
60.18	38
60.205	43
60.23	53
60.256	54
60.285	48
60.31	43
60.338	51
60.363	56
60.389	47
60.416	44
60.442	55
60.467	35
60.492	50
60.517	45
60.542	55
60.568	31
60.595	28
60.622	35
60.647	45
60.672	35
60.698	31
60.725	23
60.75	20
60.777	35
60.804	37
60.831	29
60.859	22
60.889	22
60.914	22
60.94	33
60.966	29
60.993	26
61.025	23
61.05	43
61.076	34
61.102	35
61.128	26
61.16	23
61.186	20
61.211	39
61.241	34
61.266	29
61.293	26
61.318	46
61.343	36
61.369	32
61.394	27
61.419	47
61.444	37
61.469	32
61.496	49
61.521	49
61.546	44
61.571	49
61.597	55
61.622	50
61.647	45
61.672	45
61.697	50
61.723	51
61.749	47
61.774	57
61.8	53
61.827	55
61.852	50
61.878	51
61.904	52
61.929	57
61.955	53
61.981	44
62.006	54
62.031	49
62.056	49
62.081	44
62.106	54
62.131	54
62.156	54
62.183	46
62.208	46
62.233	56
62.258	51
62.284	42
62.309	42
62.334	52
62.359	52
62.384	42
62.412	40
62.437	50
62.462	50
62.488	46
62.514	42
62.541	54
62.567	30
62.594	27
62.624	42
62.651	49
62.678	41
62.703	36
62.728	31
62.753	51
62.779	42
62.806	39
62.831	29
62.86	23
62.89	23
62.915	20
62.941	34
62.966	29
62.996	29
63.024	22
63.06	23
63.09	23
63.125	23
63.15	28
63.177	35
63.202	35
63.228	26
63.26	23
63.29	23
63.32	20
63.346	39
63.371	34
63.396	29
63.421	49
63.448	41
63.473	36
63.499	32
63.524	52
63.549	42
63.574	37
63.599	47
63.624	52
63.649	42
63.674	37
63.701	54
63.726	54
63.751	49
63.776	39
63.801	54
63.826	54
63.851	49
63.876	39
63.903	56
63.928	51
63.953	51
63.979	42
64.005	58
64.03	53
64.057	55
64.082	45
64.107	50
64.133	51
64.158	51
64.183	46
64.209	47
64.234	52
64.26	58
64.287	50
64.313	46
64.341	54
64.366	54
64.392	50
64.417	50
64.443	51
64.468	51
64.493	51
64.518	51
64.543	51
64.568	51
64.593	51
64.618	46
64.643	51
64.668	51
64.693	51
64.724	27
64.749	47
64.774	54
64.8	33
64.825	38
64.85	43
64.876	39
64.902	35
64.928	26
64.953	20
64.98	38
65.006	34
65.031	29
65.059	22
65.089	22
65.124	22
65.149	42
65.175	38
65.201	34
65.231	29
65.26	23
65.286	20
65.312	40
65.337	35
65.363	26
65.39	23
65.425	23
65.45	43
65.475	38
65.5	33
65.525	23
65.552	45
65.578	36
65.605	38
65.63	28
65.655	48
65.68	38
65.707	40
65.733	31
65.761	54
65.786	44
65.812	45
65.838	36
65.863	51
65.888	46
65.913	46
65.939	52
65.964	57
65.989	52
66.015	53
66.041	49
66.067	55
66.092	50
66.118	56
66.143	51
66.168	56
66.193	51
66.219	57
66.247	45
66.272	50
66.298	51
66.326	49
66.352	50
66.377	40
66.403	51
66.429	52
66.454	52
66.479	42
66.505	53
66.533	51
66.56	53
66.586	44
66.611	49
66.636	49
66.661	24
66.686	44
66.712	45
66.737	55
66.763	26
66.789	42
66.815	43
66.84	53
66.866	29
66.893	26
66.918	36
66.944	42
66.969	32
66.994	27
67.019	27
67.045	38
67.073	36
67.098	31
67.125	23
67.16	23
67.19	23
67.224	22
67.252	25
67.277	35
67.304	37
67.331	29
67.36	23
67.39	23
67.415	43
67.441	34
67.466	29
67.493	26
67.518	46
67.544	37
67.569	32
67.595	28
67.621	49
67.646	39
67.672	35
67.697	30
67.723	51
67.749	42
67.775	38
67.8	33
67.825	53
67.851	49
67.876	39
67.901	54
67.926	54
67.951	49
67.976	39
68.001	54
68.026	54
68.054	52
68.079	42
68.105	58
68.131	54
68.156	54
68.181	44
68.207	50
68.233	51
68.258	51
68.288	46
68.313	51
68.339	52
68.364	52
68.39	48
68.416	54
68.442	55
68.467	30
68.492	50
68.517	55
68.543	51
68.568	46
68.596	49
68.622	50
68.647	50
68.672	35
68.697	50
68.722	50
68.747	55
68.772	55
68.797	50
68.822	50
68.847	50
68.874	42
68.9	33
68.926	24
68.953	46
68.978	41
69.003	36
69.03	28
69.059	22
69.089	22
69.115	20
69.142	35
69.168	31
69.195	28
69.224	22
69.255	20
69.28	38
69.306	34
69.331	29
69.36	23
69.39	23
69.419	20
69.444	37
69.469	32
69.496	29
69.525	23
69.56	23
69.59	23
69.618	46
69.644	37
69.669	32
69.694	27
69.719	47
69.744	37
69.769	32
69.794	27
69.819	47
69.845	38
69.87	33
69.897	50
69.928	56
69.953	51
69.98	43
70.005	38
70.031	54
70.056	54
70.081	44
70.106	49
70.131	54
70.156	54
70.182	45
70.208	51
70.234	52
70.259	52
70.285	48
70.311	54
70.336	49
70.363	56
70.392	50
70.417	50
70.444	42
70.469	47
70.495	53
70.523	51
70.551	44
70.576	54
70.601	54
70.626	54
70.651	44
70.676	39
70.701	49
70.726	44
70.751	44
70.778	41
70.803	46
70.828	51
70.855	48
70.881	39
70.909	52
70.934	32
70.959	49
70.985	43
71.011	54
71.036	34
71.061	24
71.087	45
71.112	50
71.137	35
71.163	26
71.188	41
71.213	46
71.238	36
71.263	26
71.288	41
71.313	46
71.339	37
71.364	27
71.39	23
71.416	44
71.441	34
71.466	29
71.493	26
71.518	46
71.543	36
71.569	32
71.596	29
71.625	23
71.651	44
71.676	34
71.702	35
71.729	27
71.754	47
71.779	37
71.805	38
71.83	28
71.857	50
71.883	41
71.909	42
71.935	33
71.96	53
71.986	49
72.011	44
72.037	50
72.062	50
72.088	51
72.114	57
72.139	52
72.169	47
72.195	53
72.221	54
72.247	45
72.272	50
72.298	51
72.323	56
72.349	47
72.375	53
72.401	49
72.426	54
72.451	49
72.477	50
72.502	50
72.527	50
72.553	51
72.578	41
72.603	51
72.629	47
72.654	47
72.681	44
72.706	44
72.731	39
72.757	50
72.783	46
72.808	56
72.833	46
72.86	53
72.885	48
72.91	48
72.936	34
72.963	26
72.988	46
73.014	57
73.039	37
73.066	29
73.091	44
73.119	52
73.144	42
73.169	32
73.194	47
73.221	54
73.246	44
73.272	35
73.299	32
73.325	23
73.36	23
73.39	23
73.425	23
73.45	20
73.476	34
73.503	36
73.53	28
73.56	23
73.59	23
73.615	20
73.64	38
73.666	29
73.693	26
73.725	23
73.75	43
73.775	38
73.801	34
73.827	25
73.852	45
73.877	40
73.903	36
73.929	52
73.954	47
73.981	44
74.006	39
74.032	55
74.058	51
74.083	41
74.109	57
74.135	48
74.161	54
74.188	46
74.213	46
74.239	47
74.267	55
74.292	50
74.317	50
74.342	50
74.368	56
74.393	51
74.419	57
74.445	43
74.47	43
74.496	54
74.521	54
74.546	44
74.572	40
74.597	55
74.623	51
74.648	46
74.674	37
74.699	52
74.724	52
74.75	48
74.776	39
74.802	50
74.827	50
74.853	51
74.878	41
74.903	41
74.928	56
74.954	52
74.981	44
75.006	49
75.031	49
75.056	54
75.082	40
75.108	41
75.134	52
75.159	52
75.185	20
75.211	39
75.236	34
75.261	54
75.29	23
75.325	23
75.36	23
75.387	25
75.412	40
75.437	35
75.463	26
75.49	23
75.525	23
75.56	23
75.59	23
75.617	45
75.643	36
75.669	32
75.696	29
75.725	23
75.751	44
75.778	36
75.805	38
75.831	29
75.857	30
75.883	41
75.908	41
75.933	31
75.959	52
75.985	43
76.011	44
76.038	36
76.064	52
76.089	47
76.114	47
76.14	38
76.165	53
76.191	49
76.216	49
76.243	41
76.269	47
76.296	54
76.322	55
76.348	46
76.373	51
76.399	52
76.425	53
76.451	49
76.476	54
76.501	54
76.526	54
76.552	50
76.578	56
76.603	51
76.628	26
76.654	47
76.679	57
76.705	43
76.73	53
76.755	53
76.78	43
76.805	53
76.831	54
76.856	49
76.881	44
76.907	50
76.932	50
76.957	50
76.982	45
77.007	55
77.032	50
77.059	52
77.086	44
77.111	49
77.136	49
77.163	26
77.189	37
77.215	48
77.241	39
77.266	29
77.292	35
77.318	46
77.344	37
77.369	32
77.396	29
77.425	23
77.455	20
77.483	41
77.509	37
77.534	32
77.559	22
77.584	34
77.611	39
77.637	35
77.663	26
77.69	23
77.716	44
77.743	36
77.769	32
77.794	27
77.819	47
77.844	37
77.869	32
77.896	29
77.921	49
77.946	39
77.972	35
77.998	31
78.024	52
78.049	47
78.075	38
78.1	53
78.125	53
78.151	49
78.176	39
78.201	54
78.226	54
78.251	49
78.277	55
78.302	50
78.327	50
78.353	51
78.378	41
78.404	52
78.429	57
78.455	53
78.481	54
78.507	55
78.532	45
78.558	51
78.584	52
78.609	57
78.634	37
78.66	53
78.685	48
78.711	49
78.736	49
78.761	54
78.786	49
78.811	49
78.837	35
78.862	55
78.893	51
78.92	53
78.945	43
78.973	46
78.998	56
79.024	52
79.049	47
79.075	38
79.101	54
79.126	54
79.151	49
79.176	39
79.201	54
79.226	24
79.255	23
79.281	39
79.306	39
79.331	29
79.36	23
79.393	26
79.425	23
79.45	33
79.475	38
79.502	35
79.528	26
79.56	23
79.59	23
79.625	23
79.659	22
79.687	30
79.712	40
79.737	35
79.763	26
79.79	23
79.817	45
79.843	36
79.869	32
79.894	27
79.92	48
79.946	39
79.972	35
79.997	30
80.022	45
80.048	41
80.073	36
80.098	31
80.125	53
80.151	44
80.177	40
80.203	51
80.231	54
80.259	52
80.284	47
80.31	53
80.335	48
80.361	54
80.386	49
80.411	49
80.436	34
80.462	55
80.488	51
80.513	56
80.538	46
80.567	30
80.592	50
80.618	51
80.644	42
80.669	52
80.695	53
80.72	53
80.745	53
80.771	54
80.796	54
80.821	54
80.847	50
80.872	35
80.899	52
80.925	53
80.95	48
80.976	39
81.002	50
81.027	50
81.053	51
81.078	41
81.104	42
81.129	52
81.155	53
81.18	43
81.206	54
81.232	50
81.258	51
81.285	43
81.31	43
81.336	54
81.361	24
81.39	23
81.415	33
81.44	38
81.466	29
81.493	26
81.525	23
81.56	23
81.59	23
81.625	23
81.66	23
81.686	24
81.711	39
81.74	38
81.766	29
81.791	24
81.816	44
81.842	35
81.869	32
81.896	29
81.921	34
81.947	40
81.973	36
81.998	31
82.023	51
82.048	41
82.074	37
82.1	33
82.131	54
82.156	49
82.182	45
82.207	40
82.232	45
82.257	50
82.283	41
82.309	57
82.335	48
82.36	53
82.386	44
82.413	56
82.438	41
82.464	57
82.489	47
82.515	53
82.54	48
82.566	54
82.592	50
82.618	51
82.643	51
82.669	32
82.694	52
82.719	52
82.745	43
82.77	38
82.799	57
82.825	58
82.85	48
82.875	38
82.9	43
82.925	53
82.95	48
82.976	39
83.001	49
83.026	54
83.052	50
83.082	45
83.108	46
83.134	52
83.16	53
83.187	45
83.212	45
83.237	55
83.263	26
83.289	42
83.315	48
83.341	39
83.366	54
83.392	50
83.417	45
83.442	40
83.467	30
83.493	26
83.519	20
83.544	37
83.569	32
83.596	29
83.625	23
83.66	23
83.69	23
83.724	22
83.752	20
83.778	36
83.805	38
83.831	29
83.86	23
83.886	44
83.911	39
83.937	35
83.963	26
83.988	46
84.015	43
84.04	38
84.066	29
84.092	50
84.117	45
84.142	40
84.167	30
84.192	50
84.217	50
84.242	40
84.27	33
84.295	53
84.32	53
84.345	43
84.37	33
84.395	53
84.42	53
84.446	44
84.471	49
84.499	52
84.525	53
84.55	48
84.575	53
84.6	53
84.626	54
84.651	49
84.677	40
84.703	51
84.729	57
84.755	53
84.78	43
84.805	53
84.83	53
84.856	54
84.881	44
84.906	54
84.932	55
84.958	51
84.983	41
85.009	52
85.035	53
85.06	53
85.087	45
85.112	50
85.138	51
85.163	51
85.189	47
85.215	48
85.241	54
85.266	54
85.293	51
85.32	48
85.345	48
85.37	33
85.396	29
85.425	38
85.45	43
85.476	39
85.503	36
85.528	26
85.56	23
85.59	23
85.615	20
85.641	39
85.666	29
85.693	26
85.719	20
85.745	38
85.771	34
85.798	31
85.824	22
85.849	42
85.875	38
85.902	35
85.928	26
85.959	22
85.99	23
86.018	36
86.044	37
86.07	33
86.096	29
86.125	23
86.151	44
86.176	34
86.202	35
86.227	25
86.253	46
86.278	41
86.303	36
86.328	51
86.354	47
86.382	45
86.407	55
86.433	56
86.458	51
86.483	46
86.508	51
86.534	57
86.559	52
86.584	47
86.609	52
86.637	50
86.663	56
86.688	51
86.714	52
86.74	53
86.765	53
86.791	54
86.817	50
86.843	56
86.869	37
86.895	53
86.92	53
86.952	50
86.978	46
87.003	41
87.029	47
87.054	52
87.079	42
87.105	38
87.131	49
87.156	49
87.182	50
87.207	40
87.232	50
87.258	51
87.283	46
87.309	42
87.334	32
87.36	53
87.385	48
87.41	43
87.435	33
87.46	53
87.485	48
87.512	45
87.539	37
87.566	44
87.592	55
87.619	47
87.645	38
87.67	33
87.695	28
87.724	22
87.752	20
87.777	35
87.804	37
87.83	28
87.86	23
87.89	23
87.925	23
87.96	23
87.985	20
88.012	40
88.038	36
88.063	26
88.09	23
88.115	43
88.141	34
88.167	30
88.192	25
88.217	45
88.244	37
88.269	32
88.296	29
88.321	49
88.346	39
88.371	34
88.396	29
88.421	49
88.448	41
88.474	37
88.5	53
88.525	53
88.55	48
88.575	38
88.6	53
88.625	53
88.65	48
88.675	38
88.701	54
88.73	53
88.755	53
88.781	44
88.807	55
88.833	46
88.859	57
88.886	44
88.912	55
88.938	51
88.964	42
88.989	47
89.015	53
89.04	53
89.066	46
89.092	50
89.117	50
89.143	56
89.168	51
89.194	52
89.22	48
89.245	53
89.271	54
89.296	54
89.321	49
89.346	54
89.372	50
89.399	32
89.425	43
89.45	43
89.475	53
89.5	33
89.525	23
89.551	44
89.576	54
89.603	36
89.628	26
89.655	48
89.682	45
89.709	42
89.734	32
89.76	23
89.789	22
89.815	20
89.842	35
89.869	32
89.896	29
89.925	23
89.96	23
89.99	23
90.025	23
90.06	23
90.09	23
90.124	22
90.16	23
90.185	43
90.21	38
90.235	33
90.26	23
90.288	46
90.315	43
90.341	34
90.366	29
90.391	49
90.416	44
90.441	39
90.467	30
90.494	52
90.519	47
90.544	42
90.569	32
90.596	54
90.621	54
90.647	45
90.673	51
90.699	52
90.725	58
90.75	48
90.776	54
90.802	55
90.828	56
90.854	52
90.88	53
90.906	54
90.931	39
90.957	55
90.982	45
91.007	45
91.033	46
91.058	51
91.083	46
91.108	51
91.133	46
91.159	52
91.184	47
91.209	57
91.234	52
91.259	52
91.286	44
91.311	51
91.336	49
91.362	50
91.387	45
91.412	45
91.437	50
91.462	25
91.489	27
91.514	42
91.542	55
91.567	30
91.593	26
91.618	36
91.643	56
91.668	31
91.693	26
91.718	36
91.744	42
91.769	32
91.794	27
91.819	27
91.846	39
91.872	35
91.899	32
91.925	23
91.96	23
91.99	23
92.019	20
92.045	38
92.07	33
92.096	29
92.125	23
92.152	40
92.178	36
92.205	38
92.231	29
92.26	23
92.286	44
92.313	41
92.34	38
92.366	29
92.392	25
92.418	46
92.444	37
92.469	32
92.494	52
92.52	48
92.545	43
92.57	33
92.595	53
92.62	53
92.646	44
92.672	50
92.698	51
92.725	53
92.751	44
92.777	55
92.803	51
92.829	57
92.854	47
92.88	43
92.905	53
92.93	53
92.955	48
92.981	44
93.006	54
93.031	54
93.057	50
93.083	46
93.109	57
93.135	48
93.16	53
93.186	44
93.211	54
93.236	49
93.262	25
93.289	47
93.317	50
93.342	55
93.368	31
93.395	53
93.421	54
93.446	54
93.472	35
93.498	36
93.523	51
93.548	56
93.573	36
93.598	31
93.625	43
93.651	49
93.676	39
93.702	35
93.727	45
93.752	50
93.778	41
93.803	36
93.828	36
93.854	52
93.881	39
93.908	36
93.933	31
93.96	23
93.985	20
94.012	40
94.037	35
94.063	26
94.09	23
94.125	23
94.16	23
94.19	23
94.224	22
94.25	20
94.275	38
94.302	35
94.328	26
94.36	23
94.386	44
94.413	41
94.438	36
94.463	26
94.489	47
94.515	43
94.541	39
94.566	29
94.592	50
94.618	46
94.645	38
94.671	34
94.697	50
94.723	51
94.749	47
94.775	38
94.8	53
94.826	54
94.851	44
94.876	39
94.902	50
94.927	55
94.953	51
94.978	41
95.003	51
95.029	57
95.054	52
95.08	43
95.106	54
95.132	50
95.157	50
95.183	46
95.209	57
95.234	52
95.26	53
95.287	45
95.313	51
95.339	52
95.364	52
95.389	47
95.414	52
95.439	52
95.464	52
95.49	48
95.515	48
95.541	54
95.566	54
95.593	51
95.618	51
95.645	48
95.67	53
95.695	45
95.72	48
95.747	45
95.772	35
95.799	32
95.824	32
95.849	42
95.875	53
95.902	35
95.927	25
95.952	40
95.989	22
96.024	22
96.059	22
96.089	22
96.114	22
96.139	32
96.165	28
96.192	25
96.225	23
96.255	20
96.29	23
96.325	23
96.36	23
96.385	20
96.424	22
96.46	23
96.49	23
96.525	23
96.56	23
96.59	23
96.625	23
96.66	23
96.685	30
96.711	39
96.737	35
96.763	26
96.788	31
96.813	41
96.84	33
96.866	29
96.891	24
96.916	39
96.943	36
96.969	32
96.995	28
97.021	44
97.05	38
97.076	34
97.101	34
97.127	50
97.152	45
97.178	36
97.203	36
97.229	27
97.254	42
97.279	37
97.304	32
97.331	29
97.356	44
97.382	40
97.407	35
97.434	32
97.46	23
97.485	38
97.51	38
97.536	34
97.563	26
97.588	41
97.613	41
97.64	33
97.666	29
97.691	24
97.716	39
97.744	37
97.769	32
97.794	27
97.82	43
97.846	39
97.872	35
97.897	30
97.922	50
97.947	40
97.972	35
97.999	32
98.024	52
98.049	42
98.074	37
98.099	52
98.124	52
98.149	47
98.174	37
98.199	52
98.224	52
98.249	47
98.277	40
98.305	38
98.332	45
98.357	50
98.382	40
98.41	43
98.437	50
98.462	50
98.489	47
98.516	49
98.541	54
98.567	55
98.593	51
98.619	52
98.646	44
98.672	35
98.698	51
98.724	52
98.75	48
98.776	39
98.801	44
98.827	50
98.853	46
98.878	41
98.903	51
98.928	51
98.956	49
98.983	41
99.008	56
99.033	46
99.06	53
99.086	44
99.111	54
99.137	50
99.163	56
99.189	47
99.215	48
99.241	39
99.267	30
99.293	51
99.319	52
99.345	43
99.37	33
99.395	48
99.421	54
99.446	44
99.472	35
99.497	40
99.522	50
99.547	45
99.573	36
99.601	39
99.626	49
99.651	44
99.677	35
99.702	35
99.728	51
99.753	46
99.779	37
99.804	37
99.83	28
99.855	48
99.881	39
99.907	40
99.932	30
99.957	40
99.984	42
100.009	37
100.034	32
100.06	23
100.088	41
100.116	44
100.144	37
100.169	32
100.195	28
100.22	48
100.246	39
100.273	36
100.298	31
100.325	23
100.351	44
100.376	34
100.402	35
100.429	27
100.456	44
100.481	39
100.508	41
100.533	31
100.56	48
100.585	43
100.61	43
100.635	33
100.66	48
100.685	43
100.71	43
100.735	33
100.76	48
100.785	43
100.81	43
100.836	34
100.861	54
100.886	44
100.911	44
100.936	34
100.961	49
100.986	44
101.011	44
101.036	34
101.061	49
101.086	44
101.111	49
101.136	34
101.163	51
101.188	46
101.215	48
101.241	39
101.267	30
101.293	46
101.318	56
101.344	42
101.369	32
101.395	48
101.421	54
101.446	39
101.471	34
101.496	49
101.521	54
101.548	41
101.573	36
101.6	48
101.625	53
101.651	44
101.677	40
101.702	45
101.728	56
101.754	47
101.78	38
101.806	39
101.831	29
101.86	23
101.885	43
101.912	40
101.938	36
101.963	26
101.99	23
102.015	43
102.042	35
102.068	31
102.095	28
102.125	23
102.15	20
102.175	33
102.202	35
102.228	26
102.26	23
102.29	23
102.317	40
102.343	36
102.369	32
102.394	27
102.425	23
102.45	38
102.476	34
102.503	31
102.53	28
102.559	22
102.586	39
102.611	39
102.637	30
102.663	26
102.69	23
102.715	38
102.74	33
102.766	29
102.791	24
102.816	39
102.844	37
102.869	32
102.895	28
102.92	43
102.945	38
102.97	33
102.995	28
103.021	44
103.046	39
103.071	34
103.096	29
103.121	44
103.146	39
103.172	30
103.197	30
103.225	23
103.25	38
103.275	33
103.3	33
103.325	23
103.35	38
103.375	33
103.401	34
103.428	26
103.453	41
103.479	37
103.504	32
103.531	29
103.56	23
103.585	38
103.61	38
103.636	34
103.663	26
103.688	41
103.713	41
103.74	33
103.766	29
103.791	24
103.816	39
103.844	37
103.869	32
103.894	27
103.919	42
103.944	37
103.97	33
103.995	28
104.025	23
104.05	38
104.076	34
104.101	34
104.126	24
104.151	44
104.176	34
104.201	34
104.226	49
104.251	44
104.276	39
104.301	34
104.326	49
104.351	44
104.376	39
104.401	39
104.426	54
104.451	44
104.479	42
104.504	44
104.532	30
104.559	47
104.584	42
104.609	47
104.634	32
104.661	49
104.686	44
104.714	47
104.741	39
104.768	31
104.793	46
104.82	48
104.846	39
104.872	35
104.901	54
104.927	55
104.953	46
104.979	42
105.005	48
105.032	55
105.057	50
105.083	41
105.109	57
105.134	32
105.159	52
105.184	42
105.21	48
105.238	36
105.265	28
105.29	48
105.315	53
105.34	38
105.369	32
105.395	48
105.421	54
105.447	45
105.472	35
105.498	51
105.523	56
105.549	47
105.574	37
105.599	47
105.624	57
105.649	42
105.674	37
105.701	44
105.726	24
105.751	44
105.778	36
105.803	51
105.83	28
105.86	23
105.886	44
105.911	44
105.937	35
105.964	27
105.99	48
106.016	49
106.043	41
106.069	32
106.095	28
106.125	23
106.151	44
106.178	36
106.205	33
106.231	29
106.26	23
106.29	23
106.325	23
106.35	43
106.375	33
106.402	35
106.428	26
106.46	23
106.485	38
106.512	40
106.538	31
106.563	26
106.59	23
106.616	39
106.643	36
106.669	32
106.696	29
106.725	23
106.75	43
106.775	33
106.8	33
106.825	48
106.851	44
106.877	35
106.903	36
106.928	26
106.954	42
106.981	39
107.007	35
107.033	31
107.06	23
107.087	40
107.114	42
107.139	37
107.167	30
107.193	46
107.22	48
107.245	38
107.27	33
107.296	49
107.323	51
107.348	41
107.375	38
107.402	35
107.427	50
107.454	47
107.481	39
107.508	41
107.533	46
107.56	53
107.586	44
107.612	45
107.638	36
107.665	53
107.691	49
107.718	46
107.744	42
107.771	34
107.797	50
107.823	51
107.85	48
107.876	39
107.903	36
107.929	52
107.956	49
107.982	40
108.008	41
108.035	43
108.061	54
108.088	46
108.114	42
108.14	38
108.167	55
108.193	51
108.219	47
108.246	44
108.272	35
108.298	51
108.325	53
108.351	44
108.378	41
108.404	37
108.43	53
108.457	50
108.483	41
108.509	42
108.536	34
108.562	50
108.587	45
108.614	47
108.641	39
108.666	44
108.692	50
108.718	46
108.744	42
108.771	34
108.797	50
108.823	51
108.85	48
108.876	39
108.902	35
108.928	51
108.954	52
108.98	43
109.006	39
109.031	54
109.057	50
109.083	46
109.108	41
109.134	47
109.159	52
109.184	47
109.209	42
109.235	48
109.26	53
109.288	46
109.315	48
109.34	38
109.365	43
109.392	50
109.417	45
109.444	42
109.469	32
109.497	35
109.524	52
109.552	45
109.579	37
109.606	39
109.631	29
109.66	23
109.687	40
109.714	42
109.74	33
109.766	29
109.796	29
109.821	49
109.848	41
109.873	36
109.898	31
109.923	43
109.953	41
109.978	36
110.006	34
110.031	29
110.056	24
110.082	40
110.107	35
110.134	32
110.16	23
110.185	43
110.211	39
110.237	30
110.263	26
110.289	42
110.315	43
110.341	34
110.367	30
110.393	26
110.419	42
110.445	38
110.471	34
110.497	30
110.523	46
110.549	42
110.576	34
110.602	35
110.629	27
110.655	43
110.683	41
110.709	37
110.735	33
110.76	23
110.786	39
110.812	40
110.838	36
110.865	28
110.892	45
110.92	48
110.947	40
110.974	37
110.999	37
111.026	49
111.053	46
111.08	43
111.105	38
111.132	30
111.159	47
111.187	45
111.214	47
111.239	37
111.265	33
111.291	49
111.317	50
111.344	42
111.37	33
111.396	49
111.423	51
111.449	42
111.475	38
111.501	54
111.527	55
111.552	45
111.578	41
111.604	47
111.629	52
111.654	47
111.68	38
111.705	53
111.73	28
111.755	48
111.78	38
111.807	55
111.835	33
111.86	23
111.887	40
111.914	47
111.94	38
111.966	29
111.992	40
112.019	47
112.045	38
112.07	33
112.096	29
112.125	23
112.151	39
112.176	34
112.203	31
112.231	29
112.259	22
112.286	39
112.311	39
112.337	35
112.363	26
112.39	23
112.417	40
112.443	36
112.469	32
112.497	30
112.525	23
112.553	41
112.578	36
112.603	36
112.628	26
112.653	41
112.679	37
112.704	37
112.731	29
112.76	23
112.786	39
112.812	40
112.837	35
112.863	26
112.89	43
112.917	45
112.945	38
112.972	35
112.997	30
113.024	47
113.049	42
113.074	37
113.101	34
113.126	49
113.151	44
113.178	41
113.203	36
113.228	51
113.255	48
113.28	43
113.305	38
113.332	55
113.357	50
113.382	45
113.407	40
113.434	37
113.459	52
113.486	44
113.511	44
113.536	34
113.563	51
113.589	47
113.615	48
113.641	39
113.667	55
113.693	51
113.719	52
113.744	42
113.77	33
113.799	52
113.825	53
113.85	48
113.875	38
113.9	53
113.925	53
113.95	43
113.977	40
114.002	50
114.027	55
114.053	51
114.079	42
114.104	57
114.129	52
114.155	48
114.18	43
114.205	53
114.23	28
114.255	48
114.285	43
114.31	48
114.336	34
114.363	26
114.389	42
114.414	52
114.44	38
114.466	29
114.492	40
114.518	51
114.543	36
114.569	32
114.597	50
114.624	52
114.651	44
114.677	35
114.703	36
114.73	28
114.76	23
114.79	23
114.824	22
114.859	22
114.889	22
114.925	23
114.95	20
114.975	33
115.002	35
115.028	26
115.06	23
115.085	43
115.113	41
115.139	37
115.166	29
115.192	25
115.217	45
115.245	38
115.27	33
115.296	29
115.325	23
115.352	40
115.378	36
115.403	36
115.428	26
115.453	41
115.479	37
115.504	37
115.53	28
115.557	45
115.583	41
115.609	37
115.635	33
115.66	23
115.687	40
115.712	40
115.737	35
115.762	25
115.79	43
115.818	46
115.843	41
115.868	31
115.895	48
115.92	48
115.945	43
115.97	33
115.995	48
116.02	48
116.045	43
116.07	33
116.095	48
116.12	48
116.145	43
116.17	33
116.195	53
116.22	53
116.245	43
116.27	33
116.297	50
116.322	50
116.347	40
116.372	35
116.399	52
116.424	52
116.45	43
116.476	39
116.502	55
116.527	50
116.553	46
116.579	42
116.605	58
116.631	29
116.657	50
116.682	40
116.708	56
116.734	32
116.76	23
116.786	39
116.811	44
116.837	35
116.863	26
116.889	42
116.914	42
116.941	34
116.966	29
116.993	26
117.025	23
117.05	38
117.076	34
117.102	30
117.128	26
117.16	23
117.185	38
117.212	40
117.238	31
117.263	26
117.29	23
117.316	39
117.341	34
117.366	29
117.393	26
117.424	22
117.451	39
117.477	35
117.504	32
117.531	29
117.56	23
117.587	40
117.612	40
117.637	30
117.663	26
117.688	41
117.713	41
117.738	36
117.764	27
117.789	42
117.815	43
117.841	34
117.866	29
117.892	25
117.918	41
117.944	37
117.97	33
117.996	29
118.026	24
118.052	40
118.079	37
118.105	38
118.131	29
118.157	45
118.183	41
118.209	37
118.235	33
118.26	23
118.286	39
118.312	40
118.337	35
118.363	26
118.389	42
118.415	43
118.441	39
118.467	30
118.493	46
118.519	47
118.545	38
118.57	33
118.596	49
118.622	50
118.648	41
118.673	36
118.699	32
118.725	48
118.751	44
118.777	35
118.803	36
118.829	27
118.854	42
118.88	38
118.906	39
118.932	30
118.957	45
118.983	41
119.009	37
119.035	33
119.061	24
119.087	40
119.112	40
119.138	31
119.163	26
119.189	42
119.215	43
119.241	34
119.266	29
119.292	45
119.318	46
119.344	37
119.37	33
119.396	29
119.422	45
119.448	41
119.473	31
119.499	32
119.525	48
119.551	44
119.577	35
119.603	36
119.629	27
119.655	43
119.683	41
119.709	37
119.735	33
119.761	24
119.787	40
119.813	41
119.839	32
119.866	29
119.892	45
119.918	46
119.943	41
119.969	32
119.995	53
120.02	48
120.046	44
120.071	34
120.097	50
120.123	51
120.148	46
120.174	37
120.199	52
120.224	52
120.25	48
120.275	38
120.3	53
120.325	53
120.35	48
120.375	38
120.4	53
120.427	50
120.452	50
120.477	40
120.503	51
120.529	52
120.554	52
120.58	43
120.606	54
120.632	55
120.657	50
120.683	46
120.708	46
120.733	51
120.758	51
120.785	48
120.81	43
120.837	50
120.864	57
120.889	47
120.914	47
120.939	37
120.966	29
120.992	45
121.017	50
121.042	40
121.069	32
121.094	27
121.119	47
121.146	39
121.172	35
121.197	30
121.225	23
121.25	43
121.275	33
121.301	34
121.328	26
121.36	23
121.385	43
121.412	40
121.437	35
121.463	26
121.49	23
121.516	44
121.541	34
121.566	29
121.593	26
121.62	43
121.646	39
121.672	35
121.697	30
121.722	35
121.747	40
121.773	36
121.799	32
121.825	23
121.851	44
121.876	34
121.903	36
121.929	52
121.954	47
121.981	44
122.006	39
122.033	31
122.06	48
122.085	43
122.11	43
122.135	33
122.162	50
122.187	45
122.212	45
122.237	35
122.264	52
122.289	47
122.319	52
122.344	42
122.372	35
122.398	51
122.423	51
122.449	47
122.475	38
122.501	54
122.527	55
122.553	46
122.578	41
122.603	56
122.629	52
122.657	50
122.684	42
122.709	42
122.734	32
122.761	49
122.786	44
122.813	46
122.838	36
122.865	28
122.892	40
122.919	47
122.944	37
122.971	34
122.997	30
123.026	24
123.051	44
123.078	36
123.103	36
123.128	26
123.16	23
123.19	23
123.215	20
123.24	33
123.266	29
123.293	26
123.325	23
123.36	23
123.39	23
123.415	20
123.44	33
123.466	29
123.493	26
123.519	20
123.544	37
123.57	33
123.596	29
123.625	23
123.652	40
123.678	36
123.705	38
123.731	29
123.76	23
123.787	40
123.812	40
123.837	30
123.863	26
123.888	41
123.913	41
123.94	33
123.966	29
123.991	24
124.017	40
124.044	37
124.069	32
124.094	27
124.119	47
124.144	37
124.17	33
124.195	48
124.22	48
124.246	44
124.271	34
124.296	49
124.321	54
124.346	44
124.371	34
124.396	49
124.421	49
124.446	44
124.471	34
124.502	55
124.529	52
124.554	47
124.581	44
124.609	47
124.637	35
124.663	51
124.689	47
124.714	52
124.74	38
124.766	29
124.791	44
124.817	55
124.842	40
124.868	31
124.893	46
124.918	51
124.943	41
124.968	31
124.995	43
125.02	53
125.047	40
125.072	35
125.098	51
125.123	56
125.149	47
125.175	38
125.201	34
125.227	55
125.253	46
125.279	37
125.306	34
125.331	29
125.36	23
125.386	44
125.413	41
125.438	31
125.463	26
125.49	23
125.516	39
125.543	36
125.569	32
125.596	29
125.625	23
125.652	40
125.681	39
125.706	34
125.731	29
125.756	44
125.781	39
125.807	40
125.832	30
125.858	46
125.883	41
125.909	37
125.935	33
125.96	23
125.986	39
126.013	41
126.038	36
126.063	26
126.088	46
126.115	43
126.143	41
126.168	31
126.193	51
126.218	51
126.246	44
126.273	36
126.298	51
126.323	56
126.348	46
126.375	38
126.401	54
126.426	54
126.452	50
126.478	41
126.503	46
126.529	57
126.555	53
126.58	43
126.607	55
126.632	50
126.657	50
126.684	47
126.709	47
126.736	44
126.761	54
126.786	49
126.811	49
126.836	49
126.864	52
126.89	48
126.915	53
126.941	54
126.966	54
126.991	49
127.017	50
127.042	50
127.07	33
127.095	53
127.123	51
127.15	48
127.175	38
127.201	34
127.226	54
127.251	44
127.278	36
127.305	33
127.331	29
127.36	23
127.393	26
127.425	23
127.45	20
127.475	33
127.502	35
127.528	26
127.56	23
127.585	20
127.611	39
127.637	35
127.663	26
127.69	23
127.724	22
127.752	30
127.778	36
127.805	33
127.831	29
127.86	23
127.885	43
127.912	40
127.937	35
127.963	26
127.99	23
128.015	43
128.04	33
128.066	29
128.092	35
128.118	46
128.144	37
128.169	32
128.194	27
128.221	44
128.246	39
128.271	34
128.298	31
128.323	46
128.348	41
128.373	36
128.398	31
128.426	49
128.454	47
128.482	40
128.507	40
128.535	33
128.562	50
128.588	46
128.613	46
128.638	36
128.663	33
128.688	46
128.716	49
128.741	39
128.768	31
128.794	52
128.822	55
128.85	43
128.877	40
128.902	50
128.927	50
128.952	45
128.979	42
129.004	52
129.029	52
129.055	48
129.08	43
129.106	54
129.132	55
129.158	51
129.184	47
129.21	48
129.236	34
129.262	50
129.287	50
129.313	46
129.339	37
129.365	28
129.391	44
129.417	50
129.443	41
129.469	32
129.494	37
129.52	48
129.546	39
129.571	34
129.597	30
129.625	23
129.65	38
129.676	34
129.702	30
129.728	26
129.76	23
129.785	38
129.812	40
129.838	31
129.863	26
129.89	23
129.915	38
129.941	34
129.966	29
129.993	26
130.025	23
130.051	39
130.077	35
130.104	32
130.131	29
130.16	23
130.187	40
130.214	42
130.24	33
130.266	29
130.293	26
130.318	41
130.344	37
130.369	32
130.394	27
130.42	43
130.447	40
130.473	31
130.499	32
130.525	23
130.551	39
130.577	35
130.603	36
130.629	27
130.655	43
130.682	40
130.708	36
130.735	33
130.761	29
130.787	45
130.813	41
130.839	37
130.864	27
130.89	43
130.916	44
130.942	35
130.968	31
130.994	27
131.02	43
131.045	38
131.071	34
131.097	30
131.123	46
131.149	42
131.175	33
131.201	34
131.227	25
131.252	40
131.279	37
131.305	33
131.331	29
131.357	40
131.383	41
131.409	37
131.434	32
131.46	48
131.485	43
131.51	43
131.536	34
131.561	54
131.586	44
131.612	45
131.637	35
131.662	50
131.687	45
131.712	45
131.738	36
131.763	51
131.788	46
131.813	46
131.838	36
131.865	53
131.89	48
131.915	48
131.943	41
131.97	33
131.997	50
132.022	50
132.048	41
132.073	36
132.099	52
132.125	53
132.151	44
132.177	40
132.203	51
132.228	51
132.254	47
132.279	37
132.304	52
132.33	58
132.355	48
132.383	41
132.408	46
132.436	34
132.462	55
132.487	45
132.512	47
132.539	37
132.564	27
132.591	44
132.616	49
132.641	39
132.667	30
132.693	46
132.719	47
132.746	44
132.772	35
132.798	31
132.825	23
132.851	39
132.877	35
132.902	32
132.928	26
132.963	26
132.99	23
133.017	40
133.043	36
133.069	32
133.094	27
133.125	23
133.15	43
133.175	33
133.201	34
133.228	26
133.254	42
133.279	37
133.305	38
133.331	29
133.358	46
133.384	42
133.411	39
133.436	34
133.461	24
133.488	41
133.513	41
133.538	36
133.563	26
133.588	46
133.613	41
133.638	36
133.663	51
133.689	47
133.714	47
133.74	38
133.766	54
133.792	50
133.818	51
133.843	41
133.869	37
133.895	53
133.921	54
133.946	44
133.972	35
133.998	51
134.023	56
134.048	41
134.073	36
134.098	51
134.124	57
134.151	44
134.176	39
134.203	51
134.228	51
134.254	47
134.28	38
134.305	53
134.331	54
134.356	49
134.382	40
134.407	45
134.432	45
134.458	51
134.485	43
134.51	48
134.535	33
134.562	50
134.589	47
134.614	52
134.641	39
134.668	31
134.695	43
134.722	50
134.748	41
134.776	34
134.801	34
134.828	26
134.86	23
134.89	23
134.925	23
134.955	20
134.982	40
135.009	37
135.035	33
135.06	23
135.09	23
135.124	22
135.152	25
135.177	35
135.207	35
135.234	32
135.26	23
135.29	23
135.325	23
135.35	38
135.376	34
135.402	30
135.428	26
135.46	23
135.486	39
135.513	41
135.54	33
135.566	29
135.593	26
135.62	43
135.646	39
135.672	30
135.697	30
135.725	23
135.75	38
135.776	34
135.801	34
135.827	25
135.852	40
135.879	37
135.905	33
135.931	29
135.96	23
135.985	38
136.011	39
136.038	31
136.063	26
136.089	42
136.114	42
136.144	37
136.169	32
136.195	28
136.221	44
136.246	39
136.273	31
136.298	31
136.325	23
136.351	39
136.376	34
136.402	35
136.428	26
136.454	42
136.479	37
136.505	38
136.531	29
136.557	45
136.583	41
136.609	37
136.635	33
136.661	29
136.686	44
136.712	45
136.737	35
136.763	51
136.788	46
136.813	46
136.839	37
136.864	44
136.889	47
136.915	48
136.94	38
136.965	53
136.99	48
137.015	53
137.04	38
137.065	53
137.093	51
137.12	53
137.146	44
137.172	35
137.198	51
137.223	56
137.249	47
137.274	37
137.3	53
137.325	53
137.351	44
137.376	39
137.401	54
137.426	54
137.453	46
137.48	38
137.505	53
137.53	53
137.555	48
137.582	40
137.609	52
137.635	48
137.661	54
137.686	44
137.711	44
137.736	34
137.761	24
137.786	44
137.813	41
137.838	36
137.863	26
137.89	23
137.917	40
137.943	36
137.969	32
137.996	29
138.025	23
138.06	23
138.09	23
138.115	43
138.14	33
138.166	29
138.193	26
138.225	23
138.251	44
138.276	34
138.303	31
138.328	26
138.355	43
138.382	40
138.409	37
138.437	35
138.463	26
138.488	41
138.515	43
138.541	34
138.566	29
138.592	25
138.618	46
138.644	37
138.67	33
138.696	29
138.723	46
138.75	43
138.775	33
138.8	33
138.827	25
138.852	45
138.877	40
138.904	37
138.929	52
138.954	47
138.979	42
139.004	37
139.032	55
139.06	53
139.087	45
139.112	45
139.137	35
139.162	50
139.187	45
139.214	47
139.239	37
139.264	52
139.291	49
139.316	49
139.343	41
139.368	31
139.395	48
139.42	53
139.447	40
139.472	35
139.499	52
139.526	49
139.552	45
139.578	41
139.604	52
139.63	53
139.656	49
139.682	45
139.707	50
139.733	31
139.759	52
139.784	42
139.81	53
139.836	34
139.861	46
139.886	44
139.911	44
139.936	34
139.961	24
139.989	42
140.014	47
140.041	39
140.066	29
140.093	41
140.118	46
140.145	38
140.172	35
140.199	32
140.224	47
140.251	44
140.278	36
140.305	38
140.331	29
140.36	23
140.387	40
140.414	42
140.44	33
140.466	29
140.493	26
140.518	41
140.543	36
140.569	32
140.594	32
140.619	47
140.644	37
140.669	32
140.694	27
140.719	42
140.744	37
140.769	32
140.795	28
140.82	43
140.847	40
140.873	36
140.899	32
140.926	24
140.952	40
140.98	38
141.006	34
141.032	30
141.06	23
141.087	40
141.112	40
141.139	37
141.164	27
141.189	47
141.214	42
141.241	39
141.266	29
141.291	49
141.316	44
141.341	39
141.366	54
141.391	49
141.416	49
141.441	39
141.469	32
141.494	52
141.522	50
141.55	43
141.577	40
141.602	45
141.627	50
141.652	45
141.677	40
141.702	50
141.727	50
141.754	47
141.779	42
141.804	52
141.831	29
141.858	46
141.885	48
141.91	48
141.935	33
141.961	49
141.986	44
142.011	44
142.037	35
142.063	51
142.088	46
142.114	47
142.143	41
142.168	31
142.194	47
142.219	52
142.244	42
142.269	32
142.294	52
142.319	52
142.344	42
142.371	34
142.396	39
142.423	51
142.448	41
142.473	36
142.5	33
142.527	50
142.552	45
142.579	37
142.606	34
142.631	29
142.66	23
142.687	40
142.712	40
142.737	35
142.763	26
142.79	23
142.815	43
142.84	33
142.866	29
142.891	24
142.918	41
142.944	37
142.969	32
142.994	27
143.02	43
143.047	40
143.073	36
143.099	32
143.125	23
143.151	39
143.177	40
143.203	36
143.229	57
143.255	48
143.281	39
143.307	40
143.333	41
143.36	53
143.386	44
143.412	45
143.438	36
143.465	53
143.492	50
143.517	50
143.544	42
143.575	38
143.601	54
143.628	51
143.654	47
143.683	41
143.71	58
143.736	34
143.762	50
143.788	46
143.814	47
143.84	38
143.866	29
143.892	50
143.918	51
143.944	42
143.969	32
143.995	43
144.02	53
144.046	39
144.071	34
144.096	44
144.121	54
144.146	39
144.171	34
144.196	44
144.221	49
144.246	39
144.271	34
144.296	44
144.324	52
144.351	44
144.376	34
144.401	34
144.428	26
144.455	38
144.481	39
144.506	34
144.531	29
144.56	23
144.587	40
144.612	40
144.637	35
144.663	26
144.688	41
144.713	41
144.74	33
144.766	29
144.791	24
144.816	44
144.841	34
144.866	29
144.891	24
144.917	45
144.944	37
144.969	32
144.995	28
145.021	44
145.048	41
145.073	31
145.099	32
145.126	39
145.153	46
145.178	36
145.205	38
145.23	28
145.255	48
145.282	40
145.307	40
145.332	55
145.357	50
145.384	42
145.409	42
145.434	32
145.459	52
145.486	44
145.511	44
145.536	34
145.563	51
145.588	46
145.613	46
145.638	36
145.664	52
145.69	48
145.715	53
145.741	39
145.767	30
145.793	51
145.819	52
145.844	42
145.869	32
145.894	42
145.92	53
145.945	43
145.972	35
145.997	50
146.022	50
146.049	42
146.077	35
146.104	42
146.131	29
146.156	44
146.183	41
146.21	43
146.235	33
146.26	23
146.285	20
146.311	39
146.337	35
146.363	26
146.39	23
146.417	40
146.443	36
146.469	32
146.496	29
146.525	23
146.56	23
146.59	23
146.625	23
146.652	40
146.678	36
146.705	33
146.731	29
146.76	23
146.785	38
146.812	40
146.838	31
146.863	26
146.89	23
146.916	39
146.943	36
146.969	32
146.996	29
147.025	23
147.052	40
147.078	36
147.103	31
147.128	26
147.153	41
147.178	36
147.203	36
147.228	26
147.253	46
147.278	36
147.303	36
147.328	51
147.354	47
147.379	42
147.404	37
147.429	52
147.454	47
147.482	40
147.508	41
147.533	41
147.558	51
147.583	46
147.611	44
147.638	36
147.663	51
147.688	46
147.715	48
147.74	38
147.767	55
147.793	51
147.818	51
147.844	42
147.87	33
147.896	49
147.922	55
147.948	46
147.973	36
147.998	51
148.024	57
148.049	47
148.074	37
148.099	42
148.124	52
148.149	47
148.174	37
148.2	48
148.229	52
148.254	47
148.279	37
148.304	52
148.329	34
148.356	49
148.383	41
148.411	44
148.438	36
148.465	28
148.492	45
148.519	47
148.546	39
148.572	35
148.599	32
148.626	24
148.653	41
148.678	36
148.705	33
148.731	29
148.76	23
148.787	40
148.812	40
148.837	35
148.863	26
148.888	41
148.913	41
148.938	36
148.964	27
148.989	42
149.015	43
149.04	38
149.066	29
149.092	25
149.118	46
149.145	38
149.171	34
149.197	30
149.224	52
149.251	44
149.276	39
149.303	36
149.33	48
149.355	48
149.382	40
149.41	43
149.441	39
149.468	31
149.493	51
149.518	51
149.543	41
149.568	31
149.596	49
149.624	52
149.651	44
149.676	39
149.701	54
149.729	52
149.756	49
149.783	41
149.808	56
149.835	33
149.861	54
149.888	46
149.913	46
149.939	37
149.965	28
149.99	48
150.016	49
150.042	40
150.068	31
150.093	46
150.119	52
150.144	42
150.169	32
150.195	48
150.22	53
150.245	43
150.27	33
150.295	48
150.32	53
150.345	43
150.37	33
150.396	39
150.421	49
150.447	40
150.472	30
150.499	32
150.525	23
150.55	38
150.575	33
150.602	30
150.628	26
150.66	23
150.685	38
150.712	40
150.738	31
150.763	26
150.79	23
150.816	39
150.841	34
150.866	29
150.893	26
150.925	23
150.952	40
150.978	36
151.005	33
151.031	29
151.06	23
151.087	40
151.112	40
151.137	30
151.163	26
151.188	41
151.213	41
151.241	34
151.266	29
151.292	25
151.318	41
151.344	37
151.369	32
151.395	28
151.421	49
151.446	39
151.472	35
151.498	51
151.524	52
151.549	47
151.575	38
151.601	54
151.627	55
151.653	51
151.679	42
151.705	48
151.73	53
151.759	52
151.785	48
151.81	43
151.836	49
151.861	54
151.886	44
151.912	50
151.937	50
151.965	53
151.992	50
152.017	50
152.042	40
152.067	30
152.093	51
152.118	51
152.145	43
152.17	33
152.196	49
152.221	54
152.246	44
152.271	34
152.296	49
152.321	54
152.346	44
152.371	34
152.396	49
152.422	50
152.447	45
152.473	36
152.499	52
152.525	53
152.551	44
152.576	34
152.601	49
152.627	55
152.652	45
152.678	36
152.703	36
152.728	26
152.76	23
152.785	43
152.811	39
152.84	33
152.866	29
152.893	26
152.918	41
152.944	37
152.969	32
152.996	29
153.025	23
153.051	44
153.076	34
153.103	36
153.128	26
153.16	23
153.187	40
153.215	43
153.24	33
153.266	29
153.291	44
153.316	44
153.342	35
153.369	32
153.395	28
153.421	44
153.448	41
153.473	31
153.499	32
153.526	24
153.551	44
153.582	40
153.609	42
153.634	32
153.659	47
153.684	42
153.709	42
153.734	57
153.759	52
153.784	42
153.809	42
153.834	47
153.863	51
153.888	46
153.913	46
153.938	36
153.963	56
153.988	46
154.013	51
154.038	36
154.065	53
154.09	48
154.115	48
154.14	38
154.166	29
154.192	50
154.218	51
154.244	42
154.27	33
154.296	49
154.322	50
154.348	41
154.373	36
154.399	52
154.425	53
154.45	43
154.475	38
154.5	48
154.525	53
154.55	43
154.576	39
154.601	39
154.626	54
154.651	44
154.676	34
154.701	34
154.728	26
154.76	23
154.785	25
154.811	39
154.837	30
154.863	26
154.89	23
154.918	20
154.943	36
154.969	32
154.996	29
155.025	23
155.05	38
155.076	34
155.102	30
155.128	26
155.16	23
155.186	39
155.212	40
155.238	31
155.263	26
155.29	23
155.316	39
155.343	36
155.369	32
155.396	29
155.425	23
155.453	41
155.478	36
155.503	31
155.528	26
155.553	41
155.579	37
155.604	37
155.63	28
155.656	44
155.682	40
155.708	36
155.734	32
155.761	24
155.786	39
155.812	40
155.838	36
155.864	27
155.89	43
155.916	44
155.942	35
155.969	32
155.995	28
156.021	44
156.047	40
156.073	31
156.099	32
156.125	23
156.151	39
156.176	34
156.202	35
156.228	26
156.254	42
156.279	37
156.305	33
156.331	29
156.36	23
156.386	39
156.412	40
156.441	34
156.466	29
156.492	45
156.518	46
156.544	37
156.57	33
156.596	29
156.622	45
156.651	44
156.676	39
156.702	35
156.727	50
156.752	45
156.778	41
156.803	46
156.829	52
156.854	47
156.879	42
156.905	53
156.93	53
156.955	48
156.98	43
157.005	53
157.031	54
157.058	51
157.083	41
157.108	56
157.133	36
157.16	53
157.186	44
157.212	55
157.238	36
157.264	52
157.289	47
157.315	53
157.341	39
157.366	29
157.391	44
157.417	50
157.442	40
157.467	30
157.494	47
157.519	52
157.544	42
157.569	32
157.596	44
157.621	54
157.646	39
157.672	35
157.698	46
157.724	52
157.75	43
157.776	34
157.802	35
157.828	26
157.86	23
157.886	44
157.912	40
157.938	36
157.963	26
157.99	23
158.016	44
158.041	34
158.066	29
158.093	26
158.12	23
158.149	42
158.175	33
158.202	35
158.228	26
158.253	41
158.278	36
158.303	36
158.328	26
158.353	41
158.379	37
158.404	37
158.431	29
158.46	23
158.486	44
158.512	40
158.538	36
158.563	26
158.59	43
158.615	43
158.64	38
158.665	28
158.69	48
158.715	43
158.74	38
158.765	53
158.791	49
158.816	49
158.841	39
158.867	30
158.892	50
158.918	51
158.943	41
158.968	56
158.993	51
159.019	52
159.044	42
159.069	47
159.096	49
159.121	54
159.149	47
159.174	37
159.201	49
159.229	52
159.255	48
159.281	44
159.307	55
159.332	55
159.358	51
159.384	47
159.41	58
159.436	34
159.461	54
159.486	44
159.512	50
159.537	35
159.564	27
159.589	42
159.614	47
159.639	37
159.666	29
159.693	46
159.72	48
159.746	44
159.771	34
159.796	29
159.825	23
159.852	40
159.878	36
159.905	33
159.931	29
159.96	23
159.987	35
160.014	42
160.04	33
160.066	29
160.093	26
160.12	28
160.147	40
160.172	35
160.199	32
160.225	23
160.26	23
160.29	23
160.325	23
160.35	38
160.375	33
160.402	30
160.428	26
160.46	23
160.485	38
160.512	40
160.538	31
160.563	26
160.59	23
160.616	39
160.643	36
160.669	32
160.696	29
160.725	23
160.75	38
160.775	33
160.8	33
160.825	23
160.85	38
160.875	33
160.901	34
160.926	24
160.951	39
160.979	37
161.004	32
161.031	29
161.06	23
161.085	38
161.111	39
161.137	30
161.163	26
161.189	42
161.214	42
161.241	34
161.266	29
161.292	25
161.318	41
161.343	36
161.369	32
161.395	28
161.421	44
161.446	39
161.473	31
161.498	31
161.524	47
161.55	43
161.576	34
161.601	34
161.628	26
161.654	42
161.679	37
161.705	33
161.731	29
161.76	23
161.785	38
161.811	39
161.838	31
161.863	26
161.888	41
161.913	41
161.939	37
161.964	27
161.99	48
162.015	48
162.04	38
162.066	54
162.091	49
162.116	49
162.142	40
162.167	30
162.192	50
162.218	51
162.243	41
162.268	31
162.293	51
162.318	51
162.343	41
162.368	31
162.393	51
162.418	51
162.445	43
162.47	33
162.497	50
162.522	50
162.547	45
162.573	36
162.598	51
162.624	52
162.65	48
162.676	39
162.702	50
162.727	50
162.753	51
162.781	44
162.806	54
162.831	54
162.859	52
162.884	42
162.91	48
162.936	49
162.963	51
162.989	47
163.019	52
163.045	43
163.071	34
163.097	40
163.123	51
163.149	42
163.176	34
163.201	34
163.228	26
163.255	20
163.282	40
163.309	37
163.334	32
163.36	23
163.386	44
163.413	41
163.438	36
163.463	26
163.493	26
163.525	23
163.552	40
163.578	36
163.605	33
163.631	29
163.66	23
163.688	41
163.713	41
163.744	37
163.769	32
163.795	28
163.82	43
163.846	39
163.873	36
163.899	32
163.925	23
163.952	40
163.977	40
164.004	37
164.029	52
164.056	49
164.081	39
164.106	39
164.134	32
164.159	52
164.184	47
164.209	42
164.234	32
164.259	52
164.284	42
164.31	43
164.335	33
164.36	48
164.385	43
164.41	53
164.435	33
164.46	53
164.485	43
164.51	48
164.535	43
164.562	50
164.587	45
164.614	47
164.639	52
164.665	53
164.692	50
164.717	50
164.743	41
164.769	32
164.795	48
164.821	54
164.847	45
164.876	39
164.902	45
164.927	55
164.953	51
164.978	41
165.003	46
165.028	51
165.054	47
165.08	43
165.106	39
165.132	30
165.158	46
165.184	42
165.21	38
165.236	34
165.263	26
165.289	42
165.314	42
165.341	34
165.366	29
165.393	26
165.425	23
165.451	39
165.476	34
165.503	31
165.528	26
165.56	23
165.586	39
165.613	41
165.639	32
165.666	29
165.693	26
165.72	43
165.746	39
165.772	35
165.799	32
165.825	23
165.852	40
165.878	36
165.903	36
165.928	26
165.953	41
165.979	37
166.004	37
166.029	27
166.055	43
166.082	40
166.108	36
166.134	32
166.16	23
166.186	39
166.212	40
166.238	36
166.264	27
166.293	26
166.319	42
166.345	38
166.371	34
166.397	30
166.422	45
166.448	41
166.474	37
166.5	33
166.526	49
166.552	45
166.578	36
166.604	37
166.629	27
166.655	43
166.681	39
166.707	35
166.733	31
166.76	23
166.786	39
166.812	40
166.838	31
166.863	26
166.889	42
166.915	43
166.941	34
166.966	29
166.992	25
167.018	41
167.044	37
167.07	33
167.096	29
167.122	45
167.148	41
167.173	36
167.199	32
167.225	48
167.25	43
167.276	39
167.302	55
167.328	51
167.353	46
167.379	42
167.405	53
167.431	54
167.457	50
167.483	46
167.508	56
167.534	32
167.56	53
167.585	43
167.611	49
167.637	35
167.662	50
167.687	45
167.712	55
167.737	35
167.762	50
167.789	47
167.814	52
167.839	37
167.865	53
167.891	49
167.919	52
167.945	43
167.97	33
167.996	49
168.021	54
168.046	44
168.071	39
168.098	51
168.123	56
168.148	41
168.174	37
168.199	47
168.224	52
168.249	42
168.275	33
168.301	49
168.328	56
168.353	46
168.378	36
168.405	38
168.43	28
168.459	22
168.486	34
168.513	41
168.539	32
168.565	28
168.592	25
168.625	23
168.66	23
168.685	20
168.711	39
168.737	35
168.763	26
168.79	23
168.825	23
168.85	43
168.876	34
168.902	35
168.928	26
168.96	23
168.986	44
169.013	41
169.04	33
169.066	29
169.093	26
169.118	41
169.144	37
169.169	32
169.195	28
169.221	44
169.246	39
169.272	35
169.299	32
169.326	24
169.351	44
169.376	34
169.402	35
169.427	50
169.452	45
169.478	41
169.503	36
169.529	52
169.554	47
169.58	43
169.606	39
169.631	54
169.657	50
169.682	45
169.708	41
169.737	50
169.765	53
169.791	49
169.816	49
169.841	39
169.867	30
169.894	47
169.92	53
169.945	43
169.97	33
169.996	49
170.022	55
170.047	55
170.073	36
170.102	50
170.128	51
170.154	52
170.179	42
170.205	53
170.23	53
170.255	53
170.28	38
170.305	43
170.331	54
170.356	49
170.381	44
170.406	39
170.434	32
170.461	34
170.486	44
170.513	41
170.54	33
170.566	29
170.593	26
170.625	23
170.652	35
170.678	36
170.705	33
170.731	29
170.76	23
170.79	23
170.825	23
170.86	23
170.89	23
170.917	25
170.943	36
170.969	32
170.996	29
171.025	23
171.05	38
171.076	34
171.103	31
171.128	26
171.16	23
171.187	40
171.214	42
171.24	33
171.266	29
171.291	24
171.316	39
171.344	37
171.369	32
171.395	28
171.421	44
171.447	40
171.473	31
171.499	32
171.525	23
171.551	39
171.576	34
171.602	35
171.628	26
171.654	42
171.679	37
171.706	34
171.732	30
171.76	23
171.786	39
171.812	40
171.838	31
171.863	26
171.889	42
171.915	43
171.942	35
171.97	33
171.996	29
172.022	45
172.048	41
172.075	38
172.101	34
172.127	50
172.153	46
172.179	37
172.205	38
172.231	54
172.257	50
172.283	41
172.309	42
172.338	36
172.364	52
172.39	48
172.415	48
172.441	39
172.469	32
172.494	52
172.52	53
172.545	43
172.57	33
172.595	53
172.62	53
172.646	49
172.673	36
172.698	51
172.725	53
172.75	48
172.776	39
172.802	50
172.828	51
172.857	50
172.882	45
172.908	41
172.933	51
172.959	52
172.984	42
173.009	42
173.034	52
173.062	50
173.089	47
173.114	47
173.141	39
173.166	29
173.192	50
173.218	46
173.244	42
173.273	36
173.3	33
173.326	39
173.353	46
173.378	41
173.404	37
173.429	27
173.454	47
173.479	37
173.506	34
173.531	29
173.56	23
173.586	44
173.612	40
173.638	36
173.663	26
173.69	23
173.716	44
173.743	36
173.77	33
173.797	30
173.825	23
173.852	40
173.878	36
173.903	36
173.928	26
173.953	41
173.979	37
174.004	37
174.031	29
174.06	23
174.086	44
174.112	40
174.138	36
174.163	26
174.19	43
174.217	45
174.242	35
174.267	30
174.292	45
174.317	45
174.342	40
174.367	30
174.392	45
174.417	45
174.443	41
174.468	31
174.493	51
174.518	51
174.543	41
174.568	31
174.593	51
174.618	51
174.643	41
174.668	56
174.693	51
174.718	51
174.743	41
174.77	33
174.795	53
174.82	53
174.845	43
174.871	34
174.896	54
174.921	54
174.946	44
174.972	35
174.997	50
175.023	51
175.049	42
175.075	38
175.101	54
175.126	54
175.152	45
175.177	40
175.202	55
175.228	56
175.254	52
175.281	39
175.306	44
175.332	55
175.358	51
175.384	42
175.409	42
175.435	53
175.46	53
175.486	44
175.511	44
175.537	55
175.562	25
175.587	35
175.612	40
175.637	35
175.663	26
175.69	23
175.724	22
175.759	22
175.785	20
175.81	38
175.837	35
175.863	26
175.89	23
175.925	23
175.95	20
175.975	33
176.002	35
176.028	26
176.06	23
176.09	23
176.125	23
176.16	23
176.19	23
176.225	23
176.25	43
176.276	34
176.302	35
176.328	26
176.355	20
176.381	39
176.406	34
176.431	29
176.46	23
176.486	44
176.512	40
176.538	31
176.563	26
176.59	43
176.615	43
176.64	38
176.665	28
176.69	48
176.715	43
176.74	38
176.766	54
176.791	49
176.82	53
176.845	43
176.87	33
176.896	49
176.921	54
176.946	44
176.971	34
176.996	49
177.021	54
177.047	45
177.074	37
177.099	52
177.124	52
177.151	49
177.177	40
177.203	56
177.229	52
177.254	52
177.28	43
177.307	55
177.332	45
177.358	51
177.386	44
177.412	45
177.437	35
177.462	50
177.487	45
177.512	45
177.537	35
177.562	50
177.589	47
177.614	47
177.641	39
177.666	29
177.691	39
177.716	44
177.741	34
177.766	29
177.793	26
177.825	23
177.852	35
177.878	36
177.905	33
177.931	29
177.96	23
177.99	23
178.025	23
178.053	41
178.078	36
178.105	33
178.131	29
178.16	23
178.185	38
178.212	40
178.238	31
178.263	26
178.29	23
178.316	39
178.341	34
178.368	31
178.393	26
178.419	32
178.446	39
178.472	35
178.5	33
178.525	23
178.55	38
178.575	33
178.601	34
178.626	24
178.651	39
178.679	37
178.704	37
178.729	27
178.755	43
178.78	38
178.806	34
178.831	29
178.86	23
178.885	38
178.911	39
178.94	38
178.965	28
178.991	44
179.016	44
179.042	35
179.067	30
179.093	26
179.118	41
179.144	37
179.169	32
179.195	28
179.22	43
179.247	40
179.272	30
179.298	31
179.325	23
179.35	38
179.376	34
179.401	34
179.428	26
179.453	41
179.479	37
179.505	33
179.531	29
179.56	23
179.585	38
179.611	39
179.636	34
179.662	25
179.688	41
179.713	41
179.739	32
179.766	29
179.792	35
179.817	45
179.843	36
179.869	32
179.895	28
179.92	43
179.947	40
179.973	31
179.998	31
180.024	47
180.05	43
180.076	34
180.101	34
180.127	25
180.153	41
180.179	37
180.204	37
180.23	28
180.255	43
180.282	40
180.308	36
180.334	32
180.36	23
180.385	38
180.411	39
180.437	30
180.463	26
180.489	42
180.514	42
180.541	34
180.566	29
180.592	25
180.617	40
180.644	37
180.67	33
180.695	28
180.721	44
180.746	39
180.772	35
180.797	30
180.822	45
180.848	41
180.873	36
180.898	51
180.923	51
180.949	47
180.974	37
180.999	52
181.024	52
181.049	47
181.074	37
181.099	52
181.124	52
181.149	47
181.174	37
181.199	52
181.224	52
181.249	47
181.276	39
181.301	34
181.328	51
181.353	51
181.378	41
181.405	38
181.431	54
181.456	54
181.482	45
181.507	40
181.533	51
181.562	50
181.588	51
181.613	46
181.638	51
181.664	52
181.689	52
181.72	48
181.745	43
181.773	51
181.798	51
181.828	51
181.855	48
181.88	43
181.905	53
181.936	34
181.961	34
181.987	45
182.012	50
182.038	36
182.064	27
182.089	47
182.115	48
182.141	39
182.166	29
182.191	34
182.217	45
182.243	36
182.269	32
182.296	29
182.325	23
182.35	43
182.376	34
182.403	36
182.428	26
182.454	27
182.48	38
182.506	34
182.531	29
182.56	23
182.59	23
182.617	40
182.643	36
182.672	35
182.697	30
182.722	25
182.75	43
182.775	33
182.801	34
182.826	24
182.851	44
182.876	34
182.901	34
182.928	26
182.954	42
182.979	37
183.006	39
183.031	29
183.056	44
183.081	39
183.106	39
183.131	29
183.156	44
183.181	39
183.206	39
183.232	55
183.257	50
183.282	40
183.307	40
183.333	56
183.358	51
183.383	41
183.409	42
183.434	57
183.459	52
183.484	47
183.509	42
183.534	52
183.559	52
183.586	49
183.611	44
183.636	49
183.663	51
183.688	56
183.715	48
183.74	38
183.767	50
183.793	56
183.818	46
183.843	46
183.868	46
183.894	52
183.919	47
183.945	43
183.971	54
183.996	29
184.021	44
184.047	40
184.072	50
184.097	30
184.122	40
184.149	42
184.174	42
184.201	34
184.226	24
184.253	41
184.28	43
184.307	35
184.333	31
184.36	28
184.389	22
184.414	39
184.439	32
184.464	32
184.49	23
184.525	23
184.555	23
184.59	23
184.617	40
184.643	36
184.67	33
184.696	29
184.725	23
184.75	38
184.775	38
184.803	31
184.828	26
184.855	23
184.882	40
184.908	36
184.934	32
184.961	29
184.99	23
185.018	41
185.043	36
185.069	32
185.096	29
185.125	23
185.15	38
185.176	39
185.203	31
185.228	26
185.254	42
185.281	44
185.307	35
185.335	33
185.361	29
185.387	45
185.414	42
185.441	34
185.468	36
185.494	27
185.525	23
185.551	39
185.577	40
185.604	37
185.63	53
185.656	49
185.682	45
185.708	41
185.735	33
185.761	49
185.787	50
185.813	41
185.84	38
185.866	34
185.892	50
185.919	47
185.945	38
185.971	39
185.997	30
186.024	47
186.049	42
186.075	43
186.101	34
186.127	50
186.153	46
186.179	47
186.205	38
186.231	54
186.257	50
186.283	51
186.308	41
186.334	32
186.36	53
186.385	53
186.411	44
186.436	34
186.462	50
186.487	50
186.512	45
186.537	35
186.562	50
186.587	50
186.615	43
186.642	40
186.667	55
186.692	50
186.719	47
186.745	43
186.771	54
186.796	34
186.822	50
186.847	45
186.873	51
186.898	31
186.923	51
186.948	41
186.975	53
187	33
187.025	40
187.05	43
187.075	53
187.101	34
187.128	26
187.154	42
187.18	48
187.205	38
187.231	29
187.256	39
187.282	45
187.307	40
187.334	32
187.361	29
187.39	23
187.415	43
187.44	33
187.468	36
187.493	26
187.525	23
187.55	43
187.578	41
187.603	36
187.628	26
187.655	23
187.682	40
187.708	36
187.734	32
187.761	29
187.79	23
187.815	43
187.84	33
187.866	34
187.893	26
187.919	42
187.944	37
187.969	37
187.996	29
188.021	44
188.046	39
188.071	39
188.096	29
188.121	44
188.146	39
188.171	39
188.196	54
188.221	49
188.247	45
188.272	40
188.298	56
188.324	52
188.349	42
188.375	43
188.401	34
188.427	55
188.452	45
188.478	46
188.503	36
188.529	52
188.554	47
188.58	48
188.605	38
188.63	53
188.655	48
188.68	48
188.705	38
188.732	30
188.757	50
188.782	50
188.808	41
188.834	32
188.859	47
188.886	54
188.911	44
188.937	35
188.962	50
188.988	51
189.013	41
189.038	36
189.063	51
189.088	51
189.115	43
189.142	40
189.167	55
189.194	27
189.225	23
189.251	39
189.276	44
189.302	35
189.328	26
189.354	37
189.38	43
189.406	34
189.431	29
189.458	26
189.49	23
189.525	23
189.551	29
189.578	41
189.603	31
189.628	26
189.654	22
189.689	22
189.715	20
189.742	35
189.767	35
189.793	26
189.825	23
189.855	23
189.88	35
189.905	33
189.931	29
189.956	24
189.981	39
190.006	34
190.031	29
190.058	26
190.085	20
190.11	38
190.135	33
190.161	29
190.19	23
190.217	40
190.243	36
190.268	31
190.293	26
190.318	41
190.347	40
190.372	35
190.398	31
190.423	46
190.448	41
190.473	41
190.498	31
190.524	47
190.549	42
190.574	37
190.599	32
190.625	23
190.65	38
190.676	39
190.701	34
190.728	26
190.753	41
190.779	42
190.805	33
190.831	29
190.856	24
190.882	40
190.909	37
190.934	32
190.959	27
190.985	43
191.012	40
191.037	30
191.063	31
191.09	23
191.115	38
191.141	34
191.166	34
191.193	26
191.218	41
191.244	37
191.269	37
191.294	27
191.322	45
191.347	40
191.372	40
191.397	50
191.422	50
191.448	46
191.473	41
191.498	31
191.523	51
191.548	46
191.573	41
191.598	56
191.623	51
191.648	46
191.673	41
191.698	56
191.723	51
191.748	46
191.775	43
191.8	48
191.828	51
191.855	48
191.88	48
191.907	55
191.932	45
191.958	51
191.984	47
192.011	49
192.037	35
192.062	50
192.088	51
192.114	47
192.139	37
192.164	52
192.189	52
192.214	47
192.239	37
192.264	32
192.291	54
192.316	49
192.342	40
192.369	37
192.394	42
192.419	52
192.446	39
192.473	41
192.5	48
192.525	53
192.551	44
192.577	40
192.602	35
192.629	27
192.655	48
192.681	44
192.706	34
192.731	29
192.758	26
192.79	23
192.816	39
192.843	36
192.87	33
192.896	29
192.925	23
192.952	40
192.977	40
193.002	35
193.028	26
193.053	41
193.078	41
193.103	36
193.128	26
193.153	41
193.179	42
193.206	34
193.231	29
193.257	25
193.284	47
193.31	38
193.34	33
193.367	35
193.394	27
193.419	42
193.444	42
193.471	39
193.496	54
193.521	49
193.546	44
193.571	39
193.596	54
193.621	49
193.646	44
193.672	50
193.697	30
193.722	50
193.747	40
193.773	56
193.798	31
193.826	49
193.854	47
193.881	49
193.906	39
193.931	34
193.958	51
193.983	51
194.01	43
194.037	35
194.064	52
194.09	53
194.116	44
194.142	40
194.168	56
194.194	52
194.219	47
194.245	38
194.271	54
194.296	29
194.321	49
194.347	40
194.372	40
194.397	30
194.422	50
194.448	41
194.473	41
194.499	52
194.525	53
194.55	43
194.576	39
194.602	35
194.628	26
194.655	23
194.68	38
194.709	37
194.734	32
194.761	29
194.79	23
194.816	39
194.841	34
194.868	31
194.893	26
194.925	23
194.951	39
194.978	41
195.003	31
195.028	26
195.055	23
195.082	40
195.108	36
195.134	32
195.161	29
195.19	23
195.217	40
195.243	36
195.268	31
195.293	26
195.318	41
195.344	37
195.369	37
195.395	28
195.42	43
195.447	40
195.473	36
195.499	32
195.526	24
195.552	40
195.578	41
195.604	37
195.633	31
195.659	47
195.685	48
195.711	39
195.737	35
195.763	31
195.789	47
195.815	43
195.841	34
195.867	35
195.893	26
195.919	42
195.945	38
195.971	34
195.997	30
196.023	36
196.049	42
196.076	39
196.102	35
196.128	26
196.154	42
196.18	43
196.206	34
196.231	29
196.257	25
196.283	41
196.31	38
196.335	33
196.361	29
196.387	45
196.413	41
196.438	31
196.464	32
196.49	23
196.516	39
196.541	34
196.567	35
196.592	50
196.618	46
196.644	42
196.67	38
196.696	54
196.722	50
196.748	46
196.774	42
196.8	33
196.825	53
196.851	49
196.877	45
196.903	36
196.928	56
196.954	47
196.979	57
197.004	37
197.029	52
197.054	52
197.079	47
197.104	37
197.131	44
197.156	49
197.184	52
197.209	42
197.235	33
197.261	49
197.287	55
197.312	40
197.337	35
197.362	45
197.387	50
197.412	45
197.439	37
197.464	47
197.489	57
197.515	48
197.541	39
197.566	44
197.592	55
197.618	46
197.643	36
197.668	46
197.693	26
197.718	46
197.743	36
197.768	36
197.793	26
197.828	26
197.855	23
197.882	30
197.908	36
197.934	32
197.961	29
197.99	23
198.015	43
198.04	33
198.067	35
198.093	26
198.125	23
198.15	43
198.175	38
198.2	33
198.225	23
198.251	44
198.276	39
198.302	35
198.328	26
198.355	38
198.38	43
198.405	33
198.431	29
198.456	24
198.482	45
198.509	37
198.535	33
198.56	28
198.585	43
198.612	40
198.637	35
198.662	30
198.69	48
198.715	43
198.74	38
198.765	33
198.79	48
198.815	43
198.84	38
198.865	33
198.89	53
198.916	44
198.941	39
198.966	54
198.991	54
199.016	44
199.042	40
199.067	50
199.095	53
199.12	53
199.147	40
199.172	50
199.199	52
199.224	52
199.25	43
199.275	43
199.3	53
199.326	54
199.351	44
199.377	45
199.403	51
199.428	51
199.453	46
199.478	41
199.503	51
199.528	56
199.553	46
199.58	48
199.605	43
199.633	31
199.659	42
199.686	49
199.711	44
199.738	36
199.764	32
199.79	23
199.817	40
199.842	35
199.869	32
199.895	28
199.924	22
199.95	20
199.975	38
200.001	34
200.027	25
200.055	23
200.09	23
200.125	23
200.152	40
200.177	40
200.202	30
200.228	26
200.255	23
200.28	38
200.305	33
200.331	29
200.358	26
200.39	23
200.415	38
200.442	35
200.469	32
200.495	28
200.525	23
200.552	40
200.577	40
200.602	30
200.628	26
200.653	41
200.678	41
200.703	31
200.728	26
200.753	41
200.778	41
200.805	33
200.831	29
200.857	35
200.882	45
200.907	35
200.933	31
200.958	26
200.983	41
201.009	37
201.034	32
201.059	27
201.085	43
201.112	40
201.137	30
201.163	31
201.19	23
201.215	38
201.24	33
201.266	34
201.293	26
201.318	41
201.344	37
201.369	32
201.396	29
201.425	23
201.45	38
201.475	38
201.502	30
201.528	26
201.553	41
201.579	42
201.604	32
201.631	29
201.656	24
201.682	40
201.709	37
201.734	32
201.76	28
201.785	43
201.81	38
201.835	33
201.861	29
201.886	49
201.912	40
201.937	35
201.962	50
201.991	54
202.016	44
202.042	40
202.067	50
202.092	50
202.117	45
202.143	41
202.168	51
202.193	56
202.22	48
202.245	43
202.27	48
202.297	55
202.322	50
202.349	47
202.374	42
202.4	38
202.426	54
202.452	50
202.478	46
202.504	37
202.529	52
202.555	48
202.581	49
202.606	39
202.631	39
202.657	50
202.682	50
202.707	40
202.732	30
202.757	50
202.782	50
202.809	37
202.834	32
202.859	47
202.886	49
202.911	39
202.936	34
202.963	46
202.988	51
203.015	43
203.04	38
203.067	35
203.092	25
203.119	42
203.146	39
203.171	39
203.196	29
203.225	23
203.252	40
203.277	40
203.302	35
203.328	26
203.353	41
203.378	41
203.406	34
203.431	29
203.457	25
203.483	46
203.509	37
203.535	33
203.561	29
203.587	45
203.614	42
203.64	33
203.667	35
203.692	25
203.719	42
203.744	37
203.769	37
203.794	27
203.821	44
203.846	39
203.872	40
203.897	30
203.922	50
203.948	41
203.974	42
203.999	57
204.025	53
204.051	44
204.076	44
204.102	35
204.128	51
204.154	47
204.18	48
204.205	38
204.231	54
204.257	50
204.283	51
204.308	41
204.334	32
204.36	53
204.385	53
204.41	43
204.437	35
204.462	50
204.487	50
204.513	46
204.539	37
204.565	53
204.591	54
204.617	50
204.643	41
204.669	47
204.694	57
204.719	52
204.745	43
204.771	39
204.797	50
204.823	51
204.848	41
204.874	42
204.9	53
204.926	54
204.951	44
204.976	39
205.002	35
205.028	26
205.055	23
205.09	23
205.125	23
205.155	23
205.19	23
205.225	23
205.255	23
205.29	23
205.315	38
205.34	33
205.367	30
205.393	26
205.425	23
205.45	38
205.477	40
205.503	31
205.528	26
205.554	22
205.589	22
205.625	23
205.652	25
205.677	40
205.702	30
205.728	26
205.755	23
205.78	38
205.806	34
205.831	29
205.858	26
205.885	23
205.91	38
205.937	30
205.965	33
205.99	23
206.017	40
206.043	36
206.068	31
206.093	26
206.118	41
206.143	36
206.168	31
206.193	26
206.218	41
206.243	36
206.271	34
206.296	29
206.321	24
206.346	39
206.371	34
206.396	29
206.425	23
206.452	40
206.477	40
206.502	30
206.528	26
206.553	41
206.581	39
206.608	36
206.634	32
206.659	27
206.684	42
206.711	39
206.737	30
206.762	30
206.79	23
206.818	41
206.843	36
206.868	31
206.893	26
206.918	41
206.943	36
206.969	32
206.996	29
207.025	23
207.052	40
207.077	40
207.102	35
207.127	50
207.154	47
207.179	47
207.204	37
207.231	29
207.256	49
207.281	49
207.306	39
207.333	31
207.358	51
207.383	51
207.408	41
207.435	33
207.46	48
207.488	51
207.515	48
207.54	38
207.567	50
207.594	52
207.619	52
207.644	37
207.67	38
207.696	54
207.721	54
207.747	45
207.773	41
207.799	47
207.825	53
207.851	44
207.876	44
207.902	50
207.928	51
207.953	46
207.979	47
208.004	52
208.03	28
208.057	50
208.083	46
208.108	41
208.133	31
208.158	51
208.183	46
208.209	42
208.234	32
208.259	47
208.284	47
208.309	42
208.334	32
208.359	52
208.387	50
208.414	42
208.439	37
208.464	32
208.489	52
208.514	42
208.539	37
208.564	32
208.59	48
208.615	43
208.64	38
208.665	33
208.691	24
208.716	44
208.741	34
208.767	35
208.792	25
208.818	46
208.844	37
208.87	38
208.896	29
208.922	45
208.949	42
208.974	37
209.004	37
209.029	27
209.056	44
209.083	46
209.108	41
209.135	33
209.16	48
209.185	48
209.212	40
209.237	35
209.262	50
209.287	50
209.312	40
209.337	35
209.362	50
209.389	52
209.414	42
209.439	37
209.467	45
209.494	52
209.519	47
209.546	39
209.571	54
209.598	31
209.623	46
209.65	43
209.675	53
209.701	34
209.727	50
209.754	47
209.78	48
209.807	40
209.833	31
209.859	52
209.885	53
209.911	44
209.937	35
209.963	41
209.989	57
210.015	43
210.041	39
210.066	44
210.092	55
210.118	46
210.143	41
210.169	47
210.196	44
210.223	51
210.248	41
210.275	43
210.302	35
210.328	26
210.354	42
210.381	44
210.407	35
210.433	31
210.46	28
210.49	23
210.516	39
210.541	34
210.567	35
210.593	26
210.62	38
210.647	40
210.672	40
210.699	32
210.725	23
210.752	40
210.779	42
210.805	33
210.831	29
210.858	26
210.883	41
210.908	36
210.934	32
210.959	27
210.984	42
211.011	39
211.037	35
211.062	30
211.09	23
211.115	38
211.141	34
211.166	34
211.192	25
211.217	40
211.244	37
211.27	33
211.296	29
211.325	23
211.351	39
211.377	40
211.403	36
211.43	28
211.456	44
211.482	45
211.509	37
211.535	33
211.561	39
211.587	50
211.614	42
211.64	38
211.666	34
211.692	50
211.719	47
211.745	38
211.772	40
211.798	31
211.824	47
211.851	44
211.877	40
211.904	37
211.93	28
211.957	45
211.983	46
212.009	37
212.036	34
212.062	50
212.089	52
212.115	43
212.141	39
212.168	36
212.194	52
212.22	48
212.246	39
212.273	41
212.299	32
212.325	48
212.351	44
212.377	45
212.403	36
212.429	52
212.456	49
212.482	45
212.508	41
212.534	32
212.56	48
212.586	49
212.612	45
212.638	36
212.664	52
212.69	53
212.716	44
212.742	40
212.768	36
212.794	52
212.82	48
212.846	39
212.872	40
212.898	31
212.923	46
212.95	43
212.976	39
213.001	34
213.027	25
213.053	41
213.079	42
213.105	38
213.131	29
213.157	45
213.183	46
213.209	42
213.236	34
213.262	50
213.288	51
213.314	42
213.34	38
213.366	34
213.392	50
213.418	46
213.444	37
213.471	39
213.497	30
213.523	46
213.55	43
213.576	39
213.602	35
213.629	27
213.655	43
213.681	44
213.708	41
213.734	32
213.761	49
213.787	50
213.814	42
213.84	38
213.866	34
213.893	51
213.919	47
213.946	39
213.972	40
213.999	32
214.025	48
214.051	44
214.078	41
214.104	37
214.131	29
214.157	45
214.182	45
214.209	37
214.236	34
214.261	29
214.288	46
214.315	43
214.34	38
214.368	36
214.394	52
214.42	48
214.446	44
214.472	40
214.498	41
214.524	52
214.55	43
214.576	44
214.602	45
214.628	51
214.654	47
214.68	53
214.705	38
214.731	54
214.756	49
214.781	49
214.807	40
214.832	35
214.857	50
214.883	51
214.908	41
214.933	31
214.959	52
214.984	52
215.01	43
215.035	33
215.06	53
215.085	53
215.11	43
215.135	33
215.161	54
215.186	54
215.212	45
215.238	36
215.264	42
215.29	53
215.315	48
215.34	38
215.365	33
215.391	54
215.416	49
215.442	40
215.467	35
215.493	41
215.518	46
215.543	36
215.57	33
215.596	29
215.625	23
215.655	23
215.69	23
215.725	23
215.75	20
215.777	40
215.802	35
215.828	26
215.855	23
215.885	20
215.912	40
215.938	31
215.963	31
215.99	23
216.017	40
216.044	37
216.07	33
216.096	29
216.125	23
216.15	43
216.177	40
216.203	31
216.23	28
216.255	23
216.282	40
216.308	36
216.334	32
216.359	27
216.385	43
216.412	40
216.438	31
216.464	32
216.49	23
216.516	39
216.543	36
216.57	38
216.595	28
216.622	45
216.647	40
216.674	37
216.699	32
216.726	49
216.751	44
216.778	41
216.803	36
216.83	28
216.857	45
216.882	45
216.909	42
216.934	32
216.961	49
216.986	49
217.013	41
217.038	36
217.065	48
217.092	55
217.117	45
217.142	40
217.169	37
217.196	54
217.221	49
217.249	47
217.277	45
217.303	36
217.329	52
217.355	53
217.381	44
217.408	41
217.434	42
217.46	53
217.486	49
217.512	45
217.538	51
217.564	52
217.59	53
217.616	44
217.642	40
217.667	35
217.693	56
217.718	46
217.744	42
217.769	37
217.795	53
217.82	48
217.845	43
217.871	39
217.896	54
217.921	49
217.946	44
217.971	39
217.996	29
218.021	49
218.046	39
218.072	40
218.097	30
218.125	23
218.15	43
218.175	38
218.202	35
218.228	26
218.253	41
218.279	42
218.304	37
218.33	28
218.355	43
218.381	44
218.407	35
218.434	32
218.463	31
218.49	23
218.516	39
218.542	35
218.568	36
218.594	27
218.62	43
218.648	41
218.674	37
218.7	33
218.727	25
218.753	41
218.778	41
218.805	38
218.832	30
218.857	45
218.884	47
218.909	37
218.936	34
218.961	29
218.989	47
219.016	44
219.041	39
219.068	36
219.096	54
219.123	51
219.148	43
219.175	43
219.202	35
219.227	50
219.254	47
219.279	47
219.306	39
219.332	55
219.358	51
219.385	48
219.411	44
219.437	45
219.464	52
219.49	53
219.516	44
219.542	40
219.568	36
219.594	52
219.62	48
219.646	44
219.672	40
219.698	56
219.724	52
219.75	48
219.776	44
219.802	35
219.827	50
219.853	46
219.878	46
219.904	37
219.929	52
219.955	48
219.983	46
220.009	42
220.034	32
220.059	47
220.085	48
220.11	43
220.138	36
220.164	32
220.189	52
220.214	47
220.239	37
220.264	32
220.29	53
220.315	43
220.34	38
220.369	37
220.394	27
220.423	46
220.448	41
220.473	41
220.499	32
220.525	48
220.55	43
220.576	39
220.601	34
220.628	26
220.654	42
220.679	42
220.706	34
220.731	29
220.757	25
220.783	41
220.809	37
220.835	33
220.861	29
220.887	45
220.913	41
220.94	38
220.966	34
220.996	29
221.022	45
221.048	41
221.075	43
221.101	34
221.128	51
221.154	47
221.181	44
221.207	40
221.233	31
221.261	49
221.291	49
221.316	44
221.343	41
221.368	51
221.395	53
221.42	48
221.447	40
221.474	42
221.499	32
221.526	49
221.553	46
221.578	46
221.604	37
221.631	54
221.657	50
221.683	51
221.71	43
221.736	34
221.762	50
221.788	51
221.814	42
221.839	37
221.865	48
221.891	54
221.917	45
221.942	35
221.968	51
221.993	51
222.019	47
222.044	37
222.069	37
222.094	52
222.119	47
222.144	37
222.17	38
222.195	28
222.22	48
222.245	38
222.27	38
222.296	29
222.321	44
222.346	39
222.371	34
222.396	29
222.425	23
222.45	43
222.475	38
222.502	35
222.528	26
222.553	41
222.579	42
222.606	34
222.631	29
222.657	25
222.682	40
222.709	37
222.735	33
222.761	29
222.787	45
222.813	41
222.838	31
222.864	32
222.89	48
222.917	45
222.943	36
222.968	36
222.993	26
223.02	43
223.048	41
223.075	43
223.1	33
223.127	50
223.152	45
223.179	42
223.204	37
223.231	29
223.256	49
223.284	47
223.311	39
223.336	34
223.361	49
223.388	51
223.413	41
223.44	38
223.465	53
223.492	50
223.517	45
223.544	37
223.571	49
223.598	31
223.627	50
223.654	47
223.68	48
223.706	39
223.732	55
223.758	51
223.784	52
223.81	43
223.836	34
223.862	50
223.887	55
223.913	41
223.939	37
223.964	47
223.99	53
224.015	43
224.041	39
224.066	49
224.091	54
224.116	44
224.141	39
224.166	49
224.191	49
224.216	44
224.241	39
224.266	34
224.291	49
224.318	46
224.343	36
224.368	36
224.395	28
224.42	43
224.446	39
224.471	34
224.496	29
224.525	23
224.552	40
224.578	41
224.605	33
224.631	29
224.656	34
224.681	44
224.706	39
224.732	30
224.757	25
224.783	46
224.809	37
224.834	32
224.86	28
224.886	44
224.912	40
224.938	31
224.964	32
224.99	48
225.016	44
225.042	35
225.071	34
225.097	30
225.123	26
225.15	43
225.176	39
225.203	36
225.229	27
225.256	44
225.283	46
225.308	38
225.335	33
225.362	30
225.387	50
225.414	42
225.442	40
225.469	37
225.496	29
225.521	49
225.548	41
225.575	43
225.6	33
225.627	50
225.654	47
225.679	47
225.706	39
225.732	30
225.759	47
225.786	49
225.812	40
225.838	36
225.865	53
225.891	54
225.918	46
225.944	42
225.97	38
225.997	55
226.023	51
226.05	43
226.076	44
226.103	36
226.129	52
226.155	48
226.182	45
226.208	41
226.234	32
226.261	49
226.287	50
226.313	41
226.34	38
226.366	34
226.392	50
226.419	47
226.445	43
226.471	39
226.498	56
226.524	52
226.55	43
226.577	45
226.603	36
226.629	52
226.656	49
226.685	48
226.712	40
226.738	36
226.765	53
226.791	54
226.817	45
226.844	42
226.87	43
226.896	54
226.922	50
226.951	44
226.981	49
227.007	40
227.032	55
227.058	51
227.087	55
227.113	41
227.139	37
227.164	52
227.189	52
227.215	43
227.24	38
227.266	44
227.291	54
227.316	44
227.341	39
227.366	44
227.391	54
227.416	44
227.441	39
227.466	44
227.493	56
227.518	46
227.543	41
227.57	38
227.595	28
227.62	48
227.647	40
227.672	40
227.697	30
227.722	32
227.749	42
227.774	37
227.799	32
227.825	23
227.852	40
227.877	40
227.902	35
227.931	29
227.956	24
227.981	44
228.006	34
228.031	29
228.056	24
228.081	44
228.109	37
228.134	32
228.16	28
228.186	41
228.212	40
228.238	31
228.264	32
228.29	48
228.316	44
228.342	35
228.368	36
228.394	27
228.42	43
228.446	39
228.472	40
228.499	32
228.525	48
228.551	44
228.578	41
228.604	37
228.631	29
228.658	46
228.685	48
228.712	40
228.737	35
228.764	32
228.791	49
228.816	44
228.843	41
228.87	38
228.895	53
228.922	50
228.947	40
228.974	42
228.999	32
229.026	49
229.051	44
229.076	44
229.102	35
229.129	52
229.158	51
229.184	52
229.211	44
229.237	35
229.263	56
229.289	52
229.315	48
229.341	39
229.367	55
229.393	56
229.418	51
229.444	42
229.469	57
229.494	52
229.522	50
229.547	40
229.572	50
229.597	50
229.625	53
229.65	43
229.676	54
229.701	49
229.726	54
229.751	44
229.776	54
229.802	50
229.829	27
229.857	50
229.884	52
229.91	43
229.936	34
229.962	50
229.988	56
230.014	47
230.039	37
230.065	38
230.09	53
230.117	45
230.142	35
230.169	37
230.195	28
230.225	23
230.254	22
230.284	20
230.31	38
230.336	34
230.361	29
230.39	23
230.415	20
230.44	33
230.467	35
230.493	26
230.525	23
230.55	20
230.577	40
230.602	35
230.628	26
230.655	23
230.681	44
230.706	34
230.731	29
230.758	26
230.783	46
230.808	36
230.834	32
230.859	27
230.885	43
230.91	38
230.935	33
230.96	28
230.987	45
231.012	40
231.037	35
231.065	33
231.092	50
231.117	45
231.142	40
231.167	35
231.192	50
231.217	45
231.242	40
231.267	55
231.293	51
231.318	46
231.343	41
231.368	51
231.393	56
231.418	46
231.443	41
231.468	46
231.493	56
231.52	48
231.545	43
231.57	53
231.597	55
231.622	50
231.649	42
231.676	49
231.702	35
231.729	52
231.755	48
231.781	49
231.807	40
231.834	32
231.86	53
231.886	54
231.911	44
231.937	35
231.962	50
231.988	56
232.013	46
232.038	36
232.063	51
232.089	52
232.114	42
232.139	37
232.164	52
232.189	52
232.216	44
232.241	34
232.266	44
232.291	54
232.316	44
232.341	34
232.366	34
232.393	26
232.425	23
232.451	20
232.477	40
232.502	30
232.528	26
232.555	23
232.58	38
232.606	34
232.631	29
232.657	25
232.683	41
232.709	37
232.734	32
232.761	29
232.79	23
232.816	39
232.841	34
232.867	35
232.893	26
232.925	23
232.952	40
232.979	42
233.005	33
233.031	29
233.056	24
233.083	41
233.108	36
233.134	32
233.159	27
233.185	43
233.211	39
233.236	34
233.262	30
233.287	45
233.313	41
233.339	32
233.365	33
233.391	24
233.416	39
233.441	34
233.467	35
233.493	26
233.519	42
233.544	37
233.57	33
233.596	29
233.625	23
233.65	38
233.676	39
233.702	35
233.728	26
233.754	42
233.78	43
233.805	33
233.831	29
233.857	25
233.883	41
233.909	37
233.934	32
233.96	28
233.986	44
234.012	40
234.038	31
234.063	31
234.09	23
234.115	38
234.141	34
234.167	35
234.193	26
234.218	41
234.244	37
234.27	33
234.296	29
234.322	45
234.347	40
234.373	36
234.399	32
234.425	23
234.45	38
234.476	39
234.503	31
234.528	26
234.554	42
234.579	42
234.606	34
234.631	29
234.657	25
234.683	41
234.709	37
234.734	32
234.76	28
234.786	44
234.813	41
234.838	31
234.864	32
234.89	23
234.916	39
234.941	34
234.967	35
234.993	26
235.019	42
235.045	38
235.071	34
235.097	30
235.125	23
235.151	39
235.177	40
235.203	31
235.229	27
235.255	43
235.281	44
235.307	35
235.335	33
235.361	29
235.386	44
235.412	40
235.438	36
235.463	51
235.489	52
235.515	43
235.54	38
235.566	54
235.592	55
235.617	45
235.643	41
235.668	56
235.693	51
235.718	46
235.743	41
235.768	51
235.793	51
235.818	46
235.845	38
235.87	53
235.896	29
235.922	50
235.948	41
235.975	58
236	33
236.026	49
236.052	45
236.077	55
236.102	35
236.128	51
236.153	46
236.178	46
236.205	38
236.23	28
236.255	43
236.282	50
236.309	42
236.336	34
236.363	51
236.389	52
236.414	42
236.44	38
236.466	44
236.492	55
236.518	46
236.544	37
236.57	38
236.596	29
236.625	23
236.65	43
236.677	40
236.704	37
236.731	29
236.758	26
236.79	23
236.816	44
236.841	34
236.867	35
236.893	26
236.92	28
236.946	39
236.973	36
236.999	32
237.025	23
237.052	40
237.078	41
237.106	34
237.131	29
237.157	25
237.183	46
237.209	37
237.235	33
237.26	28
237.285	43
237.31	38
237.337	35
237.362	30
237.387	50
237.412	40
237.439	37
237.464	32
237.49	53
237.515	43
237.54	38
237.565	53
237.59	53
237.616	44
237.641	39
237.666	49
237.691	54
237.717	45
237.742	40
237.767	45
237.793	56
237.818	51
237.843	41
237.868	46
237.893	56
237.918	51
237.943	41
237.968	46
237.995	53
238.02	48
238.045	43
238.07	48
238.098	56
238.125	53
238.15	43
238.175	43
238.2	48
238.226	54
238.251	44
238.277	45
238.302	50
238.327	55
238.352	45
238.377	45
238.402	50
238.427	50
238.454	47
238.481	44
238.506	46
238.533	31
238.56	28
238.587	40
238.614	42
238.641	34
238.666	34
238.695	28
238.725	23
238.751	29
238.778	41
238.803	31
238.828	26
238.854	22
238.885	20
238.91	38
238.936	34
238.961	29
238.99	23
239.025	23
239.055	23
239.084	20
239.111	39
239.137	30
239.164	32
239.19	23
239.215	38
239.241	34
239.266	34
239.293	26
239.325	23
239.351	39
239.377	40
239.403	31
239.428	26
239.455	23
239.482	40
239.508	36
239.534	32
239.559	27
239.584	42
239.609	37
239.634	32
239.66	28
239.685	43
239.712	40
239.737	30
239.763	31
239.792	40
239.817	45
239.843	36
239.868	36
239.894	52
239.919	47
239.945	38
239.97	38
239.995	28
240.021	44
240.046	39
240.071	34
240.097	30
240.125	23
240.15	38
240.175	38
240.202	30
240.228	26
240.253	41
240.279	42
240.305	33
240.331	29
240.356	24
240.382	40
240.409	37
240.434	32
240.46	43
240.485	48
240.51	38
240.535	33
240.561	29
240.586	44
240.611	39
240.637	30
240.662	30
240.688	41
240.713	41
240.74	33
240.766	34
240.793	26
240.818	41
240.844	37
240.869	32
240.896	29
240.925	23
240.95	38
240.976	39
241.001	34
241.028	26
241.053	41
241.079	42
241.106	34
241.131	29
241.156	24
241.182	40
241.207	35
241.234	32
241.259	27
241.285	43
241.312	40
241.337	30
241.363	31
241.39	23
241.415	38
241.441	34
241.466	34
241.493	26
241.519	42
241.544	37
241.57	38
241.595	28
241.621	44
241.647	40
241.672	35
241.698	31
241.723	46
241.748	41
241.773	41
241.799	32
241.824	47
241.849	42
241.874	42
241.9	33
241.925	53
241.95	43
241.975	43
242.001	44
242.026	54
242.051	44
242.076	44
242.101	44
242.127	50
242.154	47
242.179	47
242.204	52
242.229	52
242.254	47
242.281	49
242.306	54
242.331	29
242.357	45
242.382	50
242.408	41
242.434	32
242.46	48
242.485	53
242.511	44
242.537	35
242.562	40
242.587	50
242.613	46
242.638	36
242.663	31
242.69	53
242.715	53
242.74	38
242.767	35
242.792	50
242.819	52
242.846	39
242.871	39
242.897	45
242.923	51
242.949	42
242.976	39
243.002	35
243.028	26
243.054	47
243.08	43
243.106	34
243.131	29
243.158	26
243.19	23
243.216	44
243.242	35
243.267	35
243.293	26
243.32	43
243.347	40
243.372	40
243.399	32
243.425	23
243.452	40
243.477	40
243.502	35
243.528	26
243.553	41
243.578	41
243.605	33
243.631	29
243.657	25
243.683	46
243.709	37
243.735	33
243.761	29
243.787	50
243.814	42
243.839	37
243.866	34
243.891	49
243.918	46
243.943	41
243.968	36
243.996	54
244.024	52
244.052	45
244.077	45
244.105	38
244.13	53
244.157	50
244.182	50
244.207	40
244.232	55
244.26	53
244.287	50
244.315	43
244.342	40
244.369	52
244.395	28
244.422	50
244.448	41
244.474	57
244.5	33
244.526	49
244.552	45
244.578	56
244.603	36
244.629	27
244.654	47
244.68	48
244.705	38
244.73	28
244.755	43
244.78	48
244.805	38
244.83	28
244.856	44
244.881	44
244.907	40
244.933	31
244.958	26
244.984	42
245.009	37
245.034	32
245.061	29
245.09	23
245.115	38
245.141	34
245.168	31
245.193	26
245.219	42
245.244	37
245.271	34
245.296	29
245.325	23
245.351	39
245.378	41
245.403	31
245.428	26
245.455	23
245.482	40
245.508	36
245.534	32
245.561	29
245.59	23
245.617	40
245.643	36
245.668	31
245.693	26
245.718	41
245.743	36
245.769	32
245.796	29
245.825	23
245.85	38
245.876	39
245.902	35
245.928	26
245.954	42
245.98	43
246.006	34
246.032	30
246.057	45
246.083	46
246.109	37
246.135	33
246.16	28
246.186	44
246.212	40
246.238	31
246.263	31
246.29	23
246.315	38
246.341	34
246.367	35
246.393	26
246.419	42
246.444	37
246.471	39
246.496	29
246.522	45
246.548	41
246.574	37
246.6	33
246.626	29
246.652	45
246.678	41
246.704	37
246.729	27
246.755	43
246.781	44
246.807	35
246.832	30
246.858	43
246.884	47
246.91	38
246.936	34
246.962	30
246.987	45
247.013	41
247.039	37
247.065	33
247.09	48
247.116	44
247.142	35
247.168	36
247.194	27
247.22	43
247.247	40
247.273	36
247.299	32
247.325	23
247.351	39
247.377	40
247.402	35
247.428	26
247.454	42
247.48	43
247.509	37
247.534	32
247.56	28
247.586	44
247.612	40
247.638	36
247.663	31
247.689	47
247.715	43
247.741	34
247.767	35
247.793	26
247.819	42
247.845	38
247.87	33
247.896	29
247.925	23
247.951	39
247.976	39
248.002	35
248.028	26
248.053	46
248.079	42
248.105	38
248.13	53
248.156	49
248.182	50
248.207	40
248.233	31
248.258	51
248.284	52
248.309	42
248.335	33
248.36	48
248.386	54
248.411	44
248.436	34
248.461	49
248.486	54
248.513	41
248.538	36
248.565	53
248.591	54
248.618	46
248.643	41
248.668	56
248.694	52
248.72	48
248.745	43
248.771	54
248.796	29
248.821	49
248.847	40
248.872	50
248.897	55
248.922	50
248.947	45
248.975	53
249	33
249.027	55
249.054	47
249.079	52
249.104	37
249.131	29
249.157	45
249.182	50
249.208	36
249.234	32
249.26	43
249.286	49
249.312	40
249.337	35
249.364	32
249.39	23
249.416	44
249.441	34
249.468	36
249.493	26
249.525	23
249.551	44
249.576	39
249.602	35
249.628	26
249.655	23
249.68	43
249.705	33
249.731	29
249.756	44
249.781	44
249.806	39
249.832	30
249.857	25
249.883	46
249.909	37
249.934	32
249.96	28
249.987	45
250.015	43
250.04	33
250.067	35
250.092	50
250.119	47
250.144	42
250.169	37
250.194	52
250.219	47
250.244	42
250.27	38
250.295	53
250.321	49
250.346	44
250.371	54
250.397	45
250.422	50
250.447	45
250.472	55
250.497	35
250.522	50
250.547	45
250.573	51
250.6	33
250.625	48
250.652	45
250.677	50
250.703	36
250.729	27
250.755	48
250.781	49
250.806	39
250.832	30
250.858	46
250.886	54
250.912	40
250.937	35
250.962	45
250.987	50
251.014	42
251.039	37
251.064	52
251.091	54
251.118	46
251.143	36
251.168	36
251.193	26
251.221	44
251.246	39
251.271	34
251.296	29
251.325	23
251.355	23
251.38	20
251.405	33
251.431	29
251.458	26
251.483	41
251.508	36
251.534	32
251.561	29
251.59	23
251.615	38
251.64	33
251.668	31
251.693	26
251.725	23
251.751	39
251.778	41
251.804	32
251.83	28
251.855	23
251.882	40
251.908	36
251.934	32
251.959	27
251.984	42
252.009	37
252.034	32
252.059	27
252.085	43
252.11	38
252.137	30
252.163	31
252.19	23
252.216	39
252.241	34
252.267	35
252.293	26
252.319	42
252.344	37
252.37	38
252.397	30
252.423	46
252.449	42
252.475	38
252.501	34
252.528	26
252.554	42
252.58	43
252.607	35
252.633	31
252.659	47
252.685	48
252.711	39
252.737	35
252.763	51
252.789	52
252.815	43
252.84	38
252.866	34
252.892	50
252.918	46
252.943	36
252.969	37
252.995	53
253.02	48
253.046	39
253.072	40
253.097	30
253.123	46
253.148	41
253.174	42
253.2	33
253.225	48
253.251	44
253.276	39
253.302	35
253.33	28
253.356	44
253.381	44
253.407	35
253.432	30
253.458	46
253.483	46
253.508	36
253.534	32
253.56	28
253.585	43
253.612	40
253.637	30
253.663	31
253.69	23
253.715	38
253.741	34
253.767	35
253.793	26
253.819	42
253.844	37
253.87	33
253.896	29
253.925	23
253.951	39
253.977	40
254.003	31
254.029	27
254.055	43
254.081	44
254.107	35
254.133	31
254.159	27
254.185	43
254.211	39
254.238	31
254.264	32
254.289	47
254.315	43
254.341	39
254.367	35
254.392	50
254.418	46
254.444	42
254.469	52
254.495	53
254.521	49
254.546	44
254.572	50
254.597	30
254.623	51
254.648	46
254.674	57
254.699	32
254.724	52
254.749	47
254.774	52
254.799	32
254.826	49
254.851	44
254.878	51
254.904	37
254.93	28
254.956	49
254.983	51
255.008	41
255.033	31
255.058	51
255.084	52
255.109	42
255.136	34
255.161	49
255.186	54
255.213	46
255.239	37
255.265	53
255.291	54
255.316	44
255.342	40
255.367	45
255.393	26
255.418	46
255.443	36
255.468	36
255.496	29
255.525	23
255.552	30
255.577	40
255.602	35
255.628	26
255.655	23
255.68	40
255.705	33
255.731	29
255.758	26
255.79	23
255.815	43
255.84	33
255.868	36
255.893	26
255.925	23
255.951	44
255.976	39
256.002	35
256.028	26
256.055	23
256.08	43
256.105	33
256.131	29
256.156	24
256.182	45
256.209	37
256.234	32
256.26	28
256.287	45
256.313	41
256.34	33
256.366	34
256.393	51
256.418	46
256.443	41
256.47	38
256.495	53
256.52	48
256.545	43
256.57	38
256.595	53
256.62	48
256.646	44
256.674	52
256.702	35
256.729	52
256.754	47
256.779	47
256.804	37
256.831	29
256.856	49
256.881	49
256.907	40
256.933	31
256.96	48
256.986	54
257.012	45
257.038	36
257.064	52
257.09	58
257.116	44
257.141	39
257.166	49
257.192	55
257.217	45
257.242	40
257.267	40
257.292	50
257.317	45
257.344	42
257.369	47
257.396	29
257.423	46
257.451	44
257.478	46
257.503	36
257.528	26
257.555	23
257.59	23
257.625	23
257.655	23
257.682	40
257.708	36
257.734	32
257.761	29
257.79	23
257.825	23
257.85	20
257.876	39
257.902	30
257.928	26
257.958	26
257.99	23
258.015	38
258.044	37
258.069	32
258.096	29
258.125	23
258.151	39
258.177	40
258.203	31
258.23	28
258.255	23
258.282	40
258.308	36
258.334	32
258.359	27
258.384	42
258.412	40
258.437	30
258.462	30
258.488	26
258.513	41
258.539	32
258.564	32
258.589	47
258.615	43
258.64	33
258.666	34
258.691	24
258.716	39
258.744	37
258.769	32
258.796	29
258.825	23
258.85	38
258.875	38
258.902	30
258.928	26
258.953	41
258.979	42
259.005	33
259.031	29
259.056	24
259.082	40
259.109	37
259.134	32
259.16	28
259.186	44
259.212	40
259.238	31
259.263	31
259.29	23
259.315	38
259.341	34
259.366	34
259.392	35
259.418	46
259.444	37
259.469	37
259.495	28
259.52	43
259.547	40
259.572	40
259.597	30
259.626	49
259.651	44
259.676	44
259.702	50
259.727	50
259.752	45
259.778	46
259.803	36
259.828	51
259.853	46
259.878	46
259.903	36
259.928	51
259.953	46
259.978	51
260.003	46
260.028	51
260.054	47
260.08	48
260.105	48
260.131	29
260.156	49
260.181	49
260.207	55
260.232	30
260.26	48
260.287	55
260.312	45
260.339	37
260.366	34
260.392	55
260.418	51
260.444	37
260.47	38
260.497	45
260.523	51
260.548	41
260.573	41
260.599	32
260.625	23
260.65	43
260.677	40
260.702	35
260.728	26
260.753	36
260.778	41
260.805	33
260.831	29
260.858	26
260.89	23
260.915	43
260.941	34
260.968	36
260.994	27
261.028	26
261.055	23
261.082	40
261.108	36
261.134	32
261.161	29
261.19	23
261.215	43
261.24	33
261.266	34
261.292	50
261.318	46
261.344	37
261.37	38
261.396	29
261.422	45
261.447	40
261.474	42
261.501	34
261.526	49
261.553	46
261.578	41
261.603	36
261.628	51
261.655	48
261.68	48
261.705	38
261.732	55
261.757	50
261.784	52
261.812	40
261.839	37
261.864	52
261.889	52
261.915	43
261.942	40
261.968	51
261.994	57
262.02	48
262.046	44
262.072	50
262.097	55
262.123	51
262.149	42
262.178	46
262.203	36
262.229	52
262.254	47
262.28	48
262.305	38
262.33	28
262.355	48
262.381	49
262.406	39
262.431	29
262.456	49
262.481	49
262.506	39
262.531	29
262.556	49
262.583	46
262.608	41
262.633	31
262.658	26
262.684	42
262.709	37
262.735	33
262.761	29
262.79	23
262.816	39
262.841	34
262.867	35
262.893	26
262.925	23
262.952	40
262.979	42
263.005	33
263.031	29
263.058	26
263.083	41
263.108	36
263.134	32
263.159	27
263.184	42
263.209	37
263.234	32
263.259	27
263.284	42
263.309	37
263.334	32
263.359	27
263.385	43
263.412	40
263.437	30
263.463	31
263.489	47
263.518	41
263.544	37
263.57	33
263.596	39
263.621	49
263.647	40
263.673	41
263.698	31
263.724	47
263.75	43
263.776	39
263.801	34
263.828	26
263.854	42
263.879	42
263.906	34
263.931	29
263.957	25
263.983	41
264.009	37
264.035	33
264.06	28
264.086	44
264.112	40
264.138	31
264.164	32
264.19	23
264.215	38
264.241	34
264.267	35
264.293	26
264.318	41
264.344	37
264.37	33
264.399	32
264.425	23
264.45	38
264.476	39
264.502	35
264.531	29
264.557	45
264.583	46
264.608	36
264.634	32
264.66	28
264.686	44
264.712	40
264.738	31
264.764	32
264.789	47
264.815	43
264.84	38
264.865	33
264.891	49
264.916	44
264.942	40
264.967	55
264.993	51
265.018	46
265.043	41
265.069	57
265.094	52
265.119	47
265.145	43
265.17	53
265.195	53
265.22	48
265.245	43
265.27	53
265.295	31
265.322	50
265.347	40
265.374	52
265.401	34
265.427	55
265.453	46
265.479	47
265.505	38
265.53	28
265.556	49
265.582	50
265.607	40
265.632	30
265.657	50
265.682	50
265.707	40
265.732	30
265.757	45
265.782	50
265.807	40
265.833	31
265.861	49
265.887	55
265.913	41
265.939	37
265.965	48
265.991	54
266.017	45
266.043	36
266.069	37
266.096	29
266.125	23
266.151	44
266.178	41
266.203	36
266.228	26
266.254	22
266.281	39
266.308	36
266.335	33
266.361	29
266.39	23
266.417	40
266.443	36
266.468	36
266.496	29
266.525	23
266.55	43
266.575	38
266.601	34
266.628	26
266.653	41
266.68	43
266.706	39
266.732	30
266.758	46
266.783	46
266.81	38
266.835	33
266.862	50
266.887	50
266.915	43
266.942	40
266.967	35
266.992	55
267.017	45
267.042	40
267.068	36
267.093	56
267.118	51
267.146	44
267.171	39
267.196	44
267.221	49
267.246	44
267.272	45
267.3	43
267.325	53
267.352	45
267.377	45
267.402	35
267.427	50
267.452	45
267.477	45
267.503	36
267.53	53
267.555	48
267.582	50
267.608	41
267.633	31
267.659	47
267.685	53
267.71	43
267.735	33
267.761	54
267.786	54
267.811	44
267.836	34
267.861	49
267.888	56
267.913	41
267.938	31
267.963	46
267.989	52
268.014	42
268.04	33
268.065	33
268.09	23
268.115	38
268.14	33
268.167	30
268.193	26
268.218	41
268.243	36
268.27	33
268.296	29
268.325	23
268.35	38
268.377	40
268.402	30
268.428	26
268.455	23
268.481	39
268.506	34
268.531	29
268.558	26
268.59	23
268.617	40
268.643	36
268.67	33
268.696	29
268.725	23
268.752	40
268.778	41
268.806	34
268.831	29
268.856	24
268.882	40
268.909	37
268.934	32
268.963	31
268.989	47
269.016	44
269.042	35
269.068	36
269.094	52
269.12	48
269.146	39
269.172	40
269.198	31
269.224	47
269.25	43
269.276	44
269.302	35
269.328	51
269.355	48
269.381	44
269.407	40
269.433	31
269.459	47
269.485	48
269.511	39
269.537	35
269.563	31
269.589	47
269.615	43
269.641	34
269.667	35
269.693	26
269.719	42
269.745	38
269.771	34
269.797	30
269.825	23
269.851	39
269.877	40
269.903	36
269.929	27
269.955	43
269.981	44
270.007	35
270.034	32
270.06	28
270.086	49
270.112	40
270.137	35
270.163	51
270.189	52
270.215	48
270.241	39
270.267	55
270.293	56
270.319	52
270.348	46
270.374	42
270.399	57
270.425	53
270.451	49
270.476	44
270.502	50
270.527	50
270.553	51
270.578	46
270.603	56
270.628	51
270.653	46
270.678	46
270.705	53
270.73	53
270.756	49
270.782	50
270.808	41
270.834	32
270.859	52
270.885	48
270.91	48
270.936	34
270.961	54
270.986	49
271.011	54
271.037	35
271.063	46
271.09	53
271.115	48
271.14	38
271.167	35
271.194	47
271.221	49
271.247	40
271.273	41
271.298	41
271.324	52
271.35	43
271.376	39
271.403	36
271.428	26
271.454	42
271.48	43
271.506	34
271.532	30
271.558	26
271.585	23
271.613	41
271.638	36
271.664	32
271.689	22
271.716	39
271.743	36
271.768	36
271.793	26
271.825	23
271.85	43
271.875	38
271.902	35
271.931	29
271.957	25
271.983	46
272.009	37
272.035	33
272.065	33
272.092	25
272.118	46
272.143	36
272.168	36
272.193	51
272.22	48
272.245	38
272.27	38
272.296	54
272.321	49
272.346	44
272.372	40
272.397	55
272.423	51
272.448	46
272.473	41
272.499	57
272.524	52
272.55	48
272.575	43
272.6	48
272.626	54
272.651	44
272.676	44
272.701	54
272.726	49
272.751	44
272.779	47
272.806	54
272.831	34
272.857	50
272.883	51
272.908	51
272.934	32
272.96	48
272.985	48
273.011	49
273.036	34
273.061	54
273.086	49
273.112	50
273.137	35
273.164	47
273.19	53
273.215	48
273.24	38
273.266	34
273.291	39
273.316	44
273.343	36
273.368	36
273.393	26
273.425	23
273.455	23
273.483	41
273.508	36
273.534	32
273.559	27
273.584	32
273.611	39
273.637	35
273.664	32
273.69	23
273.715	38
273.741	34
273.767	30
273.793	26
273.825	23
273.851	39
273.878	41
273.903	31
273.928	26
273.955	23
273.982	40
274.008	36
274.034	32
274.059	27
274.084	42
274.111	39
274.137	30
274.163	31
274.19	23
274.215	38
274.241	34
274.267	35
274.293	26
274.319	42
274.344	37
274.37	33
274.396	29
274.425	23
274.451	39
274.477	40
274.503	31
274.528	26
274.554	42
274.581	44
274.607	35
274.634	32
274.66	28
274.687	45
274.713	41
274.74	33
274.766	34
274.793	51
274.819	47
274.846	39
274.872	40
274.899	32
274.925	48
274.952	45
274.978	41
275.004	37
275.031	34
275.057	50
275.084	47
275.11	43
275.136	34
275.162	50
275.189	52
275.215	43
275.241	39
275.267	35
275.293	51
275.319	47
275.345	43
275.37	53
275.396	54
275.421	49
275.447	45
275.472	52
275.498	41
275.523	51
275.549	42
275.574	52
275.599	47
275.626	49
275.651	44
275.679	47
275.704	52
275.73	53
275.755	48
275.781	49
275.806	39
275.831	54
275.856	49
275.881	49
275.906	39
275.933	31
275.958	46
275.986	54
276.012	40
276.038	36
276.064	42
276.09	53
276.116	44
276.142	35
276.168	46
276.193	56
276.218	46
276.244	37
276.269	37
276.296	29
276.325	23
276.355	23
276.39	23
276.425	23
276.45	20
276.476	39
276.502	35
276.528	26
276.553	36
276.578	41
276.606	34
276.631	29
276.658	26
276.684	20
276.709	37
276.736	34
276.761	29
276.786	44
276.811	39
276.843	36
276.868	36
276.894	27
276.919	42
276.945	38
276.97	38
276.996	29
277.022	50
277.048	41
277.073	41
277.098	31
277.125	48
277.15	43
277.177	45
277.202	35
277.227	50
277.252	45
277.279	47
277.304	52
277.329	52
277.354	47
277.381	49
277.406	39
277.431	29
277.457	45
277.483	51
277.508	41
277.535	33
277.561	54
277.587	55
277.613	46
277.639	37
277.665	53
277.691	54
277.716	44
277.742	40
277.767	50
277.793	51
277.818	46
277.844	37
277.869	37
277.895	53
277.92	48
277.945	43
277.971	39
277.997	30
278.022	50
278.048	41
278.073	41
278.099	32
278.125	23
278.15	43
278.176	44
278.201	34
278.227	50
278.252	45
278.278	46
278.303	36
278.329	52
278.354	47
278.38	43
278.406	39
278.432	30
278.457	45
278.484	47
278.51	38
278.536	34
278.562	30
278.589	47
278.614	42
278.644	37
278.669	37
278.696	29
278.721	44
278.746	39
278.771	39
278.798	31
278.823	51
278.848	41
278.873	41
278.898	31
278.923	51
278.948	41
278.973	41
278.998	56
279.023	51
279.048	41
279.073	41
279.098	56
279.123	51
279.15	43
279.175	43
279.2	48
279.225	53
279.25	43
279.277	45
279.302	45
279.327	50
279.354	47
279.379	47
279.406	39
279.431	34
279.457	50
279.482	50
279.508	51
279.533	31
279.559	47
279.584	52
279.61	43
279.635	33
279.66	48
279.685	48
279.713	51
279.738	36
279.765	33
279.793	41
279.818	51
279.843	41
279.869	37
279.895	48
279.92	53
279.946	39
279.972	35
279.998	31
280.025	23
280.05	43
280.077	40
280.103	36
280.128	26
280.155	23
280.18	43
280.206	34
280.231	29
280.258	26
280.284	20
280.309	37
280.335	33
280.36	28
280.385	21
280.41	38
280.437	35
280.464	32
280.49	23
280.517	40
280.544	37
280.571	34
280.596	29
280.625	23
280.652	40
280.679	42
280.705	33
280.731	29
280.758	46
280.784	57
280.81	58
280.835	33
280.862	45
280.888	56
280.913	56
280.94	38
280.966	34
280.992	30
281.025	23
281.05	38
281.077	40
281.103	31
281.128	26
281.155	23
281.18	38
281.206	34
281.231	29
281.257	25
281.283	41
281.309	37
281.334	32
281.361	29
281.39	23
281.415	38
281.441	34
281.468	31
281.493	26
281.525	23
281.55	38
281.576	39
281.602	30
281.628	26
281.655	23
281.69	23
281.725	23
281.754	22
281.784	20
281.81	38
281.836	29
281.861	29
281.89	23
281.925	23
281.951	39
281.978	41
282.003	31
282.028	26
282.055	23
282.08	38
282.105	33
282.131	29
282.158	26
282.183	41
282.208	36
282.234	32
282.261	29
282.29	23
282.317	40
282.343	36
282.37	33
282.396	29
282.428	26
282.455	23
282.48	38
282.505	33
282.531	29
282.558	26
282.583	38
282.608	36
282.635	33
282.661	29
282.687	45
282.714	42
282.741	34
282.768	36
282.794	27
282.821	44
282.848	41
282.878	41
282.904	32
282.931	29
282.958	46
282.984	47
283.011	39
283.037	35
283.064	32
283.09	48
283.116	44
283.143	36
283.169	37
283.195	28
283.222	45
283.248	41
283.273	41
283.298	31
283.325	48
283.355	43
283.382	45
283.407	40
283.434	32
283.461	49
283.487	50
283.513	41
283.54	38
283.566	49
283.592	55
283.619	47
283.645	43
283.671	39
283.697	55
283.722	50
283.748	46
283.774	42
283.8	58
283.825	53
283.851	49
283.877	45
283.902	50
283.927	50
283.953	51
283.978	46
284.003	51
284.028	51
284.053	51
284.078	46
284.106	54
284.133	51
284.158	51
284.183	46
284.209	42
284.235	48
284.26	53
284.286	49
284.312	45
284.338	51
284.363	51
284.389	52
284.414	47
284.439	52
284.464	52
284.489	52
284.514	47
284.541	54
284.566	49
284.591	54
284.617	45
284.642	40
284.668	46
284.693	26
284.72	48
284.746	44
284.774	42
284.801	34
284.828	26
284.855	38
284.88	43
284.905	33
284.931	29
284.958	26
284.99	23
285.025	23
285.05	43
285.077	40
285.102	35
285.128	26
285.155	23
285.18	43
285.206	34
285.231	29
285.258	26
285.29	23
285.325	23
285.352	40
285.38	43
285.405	33
285.431	29
285.456	24
285.481	44
285.509	37
285.534	32
285.56	28
285.587	45
285.613	41
285.639	37
285.665	33
285.692	50
285.717	45
285.742	40
285.769	37
285.794	52
285.822	50
285.847	40
285.875	43
285.9	53
285.926	54
285.951	44
285.976	44
286.001	49
286.026	54
286.053	46
286.078	46
286.103	46
286.128	56
286.155	48
286.182	50
286.207	40
286.234	32
286.259	52
286.286	54
286.313	46
286.338	36
286.365	53
286.39	53
286.415	43
286.441	39
286.466	54
286.491	49
286.516	44
286.541	34
286.566	49
286.591	54
286.618	46
286.643	36
286.67	38
286.698	31
286.725	23
286.752	40
286.779	47
286.806	39
286.833	31
286.858	26
286.885	28
286.911	39
286.937	35
286.964	32
286.99	23
287.025	23
287.055	23
287.085	23
287.111	39
287.137	30
287.162	30
287.19	23
287.215	38
287.24	33
287.267	30
287.293	26
287.325	23
287.35	38
287.377	40
287.403	31
287.428	26
287.454	32
287.481	44
287.508	36
287.534	32
287.561	29
287.588	26
287.613	41
287.64	33
287.665	33
287.69	23
287.718	41
287.743	36
287.768	31
287.793	26
287.825	23
287.85	38
287.875	43
287.901	34
287.926	49
287.951	44
287.976	44
288.001	34
288.026	49
288.051	44
288.076	39
288.102	35
288.13	28
288.155	43
288.18	43
288.208	36
288.234	32
288.263	31
288.288	46
288.313	41
288.338	31
288.363	31
288.389	47
288.414	42
288.44	33
288.465	33
288.49	23
288.515	38
288.54	33
288.565	33
288.591	24
288.616	39
288.641	34
288.666	34
288.694	27
288.719	42
288.746	39
288.771	34
288.796	29
288.821	39
288.846	39
288.871	34
288.896	29
288.925	23
288.95	38
288.975	38
289	33
289.025	23
289.05	38
289.075	38
289.102	30
289.128	26
289.153	41
289.178	41
289.205	33
289.231	29
289.256	24
289.281	39
289.309	37
289.334	32
289.36	28
289.385	43
289.412	40
289.437	30
289.463	31
289.488	46
289.514	42
289.541	34
289.566	34
289.591	24
289.617	40
289.644	37
289.669	32
289.696	29
289.722	45
289.747	40
289.773	36
289.799	32
289.825	23
289.85	38
289.876	39
289.903	31
289.928	26
289.954	42
289.979	42
290.004	37
290.029	27
290.055	43
290.08	43
290.106	39
290.131	54
290.156	49
290.181	49
290.207	40
290.232	30
290.258	51
290.283	51
290.308	41
290.333	36
290.359	52
290.384	52
290.409	42
290.434	47
290.459	52
290.484	52
290.509	42
290.534	34
290.562	50
290.59	53
290.615	48
290.64	38
290.667	50
290.692	55
290.717	50
290.742	40
290.767	50
290.793	56
290.818	51
290.843	41
290.869	47
290.894	52
290.92	53
290.945	43
290.97	53
290.997	40
291.023	51
291.048	41
291.073	51
291.1	33
291.125	23
291.151	44
291.178	56
291.204	37
291.23	28
291.255	38
291.281	49
291.307	40
291.333	31
291.359	27
291.39	23
291.416	44
291.441	34
291.468	36
291.493	26
291.525	23
291.551	44
291.578	41
291.603	36
291.63	28
291.655	23
291.682	40
291.711	39
291.737	35
291.762	30
291.79	23
291.817	40
291.843	36
291.869	37
291.896	29
291.921	44
291.947	40
291.973	36
292	33
292.025	23
292.051	44
292.076	39
292.103	36
292.128	26
292.155	43
292.18	43
292.205	38
292.23	53
292.255	48
292.281	49
292.306	39
292.331	29
292.36	48
292.385	53
292.41	43
292.436	34
292.461	54
292.486	54
292.511	44
292.536	34
292.561	49
292.586	54
292.611	44
292.636	34
292.663	51
292.688	51
292.716	49
292.741	39
292.767	50
292.792	55
292.818	51
292.844	42
292.87	38
292.895	53
292.921	54
292.946	39
292.971	39
292.997	50
293.022	55
293.047	45
293.072	40
293.099	47
293.124	52
293.149	42
293.174	37
293.201	49
293.226	49
293.251	44
293.278	41
293.303	36
293.328	26
293.355	23
293.39	23
293.417	40
293.443	36
293.47	33
293.499	32
293.525	23
293.552	30
293.579	42
293.605	33
293.631	29
293.658	26
293.69	23
293.725	23
293.75	25
293.776	39
293.802	30
293.828	26
293.855	23
293.88	38
293.906	34
293.931	29
293.957	25
293.984	42
294.01	38
294.037	35
294.064	32
294.09	23
294.117	40
294.143	36
294.168	31
294.193	26
294.218	41
294.244	37
294.269	32
294.296	29
294.325	23
294.35	38
294.375	38
294.402	30
294.428	26
294.453	41
294.479	42
294.506	34
294.531	29
294.557	25
294.583	41
294.609	37
294.634	32
294.66	28
294.686	44
294.712	40
294.738	31
294.764	32
294.79	23
294.815	38
294.841	34
294.867	35
294.893	26
294.919	42
294.944	37
294.97	33
294.996	29
295.025	23
295.051	39
295.077	40
295.103	36
295.129	27
295.155	43
295.181	44
295.207	35
295.234	32
295.26	28
295.286	49
295.311	39
295.337	35
295.363	51
295.388	51
295.414	47
295.44	38
295.465	53
295.491	54
295.517	50
295.542	40
295.568	41
295.594	52
295.619	52
295.645	43
295.67	53
295.695	53
295.721	54
295.746	44
295.771	54
295.796	54
295.821	49
295.846	44
295.874	52
295.901	49
295.926	49
295.952	45
295.977	45
296.002	50
296.028	51
296.054	47
296.08	48
296.106	54
296.131	29
296.157	50
296.182	50
296.207	40
296.232	55
296.259	52
296.284	52
296.309	42
296.336	34
296.361	49
296.386	54
296.413	41
296.439	37
296.465	43
296.491	54
296.517	45
296.544	37
296.57	38
296.596	29
296.621	49
296.647	40
296.674	37
296.699	32
296.725	23
296.751	44
296.778	41
296.803	36
296.828	26
296.855	28
296.882	45
296.908	36
296.934	32
296.961	29
296.99	23
297.017	40
297.043	36
297.068	36
297.093	26
297.118	41
297.144	37
297.17	38
297.196	29
297.222	45
297.248	41
297.274	42
297.301	34
297.327	25
297.354	42
297.379	42
297.404	37
297.431	29
297.456	49
297.481	44
297.507	40
297.532	30
297.557	50
297.582	50
297.608	41
297.633	31
297.659	52
297.684	52
297.71	43
297.735	33
297.76	48
297.789	52
297.814	47
297.839	37
297.864	52
297.889	52
297.914	47
297.939	37
297.964	52
297.991	49
298.016	49
298.041	39
298.068	51
298.094	57
298.119	52
298.144	42
298.17	53
298.198	51
298.223	56
298.248	46
298.275	53
298.3	43
298.325	53
298.352	45
298.377	45
298.404	37
298.431	29
298.458	36
298.485	48
298.512	40
298.539	32
298.566	34
298.592	25
298.62	20
298.645	38
298.672	35
298.698	31
298.724	22
298.751	24
298.778	41
298.804	32
298.83	28
298.855	23
298.89	23
298.928	26
298.955	23
298.982	30
299.008	36
299.034	32
299.059	27
299.09	23
299.115	38
299.141	34
299.168	31
299.193	26
299.22	20
299.245	38
299.27	33
299.296	29
299.325	23
299.352	40
299.377	40
299.402	30
299.428	26
299.453	41
299.478	41
299.506	34
299.531	29
299.557	25
299.582	40
299.608	36
299.634	32
299.66	28
299.686	44
299.712	40
299.738	36
299.763	31
299.789	47
299.814	42
299.841	34
299.866	34
299.893	26
299.918	41
299.944	37
299.969	32
299.996	29
300.025	23
300.05	38
300.076	39
300.103	31
300.128	26
300.154	42
300.18	43
300.206	34
300.231	29
300.257	25
300.283	41
300.312	40
300.338	31
300.363	31
300.389	47
300.415	43
300.441	34
300.467	35
300.492	25
300.518	46
300.543	36
300.569	37
300.594	52
300.62	48
300.645	43
300.671	39
300.696	54
300.722	50
300.747	45
300.773	41
300.799	32
300.824	52
300.85	43
300.876	44
300.901	34
300.926	49
300.952	45
300.977	55
301.002	35
301.027	50
301.052	45
301.077	55
301.104	37
301.129	52
301.156	49
301.181	49
301.207	40
301.233	31
301.258	46
301.284	52
301.31	43
301.335	33
301.361	49
301.386	54
301.411	39
301.436	34
301.461	49
301.487	55
301.513	46
301.539	37
301.564	52
301.591	54
301.616	44
301.643	36
301.668	36
301.695	28
301.722	45
301.749	42
301.774	37
301.799	32
301.824	22
301.851	39
301.876	39
301.902	35
301.928	26
301.955	23
301.983	41
302.008	36
302.034	32
302.062	30
302.09	23
302.115	43
302.14	33
302.166	34
302.193	26
302.219	42
302.244	37
302.27	38
302.297	30
302.325	23
302.351	44
302.376	39
302.401	34
302.426	24
302.453	41
302.479	42
302.504	37
302.529	27
302.555	48
302.58	43
302.606	39
302.631	54
302.657	50
302.682	50
302.708	41
302.734	32
302.76	53
302.785	53
302.811	44
302.836	34
302.862	50
302.887	50
302.912	40
302.937	35
302.962	50
302.987	50
303.014	42
303.041	39
303.066	54
303.091	49
303.117	45
303.143	36
303.168	51
303.194	52
303.219	47
303.245	38
303.27	53
303.295	53
303.32	48
303.345	38
303.37	53
303.395	50
303.422	50
303.449	42
303.474	42
303.501	34
303.528	26
303.554	37
303.58	43
303.606	39
303.631	29
303.658	26
303.685	33
303.711	39
303.737	35
303.764	32
303.79	23
303.815	20
303.84	33
303.867	35
303.893	26
303.925	23
303.952	25
303.977	40
304.002	30
304.028	26
304.055	23
304.081	39
304.106	34
304.131	29
304.157	25
304.182	32
304.207	35
304.233	31
304.258	26
304.285	43
304.311	39
304.337	35
304.362	30
304.39	23
304.415	38
304.44	33
304.466	34
304.493	26
304.518	41
304.544	37
304.569	32
304.595	28
304.621	44
304.647	40
304.673	36
304.698	31
304.723	46
304.749	42
304.774	42
304.8	33
304.825	48
304.851	44
304.876	44
304.901	34
304.927	50
304.952	45
304.978	46
305.003	36
305.028	51
305.057	50
305.082	50
305.108	41
305.133	51
305.158	51
305.183	51
305.208	41
305.233	31
305.258	48
305.285	53
305.31	43
305.335	38
305.361	54
305.387	55
305.413	46
305.439	37
305.465	53
305.491	54
305.517	45
305.543	41
305.569	52
305.595	58
305.621	49
305.648	46
305.674	57
305.7	33
305.726	54
305.751	44
305.776	54
305.803	36
305.828	26
305.853	41
305.878	46
305.904	37
305.931	29
305.956	44
305.982	50
306.007	40
306.032	30
306.057	25
306.082	45
306.108	36
306.134	32
306.161	29
306.19	23
306.215	43
306.241	34
306.268	36
306.293	26
306.325	23
306.351	44
306.378	41
306.403	36
306.43	28
306.455	23
306.482	40
306.508	36
306.534	32
306.559	27
306.584	42
306.609	37
306.634	32
306.66	28
306.685	48
306.711	39
306.738	36
306.763	31
306.79	23
306.815	43
306.84	33
306.867	35
306.893	26
306.918	46
306.943	41
306.968	36
306.993	51
307.019	47
307.045	43
307.07	38
307.095	53
307.121	49
307.147	45
307.172	40
307.197	55
307.223	51
307.248	41
307.274	42
307.299	47
307.324	52
307.349	42
307.375	43
307.403	51
307.428	51
307.455	48
307.48	48
307.505	38
307.532	30
307.557	50
307.585	53
307.611	44
307.637	35
307.663	51
307.689	52
307.715	43
307.741	39
307.767	50
307.793	56
307.818	46
307.843	41
307.87	48
307.896	54
307.923	51
307.949	42
307.975	43
308.002	35
308.028	26
308.054	32
308.08	43
308.106	34
308.131	29
308.158	26
308.184	20
308.209	37
308.235	33
308.261	29
308.29	23
308.316	39
308.341	34
308.366	34
308.392	25
308.425	23
308.452	40
308.479	42
308.505	33
308.531	29
308.558	26
308.583	41
308.608	36
308.634	32
308.659	27
308.685	43
308.712	40
308.737	30
308.766	34
308.793	26
308.819	42
308.845	38
308.872	35
308.898	31
308.924	47
308.951	44
308.978	41
309.003	36
309.03	28
309.057	45
309.084	47
309.109	37
309.136	34
309.161	34
309.188	51
309.215	43
309.241	39
309.267	35
309.293	51
309.319	47
309.346	39
309.372	40
309.398	41
309.425	53
309.451	44
309.477	45
309.503	36
309.529	52
309.556	49
309.582	45
309.608	41
309.634	32
309.66	48
309.686	49
309.712	40
309.738	36
309.763	41
309.789	52
309.815	43
309.841	39
309.866	34
309.892	50
309.918	46
309.944	37
309.97	38
309.996	29
310.022	45
