0.035	500
0.063	500
0.113	500
0.138	1489.14
0.168	1489.14
0.203	3046.77
0.237	3046.77
0.272	2985.83
0.302	2924.9
0.337	2924.9
0.372	2863.96
0.402	2863.96
0.437	2803.03
0.472	2863.96
0.502	2803.03
0.537	2863.96
0.572	2863.96
0.602	2803.03
0.637	2742.09
0.672	2681.16
0.702	2742.09
0.737	2803.03
0.772	2803.03
0.802	2742.09
0.837	2742.09
0.862	2742.09
0.902	2863.96
0.937	2803.03
0.972	2803.03
1.002	2742.09
1.037	2681.16
1.072	2742.09
1.102	2803.03
1.137	2863.96
1.172	2863.96
1.202	2924.9
1.237	2863.96
1.272	2924.9
1.302	3046.77
1.337	3107.7
1.372	3168.64
1.402	3107.7
1.437	3046.77
1.472	2985.83
1.502	2985.83
1.527	2924.9
1.567	2985.83
1.602	3046.77
1.637	3107.7
1.672	3046.77
1.702	2985.83
1.732	2924.9
1.762	2863.96
1.802	2985.83
1.837	2924.9
1.862	2924.9
1.902	3046.77
1.937	3107.7
1.972	3168.64
2.002	3107.7
2.037	3168.64
2.072	3229.57
2.102	3290.51
2.137	3229.57
2.172	3168.64
2.202	3107.7
2.237	3046.77
2.272	2985.83
2.302	2985.83
2.337	2803.03
2.372	2742.09
2.402	2742.09
2.437	2681.16
2.472	2620.22
2.502	2559.28
2.537	2620.22
2.572	2681.16
2.602	2681.16
2.637	2742.09
2.672	2681.16
2.702	2620.22
2.737	2559.28
2.772	2620.22
2.802	2559.28
2.837	2437.42
2.872	2437.42
2.902	2498.35
2.937	2437.42
2.972	2498.35
3.002	2559.28
3.037	2498.35
3.072	2498.35
3.102	2559.28
3.137	2620.22
3.162	2620.22
3.202	2742.09
3.237	2803.03
3.272	2863.96
3.302	2863.96
3.337	2863.96
3.372	2924.9
3.402	2863.96
3.437	2924.9
3.472	2863.96
3.502	2803.03
3.537	2742.09
3.572	2681.16
3.602	2620.22
3.637	2681.16
3.672	2620.22
3.702	2620.22
3.737	2681.16
3.772	2620.22
3.802	2559.28
3.837	2559.28
3.872	2498.35
3.902	2498.35
3.937	2437.42
3.972	2376.48
4.002	2315.54
4.037	2376.48
4.072	2437.42
4.102	2437.42
4.137	2498.35
4.172	2559.28
4.202	2620.22
4.237	2681.16
4.272	2681.16
4.302	2620.22
4.337	2498.35
4.372	2437.42
4.402	2498.35
4.437	2559.28
4.467	2559.28
4.502	2498.35
4.537	2559.28
4.572	2620.22
4.602	2681.16
4.637	2742.09
4.672	2742.09
4.702	2803.03
4.737	2742.09
4.772	2803.03
4.802	2863.96
4.837	2985.83
4.867	3046.77
4.902	2985.83
4.937	3046.77
4.972	2985.83
5.002	2924.9
5.037	2863.96
5.072	2803.03
5.102	2803.03
5.137	2742.09
5.172	2681.16
5.202	2620.22
5.237	2559.28
5.272	2620.22
5.302	2620.22
5.337	2620.22
5.372	2559.28
5.402	2498.35
5.437	2437.42
5.472	2498.35
5.502	2498.35
5.537	2437.42
5.572	2376.48
5.602	2437.42
5.637	2498.35
5.672	2498.35
5.702	2437.42
5.737	2376.48
5.772	2437.42
5.802	2437.42
5.837	2437.42
5.872	2376.48
5.902	2437.42
5.937	2498.35
5.972	2437.42
6.002	2437.42
6.037	2376.48
6.072	2315.54
6.102	2376.48
6.137	2376.48
6.172	2315.54
6.202	2254.61
6.237	2315.54
6.272	2376.48
6.302	2376.48
6.337	2376.48
6.372	2437.42
6.402	2437.42
6.427	2376.48
6.472	2437.42
6.502	2498.35
6.537	2498.35
6.572	2437.42
6.602	2376.48
6.637	2437.42
6.672	2498.35
6.702	2498.35
6.737	2437.42
6.772	2498.35
6.802	2498.35
6.837	2620.22
6.862	2559.28
6.902	2498.35
6.937	2437.42
6.972	2498.35
7.002	2498.35
7.037	2437.42
7.072	2376.48
7.102	2315.54
7.137	2376.48
7.172	2376.48
7.202	2437.42
7.237	2376.48
7.272	2437.42
7.302	2437.42
7.337	2437.42
7.372	2376.48
7.402	2437.42
7.437	2437.42
7.472	2376.48
7.502	2315.54
7.537	2376.48
7.572	2376.48
7.602	2315.54
7.637	2254.61
7.672	2315.54
7.702	2315.54
7.737	2254.61
7.772	2193.67
7.802	2193.67
7.837	2193.67
7.872	2254.61
7.902	2193.67
7.937	2254.61
7.972	2254.61
8.002	2193.67
8.037	2132.74
8.072	2193.67
8.102	2193.67
8.137	2132.74
8.172	2193.67
8.202	2193.67
8.237	2254.61
8.272	2193.67
8.302	2254.61
8.337	2254.61
8.372	2254.61
8.402	2193.67
8.437	2254.61
8.472	2315.54
8.497	2315.54
8.537	2254.61
8.572	2315.54
8.597	2315.54
8.622	2254.61
8.647	2254.61
8.672	2315.54
8.702	2376.48
8.737	2376.48
8.762	2315.54
8.802	2376.48
8.837	2376.48
8.872	2376.48
8.902	2315.54
8.937	2254.61
8.972	2315.54
9.002	2315.54
9.037	2254.61
9.072	2315.54
9.102	2315.54
9.137	2376.48
9.172	2315.54
9.202	2376.48
9.237	2437.42
9.272	2437.42
9.302	2376.48
9.337	2315.54
9.372	2315.54
9.402	2376.48
9.437	2315.54
9.472	2376.48
9.502	2376.48
9.537	2315.54
9.572	2254.61
9.602	2315.54
9.632	2315.54
9.672	2254.61
9.702	2315.54
9.737	2376.48
9.772	2376.48
9.802	2437.42
9.837	2437.42
9.872	2437.42
9.902	2498.35
9.937	2437.42
9.972	2376.48
10.002	2437.42
10.037	2437.42
10.072	2376.48
10.102	2315.54
10.137	2376.48
10.172	2376.48
10.202	2315.54
10.237	2254.61
10.272	2315.54
10.302	2315.54
10.332	2193.67
10.372	2254.61
10.402	2254.61
10.437	2193.67
10.472	2132.74
10.502	2193.67
10.537	2193.67
10.572	2132.74
10.597	2132.74
10.632	2071.8
10.672	2010.87
10.702	2071.8
10.732	2071.8
10.772	2010.87
10.802	2071.8
10.837	2132.74
10.872	2071.8
10.902	2071.8
10.937	2132.74
10.972	2071.8
11.002	2071.8
11.027	2010.87
11.072	2071.8
11.102	2071.8
11.137	2010.87
11.172	2071.8
11.202	2071.8
11.232	2010.87
11.257	2010.87
11.282	2071.8
11.307	2071.8
11.337	1949.93
11.362	1949.93
11.392	1889
11.437	1828.06
11.462	1828.06
11.502	1889
11.532	1889
11.572	1949.93
11.597	1949.93
11.622	1889
11.647	1889
11.672	1949.93
11.702	1949.93
11.737	1889
11.772	1949.93
11.802	1949.93
11.837	2010.87
11.872	1889
11.902	1889
11.937	1949.93
11.972	2010.87
12.002	2010.87
12.037	2071.8
12.072	2071.8
12.102	2010.87
12.137	2071.8
12.172	2071.8
12.202	2010.87
12.237	2071.8
12.272	2071.8
12.302	2010.87
12.337	2132.74
12.372	2132.74
12.402	2193.67
12.437	2193.67
12.472	2132.74
12.502	2071.8
12.527	2071.8
12.572	2132.74
12.602	2132.74
12.632	2071.8
12.662	2071.8
12.697	2132.74
12.737	2193.67
12.772	2132.74
12.802	2132.74
12.837	2193.67
12.872	2132.74
12.902	2132.74
12.937	2193.67
12.972	2132.74
13.002	2132.74
13.037	2193.67
13.072	2132.74
13.102	2132.74
13.137	2193.67
13.172	2132.74
13.202	2132.74
13.237	2193.67
13.272	2254.61
13.302	2315.54
13.337	2254.61
13.372	2193.67
13.402	2132.74
13.437	2193.67
13.472	2193.67
13.502	2132.74
13.537	2193.67
13.572	2193.67
13.602	2132.74
13.637	2193.67
13.667	2193.67
13.702	2132.74
13.737	2193.67
13.772	2254.61
13.802	2254.61
13.837	2254.61
13.872	2315.54
13.902	2315.54
13.937	2254.61
13.972	2193.67
14.002	2254.61
14.037	2315.54
14.072	2315.54
14.102	2254.61
14.137	2315.54
14.172	2315.54
14.202	2254.61
14.237	2193.67
14.272	2254.61
14.297	2254.61
14.337	2132.74
14.372	2071.8
14.402	2071.8
14.437	2010.87
14.472	1949.93
14.502	1949.93
14.537	2010.87
14.572	2071.8
14.597	2071.8
14.637	2010.87
14.672	2071.8
14.702	2071.8
14.737	2010.87
14.772	1949.93
14.797	1949.93
14.837	1828.06
14.872	1828.06
14.902	1767.13
14.937	1828.06
14.972	1828.06
14.997	1767.13
15.037	1767.13
15.072	1828.06
15.102	1889
15.137	1889
15.172	1828.06
15.202	1828.06
15.237	1889
15.272	1949.93
15.297	1949.93
15.327	1949.93
15.372	2071.8
15.402	2010.87
15.437	2071.8
15.472	2071.8
15.502	2010.87
15.537	2071.8
15.572	2071.8
15.602	2010.87
15.627	2010.87
15.672	2071.8
15.702	2132.74
15.737	2132.74
15.772	2071.8
15.802	2010.87
15.832	2010.87
15.872	1889
15.902	1949.93
15.937	1949.93
15.972	1889
16.002	1889
16.037	1949.93
16.072	1889
16.102	1889
16.132	1949.93
16.172	2010.87
16.202	2010.87
16.237	1949.93
16.272	2010.87
16.297	2010.87
16.337	2010.87
16.372	2071.8
16.397	2071.8
16.437	2010.87
16.472	2071.8
16.497	2071.8
16.537	2132.74
16.572	2132.74
16.602	2071.8
16.637	2010.87
16.672	2010.87
16.697	2010.87
16.737	2010.87
16.767	2010.87
16.802	1949.93
16.837	1949.93
16.867	1828.06
16.902	1889
16.937	1889
16.967	1828.06
16.997	1828.06
17.037	1889
17.067	1828.06
17.102	1889
17.137	1889
17.167	1889
17.202	1828.06
17.237	1889
17.267	1889
17.302	1949.93
17.337	2071.8
17.367	2071.8
17.402	2132.74
17.437	2071.8
17.467	2071.8
17.497	2132.74
17.537	2193.67
17.562	2193.67
17.602	2254.61
17.627	2254.61
17.667	2315.54
17.702	2254.61
17.737	2193.67
17.762	2193.67
17.802	2193.67
17.837	2132.74
17.867	2071.8
17.902	2071.8
17.937	2010.87
17.967	1949.93
18.002	2010.87
18.037	2010.87
18.067	2071.8
18.102	2071.8
18.137	2010.87
18.162	2010.87
18.202	2071.8
18.237	2132.74
18.267	2132.74
18.302	2193.67
18.337	2315.54
18.362	2315.54
18.402	2376.48
18.427	2437.42
18.467	2498.35
18.502	2498.35
18.537	2437.42
18.567	2376.48
18.602	2437.42
18.637	2437.42
18.667	2376.48
18.702	2315.54
18.737	2376.48
18.767	2376.48
18.802	2315.54
18.837	2193.67
18.867	2193.67
18.902	2132.74
18.937	2071.8
18.967	2010.87
19.002	2010.87
19.037	1949.93
19.062	1949.93
19.102	2010.87
19.137	2071.8
19.167	2071.8
19.202	2010.87
19.237	2071.8
19.267	2071.8
19.302	2010.87
19.337	1889
19.367	1889
19.402	1828.06
19.437	1889
19.467	1889
19.502	1828.06
19.537	1889
19.567	1889
19.602	1828.06
19.637	1767.13
19.667	1767.13
19.702	1828.06
19.737	1828.06
19.767	1889
19.802	1949.93
19.837	1949.93
19.867	1949.93
19.902	2010.87
19.937	2010.87
19.967	2010.87
20.002	2071.8
20.037	2010.87
20.062	2010.87
20.102	1949.93
20.137	2010.87
20.167	2010.87
20.202	1949.93
20.237	1889
20.267	1889
20.292	1949.93
20.337	2071.8
20.367	2071.8
20.402	2010.87
20.437	1949.93
20.467	1949.93
20.497	2010.87
20.537	2010.87
20.562	2071.8
20.602	2132.74
20.637	2132.74
20.667	2071.8
20.702	2010.87
20.737	2010.87
20.767	1949.93
20.802	2071.8
20.837	2071.8
20.867	2010.87
20.902	2071.8
20.937	2071.8
20.967	2132.74
21.002	2132.74
21.037	2193.67
21.067	2254.61
21.102	2254.61
21.137	2193.67
21.162	2193.67
21.202	2315.54
21.237	2315.54
21.262	2376.48
21.302	2437.42
21.337	2376.48
21.367	2315.54
21.402	2254.61
21.437	2315.54
21.467	2315.54
21.502	2254.61
21.527	2254.61
21.567	2254.61
21.602	2315.54
21.637	2315.54
21.667	2254.61
21.697	2254.61
21.722	2315.54
21.747	2254.61
21.772	2254.61
21.802	2315.54
21.837	2376.48
21.867	2437.42
21.897	2376.48
21.937	2437.42
21.967	2437.42
22.002	2376.48
22.037	2315.54
22.067	2376.48
22.102	2315.54
22.132	2315.54
22.167	2254.61
22.192	2254.61
22.222	2315.54
22.247	2254.61
22.272	2254.61
22.302	2193.67
22.337	2193.67
22.367	2193.67
22.402	2132.74
22.427	2132.74
22.457	2193.67
22.502	2254.61
22.537	2254.61
22.567	2193.67
22.602	2132.74
22.637	2193.67
22.667	2193.67
22.697	2254.61
22.737	2315.54
22.767	2315.54
22.802	2376.48
22.837	2498.35
22.867	2498.35
22.902	2437.42
22.937	2376.48
22.967	2376.48
23.002	2437.42
23.032	2376.48
23.067	2437.42
23.097	2437.42
23.122	2498.35
23.147	2437.42
23.172	2437.42
23.202	2498.35
23.237	2559.28
23.267	2559.28
23.302	2498.35
23.337	2620.22
23.367	2620.22
23.402	2681.16
23.437	2620.22
23.467	2559.28
23.492	2559.28
23.537	2681.16
23.567	2681.16
23.602	2742.09
23.637	2681.16
23.667	2620.22
23.702	2559.28
23.737	2620.22
23.762	2620.22
23.797	2559.28
23.822	2437.42
23.847	2498.35
23.872	2498.35
23.902	2559.28
23.937	2498.35
23.967	2498.35
24.002	2437.42
24.037	2376.48
24.067	2437.42
24.102	2437.42
24.137	2498.35
24.167	2437.42
24.202	2498.35
24.237	2559.28
24.267	2559.28
24.302	2498.35
24.337	2498.35
24.367	2437.42
24.402	2498.35
24.437	2437.42
24.467	2437.42
24.502	2376.48
24.537	2315.54
24.562	2315.54
24.602	2376.48
24.637	2437.42
24.667	2498.35
24.702	2437.42
24.737	2437.42
24.767	2498.35
24.802	2437.42
24.837	2437.42
24.867	2437.42
24.902	2376.48
24.937	2315.54
24.967	2376.48
25.002	2376.48
25.037	2315.54
25.067	2254.61
25.102	2315.54
25.137	2315.54
25.167	2254.61
25.202	2315.54
25.237	2254.61
25.267	2254.61
25.302	2193.67
25.337	2071.8
25.367	2071.8
25.402	2010.87
25.437	1949.93
25.467	1949.93
25.502	2010.87
25.537	2071.8
25.567	2071.8
25.602	2010.87
25.637	1949.93
25.667	1949.93
25.702	1889
25.737	1828.06
25.767	1828.06
25.802	1767.13
25.837	1767.13
25.867	1767.13
25.902	1828.06
25.937	1828.06
25.967	1889
26.002	1828.06
26.037	1828.06
26.067	1889
26.102	1949.93
26.137	1949.93
26.167	1949.93
26.202	1889
26.227	1949.93
26.267	1949.93
26.302	1889
26.337	2010.87
26.367	2010.87
26.402	1949.93
26.437	2010.87
26.462	2010.87
26.502	1949.93
26.537	2010.87
26.567	2010.87
26.602	1949.93
26.637	2010.87
26.667	2010.87
26.702	1949.93
26.737	2010.87
26.767	2010.87
26.802	2071.8
26.837	2071.8
26.867	2071.8
26.892	2071.8
26.937	2132.74
26.967	2193.67
27.002	2254.61
27.037	2254.61
27.067	2315.54
27.102	2254.61
27.137	2315.54
27.167	2315.54
27.202	2254.61
27.237	2315.54
27.267	2315.54
27.302	2376.48
27.337	2254.61
27.367	2193.67
27.402	2132.74
27.437	2132.74
27.467	2071.8
27.502	2132.74
27.537	2132.74
27.567	2071.8
27.602	2132.74
27.637	2071.8
27.667	2071.8
27.702	2010.87
27.737	2010.87
27.767	1949.93
27.802	2010.87
27.837	2010.87
27.867	2132.74
27.902	2193.67
27.937	2254.61
27.967	2254.61
28.002	2193.67
28.037	2254.61
28.067	2254.61
28.102	2193.67
28.137	2254.61
28.167	2193.67
28.202	2193.67
28.237	2132.74
28.267	2071.8
28.302	2071.8
28.337	2071.8
28.367	2132.74
28.402	2132.74
28.437	2071.8
28.467	2132.74
28.502	2132.74
28.537	2071.8
28.567	2132.74
28.602	2132.74
28.637	2193.67
28.667	2193.67
28.702	2254.61
28.737	2193.67
28.767	2132.74
28.802	2132.74
28.837	2132.74
28.867	2193.67
28.902	2193.67
28.937	2132.74
28.967	2193.67
29.002	2254.61
29.037	2254.61
29.062	2193.67
29.102	2254.61
29.137	2254.61
29.167	2193.67
29.202	2132.74
29.237	2193.67
29.267	2193.67
29.302	2132.74
29.337	2254.61
29.367	2254.61
29.402	2193.67
29.437	2132.74
29.467	2132.74
29.502	2193.67
29.537	2132.74
29.567	2193.67
29.602	2193.67
29.637	2132.74
29.667	2193.67
29.702	2254.61
29.737	2254.61
29.767	2193.67
29.802	2254.61
29.837	2193.67
29.867	2132.74
29.902	2071.8
29.937	2132.74
29.967	2132.74
30.002	2071.8
30.037	2132.74
30.067	2132.74
30.102	2071.8
30.137	2010.87
30.167	2010.87
30.202	2071.8
30.237	2010.87
30.267	2010.87
30.302	2071.8
30.337	2071.8
30.367	2071.8
30.402	2010.87
30.437	2071.8
30.467	2071.8
30.502	2010.87
30.527	2010.87
30.567	2071.8
30.602	2132.74
30.637	2193.67
30.667	2193.67
30.702	2132.74
30.737	2193.67
30.762	2193.67
30.802	2132.74
30.837	2010.87
30.867	2071.8
30.902	2071.8
30.937	2010.87
30.967	2010.87
31.002	2071.8
31.037	2010.87
31.067	2010.87
31.102	2071.8
31.137	2010.87
31.167	2010.87
31.202	1949.93
31.237	1889
31.267	1889
31.302	1828.06
31.337	1949.93
31.367	1949.93
31.402	1889
31.437	1949.93
31.467	1949.93
31.502	2010.87
31.537	2071.8
31.567	2071.8
31.602	2010.87
31.637	2010.87
31.667	1949.93
31.702	2010.87
31.737	2010.87
31.767	1949.93
31.802	1949.93
31.837	1949.93
31.867	1889
31.902	1828.06
31.937	1828.06
31.967	1889
32.002	1889
32.037	1828.06
32.067	1889
32.102	1889
32.137	1828.06
32.167	1828.06
32.202	1889
32.237	1828.06
32.262	1828.06
32.302	1767.13
32.337	1889
32.367	1889
32.402	1828.06
32.437	1889
32.467	1889
32.502	1828.06
32.537	1889
32.567	1889
32.602	1949.93
32.637	1889
32.667	1889
32.702	1949.93
32.737	1949.93
32.767	1889
32.802	1949.93
32.837	1949.93
32.867	1949.93
32.902	1949.93
32.937	2010.87
32.967	2071.8
33.002	2071.8
33.037	2010.87
33.067	1949.93
33.102	1949.93
33.137	1889
33.167	1889
33.202	1949.93
33.237	1889
33.267	1889
33.302	1949.93
33.337	1949.93
33.367	1949.93
33.402	1889
33.437	1949.93
33.467	1949.93
33.502	1889
33.537	1949.93
33.567	1949.93
33.602	1889
33.637	1949.93
33.667	1949.93
33.702	1889
33.737	1889
33.767	1828.06
33.802	1889
33.837	1889
33.867	1767.13
33.902	1828.06
33.937	1828.06
33.967	1767.13
33.997	1767.13
34.037	1706.19
34.067	1767.13
34.102	1767.13
34.127	1767.13
34.167	1706.19
34.202	1767.13
34.227	1767.13
34.267	1706.19
34.302	1645.26
34.337	1645.26
34.367	1523.38
34.402	1523.38
34.437	1584.32
34.467	1584.32
34.502	1523.38
34.537	1584.32
34.567	1584.32
34.602	1645.25
34.637	1645.25
34.667	1584.32
34.702	1584.32
34.737	1523.38
34.762	1523.38
34.802	1584.32
34.837	1584.32
34.867	1584.32
34.902	1645.25
34.937	1645.25
34.967	1645.25
35.002	1584.32
35.037	1645.25
35.062	1645.25
35.102	1645.25
35.137	1584.32
35.167	1645.25
35.202	1645.25
35.237	1584.32
35.267	1584.32
35.302	1523.38
35.337	1523.38
35.367	1523.38
35.392	1523.38
35.437	1523.38
35.467	1584.32
35.502	1584.32
35.537	1584.32
35.567	1523.38
35.597	1523.38
35.637	1584.32
35.667	1523.38
35.702	1523.38
35.737	1584.32
35.767	1584.32
35.802	1523.38
35.837	1523.38
35.867	1523.38
35.902	1523.38
35.937	1523.38
35.967	1523.38
36.002	1584.32
36.037	1645.25
36.067	1645.25
36.102	1584.32
36.137	1584.32
36.167	1584.32
36.202	1645.25
36.237	1706.19
36.267	1706.19
36.302	1645.25
36.337	1645.25
36.367	1645.25
36.402	1645.25
36.437	1706.19
36.467	1706.19
36.502	1767.12
36.537	1767.12
36.567	1828.06
36.602	1767.12
36.627	1767.12
36.667	1828.06
36.702	1828.06
36.737	1767.12
36.767	1828.06
36.802	1828.06
36.837	1706.19
36.867	1706.19
36.892	1767.12
36.937	1706.19
36.967	1706.19
37.002	1767.12
37.037	1767.12
37.067	1828.06
37.102	1828.06
37.137	1767.12
37.167	1767.12
37.202	1706.19
37.237	1767.12
37.267	1767.12
37.302	1828.06
37.337	1828.06
37.367	1828.06
37.402	1828.06
37.437	1767.12
37.467	1828.06
37.502	1828.06
37.537	1889
37.567	1889
37.602	1828.06
37.637	1889
37.667	1889
37.702	1828.06
37.737	1889
37.767	1889
37.802	1828.06
37.837	1828.06
37.862	1828.06
37.902	1889
37.937	1889
37.967	1828.06
38.002	1889
38.037	1889
38.067	1828.06
38.102	1889
38.137	1889
38.167	1828.06
38.202	1828.06
38.237	1767.12
38.267	1828.06
38.302	1828.06
38.327	1828.06
38.367	1889
38.402	1889
38.437	1828.06
38.467	1828.06
38.502	1889
38.537	1828.06
38.567	1828.06
38.602	1767.12
38.627	1767.12
38.667	1828.06
38.702	1889
38.737	1828.06
38.767	1828.06
38.802	1889
38.837	1828.06
38.867	1767.12
38.902	1706.19
38.937	1706.19
38.967	1767.12
39.002	1767.12
39.037	1706.19
39.067	1706.19
39.102	1767.12
39.137	1767.12
39.167	1706.19
39.197	1706.19
39.237	1645.25
39.267	1645.25
39.302	1706.19
39.337	1706.19
39.367	1706.19
39.402	1645.25
39.437	1645.25
39.467	1584.32
39.502	1584.32
39.537	1645.25
39.567	1645.25
39.602	1706.19
39.637	1706.19
39.667	1645.25
39.702	1645.25
39.737	1584.32
39.767	1584.32
39.802	1645.25
39.837	1523.38
39.867	1523.38
39.902	1584.32
39.937	1584.32
39.967	1584.32
40.002	1523.38
40.037	1584.32
40.067	1584.32
40.102	1645.25
40.137	1645.25
40.167	1584.32
40.202	1584.32
40.237	1645.25
40.267	1645.25
40.302	1584.32
40.337	1645.25
40.367	1706.19
40.402	1767.12
40.427	1767.12
40.467	1706.19
40.502	1706.19
40.537	1645.25
40.567	1645.25
40.602	1706.19
40.637	1767.12
40.667	1767.12
40.702	1767.12
40.737	1706.19
40.767	1706.19
40.802	1767.12
40.837	1706.19
40.867	1767.12
40.902	1828.06
40.937	1828.06
40.967	1767.12
41.002	1767.12
41.037	1828.06
41.067	1828.06
41.102	1767.12
41.137	1828.06
41.167	1828.06
41.202	1889
41.237	1949.93
41.267	1949.93
41.302	1889
41.327	1889
41.367	1889
41.402	1949.93
41.427	1949.93
41.467	1889
41.502	1949.93
41.537	1949.93
41.567	1889
41.602	1949.93
41.637	1949.93
41.667	1889
41.702	1949.93
41.737	1949.93
41.767	2010.87
41.802	2010.87
41.837	1889
41.867	1889
41.902	1949.93
41.937	1889
41.967	1889
41.992	1828.06
42.037	1889
42.067	1889
42.102	1828.06
42.137	1889
42.167	1889
42.202	1828.06
42.237	1828.06
42.267	1889
42.302	1949.93
42.337	1949.93
42.362	1889
42.402	1889
42.437	1889
42.467	1828.06
42.502	1889
42.537	1889
42.567	1828.06
42.597	1828.06
42.637	1767.12
42.667	1828.06
42.702	1828.06
42.737	1767.12
42.767	1767.12
42.792	1828.06
42.837	1706.19
42.867	1706.19
42.902	1767.12
42.937	1767.12
42.967	1828.06
43.002	1828.06
43.037	1767.12
43.067	1767.12
43.102	1828.06
43.137	1889
43.167	1889
43.202	1828.06
43.237	1828.06
43.267	1889
43.302	2010.87
43.337	2010.87
43.362	2071.8
43.392	2071.8
43.437	2132.74
43.467	2071.8
43.502	2010.87
43.537	2010.87
43.567	1949.93
43.597	1949.93
43.637	2010.87
43.667	2071.8
43.702	2071.8
43.737	2010.87
43.767	2071.8
43.802	2071.8
43.837	1949.93
43.867	1949.93
43.897	2010.87
43.937	2071.8
43.967	2071.8
44.002	2010.87
44.037	2071.8
44.067	2071.8
44.102	2010.87
44.127	2010.87
44.167	1949.93
44.202	2010.87
44.227	2010.87
44.267	1949.93
44.297	1949.93
44.337	2010.87
44.367	2132.74
44.402	2071.8
44.437	2071.8
44.467	2010.87
44.502	2071.8
44.537	2071.8
44.567	2132.74
44.602	2132.74
44.637	2071.8
44.667	2010.87
44.702	2010.87
44.737	1949.93
44.767	2010.87
44.802	2010.87
44.837	1889
44.867	1889
44.897	1949.93
44.927	1949.93
44.967	2010.87
45.002	2071.8
45.027	2071.8
45.067	2010.87
45.102	1949.93
45.137	1889
45.167	1889
45.202	1828.06
45.237	1889
45.267	1889
45.302	1828.06
45.337	1889
45.367	1889
45.402	1828.06
45.437	1828.06
45.467	1889
45.502	1949.93
45.537	1949.93
45.567	1889
45.602	1949.93
45.637	1949.93
45.662	1949.93
45.702	1949.93
45.737	1949.93
45.767	1889
45.802	1889
45.837	1767.12
45.867	1706.19
45.902	1706.19
45.937	1767.12
45.967	1767.12
46.002	1828.06
46.037	1767.12
46.067	1767.12
46.102	1706.19
46.137	1706.19
46.167	1767.12
46.202	1767.12
46.237	1706.19
46.267	1767.12
46.302	1767.12
46.337	1889
46.367	1889
46.402	1828.06
46.437	1767.12
46.467	1767.12
46.502	1706.19
46.537	1767.12
46.567	1767.12
46.602	1706.19
46.627	1706.19
46.667	1767.12
46.702	1767.12
46.737	1706.19
46.767	1706.19
46.802	1645.25
46.837	1523.38
46.867	1523.38
46.902	1584.32
46.937	1584.32
46.967	1523.38
47.002	1523.38
47.037	1584.32
47.067	1584.32
47.102	1645.25
47.137	1584.32
47.167	1584.32
47.202	1523.38
47.237	1523.38
47.267	1523.38
47.302	1523.38
47.337	1645.25
47.367	1645.25
47.402	1584.32
47.437	1584.32
47.467	1523.38
47.502	1523.38
47.537	1584.32
47.567	1584.32
47.602	1645.25
47.637	1584.32
47.667	1584.32
47.702	1523.38
47.737	1523.38
47.767	1523.38
47.802	1584.32
47.837	1523.38
47.867	1523.38
47.902	1584.32
47.937	1584.32
47.967	1523.38
48.002	1523.38
48.037	1523.38
48.067	1523.38
48.102	1584.32
48.137	1645.25
48.167	1645.25
48.202	1645.25
48.237	1584.32
48.267	1584.32
48.302	1645.25
48.337	1767.12
48.367	1767.12
48.402	1828.06
48.437	1828.06
48.467	1767.12
48.502	1828.06
48.537	1828.06
48.567	1889
48.602	1828.06
48.637	1828.06
48.667	1889
48.702	1889
48.737	1828.06
48.767	1828.06
48.802	1889
48.837	1767.12
48.867	1767.12
48.902	1828.06
48.937	1767.12
48.967	1767.12
49.002	1706.19
49.037	1767.12
49.067	1767.12
49.102	1828.06
49.137	1767.12
49.167	1767.12
49.202	1828.06
49.237	1828.06
49.267	1767.12
49.302	1828.06
49.337	1828.06
49.367	1828.06
49.402	1767.12
49.437	1767.12
49.467	1706.19
49.497	1706.19
49.537	1767.12
49.567	1767.12
49.602	1828.06
49.637	1767.12
49.667	1767.12
49.702	1706.19
49.737	1767.12
49.767	1767.12
49.802	1828.06
49.837	1767.12
49.867	1828.06
49.902	1889
49.937	1889
49.962	1828.06
50.002	1889
50.037	1889
50.067	1828.06
50.102	1889
50.137	1889
50.167	1949.93
50.202	1949.93
50.237	1889
50.267	1949.93
50.302	1949.93
50.337	1828.06
50.367	1828.06
50.402	1889
50.437	1828.06
50.467	1828.06
50.502	1767.12
50.537	1706.19
50.567	1706.19
50.602	1767.12
50.637	1767.12
50.667	1828.06
50.697	1828.06
50.737	1889
50.767	1828.06
50.802	1767.12
50.837	1767.12
50.867	1767.12
50.902	1828.06
50.937	1828.06
50.967	1767.12
51.002	1767.12
51.037	1706.19
51.067	1706.19
51.102	1767.12
51.137	1706.19
51.167	1706.19
51.202	1767.12
51.237	1706.19
51.267	1706.19
51.302	1767.12
51.337	1767.12
51.367	1645.25
51.402	1706.19
51.437	1706.19
51.467	1706.19
51.502	1645.25
51.537	1706.19
51.567	1706.19
51.602	1767.12
51.637	1767.12
51.667	1706.19
51.702	1706.19
51.737	1767.12
51.767	1706.19
51.802	1706.19
51.837	1706.19
51.867	1706.19
51.902	1767.12
51.937	1767.12
51.967	1706.19
52.002	1767.12
52.037	1767.12
52.067	1828.06
52.102	1828.06
52.137	1767.12
52.167	1828.06
52.202	1828.06
52.237	1767.12
52.267	1828.06
52.302	1828.06
52.337	1828.06
52.367	1828.06
52.402	1889
52.437	1949.93
52.467	1949.93
52.502	1889
52.537	1949.93
52.567	1949.93
52.602	1889
52.637	1949.93
52.667	1949.93
52.702	1889
52.737	1889
52.767	1828.06
52.802	1889
52.837	1889
52.867	1889
52.902	1949.93
52.937	1949.93
52.967	1889
53.002	1949.93
53.037	1949.93
53.067	1889
53.102	1889
53.137	1828.06
53.167	1889
53.202	1889
53.237	1828.06
53.267	1828.06
53.302	1889
53.337	1767.12
53.367	1767.12
53.402	1706.19
53.437	1645.25
53.467	1645.25
53.502	1706.19
53.537	1706.19
53.567	1645.25
53.602	1645.25
53.637	1706.19
53.667	1706.19
53.702	1645.25
53.737	1584.32
53.767	1584.32
53.802	1645.25
53.837	1645.25
53.867	1645.25
53.902	1645.25
53.937	1706.19
53.967	1706.19
54.002	1767.12
54.027	1767.12
54.067	1706.19
54.102	1767.12
54.137	1767.12
54.167	1706.19
54.202	1706.19
54.237	1767.12
54.267	1767.12
54.297	1706.19
54.337	1828.06
54.367	1828.06
54.402	1767.12
54.437	1767.12
54.467	1706.19
54.502	1767.12
54.537	1767.12
54.567	1706.19
54.602	1706.19
54.637	1767.12
54.667	1767.12
54.702	1706.19
54.737	1706.19
54.767	1767.12
54.802	1706.19
54.837	1706.19
54.867	1828.06
54.902	1828.06
54.937	1889
54.967	1889
55.002	1949.93
55.037	2010.87
55.067	2010.87
55.102	1949.93
55.137	2010.87
55.167	2010.87
55.202	2071.8
55.237	2132.74
55.267	2132.74
55.302	2193.67
55.337	2193.67
55.367	2193.67
55.402	2193.67
55.437	2132.74
55.467	2132.74
55.502	2193.67
55.537	2132.74
55.567	2071.8
55.602	2132.74
55.637	2132.74
55.667	2071.8
55.702	2132.74
55.737	2193.67
55.767	2193.67
55.802	2132.74
55.837	2132.74
55.867	2132.74
55.902	2071.8
55.937	2010.87
55.967	2071.8
56.002	2071.8
56.027	2010.87
56.067	2071.8
56.102	2071.8
56.137	2010.87
56.167	1949.93
56.202	1949.93
56.237	1889
56.267	1889
56.302	1949.93
56.337	1949.93
56.367	1949.93
56.402	2010.87
56.437	1949.93
56.467	1949.93
56.502	1889
56.537	1828.06
56.562	1828.06
56.602	1767.12
56.637	1828.06
56.667	1828.06
56.702	1767.12
56.737	1828.06
56.767	1828.06
56.802	1889
56.837	1889
56.867	2010.87
56.902	2071.8
56.937	2071.8
56.967	2010.87
57.002	2071.8
57.037	2071.8
57.067	2010.87
57.102	2010.87
57.137	1949.93
57.167	1889
57.202	1889
57.237	1828.06
57.267	1889
57.302	1889
57.337	1767.12
57.367	1767.12
57.402	1828.06
57.437	1889
57.467	1889
57.502	1828.06
57.537	1889
57.567	1889
57.602	1949.93
57.637	2010.87
57.667	2010.87
57.692	2010.87
57.737	2132.74
57.767	2132.74
57.802	2071.8
57.837	2193.67
57.867	2193.67
57.902	2254.61
57.937	2315.54
57.967	2315.54
58.002	2376.48
58.037	2437.41
58.067	2437.41
58.102	2498.35
58.137	2559.28
58.167	2498.35
58.202	2559.28
58.237	2620.22
58.267	2620.22
58.302	2559.28
58.337	2437.41
58.367	2376.48
58.402	2437.41
58.437	2437.41
58.467	2376.48
58.502	2315.54
58.537	2376.48
58.567	2376.48
58.602	2437.41
58.637	2376.48
58.667	2376.48
58.702	2437.41
58.737	2376.48
58.767	2315.54
58.802	2437.41
58.837	2437.41
58.867	2376.48
58.902	2437.41
58.937	2498.35
58.967	2498.35
59.002	2437.41
59.037	2376.48
59.067	2437.41
59.102	2376.48
59.137	2376.48
59.167	2437.41
59.202	2376.48
59.237	2437.41
59.267	2437.41
59.302	2376.48
59.337	2254.61
59.367	2193.67
59.402	2254.61
59.437	2193.67
59.467	2193.67
59.502	2132.74
59.537	2193.67
59.567	2193.67
59.602	2132.74
59.637	2071.8
59.667	2132.74
59.702	2132.74
59.737	2071.8
59.767	2132.74
59.802	2132.74
59.837	2132.74
59.867	2071.8
59.902	2132.74
59.937	2132.74
59.967	2071.8
60.002	2132.74
60.037	2132.74
60.067	2071.8
60.102	2010.87
60.137	1949.93
60.167	1949.93
60.202	2010.87
60.237	1949.93
60.267	1949.93
60.302	1889
60.337	1889
60.367	1767.12
60.397	1767.12
60.437	1828.06
60.467	1889
60.502	1828.06
60.537	1828.06
60.567	1767.12
60.602	1767.12
60.637	1706.19
60.667	1767.12
60.692	1767.12
60.737	1706.19
60.767	1706.19
60.802	1767.12
60.837	1767.12
60.867	1767.12
60.902	1828.06
60.937	1828.06
60.967	1767.12
61.002	1767.12
61.037	1828.06
61.067	1828.06
61.102	1889
61.137	1828.06
61.167	1828.06
61.202	1767.12
61.237	1828.06
61.267	1828.06
61.302	1767.12
61.337	1767.12
61.367	1767.12
61.402	1706.19
61.437	1706.19
61.467	1706.19
61.497	1767.12
61.537	1706.19
61.567	1706.19
61.602	1645.25
61.637	1645.25
61.667	1706.19
61.702	1706.19
61.737	1645.25
61.767	1645.25
61.802	1706.19
61.837	1645.25
61.867	1706.19
61.902	1767.12
61.937	1767.12
61.967	1706.19
62.002	1706.19
62.037	1645.25
62.067	1645.25
62.102	1584.32
62.137	1645.25
62.167	1645.25
62.202	1584.32
62.237	1584.32
62.267	1523.38
62.302	1523.38
62.337	1584.32
62.367	1584.32
62.402	1645.25
62.437	1645.25
62.467	1584.32
62.502	1584.32
62.537	1645.25
62.567	1645.25
62.602	1706.19
62.637	1706.19
62.667	1767.12
62.702	1706.19
62.737	1706.19
62.767	1645.25
62.802	1645.25
62.837	1645.25
62.867	1645.25
62.902	1645.25
62.937	1645.25
62.967	1584.32
63.002	1645.25
63.037	1645.25
63.067	1645.25
63.102	1584.32
63.137	1523.38
63.167	1523.38
63.202	1584.32
63.237	1584.32
63.267	1523.38
63.302	1523.38
63.337	1523.38
63.367	1523.38
63.402	1584.32
63.437	1584.32
63.462	1584.32
63.502	1523.38
63.537	1584.32
63.567	1584.32
63.602	1523.38
63.637	1584.32
63.667	1584.32
63.702	1645.25
63.737	1645.25
63.767	1584.32
63.802	1584.32
63.837	1584.32
63.867	1584.32
63.902	1523.38
63.937	1523.38
63.967	1584.32
64.002	1584.32
64.037	1523.38
64.067	1523.38
64.102	1584.32
64.137	1523.38
64.167	1523.38
64.202	1584.32
64.237	1584.32
64.267	1584.32
64.302	1645.25
64.337	1645.25
64.367	1645.25
64.402	1706.19
64.437	1706.19
64.467	1767.12
64.502	1767.12
64.537	1706.19
64.567	1706.19
64.602	1645.25
64.637	1706.19
64.667	1706.19
64.702	1645.25
64.737	1645.25
64.767	1706.19
64.802	1706.19
64.837	1706.19
64.867	1706.19
64.902	1645.25
64.937	1645.25
64.967	1706.19
65.002	1706.19
65.037	1645.25
65.067	1645.25
65.102	1706.19
65.137	1645.25
65.167	1645.25
65.202	1706.19
65.237	1706.19
65.267	1645.25
65.302	1645.25
65.337	1767.12
65.367	1767.12
65.402	1828.06
65.437	1767.12
65.467	1767.12
65.502	1706.19
65.537	1706.19
65.567	1767.12
65.602	1828.06
65.637	1828.06
65.667	1767.12
65.702	1767.12
65.737	1706.19
65.767	1767.12
65.802	1767.12
65.837	1767.12
65.867	1767.12
65.902	1706.19
65.937	1767.12
65.967	1767.12
66.002	1828.06
66.037	1889
66.067	1889
66.102	1828.06
66.137	1828.06
66.167	1767.12
66.202	1828.06
66.237	1828.06
66.267	1767.12
66.302	1767.12
66.337	1767.12
66.367	1706.19
66.402	1706.19
66.437	1767.12
66.467	1767.12
66.502	1828.06
66.537	1767.12
66.567	1767.12
66.602	1706.19
66.637	1767.12
66.667	1767.12
66.702	1828.06
66.737	1889
66.767	1889
66.802	1828.06
66.837	1828.06
66.867	1828.06
66.902	1889
66.937	1889
66.967	1828.06
67.002	1889
67.037	1889
67.067	1828.06
67.102	1889
67.137	1889
67.167	1828.06
67.202	1828.06
67.237	1767.12
67.267	1706.19
67.302	1706.19
67.337	1706.19
67.362	1706.19
67.402	1645.25
67.437	1645.25
67.467	1706.19
67.502	1706.19
67.537	1645.25
67.567	1645.25
67.602	1706.19
67.637	1645.25
67.667	1645.25
67.702	1706.19
67.737	1706.19
67.767	1645.25
67.797	1645.25
67.837	1767.12
67.867	1767.12
67.902	1706.19
67.937	1706.19
67.967	1767.12
68.002	1767.12
68.037	1706.19
68.067	1706.19
68.102	1767.12
68.137	1828.06
68.167	1828.06
68.202	1767.12
68.237	1767.12
68.267	1828.06
68.302	1889
68.337	1949.93
68.367	1889
68.402	1889
68.437	1828.06
68.467	1828.06
68.502	1889
68.537	1828.06
68.567	1828.06
68.602	1889
68.637	1828.06
68.667	1828.06
68.697	1767.12
68.737	1828.06
68.767	1828.06
68.802	1767.12
68.837	1889
68.867	1889
68.902	1828.06
68.937	1889
68.967	1889
69.002	1828.06
69.037	1828.06
69.067	1767.12
69.102	1828.06
69.137	1828.06
69.167	1767.12
69.202	1828.06
69.237	1828.06
69.267	1889
69.302	1828.06
69.337	1767.12
69.367	1828.06
69.402	1828.06
69.437	1767.12
69.467	1767.12
69.502	1828.06
69.537	1767.12
69.567	1767.12
69.602	1706.19
69.637	1767.12
69.667	1767.12
69.702	1828.06
69.737	1889
69.767	1889
69.802	1828.06
69.837	1828.06
69.867	1706.19
69.902	1645.25
69.937	1645.25
69.967	1706.19
70.002	1706.19
70.037	1645.25
70.067	1645.25
70.102	1584.32
70.137	1584.32
70.167	1645.25
70.202	1584.32
70.237	1584.32
70.267	1584.32
70.302	1645.25
70.337	1767.12
70.367	1767.12
70.402	1706.19
70.437	1706.19
70.467	1767.12
70.502	1767.12
70.537	1706.19
70.567	1706.19
70.602	1767.12
70.637	1706.19
70.667	1706.19
70.702	1767.12
70.737	1767.12
70.767	1706.19
70.802	1645.25
70.827	1645.25
70.867	1584.32
70.902	1645.25
70.937	1645.25
70.967	1645.25
71.002	1706.19
71.037	1706.19
71.067	1645.25
71.102	1645.25
71.137	1706.19
71.167	1706.19
71.202	1645.25
71.237	1706.19
71.267	1706.19
71.302	1767.12
71.337	1767.12
71.367	1645.25
71.402	1645.25
71.437	1584.32
71.467	1584.32
71.502	1645.25
71.537	1584.32
71.567	1584.32
71.602	1523.38
71.637	1523.38
71.667	1523.38
71.702	1523.38
71.737	1584.32
71.767	1584.32
71.802	1523.38
71.837	1523.38
71.867	1523.38
71.902	1523.38
71.937	1523.38
71.967	1523.38
72.002	1584.32
72.037	1523.38
72.067	1523.38
72.102	1584.32
72.137	1584.32
72.167	1584.32
72.202	1645.25
72.237	1584.32
72.267	1584.32
72.302	1645.25
72.337	1645.25
72.367	1523.38
72.392	1523.38
72.437	1584.32
72.467	1584.32
72.502	1523.38
72.537	1523.38
72.567	1584.32
72.602	1584.32
72.637	1523.38
72.667	1523.38
72.702	1584.32
72.737	1523.38
72.767	1523.38
72.802	1523.38
72.837	1523.38
72.867	1584.32
72.902	1645.25
72.937	1584.32
72.967	1584.32
73.002	1645.25
73.037	1645.25
73.067	1584.32
73.102	1584.32
73.137	1645.25
73.167	1645.25
73.202	1584.32
73.237	1645.25
73.267	1645.25
73.302	1584.32
73.337	1584.32
73.367	1523.38
73.402	1523.38
73.437	1584.32
73.467	1584.32
73.502	1523.38
73.537	1523.38
73.567	1584.32
73.602	1584.32
73.637	1523.38
73.667	1523.38
73.702	1523.38
73.737	1523.38
73.767	1523.38
73.802	1584.32
73.837	1584.32
73.867	1584.32
73.902	1706.19
73.937	1645.25
73.967	1645.25
74.002	1706.19
74.037	1706.19
74.067	1767.12
74.102	1767.12
74.137	1706.19
74.167	1706.19
74.202	1645.25
74.237	1706.19
74.267	1706.19
74.302	1645.25
74.337	1645.25
74.367	1706.19
74.402	1767.12
74.437	1706.19
74.467	1706.19
74.502	1645.25
74.537	1584.32
74.567	1584.32
74.602	1645.25
74.637	1645.25
74.667	1645.25
74.702	1706.19
74.737	1645.25
74.767	1645.25
74.802	1706.19
74.837	1706.19
74.867	1584.32
74.902	1584.32
74.937	1523.38
74.967	1523.38
75.002	1584.32
75.037	1645.25
75.067	1645.25
75.102	1584.32
75.137	1584.32
75.167	1584.32
75.202	1645.25
75.237	1584.32
75.267	1584.32
75.302	1523.38
75.337	1523.38
75.367	1645.25
75.402	1645.25
75.437	1706.19
75.467	1706.19
75.502	1767.12
75.537	1767.12
75.567	1706.19
75.602	1645.25
75.637	1645.25
75.667	1706.19
75.702	1706.19
75.737	1645.25
75.767	1645.25
75.802	1706.19
75.837	1706.19
75.867	1706.19
75.902	1706.19
75.937	1645.25
75.967	1645.25
76.002	1584.32
76.037	1645.25
76.067	1645.25
76.102	1706.19
76.137	1706.19
76.167	1706.19
76.202	1767.12
76.237	1706.19
76.267	1706.19
76.302	1767.12
76.337	1767.12
76.367	1767.12
76.402	1828.06
76.437	1828.06
76.467	1767.12
76.502	1767.12
76.537	1828.06
76.567	1828.06
76.602	1767.12
76.637	1706.19
76.667	1706.19
76.702	1645.25
76.737	1645.25
76.767	1584.32
76.802	1584.32
76.837	1584.32
76.867	1584.32
76.902	1645.25
76.937	1584.32
76.967	1584.32
77.002	1645.25
77.037	1645.25
77.067	1645.25
77.102	1584.32
77.137	1523.38
77.167	1523.38
77.202	1523.38
77.237	1523.38
77.267	1584.32
77.302	1584.32
77.337	1584.32
77.367	1584.32
77.402	1645.25
77.437	1706.19
77.467	1706.19
77.502	1706.19
77.537	1645.25
77.567	1645.25
77.602	1706.19
77.637	1645.25
77.667	1645.25
77.702	1706.19
77.737	1706.19
77.767	1767.12
77.802	1767.12
77.837	1645.25
77.867	1645.25
77.902	1706.19
77.937	1645.25
77.967	1645.25
78.002	1706.19
78.037	1706.19
78.067	1767.12
78.102	1767.12
78.137	1706.19
78.167	1706.19
78.202	1645.25
78.237	1584.32
78.267	1584.32
78.302	1523.38
78.337	1523.38
78.367	1584.32
78.402	1523.38
78.437	1523.38
78.467	1523.38
78.502	1584.32
78.537	1584.32
78.567	1523.38
78.602	1523.38
78.637	1523.38
78.667	1523.38
78.702	1584.32
78.737	1584.32
78.767	1645.25
78.802	1645.25
78.837	1767.12
78.867	1767.12
78.892	1706.19
78.937	1706.19
78.967	1767.12
79.002	1706.19
79.037	1706.19
79.067	1706.19
79.102	1767.12
79.137	1706.19
79.167	1706.19
79.202	1767.12
79.237	1767.12
79.267	1828.06
79.302	1828.06
79.337	1706.19
79.367	1706.19
79.402	1645.25
79.437	1584.32
79.467	1584.32
79.502	1523.38
79.537	1523.38
79.567	1523.38
79.602	1584.32
79.637	1645.25
79.667	1645.25
79.702	1584.32
79.737	1584.32
79.767	1523.38
79.792	1523.38
79.837	1584.32
79.867	1584.32
79.902	1645.25
79.937	1584.32
79.967	1584.32
80.002	1584.32
80.037	1645.25
80.067	1584.32
80.102	1584.32
80.137	1645.25
80.167	1645.25
80.202	1706.19
80.237	1706.19
80.267	1645.25
80.302	1645.25
80.337	1645.25
80.367	1645.25
80.402	1706.19
80.437	1767.12
80.467	1767.12
80.497	1767.12
80.537	1706.19
80.567	1706.19
80.602	1767.12
80.637	1706.19
80.667	1706.19
80.702	1645.25
80.737	1645.25
80.767	1706.19
80.802	1706.19
80.837	1584.32
80.867	1584.32
80.902	1645.25
80.937	1645.25
80.967	1584.32
81.002	1584.32
81.037	1645.25
81.067	1645.25
81.102	1584.32
81.137	1523.38
81.167	1523.38
81.202	1584.32
81.237	1584.32
81.267	1645.25
81.302	1645.25
81.337	1645.25
81.367	1645.25
81.402	1584.32
81.437	1584.32
81.467	1523.38
81.502	1584.32
81.537	1584.32
81.567	1584.32
81.602	1523.38
81.637	1584.32
81.667	1584.32
81.702	1645.25
81.737	1645.25
81.767	1584.32
81.802	1584.32
81.837	1584.32
81.867	1584.32
81.902	1523.38
81.937	1523.38
81.967	1584.32
82.002	1584.32
82.037	1523.38
82.067	1523.38
82.102	1584.32
82.137	1523.38
82.167	1523.38
82.202	1584.32
82.237	1584.32
82.267	1523.38
82.302	1523.38
82.337	1523.38
82.367	1523.38
82.402	1523.38
82.437	1523.38
82.467	1584.32
82.502	1584.32
82.537	1645.25
82.567	1645.25
82.602	1584.32
82.637	1584.32
82.667	1523.38
82.702	1584.32
82.737	1584.32
82.767	1584.32
82.802	1523.38
82.837	1584.32
82.867	1584.32
82.902	1645.25
82.937	1645.25
82.967	1584.32
83.002	1584.32
83.037	1645.25
83.067	1645.25
83.102	1584.32
83.137	1584.32
83.167	1523.38
83.202	1523.38
83.237	1584.32
83.267	1584.32
83.302	1523.38
83.337	1523.38
83.367	1523.38
83.402	1523.38
83.437	1523.38
83.467	1523.38
83.502	1584.32
83.537	1523.38
83.562	1523.38
83.602	1523.38
83.637	1523.38
83.662	1523.38
83.702	1523.38
83.737	1584.32
83.767	1584.32
83.802	1645.25
83.837	1645.25
83.867	1645.25
83.902	1706.19
83.937	1706.19
83.967	1706.19
84.002	1645.25
84.037	1706.19
84.067	1706.19
84.102	1645.25
84.137	1645.25
84.167	1706.19
84.202	1706.19
84.237	1645.25
84.267	1645.25
84.302	1706.19
84.337	1706.19
84.367	1767.12
84.402	1828.06
84.437	1889
84.462	1889
84.502	1828.06
84.537	1767.12
84.567	1767.12
84.602	1828.06
84.637	1828.06
84.662	1767.12
84.702	1828.06
84.737	1828.06
84.767	1767.12
84.802	1767.12
84.837	1767.12
84.867	1767.12
84.902	1767.12
84.937	1767.12
84.967	1828.06
85.002	1767.12
85.037	1767.12
85.067	1767.12
85.102	1706.19
85.137	1645.25
85.167	1645.25
85.202	1706.19
85.237	1706.19
85.267	1645.25
85.302	1645.25
85.337	1767.12
85.367	1767.12
85.397	1828.06
85.437	1767.12
85.467	1767.12
85.502	1706.19
85.527	1706.19
85.567	1767.12
85.602	1767.12
85.637	1706.19
85.667	1706.19
85.702	1767.12
85.737	1767.12
85.767	1828.06
85.802	1889
85.837	1889
85.867	1767.12
85.902	1767.12
85.937	1706.19
85.967	1706.19
86.002	1767.12
86.037	1767.12
86.067	1828.06
86.102	1828.06
86.137	1889
86.167	1828.06
86.202	1828.06
86.237	1767.12
86.267	1767.12
86.302	1828.06
86.337	1828.06
86.367	1828.06
86.402	1889
86.437	1889
86.467	1828.06
86.502	1889
86.537	1889
86.567	1828.06
86.602	1889
86.637	1889
86.667	1828.06
86.702	1828.06
86.737	1767.12
86.767	1828.06
86.802	1828.06
86.837	1706.19
86.867	1706.19
86.902	1767.12
86.937	1706.19
86.967	1706.19
87.002	1767.12
87.037	1767.12
87.067	1706.19
87.102	1645.25
87.137	1645.25
87.167	1706.19
87.202	1706.19
87.237	1767.12
87.267	1767.12
87.302	1706.19
87.337	1767.12
87.367	1767.12
87.402	1706.19
87.437	1706.19
87.467	1706.19
87.502	1767.12
87.537	1828.06
87.567	1828.06
87.602	1767.12
87.637	1828.06
87.667	1828.06
87.702	1889
87.737	1889
87.767	1828.06
87.802	1889
87.827	1949.93
87.867	2010.87
87.902	2010.87
87.927	1949.93
87.967	2010.87
88.002	2010.87
88.037	1949.93
88.067	1949.93
88.102	2010.87
88.137	2071.8
88.167	2071.8
88.202	2010.87
88.237	2071.8
88.267	2071.8
88.302	2010.87
88.337	2010.87
88.367	2010.87
88.402	1949.93
88.437	2010.87
88.467	2010.87
88.502	1949.93
88.537	2010.87
88.567	2010.87
88.602	1949.93
88.637	1949.93
88.667	1889
88.702	1949.93
88.737	1949.93
88.767	1889
88.802	1949.93
88.837	1949.93
88.867	1949.93
88.902	2010.87
88.937	2010.87
88.967	1949.93
88.997	1949.93
89.022	1889
89.047	1889
89.072	1949.93
89.102	1949.93
89.137	1889
89.167	1889
89.202	1949.93
89.237	1889
89.267	1889
89.302	1949.93
89.337	2071.8
89.367	2071.8
89.402	2010.87
89.437	1949.93
89.467	1949.93
89.502	1889
89.527	1889
89.567	1949.93
89.602	2010.87
89.637	2010.87
89.662	1949.93
89.702	2010.87
89.737	2010.87
89.767	1949.93
89.802	2010.87
89.837	2010.87
89.867	1889
89.902	1949.93
89.937	1949.93
89.962	1949.93
89.987	1889
90.012	1889
90.037	1949.93
90.067	2010.87
90.102	2010.87
90.137	1949.93
90.167	1949.93
90.202	2010.87
90.237	1949.93
90.267	1949.93
90.302	2010.87
90.337	2010.87
90.367	2010.87
90.402	1949.93
90.437	2010.87
90.467	2010.87
90.497	2071.8
90.537	2071.8
90.562	2132.74
90.602	2071.8
90.637	2071.8
90.662	2010.87
90.697	2010.87
90.722	2071.8
90.747	2132.74
90.772	2132.74
90.802	2132.74
90.837	2132.74
90.867	2071.8
90.902	2071.8
90.927	2132.74
90.967	2193.67
91.002	2193.67
91.037	2132.74
91.067	2071.8
91.102	2071.8
91.137	2010.87
91.167	2010.87
91.202	2071.8
91.237	2132.74
91.262	2132.74
91.302	2071.8
91.337	2193.67
91.367	2193.67
91.402	2132.74
91.437	2071.8
91.467	2071.8
91.497	2010.87
91.537	2071.8
91.567	2071.8
91.602	2010.87
91.637	2071.8
91.667	2071.8
91.702	2010.87
91.737	2071.8
91.767	2071.8
91.802	2010.87
91.827	2010.87
91.867	1889
91.902	1949.93
91.937	1949.93
91.967	1889
91.997	1889
92.037	1949.93
92.067	2010.87
92.102	2010.87
92.137	1949.93
92.167	2010.87
92.202	2010.87
92.237	2071.8
92.267	2010.87
92.302	2010.87
92.337	1889
92.367	1889
92.402	1949.93
92.437	1889
92.467	1889
92.502	1949.93
92.537	1889
92.567	1889
92.602	1828.06
92.637	1767.12
92.667	1767.12
92.702	1828.06
92.737	1828.06
92.767	1767.12
92.802	1645.25
92.837	1645.25
92.867	1584.32
92.902	1584.32
92.937	1645.25
92.967	1645.25
93.002	1584.32
93.037	1584.32
93.067	1645.25
93.102	1706.19
93.137	1706.19
93.167	1706.19
93.202	1645.25
93.237	1584.32
93.267	1584.32
93.302	1645.25
93.337	1645.25
93.367	1645.25
93.397	1645.25
93.422	1645.25
93.447	1706.19
93.472	1706.19
93.502	1645.25
93.537	1645.25
93.567	1706.19
93.602	1706.19
93.637	1645.25
93.667	1645.25
93.702	1706.19
93.737	1767.12
93.767	1767.12
93.802	1706.19
93.837	1706.19
93.867	1706.19
93.902	1706.19
93.937	1767.12
93.967	1767.12
94.002	1828.06
94.037	1828.06
94.067	1767.12
94.102	1767.12
94.137	1706.19
94.167	1706.19
94.202	1767.12
94.237	1706.19
94.267	1706.19
94.302	1645.25
94.337	1645.25
94.367	1645.25
94.402	1645.25
94.437	1706.19
94.467	1706.19
94.502	1767.12
94.537	1767.12
94.567	1706.19
94.602	1706.19
94.637	1645.25
94.667	1645.25
94.702	1706.19
94.737	1767.12
94.767	1767.12
94.802	1767.12
94.837	1645.25
94.867	1645.25
94.902	1584.32
94.937	1645.25
94.967	1645.25
95.002	1706.19
95.037	1706.19
95.067	1767.12
95.102	1767.12
95.137	1706.19
95.167	1706.19
95.202	1767.12
95.237	1767.12
95.267	1828.06
95.302	1767.12
95.337	1767.12
95.367	1706.19
95.402	1645.25
95.437	1706.19
95.467	1706.19
95.502	1645.25
95.537	1645.25
95.567	1584.32
95.602	1584.32
95.637	1645.25
95.667	1645.25
95.692	1706.19
95.727	1706.19
95.767	1767.12
95.802	1767.12
95.837	1767.12
95.867	1767.12
95.897	1828.06
95.937	1767.12
95.967	1767.12
95.992	1767.12
96.037	1706.19
96.067	1767.12
96.102	1767.12
96.137	1706.19
96.167	1706.19
96.202	1767.12
96.227	1767.12
96.252	1828.06
96.277	1828.06
96.302	1828.06
96.337	1949.93
96.367	2010.87
96.402	1949.93
96.437	1949.93
96.467	2010.87
96.502	2010.87
96.537	1949.93
96.567	2010.87
96.602	2010.87
96.627	1949.93
96.667	1949.93
96.702	2010.87
96.737	1949.93
96.767	1949.93
96.802	1889
96.837	1889
96.867	1889
96.902	1828.06
96.937	1889
96.967	1889
97.002	1828.06
97.037	1828.06
97.067	1889
97.102	1828.06
97.137	1828.06
97.167	1828.06
97.202	1767.12
97.237	1706.19
97.267	1706.19
97.302	1645.25
97.337	1645.25
97.367	1767.12
97.402	1767.12
97.437	1828.06
97.467	1828.06
97.502	1767.12
97.537	1706.19
97.567	1706.19
97.602	1645.25
97.637	1645.25
97.667	1706.19
97.702	1706.19
97.727	1706.19
97.767	1767.12
97.802	1706.19
97.837	1645.25
97.867	1584.32
97.892	1584.32
97.937	1645.25
97.967	1645.25
97.992	1584.32
98.017	1584.32
98.042	1645.25
98.067	1645.25
98.102	1584.32
98.137	1584.32
98.167	1645.25
98.202	1645.25
98.237	1584.32
98.267	1584.32
98.302	1645.25
98.337	1645.25
98.367	1645.25
98.402	1584.32
98.437	1584.32
98.467	1584.32
98.502	1523.38
98.537	1584.32
98.567	1584.32
98.602	1523.38
98.637	1523.38
98.667	1523.38
98.702	1523.38
98.737	1523.38
98.767	1523.38
98.802	1584.32
98.837	1584.32
98.867	1584.32
98.902	1584.32
98.927	1584.32
98.967	1645.25
99.002	1584.32
99.037	1523.38
99.067	1523.38
99.092	1523.38
99.137	1523.38
99.167	1584.32
99.202	1584.32
99.237	1523.38
99.267	1523.38
99.302	1523.38
99.337	1523.38
99.367	1523.38
99.402	1523.38
99.437	1584.32
99.467	1584.32
99.502	1523.38
99.537	1523.38
99.567	1523.38
99.602	1584.32
99.637	1584.32
99.667	1584.32
99.702	1523.38
99.737	1584.32
99.767	1584.32
99.797	1584.32
99.837	1645.25
99.867	1584.32
99.892	1645.25
99.937	1706.19
99.967	1706.19
100.002	1645.25
100.037	1645.25
100.067	1706.19
100.102	1645.25
100.137	1645.25
100.167	1645.25
100.202	1706.19
100.237	1706.19
100.267	1767.12
100.302	1706.19
100.337	1706.19
100.367	1645.25
100.402	1706.19
100.437	1645.25
100.467	1645.25
100.502	1584.32
100.537	1584.32
100.567	1645.25
100.602	1645.25
100.637	1584.32
100.667	1584.32
100.702	1523.38
100.737	1584.32
100.767	1584.32
100.802	1523.38
100.837	1523.38
100.867	1523.38
100.902	1523.38
100.937	1584.32
100.967	1584.32
101.002	1645.25
101.037	1645.25
101.067	1706.19
101.102	1706.19
101.137	1645.25
101.167	1645.25
101.202	1706.19
101.237	1706.19
101.267	1645.25
101.302	1645.25
101.337	1645.25
101.362	1645.25
101.387	1584.32
101.412	1584.32
101.437	1523.38
101.467	1523.38
101.502	1584.32
101.537	1584.32
101.567	1523.38
101.592	1523.38
101.627	1523.38
101.667	1584.32
101.702	1645.25
101.737	1645.25
101.767	1584.32
101.802	1645.25
101.837	1645.25
101.867	1645.25
101.902	1645.25
101.937	1706.19
101.967	1706.19
102.002	1767.12
102.037	1767.12
102.067	1828.06
102.102	1828.06
102.137	1889
102.167	1889
102.202	1828.06
102.237	1767.12
102.267	1767.12
102.302	1706.19
102.337	1706.19
102.367	1706.19
102.402	1706.19
102.437	1767.12
102.467	1767.12
102.502	1706.19
102.537	1706.19
102.567	1645.25
102.602	1706.19
102.637	1706.19
102.667	1706.19
102.702	1645.25
102.737	1706.19
102.767	1706.19
102.797	1706.19
102.837	1767.12
102.867	1889
102.902	1828.06
102.937	1828.06
102.967	1767.12
103.002	1767.12
103.037	1828.06
103.067	1767.12
103.097	1767.12
103.137	1706.19
103.167	1706.19
103.202	1645.25
103.237	1645.25
103.267	1706.19
103.302	1767.12
103.337	1706.19
103.362	1706.19
103.402	1767.12
103.437	1767.12
103.467	1706.19
103.502	1645.25
103.537	1645.25
103.567	1645.25
103.602	1584.32
103.637	1645.25
103.667	1645.25
103.697	1645.25
103.722	1584.32
103.767	1645.25
103.802	1645.25
103.837	1767.12
103.867	1767.12
103.902	1706.19
103.937	1645.25
103.967	1645.25
104.002	1706.19
104.037	1706.19
104.067	1645.25
104.102	1645.25
104.137	1706.19
104.167	1706.19
104.202	1645.25
104.237	1645.25
104.267	1584.32
104.302	1584.32
104.337	1584.32
104.367	1584.32
104.402	1645.25
104.437	1584.32
104.467	1584.32
104.502	1584.32
104.537	1645.25
104.567	1645.25
104.602	1584.32
104.637	1645.25
104.667	1645.25
104.702	1584.32
104.737	1584.32
104.767	1584.32
104.802	1645.25
104.837	1645.25
104.867	1645.25
104.902	1706.19
104.937	1706.19
104.967	1645.25
105.002	1645.25
105.037	1706.19
105.067	1706.19
105.102	1767.12
105.137	1767.12
105.167	1706.19
105.202	1645.25
105.237	1645.25
105.267	1706.19
105.302	1706.19
105.337	1706.19
105.367	1706.19
105.402	1645.25
105.437	1645.25
105.467	1645.25
105.502	1584.32
105.537	1523.38
105.567	1523.38
105.602	1584.32
105.637	1523.38
105.667	1523.38
105.702	1584.32
105.737	1584.32
105.767	1584.32
105.802	1645.25
105.837	1767.12
105.867	1767.12
105.902	1706.19
105.937	1706.19
105.967	1645.25
106.002	1645.25
106.037	1706.19
106.067	1706.19
106.102	1767.12
106.137	1767.12
106.167	1828.06
106.202	1767.12
106.237	1767.12
106.267	1706.19
106.302	1706.19
106.337	1645.25
106.367	1584.32
106.402	1523.38
106.437	1523.38
106.467	1584.32
106.502	1584.32
106.537	1645.25
106.567	1645.25
106.602	1706.19
106.637	1706.19
106.667	1645.25
106.702	1706.19
106.737	1706.19
106.767	1706.19
106.802	1645.25
106.837	1645.25
106.867	1645.25
106.902	1584.32
106.937	1584.32
106.967	1645.25
107.002	1645.25
107.037	1706.19
107.067	1706.19
107.102	1645.25
107.137	1645.25
107.167	1706.19
107.202	1706.19
107.237	1645.25
107.267	1645.25
107.302	1584.32
107.337	1645.25
107.367	1645.25
107.397	1645.25
107.437	1706.19
107.467	1706.19
107.502	1767.12
107.537	1706.19
107.567	1706.19
107.592	1706.19
107.637	1767.12
107.667	1706.19
107.702	1706.19
107.737	1767.12
107.767	1767.12
107.802	1706.19
107.837	1767.12
107.867	1828.06
107.902	1889
107.937	1889
107.967	1828.06
108.002	1828.06
108.027	1889
108.067	1949.93
108.102	1949.93
108.137	1889
108.167	1889
108.202	1949.93
108.237	1889
108.267	1889
108.302	1828.06
108.327	1828.06
108.362	1706.19
108.402	1767.12
108.437	1767.12
108.467	1706.19
108.502	1645.25
108.537	1645.25
108.567	1645.25
108.602	1584.32
108.637	1645.25
108.667	1645.25
108.702	1584.32
108.737	1584.32
108.767	1645.25
108.802	1645.25
108.837	1645.25
108.867	1645.25
108.902	1645.25
108.937	1706.19
108.967	1706.19
109.002	1767.12
109.037	1767.12
109.067	1767.12
109.102	1828.06
109.137	1767.12
109.167	1767.12
109.202	1706.19
109.237	1706.19
109.267	1767.12
109.302	1767.12
109.337	1645.25
109.367	1645.25
109.402	1706.19
109.437	1767.12
109.467	1767.12
109.502	1706.19
109.537	1706.19
109.567	1767.12
109.602	1767.12
109.637	1706.19
109.667	1706.19
109.692	1767.12
109.737	1706.19
109.767	1706.19
109.802	1767.12
109.837	1767.12
109.867	1767.12
109.902	1767.12
109.937	1706.19
109.967	1706.19
109.997	1767.12
110.037	1767.12
110.067	1706.19
110.102	1767.12
110.137	1767.12
110.167	1828.06
110.202	1828.06
110.237	1767.12
110.267	1767.12
110.302	1706.19
110.337	1706.19
110.367	1828.06
110.402	1889
110.437	1889
110.467	1828.06
110.502	1828.06
110.537	1767.12
110.567	1767.12
110.602	1706.19
110.637	1767.12
110.667	1767.12
110.702	1706.19
110.737	1706.19
110.767	1767.12
110.802	1767.12
110.837	1889
110.867	1889
110.902	1828.06
110.937	1889
110.967	1889
111.002	1828.06
111.037	1889
111.067	1889
111.102	1828.06
111.137	1828.06
111.167	1889
111.202	1949.93
111.237	1949.93
111.267	1889
111.302	1949.93
111.327	1949.93
111.367	2071.8
111.402	2071.8
111.437	2132.74
111.462	2132.74
111.487	2071.8
111.512	2132.74
111.537	2132.74
111.567	2071.8
111.602	2071.8
111.637	2010.87
111.667	1949.93
111.702	1949.93
111.737	1889
111.762	1889
111.797	1949.93
111.837	1949.93
111.862	1949.93
111.902	1889
111.927	1889
111.967	1828.06
112.002	1767.12
112.037	1706.19
112.067	1706.19
112.102	1767.12
112.137	1767.12
112.167	1828.06
112.202	1828.06
112.237	1767.12
112.267	1828.06
112.302	1828.06
112.337	1706.19
112.367	1706.19
112.402	1767.12
112.437	1828.06
112.467	1828.06
112.502	1767.12
112.537	1767.12
112.567	1706.19
112.602	1706.19
112.637	1767.12
112.667	1767.12
112.702	1706.19
112.737	1706.19
112.767	1767.12
112.802	1706.19
112.837	1706.19
112.867	1645.25
112.902	1584.32
112.937	1645.25
112.967	1645.25
113.002	1584.32
113.037	1584.32
113.067	1645.25
113.102	1645.25
113.137	1706.19
113.167	1706.19
113.202	1767.12
113.237	1706.19
113.267	1706.19
113.302	1645.25
113.337	1645.25
113.367	1767.12
113.402	1767.12
113.437	1706.19
113.462	1706.19
113.502	1645.25
113.537	1706.19
113.567	1706.19
113.602	1767.12
113.637	1767.12
113.667	1706.19
113.702	1706.19
113.737	1645.25
113.767	1645.25
113.802	1584.32
113.837	1523.38
113.867	1523.38
113.902	1584.32
113.937	1584.32
113.967	1523.38
114.002	1523.38
114.037	1523.38
114.067	1523.38
114.102	1584.32
114.137	1645.25
114.167	1645.25
114.202	1645.25
114.237	1584.32
114.267	1584.32
114.297	1645.25
114.337	1767.12
114.367	1767.12
114.402	1706.19
114.437	1706.19
114.467	1645.25
114.502	1645.25
114.537	1706.19
114.567	1706.19
114.602	1645.25
114.637	1645.25
114.667	1584.32
114.702	1584.32
114.737	1645.25
114.762	1645.25
114.802	1584.32
114.837	1706.19
114.867	1706.19
114.902	1645.25
114.937	1645.25
114.967	1645.25
115.002	1706.19
115.037	1767.12
115.062	1767.12
115.102	1828.06
115.137	1828.06
115.167	1889
115.202	1889
115.237	1828.06
115.267	1767.12
115.302	1767.12
115.337	1767.12
115.367	1767.12
115.402	1828.06
115.437	1828.06
115.467	1767.12
115.502	1828.06
115.527	1828.06
115.567	1767.12
115.602	1767.12
115.637	1706.19
115.667	1706.19
115.702	1767.12
115.737	1706.19
115.767	1706.19
115.802	1767.12
115.827	1767.12
115.867	1828.06
115.897	1767.12
115.927	1767.12
115.967	1706.19
116.002	1767.12
116.037	1767.12
116.067	1706.19
116.102	1645.25
116.137	1645.25
116.167	1645.25
116.202	1706.19
116.237	1645.25
116.267	1645.25
116.302	1706.19
116.337	1706.19
116.367	1706.19
116.402	1706.19
116.437	1645.25
116.467	1645.25
116.502	1706.19
116.537	1645.25
116.567	1645.25
116.602	1584.32
116.637	1584.32
116.667	1584.32
116.702	1523.38
116.737	1584.32
116.767	1584.32
116.802	1523.38
116.837	1523.38
116.867	1645.25
116.902	1645.25
116.937	1706.19
116.967	1706.19
117.002	1645.25
117.037	1645.25
117.067	1706.19
117.102	1706.19
117.137	1767.12
117.167	1767.12
117.202	1828.06
117.237	1889
117.267	1889
117.302	1828.06
117.337	1828.06
117.367	1828.06
117.402	1889
117.437	1889
117.467	1828.06
117.502	1889
117.537	1889
117.567	1949.93
117.602	2010.87
117.637	2010.87
117.667	2071.8
117.702	2071.8
117.737	2132.74
117.767	2193.67
117.802	2193.67
117.837	2315.54
117.867	2254.61
117.902	2254.61
117.927	2315.54
117.967	2376.48
117.997	2376.48
118.037	2437.41
118.067	2376.48
118.102	2315.54
118.137	2376.48
118.167	2376.48
118.202	2315.54
118.237	2254.61
118.267	2315.54
118.302	2315.54
118.337	2315.54
118.367	2254.61
118.402	2315.54
118.437	2315.54
118.467	2254.61
118.502	2193.67
118.537	2254.61
118.567	2254.61
118.602	2193.67
118.637	2132.74
118.667	2132.74
118.702	2193.67
118.737	2132.74
118.767	2193.67
118.802	2193.67
118.837	2071.8
118.867	2132.74
118.902	2132.74
118.937	2071.8
118.967	2010.87
119.002	2010.87
119.037	1949.93
119.067	1949.93
119.102	2010.87
119.137	1949.93
119.167	1949.93
119.202	2010.87
119.237	2071.8
119.267	2071.8
119.302	2010.87
119.337	2132.74
119.367	2132.74
119.402	2193.67
119.437	2254.61
119.467	2254.61
119.502	2315.54
119.537	2254.61
119.562	2254.61
119.602	2254.61
119.637	2254.61
119.667	2193.67
119.702	2254.61
119.737	2193.67
119.767	2193.67
119.802	2132.74
119.837	2132.74
119.867	2132.74
119.902	2071.8
119.937	2010.87
119.967	2010.87
120.002	2071.8
120.037	2010.87
120.067	2010.87
120.102	2071.8
120.137	2010.87
120.162	2010.87
120.202	1949.93
120.237	2010.87
120.267	2010.87
120.302	1949.93
120.337	2071.8
120.367	2071.8
120.402	2010.87
120.432	2010.87
120.467	2071.8
120.502	2132.74
120.537	2071.8
120.567	2071.8
120.602	2010.87
120.637	2071.8
120.667	2071.8
120.702	2010.87
120.737	2010.87
120.767	2071.8
120.802	2132.74
120.837	2132.74
120.867	2010.87
120.902	1949.93
120.937	2010.87
120.967	2010.87
121.002	1949.93
121.037	1949.93
121.067	1889
121.102	1949.93
121.137	1949.93
121.167	1889
121.202	1949.93
121.227	1949.93
121.267	1889
121.292	1889
121.337	1767.12
121.367	1828.06
121.402	1828.06
121.427	1767.12
121.467	1828.06
121.502	1828.06
121.527	1828.06
121.567	1767.12
121.602	1706.19
121.637	1645.25
121.667	1645.25
121.702	1584.32
121.737	1584.32
121.767	1645.25
121.802	1645.25
121.837	1767.12
121.867	1767.12
121.892	1767.12
121.937	1828.06
121.967	1767.12
122.002	1706.19
122.037	1706.19
122.067	1767.12
122.102	1767.12
122.137	1828.06
122.167	1828.06
122.202	1767.12
122.237	1767.12
122.267	1828.06
122.292	1828.06
122.337	1889
122.367	1767.12
122.402	1767.12
122.437	1706.19
122.467	1767.12
122.502	1767.12
122.537	1828.06
122.567	1828.06
122.602	1767.12
122.637	1767.12
122.667	1828.06
122.702	1889
122.737	1889
122.767	1828.06
122.802	1767.12
122.837	1828.06
122.867	1828.06
122.902	1889
122.937	1828.06
122.967	1828.06
123.002	1889
123.037	1949.93
123.067	1949.93
123.102	1889
123.137	1949.93
123.167	1949.93
123.202	1889
123.237	1949.93
123.267	1949.93
123.302	1889
123.337	1949.93
123.367	1889
123.402	1828.06
123.437	1828.06
123.467	1767.12
123.502	1828.06
123.537	1828.06
123.567	1767.12
123.602	1828.06
123.637	1828.06
123.667	1889
123.702	1949.93
123.737	1949.93
123.767	2010.87
123.802	2010.87
123.837	2010.87
123.867	2010.87
123.902	2071.8
123.937	2010.87
123.967	2010.87
124.002	1949.93
124.037	2010.87
124.067	2010.87
124.102	1949.93
124.137	2010.87
124.167	2010.87
124.202	1949.93
124.237	2010.87
124.267	2010.87
124.302	2071.8
124.337	2071.8
124.367	1949.93
124.402	1889
124.437	1828.06
124.467	1828.06
124.502	1889
124.537	1889
124.567	1828.06
124.597	1828.06
124.637	1889
124.667	1949.93
124.697	1949.93
124.737	1889
124.767	1949.93
124.802	1889
124.837	1949.93
124.867	2010.87
124.902	2010.87
124.937	1949.93
124.967	1949.93
125.002	2010.87
125.037	1949.93
125.067	1949.93
125.102	2010.87
125.137	2071.8
125.167	2071.8
125.202	2010.87
125.237	2071.8
125.267	2071.8
125.302	2132.74
125.337	2254.61
125.367	2254.61
125.402	2315.54
125.437	2254.61
125.467	2254.61
125.502	2315.54
125.537	2254.61
125.567	2315.54
125.602	2376.48
125.637	2376.48
125.667	2315.54
125.702	2376.48
125.737	2376.48
125.767	2437.41
125.802	2376.48
125.837	2376.48
125.867	2376.48
125.902	2437.41
125.937	2376.48
125.967	2437.41
126.002	2498.35
126.037	2498.35
126.067	2437.41
126.102	2376.48
126.137	2315.54
126.167	2376.48
126.202	2376.48
126.237	2315.54
126.267	2254.61
126.302	2254.61
126.327	2254.61
126.367	2193.67
126.402	2254.61
126.437	2315.54
126.467	2315.54
126.502	2254.61
126.537	2193.67
126.567	2193.67
126.602	2254.61
126.637	2193.67
126.667	2132.74
126.702	2193.67
126.727	2193.67
126.767	2132.74
126.802	2193.67
126.837	2193.67
126.867	2193.67
126.902	2132.74
126.937	2193.67
126.967	2193.67
127.002	2132.74
127.037	2071.8
127.067	2132.74
127.102	2132.74
127.137	2071.8
127.167	2010.87
127.202	2010.87
127.237	2071.8
127.267	2010.87
127.302	2010.87
127.337	2010.87
127.367	2071.8
127.402	2071.8
127.437	2010.87
127.467	2010.87
127.502	2071.8
127.537	2010.87
127.567	2010.87
127.602	1949.93
127.637	1889
127.667	1889
127.702	1949.93
127.737	2010.87
127.767	2010.87
127.802	2071.8
127.837	2071.8
127.867	2071.8
127.902	2132.74
127.937	2071.8
127.967	2071.8
128.002	2132.74
128.037	2071.8
128.067	2010.87
128.102	2071.8
128.137	2071.8
128.167	2010.87
128.202	2071.8
128.237	2071.8
128.267	2010.87
128.302	2071.8
128.337	2071.8
128.367	2071.8
128.402	2132.74
128.437	2193.67
128.467	2193.67
128.502	2132.74
128.537	2071.8
128.562	2071.8
128.602	2132.74
128.637	2071.8
128.667	2071.8
128.702	2132.74
128.737	2071.8
128.767	2071.8
128.802	2132.74
128.837	2010.87
128.867	2010.87
128.897	2071.8
128.937	2010.87
128.967	2010.87
129.002	1949.93
129.037	1889
129.067	1889
129.102	1828.06
129.137	1767.12
129.167	1767.12
129.202	1706.19
129.237	1767.12
129.267	1767.12
129.292	1767.12
129.322	1706.19
129.347	1706.19
129.372	1828.06
129.402	1828.06
129.437	1767.12
129.467	1767.12
129.502	1828.06
129.537	1889
129.567	1889
129.602	1828.06
129.637	1889
129.667	1889
129.702	1828.06
129.737	1767.12
129.767	1767.12
129.802	1706.19
129.837	1706.19
129.867	1706.19
129.902	1706.19
129.937	1767.12
129.967	1767.12
130.002	1828.06
130.037	1767.12
130.067	1767.12
130.102	1706.19
130.137	1706.19
130.167	1645.25
130.202	1645.25
130.237	1706.19
130.267	1706.19
130.302	1645.25
130.337	1584.32
130.367	1523.38
130.402	1523.38
130.437	1523.38
130.467	1523.38
130.492	1523.38
130.537	1584.32
130.567	1584.32
130.602	1523.38
130.637	1523.38
130.667	1523.38
130.702	1523.38
130.737	1584.32
130.767	1584.32
130.802	1523.38
130.837	1584.32
130.867	1523.38
130.902	1584.32
130.937	1584.32
130.967	1584.32
131.002	1645.25
131.037	1584.32
131.067	1584.32
131.102	1645.25
131.137	1645.25
131.167	1706.19
131.202	1706.19
131.227	1706.19
131.267	1645.25
131.302	1706.19
131.337	1645.25
131.367	1706.19
131.402	1767.12
131.437	1767.12
131.467	1767.12
131.502	1828.06
131.537	1767.12
131.567	1767.12
131.602	1828.06
131.637	1828.06
131.667	1767.12
131.702	1706.19
131.737	1706.19
131.767	1645.25
131.802	1645.25
131.837	1645.25
131.867	1645.25
131.902	1584.32
131.937	1584.32
131.967	1645.25
132.002	1584.32
132.037	1584.32
132.067	1584.32
132.102	1523.38
132.137	1584.32
132.167	1584.32
132.192	1584.32
132.237	1523.38
132.267	1584.32
132.302	1584.32
132.337	1584.32
132.367	1584.32
132.402	1645.25
132.437	1645.25
132.467	1706.19
132.502	1706.19
132.537	1767.12
132.567	1767.12
132.602	1706.19
132.637	1645.25
132.667	1645.25
132.702	1706.19
132.737	1706.19
132.767	1645.25
132.802	1645.25
132.837	1767.12
132.867	1767.12
132.902	1828.06
132.937	1767.12
132.967	1767.12
133.002	1706.19
133.037	1767.12
133.067	1767.12
133.102	1706.19
133.137	1706.19
133.167	1767.12
133.202	1767.12
133.237	1706.19
133.267	1706.19
133.302	1645.25
133.337	1645.25
133.367	1645.25
133.402	1584.32
133.437	1584.32
133.467	1645.25
133.502	1645.25
133.537	1584.32
133.567	1584.32
133.602	1645.25
133.637	1706.19
133.667	1706.19
133.702	1706.19
133.737	1645.25
133.767	1645.25
133.802	1706.19
133.837	1584.32
133.867	1584.32
133.902	1645.25
133.937	1645.25
133.967	1584.32
134.002	1584.32
134.037	1523.38
134.067	1523.38
134.102	1584.32
134.137	1584.32
134.167	1645.25
134.197	1645.25
134.237	1584.32
134.267	1584.32
134.302	1645.25
134.337	1767.12
134.367	1767.12
134.402	1706.19
134.437	1706.19
134.467	1645.25
134.502	1645.25
134.537	1706.19
134.567	1706.19
134.602	1767.12
134.627	1767.12
134.667	1828.06
134.697	1828.06
134.737	1767.12
134.767	1706.19
134.802	1706.19
134.837	1706.19
134.867	1706.19
134.902	1645.25
134.937	1645.25
134.967	1706.19
135.002	1645.25
135.037	1645.25
135.067	1645.25
135.102	1706.19
135.137	1767.12
135.167	1767.12
135.202	1828.06
135.237	1828.06
135.267	1767.12
135.302	1767.12
135.337	1645.25
135.367	1706.19
135.402	1706.19
135.437	1645.25
135.467	1645.25
135.502	1706.19
135.537	1706.19
135.567	1645.25
135.602	1645.25
135.637	1706.19
135.667	1706.19
135.702	1645.25
135.737	1706.19
135.767	1706.19
135.802	1767.12
135.837	1767.12
135.867	1889
135.902	1889
135.937	1828.06
135.962	1828.06
136.002	1767.12
136.037	1706.19
136.067	1706.19
136.102	1767.12
136.137	1828.06
136.167	1828.06
136.202	1767.12
136.237	1828.06
136.267	1828.06
136.302	1889
136.337	1889
136.367	1767.12
136.402	1828.06
136.437	1828.06
136.467	1767.12
136.502	1828.06
136.537	1828.06
136.567	1767.12
136.602	1706.19
136.637	1706.19
136.667	1706.19
136.702	1767.12
136.737	1706.19
136.767	1706.19
136.802	1645.25
136.837	1645.25
136.867	1645.25
136.902	1584.32
136.937	1584.32
136.967	1584.32
137.002	1645.25
137.037	1706.19
137.067	1706.19
137.102	1645.25
137.137	1645.25
137.167	1645.25
137.202	1706.19
137.237	1645.25
137.267	1645.25
137.302	1706.19
137.337	1706.19
137.367	1828.06
137.392	1828.06
137.437	1767.12
137.467	1828.06
137.502	1828.06
137.537	1767.12
137.567	1767.12
137.602	1706.19
137.637	1767.12
137.667	1767.12
137.702	1828.06
137.737	1828.06
137.767	1767.12
137.802	1767.12
137.837	1767.12
137.867	1767.12
137.902	1706.19
137.937	1767.12
137.967	1767.12
138.002	1828.06
138.037	1828.06
138.067	1767.12
138.102	1767.12
138.137	1828.06
138.167	1828.06
138.202	1767.12
138.237	1706.19
138.267	1706.19
138.302	1767.12
138.337	1767.12
138.362	1645.25
138.402	1706.19
138.437	1706.19
138.467	1767.12
138.502	1767.12
138.537	1706.19
138.567	1706.19
138.602	1767.12
138.637	1828.06
138.667	1828.06
138.702	1767.12
138.737	1828.06
138.767	1828.06
138.802	1767.12
138.837	1767.12
138.867	1645.25
138.902	1706.19
138.937	1706.19
138.967	1645.25
139.002	1645.25
139.037	1706.19
139.067	1706.19
139.102	1645.25
139.137	1645.25
139.167	1706.19
139.202	1706.19
139.237	1767.12
139.267	1767.12
139.302	1706.19
139.337	1706.19
139.367	1706.19
139.402	1645.25
139.437	1645.25
139.467	1706.19
139.502	1706.19
139.537	1645.25
139.567	1645.25
139.602	1706.19
139.637	1706.19
139.667	1645.25
139.702	1584.32
139.737	1584.32
139.767	1584.32
139.802	1645.25
139.837	1767.12
139.867	1767.12
139.902	1828.06
139.937	1767.12
139.967	1767.12
140.002	1706.19
140.037	1706.19
140.067	1767.12
140.102	1767.12
140.137	1706.19
140.167	1645.25
140.202	1645.25
140.237	1706.19
140.267	1706.19
140.302	1767.12
140.337	1767.12
140.367	1645.25
140.402	1706.19
140.437	1706.19
140.467	1767.12
140.502	1767.12
140.537	1706.19
140.567	1706.19
140.602	1645.25
140.637	1706.19
140.667	1706.19
140.702	1767.12
140.737	1767.12
140.767	1706.19
140.802	1706.19
140.837	1706.19
140.867	1706.19
140.902	1645.25
140.937	1706.19
140.967	1706.19
141.002	1645.25
141.037	1645.25
141.067	1645.25
141.102	1706.19
141.137	1767.12
141.167	1767.12
141.202	1706.19
141.237	1706.19
141.267	1767.12
141.302	1767.12
141.337	1767.12
141.367	1706.19
141.402	1706.19
141.437	1767.12
141.467	1767.12
141.497	1706.19
141.537	1645.25
141.567	1645.25
141.602	1584.32
141.637	1584.32
141.667	1645.25
141.702	1584.32
141.737	1584.32
141.767	1584.32
141.802	1645.25
141.837	1767.12
141.867	1767.12
141.902	1706.19
141.937	1706.19
141.967	1645.25
142.002	1645.25
142.037	1584.32
142.067	1584.32
142.102	1523.38
142.137	1523.38
142.167	1523.38
142.202	1523.38
142.237	1584.32
142.267	1584.32
142.302	1523.38
142.337	1523.38
142.367	1523.38
142.402	1584.32
142.437	1584.32
142.467	1645.25
142.502	1645.25
142.537	1706.19
142.567	1706.19
142.602	1645.25
142.637	1645.25
142.667	1584.32
142.702	1584.32
142.727	1584.32
142.767	1645.25
142.802	1584.32
142.837	1523.38
142.867	1523.38
142.892	1523.38
142.937	1523.38
142.967	1523.38
143.002	1584.32
143.037	1523.38
143.067	1523.38
143.102	1584.32
143.137	1584.32
143.167	1645.25
143.202	1645.25
143.237	1584.32
143.267	1584.32
143.302	1645.25
143.337	1584.32
143.367	1523.38
143.402	1584.32
143.437	1584.32
143.467	1584.32
143.502	1645.25
143.537	1584.32
143.567	1584.32
143.602	1523.38
143.637	1523.38
143.667	1523.38
143.702	1523.38
143.737	1584.32
143.767	1584.32
143.802	1523.38
143.827	1523.38
143.867	1645.25
143.902	1645.25
143.937	1584.32
143.967	1584.32
144.002	1645.25
144.037	1706.19
144.067	1706.19
144.102	1767.12
144.137	1767.12
144.167	1706.19
144.202	1706.19
144.237	1645.25
144.267	1645.25
144.302	1706.19
144.337	1706.19
144.367	1828.06
144.402	1828.06
144.437	1767.12
144.467	1767.12
144.497	1828.06
144.537	1889
144.567	1889
144.602	1828.06
144.637	1889
144.667	1889
144.702	1828.06
144.737	1828.06
144.767	1767.12
144.802	1828.06
144.837	1828.06
144.867	1889
144.902	1889
144.937	1889
144.967	1889
145.002	1828.06
145.037	1889
145.062	1889
145.102	1949.93
145.137	1889
145.167	1889
145.202	1949.93
145.227	1949.93
145.267	2010.87
145.302	1949.93
145.337	2071.8
145.367	2071.8
145.402	2010.87
145.437	2071.8
145.467	2071.8
145.502	2132.74
145.537	2193.67
145.567	2193.67
145.602	2132.74
145.637	2193.67
145.667	2193.67
145.702	2254.61
145.737	2193.67
145.767	2254.61
145.802	2254.61
145.837	2132.74
145.867	2071.8
145.897	2071.8
145.937	2132.74
145.967	2071.8
146.002	2132.74
146.037	2132.74
146.067	2071.8
146.092	2071.8
146.137	2010.87
146.167	1949.93
146.202	2010.87
146.237	2010.87
146.267	2071.8
146.302	2071.8
146.337	2193.67
146.362	2193.67
146.402	2132.74
146.437	2193.67
146.467	2132.74
146.502	2193.67
146.537	2193.67
146.567	2132.74
146.602	2071.8
146.637	2132.74
146.667	2132.74
146.702	2071.8
146.737	2132.74
146.767	2132.74
146.802	2071.8
146.837	2071.8
146.867	2071.8
146.902	2010.87
146.937	2071.8
146.967	2071.8
147.002	2132.74
147.037	2193.67
147.067	2193.67
147.097	2132.74
147.137	2193.67
147.167	2193.67
147.202	2132.74
147.227	2071.8
147.267	2132.74
147.302	2132.74
147.337	2010.87
147.367	1949.93
147.402	2010.87
147.437	2010.87
147.467	1949.93
147.502	1889
147.537	1889
147.567	1949.93
147.602	1949.93
147.637	1889
147.667	1949.93
147.702	1949.93
147.737	1889
147.767	1889
147.802	1949.93
147.837	1949.93
147.867	1949.93
147.902	1889
147.937	1828.06
147.967	1828.06
148.002	1767.12
148.037	1706.19
148.067	1706.19
148.102	1767.12
148.137	1767.12
148.167	1706.19
148.202	1767.12
148.237	1767.12
148.267	1828.06
148.302	1767.12
148.337	1706.19
148.367	1645.25
148.402	1645.25
148.437	1706.19
148.467	1706.19
148.497	1645.25
148.537	1645.25
148.567	1706.19
148.602	1706.19
148.637	1645.25
148.667	1645.25
148.702	1706.19
148.737	1645.25
148.767	1645.25
148.802	1584.32
148.837	1584.32
148.867	1645.25
148.902	1584.32
148.937	1523.38
148.967	1523.38
149.002	1584.32
149.037	1584.32
149.067	1645.25
149.102	1584.32
149.137	1584.32
149.167	1584.32
149.202	1523.38
149.237	1523.38
149.267	1584.32
149.302	1645.25
149.337	1645.25
149.367	1584.32
149.402	1523.38
149.437	1523.38
149.467	1523.38
149.502	1584.32
149.537	1584.32
149.567	1523.38
149.602	1523.38
149.637	1584.32
149.667	1584.32
149.702	1523.38
149.737	1523.38
149.767	1584.32
149.802	1523.38
149.837	1523.38
149.867	1523.38
149.902	1645.25
149.937	1706.19
149.967	1706.19
150.002	1645.25
150.037	1645.25
150.067	1706.19
150.102	1706.19
150.137	1767.12
150.167	1767.12
150.202	1828.06
150.237	1767.12
150.267	1767.12
150.302	1706.19
150.337	1706.19
150.367	1584.32
150.402	1584.32
150.437	1645.25
150.467	1645.25
150.502	1584.32
150.537	1584.32
150.567	1645.25
150.602	1584.32
150.637	1584.32
150.667	1584.32
150.702	1645.25
150.737	1706.19
150.767	1706.19
150.802	1767.12
150.827	1767.12
150.867	1828.06
150.902	1889
150.937	1828.06
150.967	1828.06
151.002	1889
151.037	1828.06
151.067	1828.06
151.102	1889
151.137	1828.06
151.167	1828.06
151.202	1889
151.237	1949.93
151.267	1949.93
151.292	2010.87
151.337	2132.74
151.367	2132.74
151.402	2071.8
151.437	2071.8
151.467	2132.74
151.502	2193.67
151.537	2254.61
151.567	2254.61
151.602	2193.67
151.637	2254.61
151.667	2254.61
151.702	2193.67
151.737	2132.74
151.767	2132.74
151.802	2193.67
151.837	2071.8
151.867	2071.8
151.902	2132.74
151.937	2071.8
151.962	2071.8
152.002	2132.74
152.037	2071.8
152.067	2071.8
152.102	2010.87
152.137	1949.93
152.167	1949.93
152.202	2010.87
152.237	2071.8
152.267	2071.8
152.302	2132.74
152.337	2132.74
152.367	2132.74
152.402	2193.67
152.432	2132.74
152.467	2193.67
152.502	2132.74
152.537	2132.74
152.567	2071.8
152.602	2132.74
152.632	2132.74
152.667	2071.8
152.702	2132.74
152.737	2132.74
152.767	2071.8
152.792	2071.8
152.837	2071.8
152.867	2132.74
152.902	2193.67
152.937	2132.74
152.967	2132.74
153.002	2193.67
153.037	2132.74
153.067	2132.74
153.102	2071.8
153.137	2010.87
153.167	2010.87
153.202	1949.93
153.237	2010.87
153.267	2010.87
153.302	1949.93
153.337	1949.93
153.367	1949.93
153.402	2010.87
153.437	2010.87
153.467	1949.93
153.502	2010.87
153.537	2010.87
153.567	1949.93
153.602	2010.87
153.637	2010.87
153.667	2071.8
153.702	2071.8
153.737	2132.74
153.767	2132.74
153.802	2071.8
153.837	2071.8
153.867	2010.87
153.902	2010.87
153.937	1949.93
153.967	2010.87
154.002	2010.87
154.037	1949.93
154.067	1949.93
154.102	2010.87
154.137	1949.93
154.167	1949.93
154.202	2010.87
154.237	2071.8
154.267	2071.8
154.292	2071.8
154.337	2254.61
154.367	2254.61
154.402	2315.54
154.437	2376.48
154.467	2376.48
154.502	2437.41
154.537	2376.48
154.567	2315.54
154.602	2254.61
154.637	2254.61
154.667	2193.67
154.702	2254.61
154.737	2315.54
154.767	2315.54
154.802	2254.61
154.837	2376.48
154.867	2376.48
154.902	2437.41
154.937	2376.48
154.967	2437.41
155.002	2437.41
155.037	2376.48
155.067	2315.54
155.102	2376.48
155.137	2376.48
155.167	2315.54
155.202	2254.61
155.237	2315.54
155.267	2315.54
155.302	2254.61
155.337	2132.74
155.367	2132.74
155.402	2193.67
155.437	2132.74
155.467	2193.67
155.502	2132.74
155.537	2132.74
155.567	2071.8
155.602	2010.87
155.637	2010.87
155.667	1949.93
155.697	1949.93
155.737	1889
155.767	1828.06
155.802	1889
155.837	1889
155.867	1889
155.902	1949.93
155.937	1949.93
155.967	1889
156.002	1949.93
156.037	1949.93
156.067	2010.87
156.102	2010.87
156.137	1949.93
156.167	2010.87
156.202	2010.87
156.237	1949.93
156.267	1949.93
156.302	1889
156.327	1889
156.367	1767.12
156.402	1828.06
156.437	1767.12
156.467	1767.12
156.502	1706.19
156.537	1767.12
156.567	1767.12
156.602	1706.19
156.637	1706.19
156.667	1767.12
156.697	1767.12
156.737	1706.19
156.767	1645.25
156.792	1645.25
156.837	1767.12
156.867	1767.12
156.902	1706.19
156.937	1706.19
156.967	1645.25
157.002	1645.25
157.037	1706.19
157.067	1706.19
157.102	1645.25
157.127	1645.25
157.167	1584.32
157.202	1645.25
157.237	1645.25
157.262	1645.25
157.297	1584.32
157.337	1584.32
157.367	1584.32
157.402	1523.38
157.437	1523.38
157.467	1584.32
157.502	1584.32
157.537	1645.25
157.567	1645.25
157.602	1706.19
157.637	1645.25
157.667	1645.25
157.702	1706.19
157.737	1706.19
157.767	1706.19
157.802	1767.12
157.837	1767.12
157.867	1767.12
157.902	1706.19
157.937	1706.19
157.967	1767.12
157.992	1767.12
158.037	1828.06
158.067	1828.06
158.102	1767.12
158.137	1828.06
158.167	1828.06
158.192	1828.06
158.237	1767.12
158.267	1706.19
158.302	1767.12
158.337	1828.06
158.367	1828.06
158.402	1767.12
158.437	1706.19
158.467	1706.19
158.502	1767.12
158.537	1767.12
158.567	1828.06
158.602	1767.12
158.637	1767.12
158.667	1706.19
158.702	1706.19
158.737	1767.12
158.767	1767.12
158.802	1706.19
158.837	1706.19
158.867	1706.19
158.902	1706.19
158.937	1645.25
158.967	1645.25
159.002	1706.19
159.037	1767.12
159.067	1767.12
159.102	1706.19
159.127	1706.19
159.167	1767.12
159.202	1767.12
159.237	1828.06
159.267	1767.12
159.302	1767.12
159.337	1645.25
159.367	1645.25
159.402	1706.19
159.437	1706.19
159.467	1645.25
159.502	1706.19
159.527	1706.19
159.567	1645.25
159.602	1645.25
159.637	1706.19
159.667	1706.19
159.702	1645.25
159.737	1645.25
159.767	1706.19
159.802	1706.19
159.837	1706.19
159.867	1706.19
159.902	1767.12
159.937	1706.19
159.967	1706.19
160.002	1767.12
160.037	1767.12
160.067	1706.19
160.102	1706.19
160.137	1767.12
160.167	1767.12
160.202	1706.19
160.237	1706.19
160.267	1645.25
160.302	1645.25
160.337	1523.38
160.367	1523.38
160.402	1584.32
160.437	1523.38
160.467	1523.38
160.492	1523.38
160.537	1584.32
160.567	1523.38
160.602	1523.38
160.627	1523.38
160.667	1523.38
160.702	1584.32
160.737	1584.32
160.767	1523.38
160.802	1523.38
160.837	1523.38
160.867	1523.38
160.902	1523.38
160.937	1584.32
160.967	1584.32
161.002	1645.25
161.037	1645.25
161.067	1706.19
161.102	1706.19
161.137	1767.12
161.167	1767.12
161.192	1767.12
161.237	1706.19
161.267	1767.12
161.302	1767.12
161.337	1889
161.367	1889
161.397	1828.06
161.437	1889
161.467	1889
161.502	1828.06
161.537	1889
161.567	1889
161.602	1949.93
161.637	1889
161.667	1889
161.702	1949.93
161.737	1949.93
161.767	1889
161.802	1949.93
161.837	1949.93
161.867	1828.06
161.897	1828.06
161.937	1889
161.967	1949.93
162.002	1949.93
162.037	1889
162.067	1889
162.092	1949.93
162.137	2010.87
162.167	2010.87
162.202	2071.8
162.237	2010.87
162.267	2010.87
162.302	1949.93
162.337	1828.06
162.367	1828.06
162.402	1767.12
162.437	1828.06
162.467	1828.06
162.502	1767.12
162.537	1828.06
162.567	1828.06
162.602	1889
162.637	1828.06
162.667	1828.06
162.697	1828.06
162.737	1889
162.767	1949.93
162.792	1949.93
162.837	1889
162.867	1889
162.902	1889
162.937	1828.06
162.967	1889
162.992	1889
163.037	1828.06
163.067	1889
163.102	1889
163.137	1889
163.167	1889
163.202	1889
163.227	1889
163.267	1889
163.302	1889
163.337	1889
163.367	1889
163.402	1889
163.437	1889
163.462	1889
163.502	1889
163.537	1889
163.567	1889
163.602	1889
163.637	1889
163.667	1889
163.702	1889
163.737	1889
163.767	1889
163.802	1889
163.837	1889
163.867	1889
163.902	1889
163.937	1889
163.967	1889
164.002	1889
164.037	1889
164.067	1889
164.102	1889
164.137	1889
164.167	1889
164.202	1889
164.237	1889
164.267	1889
164.302	1889
164.337	1889
164.367	1889
164.402	1889
164.437	1889
164.467	1889
164.502	1889
164.537	1889
164.567	1889
164.602	1889
164.637	1889
164.667	1889
164.702	1889
164.737	1889
164.767	1889
164.802	1889
164.837	1889
164.867	1889
164.902	1889
164.937	1889
164.967	1889
165.002	1889
165.037	1889
165.067	1889
165.102	1889
165.137	1889
165.167	1889
165.202	1889
165.237	1889
165.267	1889
165.302	1889
165.337	1889
165.367	1889
165.402	1889
165.427	1889
165.467	1889
165.497	1889
165.537	1889
165.567	1889
165.602	1889
165.637	1889
165.667	1889
165.702	1889
165.737	1889
165.767	1889
165.802	1889
165.837	1889
165.867	1889
165.902	1889
165.937	1889
165.967	1889
166.002	1889
166.037	1889
166.067	1889
166.102	1889
166.137	1889
166.167	1889
166.202	1889
166.237	1889
166.267	1889
166.302	1889
166.337	1889
166.367	1889
166.402	1889
166.437	1889
166.467	1889
166.502	1889
166.537	1889
166.567	1889
166.602	1889
166.637	1889
166.662	1889
166.702	1889
166.737	1889
166.767	1889
166.802	1889
166.837	1889
166.867	1889
166.902	1889
166.937	1889
166.967	1889
167.002	1889
167.037	1889
167.067	1889
167.102	1889
167.137	1889
167.167	1889
167.202	1889
167.237	1889
167.267	1889
167.302	1889
167.337	1889
167.367	1889
167.402	1889
167.437	1889
167.467	1889
167.502	1889
167.537	1889
167.567	1889
167.602	1889
167.637	1889
167.667	1889
167.702	1889
167.737	1889
167.767	1889
167.802	1889
167.837	1889
167.867	1889
167.902	1889
167.937	1889
167.967	1889
168.002	1889
168.037	1889
168.067	1889
168.102	1889
168.137	1889
168.167	1889
168.202	1889
168.237	1889
168.267	1889
168.302	1889
168.337	1889
168.367	1889
168.402	1889
168.437	1889
168.467	1889
168.502	1889
168.537	1889
168.567	1889
168.602	1889
168.637	1889
168.667	1889
168.697	1889
168.737	1889
168.767	1889
168.792	1889
168.817	1889
168.842	1889
168.867	1889
168.902	1889
168.937	1889
168.967	1889
169.002	1889
169.037	1889
169.067	1889
169.102	1889
169.137	1889
169.167	1889
169.197	1889
169.237	1889
169.267	1889
169.302	1889
169.337	1889
169.367	1889
169.402	1889
169.437	1889
169.467	1889
169.502	1889
169.537	1889
169.567	1889
169.602	1889
169.637	1889
169.667	1889
169.702	1889
169.737	1889
169.767	1889
169.802	1889
169.837	1889
169.867	1889
169.902	1889
169.937	1889
169.967	1889
170.002	1889
170.037	1889
170.067	1889
170.102	1889
170.137	1889
170.167	1889
170.202	1889
170.237	1889
170.267	1889
170.297	1889
170.337	1889
170.367	1889
170.402	1889
170.437	1889
170.467	1889
170.502	1889
170.537	1889
170.567	1889
170.602	1889
170.637	1889
170.667	1889
170.702	1889
170.737	1889
170.767	1889
170.802	1889
170.837	1889
170.867	1889
170.902	1889
170.937	1889
170.967	1889
171.002	1889
171.037	1889
171.067	1889
171.102	1889
171.137	1889
171.167	1889
171.202	1889
171.237	1889
171.267	1889
171.302	1889
171.337	1889
171.367	1889
171.402	1889
171.437	1889
171.467	1889
171.502	1889
171.537	1889
171.567	1889
171.602	1889
171.637	1889
171.667	1889
171.702	1889
171.737	1889
171.767	1889
171.802	1889
171.837	1889
171.867	1889
171.902	1889
171.937	1889
171.967	1889
172.002	1889
172.037	1889
172.067	1889
172.102	1889
172.127	1889
172.167	1889
172.202	1889
172.237	1889
172.267	1889
172.302	1889
172.337	1889
172.367	1889
172.402	1889
172.437	1889
172.467	1889
172.502	1889
172.537	1889
172.567	1889
172.602	1889
172.637	1889
172.667	1889
172.702	1889
172.727	1889
172.767	1889
172.802	1889
172.827	1889
172.867	1889
172.902	1889
172.937	1889
172.967	1889
173.002	1889
173.037	1889
173.067	1889
173.102	1889
173.137	1889
173.167	1889
173.202	1889
173.237	1889
173.267	1889
173.292	1889
173.337	1889
173.367	1889
173.402	1889
173.437	1889
173.467	1889
173.502	1889
173.537	1889
173.567	1889
173.602	1889
173.637	1889
173.662	1889
173.702	1889
173.737	1889
173.767	1889
173.802	1889
173.837	1889
173.867	1889
173.902	1889
173.937	1889
173.967	1889
174.002	1889
174.037	1889
174.067	1889
174.102	1889
174.137	1889
174.167	1889
174.202	1889
174.237	1889
174.267	1889
174.302	1889
174.337	1889
174.367	1889
174.402	1889
174.437	1889
174.467	1889
174.502	1889
174.537	1889
174.567	1889
174.602	1889
174.637	1889
174.667	1889
174.702	1889
174.737	1889
174.767	1889
174.802	1889
174.837	1889
174.867	1889
174.902	1889
174.937	1889
174.967	1889
175.002	1889
175.037	1889
175.067	1889
175.102	1889
175.137	1889
175.167	1889
175.202	1889
175.237	1889
175.267	1889
175.302	1889
175.337	1889
175.367	1889
175.402	1889
175.437	1889
175.467	1889
175.502	1889
175.537	1889
175.567	1889
175.602	1889
175.627	1889
175.667	1889
175.702	1889
175.727	1889
175.767	1889
175.802	1889
175.837	1889
175.867	1889
175.902	1889
175.937	1889
175.962	1889
176.002	1889
176.037	1889
176.067	1889
176.102	1889
176.137	1889
176.167	1889
176.202	1889
176.237	1889
176.267	1889
176.302	1889
176.337	1889
176.367	1889
176.402	1889
176.437	1889
176.467	1889
176.502	1889
176.537	1889
176.567	1889
176.602	1889
176.637	1889
176.667	1889
176.702	1889
176.737	1889
176.767	1889
176.802	1889
176.837	1889
176.867	1889
176.902	1889
176.937	1889
176.967	1889
177.002	1889
177.037	1889
177.067	1889
177.102	1889
177.137	1889
177.167	1889
177.202	1889
177.237	1889
177.267	1889
177.302	1889
177.337	1889
177.367	1889
177.402	1889
177.437	1889
177.467	1889
177.502	1889
177.537	1889
177.567	1889
177.602	1889
177.637	1889
177.662	1889
177.702	1889
177.737	1889
177.767	1889
177.802	1889
177.837	1889
177.867	1889
177.902	1889
177.937	1889
177.967	1889
178.002	1889
178.037	1889
178.067	1889
178.102	1889
178.137	1889
178.167	1889
178.202	1889
178.237	1889
178.267	1889
178.302	1889
178.337	1889
178.367	1889
178.392	1889
178.437	1889
178.467	1889
178.502	1889
178.537	1889
178.567	1889
178.602	1889
178.637	1889
178.667	1889
178.702	1889
178.737	1889
178.767	1889
178.802	1889
178.837	1889
178.867	1889
178.902	1889
178.937	1889
178.967	1889
179.002	1889
179.037	1889
179.067	1889
179.102	1889
179.137	1889
179.167	1889
179.202	1889
179.237	1889
179.267	1889
179.302	1889
179.337	1889
179.367	1889
179.402	1889
179.437	1889
179.467	1889
179.502	1889
179.537	1889
179.567	1889
179.602	1889
179.637	1889
179.667	1889
179.702	1889
179.737	1889
179.767	1889
179.802	1889
179.837	1889
179.867	1889
179.902	1889
179.937	1889
179.967	1889
180.002	1889
180.037	1889
180.067	1889
180.102	1889
180.137	1889
180.167	1889
180.202	1889
180.237	1889
180.267	1889
180.302	1889
180.337	1889
180.367	1889
180.402	1889
180.437	1889
180.467	1889
180.502	1889
180.537	1889
180.567	1889
180.602	1889
180.637	1889
180.667	1889
180.702	1889
180.737	1889
180.767	1889
180.802	1889
180.837	1889
180.867	1889
180.902	1889
180.937	1889
180.967	1889
181.002	1889
181.037	1889
181.067	1889
181.102	1889
181.137	1889
181.167	1889
181.202	1889
181.237	1889
181.267	1889
181.302	1889
181.337	1889
181.367	1889
181.402	1889
181.437	1889
181.467	1889
181.502	1889
181.527	1889
181.567	1889
181.602	1889
181.637	1889
181.667	1889
181.702	1889
181.737	1889
181.767	1889
181.802	1889
181.837	1889
181.867	1889
181.902	1889
181.937	1889
181.967	1889
182.002	1889
182.037	1889
182.067	1889
182.102	1889
182.137	1889
182.167	1889
182.202	1889
182.237	1889
182.267	1889
182.302	1889
182.337	1889
182.367	1889
182.392	1889
182.437	1889
182.467	1889
182.492	1889
182.517	1889
182.542	1889
182.567	1889
182.602	1889
182.637	1889
182.667	1889
182.697	1889
182.737	1889
182.767	1889
182.802	1889
182.837	1889
182.867	1889
182.902	1889
182.937	1889
182.967	1889
183.002	1889
183.037	1889
183.067	1889
183.102	1889
183.137	1889
183.167	1889
183.202	1889
183.237	1889
183.267	1889
183.302	1889
183.337	1889
183.367	1889
183.402	1889
183.432	1889
183.467	1889
183.502	1889
183.532	1889
183.562	1889
183.602	1889
183.632	1889
183.667	1889
183.702	1889
183.732	1889
183.767	1889
183.802	1889
183.832	1889
183.867	1889
183.902	1889
183.932	1889
183.967	1889
183.992	1889
184.032	1889
184.067	1889
184.102	1889
184.132	1889
184.162	1889
184.202	1889
184.232	1889
184.267	1889
184.302	1889
184.332	1889
184.367	1889
184.402	1889
184.432	1889
184.467	1889
184.502	1889
184.532	1889
184.567	1889
184.602	1889
184.632	1889
184.667	1889
184.702	1889
184.732	1889
184.767	1889
184.802	1889
184.832	1889
184.867	1889
184.902	1889
184.932	1889
184.967	1889
185.002	1889
185.032	1889
185.067	1889
185.102	1889
185.132	1889
185.167	1889
185.192	1889
185.232	1889
185.267	1889
185.302	1889
185.332	1889
185.367	1889
185.402	1889
185.432	1889
185.467	1889
185.502	1889
185.532	1889
185.567	1889
185.602	1889
185.632	1889
185.667	1889
185.702	1889
185.732	1889
185.767	1889
185.802	1889
185.832	1889
185.867	1889
185.902	1889
185.932	1889
185.967	1889
186.002	1889
186.032	1889
186.067	1889
186.092	1889
186.132	1889
186.167	1889
186.202	1889
186.232	1889
186.267	1889
186.302	1889
186.332	1889
186.367	1889
186.402	1889
186.432	1889
186.467	1889
186.502	1889
186.532	1889
186.567	1889
186.602	1889
186.632	1889
186.667	1889
186.702	1889
186.732	1889
186.767	1889
186.802	1889
186.832	1889
186.867	1889
186.902	1889
186.932	1889
186.967	1889
187.002	1889
187.032	1889
187.067	1889
187.102	1889
187.132	1889
187.167	1889
187.202	1889
187.232	1889
187.267	1889
187.302	1889
187.332	1889
187.367	1889
187.402	1889
187.427	1889
187.467	1889
187.502	1889
187.532	1889
187.567	1889
187.602	1889
187.632	1889
187.667	1889
187.702	1889
187.732	1889
187.767	1889
187.802	1889
187.832	1889
187.867	1889
187.902	1889
187.932	1889
187.957	1889
188.002	1889
188.032	1889
188.067	1889
188.102	1889
188.132	1889
188.167	1889
188.202	1889
188.232	1889
188.262	1889
188.302	1889
188.332	1889
188.367	1889
188.402	1889
188.432	1889
188.467	1889
188.502	1889
188.532	1889
188.567	1889
188.602	1889
188.632	1889
188.667	1889
188.702	1889
188.732	1889
188.767	1889
188.802	1889
188.832	1889
188.857	1889
188.902	1889
188.932	1889
188.967	1889
189.002	1889
189.032	1889
189.067	1889
189.102	1889
189.132	1889
189.167	1889
189.202	1889
189.232	1889
189.267	1889
189.302	1889
189.332	1889
189.367	1889
189.402	1889
189.432	1889
189.467	1889
189.502	1889
189.532	1889
189.567	1889
189.602	1889
189.632	1889
189.667	1889
189.702	1889
189.732	1889
189.767	1889
189.802	1889
189.832	1889
189.867	1889
189.902	1889
189.927	1889
189.967	1889
190.002	1889
190.032	1889
190.057	1889
190.102	1889
190.132	1889
190.167	1889
190.202	1889
190.232	1889
190.267	1889
190.302	1889
190.332	1889
190.367	1889
190.402	1889
190.432	1889
190.467	1889
190.502	1889
190.527	1889
190.567	1889
190.602	1889
190.632	1889
190.667	1889
190.702	1889
190.732	1889
190.767	1889
190.802	1889
190.832	1889
190.867	1889
190.902	1889
190.932	1889
190.967	1889
191.002	1889
191.032	1889
191.067	1889
191.102	1889
191.132	1889
191.157	1889
191.202	1889
191.232	1889
191.262	1889
191.302	1889
191.332	1889
191.367	1889
191.402	1889
191.432	1889
191.467	1889
191.502	1889
191.532	1889
191.562	1889
191.602	1889
191.632	1889
191.667	1889
191.702	1889
191.732	1889
191.762	1889
191.802	1889
191.832	1889
191.867	1889
191.902	1889
191.932	1889
191.967	1889
192.002	1889
192.032	1889
192.067	1889
192.102	1889
192.132	1889
192.167	1889
192.202	1889
192.232	1889
192.267	1889
192.302	1889
192.332	1889
192.367	1889
192.402	1889
192.432	1889
192.467	1889
192.502	1889
192.532	1889
192.567	1889
192.602	1889
192.632	1889
192.667	1889
192.702	1889
192.732	1889
192.767	1889
192.802	1889
192.832	1889
192.867	1889
192.902	1889
192.932	1889
192.967	1889
193.002	1889
193.032	1889
193.067	1889
193.092	1889
193.132	1889
193.167	1889
193.202	1889
193.232	1889
193.267	1889
193.302	1889
193.332	1889
193.367	1889
193.402	1889
193.432	1889
193.467	1889
193.502	1889
193.532	1889
193.567	1889
193.602	1889
193.632	1889
193.667	1889
193.692	1889
193.732	1889
193.767	1889
193.802	1889
193.832	1889
193.867	1889
193.902	1889
193.932	1889
193.967	1889
194.002	1889
194.032	1889
194.067	1889
194.102	1889
194.132	1889
194.167	1889
194.202	1889
194.232	1889
194.267	1889
194.302	1889
194.332	1889
194.367	1889
194.402	1889
194.432	1889
194.467	1889
194.502	1889
194.532	1889
194.567	1889
194.602	1889
194.632	1889
194.667	1889
194.702	1889
194.732	1889
194.767	1889
194.802	1889
194.832	1889
194.867	1889
194.902	1889
194.932	1889
194.967	1889
195.002	1889
195.032	1889
195.067	1889
195.102	1889
195.132	1889
195.167	1889
195.202	1889
195.232	1889
195.267	1889
195.302	1889
195.332	1889
195.367	1889
195.402	1889
195.432	1889
195.467	1889
195.502	1889
195.532	1889
195.567	1889
195.602	1889
195.632	1889
195.667	1889
195.702	1889
195.732	1889
195.767	1889
195.802	1889
195.832	1889
195.867	1889
195.902	1889
195.927	1889
195.967	1889
196.002	1889
196.032	1889
196.067	1889
196.102	1889
196.132	1889
196.167	1889
196.202	1889
196.232	1889
196.267	1889
196.302	1889
196.332	1889
196.367	1889
196.402	1889
196.432	1889
196.467	1889
196.502	1889
196.532	1889
196.567	1889
196.602	1889
196.632	1889
196.667	1889
196.702	1889
196.732	1889
196.767	1889
196.802	1889
196.832	1889
196.867	1889
196.902	1889
196.932	1889
196.967	1889
197.002	1889
197.032	1889
197.067	1889
197.102	1889
197.132	1889
197.167	1889
197.202	1889
197.232	1889
197.267	1889
197.302	1889
197.332	1889
197.367	1889
197.402	1889
197.432	1889
197.462	1889
197.502	1889
197.532	1889
197.567	1889
197.602	1889
197.632	1889
197.667	1889
197.702	1889
197.732	1889
197.767	1889
197.802	1889
197.832	1889
197.867	1889
197.902	1889
197.932	1889
197.967	1889
198.002	1889
198.032	1889
198.067	1889
198.102	1889
198.132	1889
198.167	1889
198.202	1889
198.232	1889
198.257	1889
198.302	1889
198.332	1889
198.367	1889
198.402	1889
198.432	1889
198.467	1889
198.502	1889
198.532	1889
198.567	1889
198.602	1889
198.627	1889
198.667	1889
198.702	1889
198.732	1889
198.767	1889
198.792	1889
198.832	1889
198.867	1889
198.902	1889
198.932	1889
198.967	1889
199.002	1889
199.032	1889
199.067	1889
199.102	1889
199.132	1889
199.167	1889
199.202	1889
199.232	1889
199.267	1889
199.302	1889
199.332	1889
199.367	1889
199.402	1889
199.432	1889
199.467	1889
199.502	1889
199.532	1889
199.567	1889
199.602	1889
199.632	1889
199.657	1889
199.702	1889
199.732	1889
199.762	1889
199.792	1889
199.832	1889
199.867	1889
199.902	1889
199.932	1889
199.967	1889
200.002	1889
200.032	1889
200.067	1889
200.102	1889
200.132	1889
200.167	1889
200.202	1889
200.232	1889
200.267	1889
200.302	1889
200.332	1889
200.367	1889
200.402	1889
200.432	1889
200.467	1889
200.502	1889
200.532	1889
200.567	1889
200.602	1889
200.632	1889
200.667	1889
200.692	1889
200.732	1889
200.767	1889
200.802	1889
200.832	1889
200.867	1889
200.902	1889
200.932	1889
200.967	1889
201.002	1889
201.032	1889
201.067	1889
201.102	1889
201.132	1889
201.167	1889
201.202	1889
201.232	1889
201.267	1889
201.302	1889
201.332	1889
201.367	1889
201.402	1889
201.427	1889
201.467	1889
201.502	1889
201.532	1889
201.567	1889
201.602	1889
201.632	1889
201.667	1889
201.702	1889
201.732	1889
201.767	1889
201.802	1889
201.832	1889
201.867	1889
201.902	1889
201.932	1889
201.967	1889
202.002	1889
202.027	1889
202.067	1889
202.102	1889
202.132	1889
202.167	1889
202.202	1889
202.232	1889
202.267	1889
202.302	1889
202.327	1889
202.367	1889
202.402	1889
202.432	1889
202.467	1889
202.502	1889
202.532	1889
202.567	1889
202.602	1889
202.632	1889
202.667	1889
202.702	1889
202.732	1889
202.767	1889
202.802	1889
202.832	1889
202.867	1889
202.902	1889
202.932	1889
202.967	1889
203.002	1889
203.032	1889
203.067	1889
203.102	1889
203.132	1889
203.167	1889
203.202	1889
203.232	1889
203.267	1889
203.302	1889
203.332	1889
203.367	1889
203.392	1889
203.432	1889
203.467	1889
203.502	1889
203.532	1889
203.567	1889
203.602	1889
203.632	1889
203.667	1889
203.702	1889
203.732	1889
203.767	1889
203.802	1889
203.832	1889
203.867	1889
203.902	1889
203.932	1889
203.967	1889
204.002	1889
204.032	1889
204.067	1889
204.102	1889
204.132	1889
204.167	1889
204.202	1889
204.232	1889
204.267	1889
204.302	1889
204.332	1889
204.367	1889
204.392	1889
204.432	1889
204.467	1889
204.502	1889
204.532	1889
204.567	1889
204.602	1889
204.632	1889
204.667	1889
204.702	1889
204.732	1889
204.767	1889
204.802	1889
204.832	1889
204.867	1889
204.902	1889
204.932	1889
204.967	1889
205.002	1889
205.032	1889
205.067	1889
205.102	1889
205.132	1889
205.167	1889
205.202	1889
205.232	1889
205.267	1889
205.302	1889
205.332	1889
205.367	1889
205.402	1889
205.432	1889
205.462	1889
205.502	1889
205.532	1889
205.562	1889
205.602	1889
205.632	1889
205.667	1889
205.702	1889
205.732	1889
205.767	1889
205.802	1889
205.832	1889
205.867	1889
205.902	1889
205.932	1889
205.962	1889
205.992	1889
206.032	1889
206.067	1889
206.102	1889
206.132	1889
206.167	1889
206.202	1889
206.232	1889
206.267	1889
206.302	1889
206.332	1889
206.367	1889
206.402	1889
206.432	1889
206.467	1889
206.502	1889
206.532	1889
206.567	1889
206.602	1889
206.632	1889
206.667	1889
206.702	1889
206.732	1889
206.767	1889
206.802	1889
206.832	1889
206.867	1889
206.902	1889
206.932	1889
206.967	1889
207.002	1889
207.032	1889
207.062	1889
207.102	1889
207.132	1889
207.167	1889
207.202	1889
207.227	1889
207.257	1889
207.302	1889
207.332	1889
207.367	1889
207.402	1889
207.432	1889
207.467	1889
207.502	1889
207.532	1889
207.567	1889
207.602	1889
207.632	1889
207.667	1889
207.702	1889
207.732	1889
207.767	1889
207.802	1889
207.832	1889
207.867	1889
207.902	1889
207.932	1889
207.967	1889
208.002	1889
208.032	1889
208.067	1889
208.102	1889
208.132	1889
208.167	1889
208.202	1889
208.232	1889
208.267	1889
208.302	1889
208.332	1889
208.367	1889
208.402	1889
208.432	1889
208.467	1889
208.502	1889
208.532	1889
208.567	1889
208.602	1889
208.632	1889
208.657	1889
208.692	1889
208.732	1889
208.767	1889
208.802	1889
208.832	1889
208.867	1889
208.902	1889
208.932	1889
208.967	1889
209.002	1889
209.032	1889
209.067	1889
209.102	1889
209.132	1889
209.167	1889
209.202	1889
209.232	1889
209.267	1889
209.302	1889
209.332	1889
209.357	1889
209.402	1889
209.432	1889
209.462	1889
209.502	1889
209.532	1889
209.567	1889
209.602	1889
209.627	1889
209.667	1889
209.702	1889
209.732	1889
209.767	1889
209.802	1889
209.832	1889
209.867	1889
209.902	1889
209.932	1889
209.967	1889
210.002	1889
210.032	1889
210.067	1889
210.102	1889
210.132	1889
210.167	1889
210.202	1889
210.232	1889
210.267	1889
210.302	1889
210.332	1889
210.367	1889
210.402	1889
210.427	1889
210.467	1889
210.502	1889
210.532	1889
210.567	1889
210.602	1889
210.632	1889
210.667	1889
210.702	1889
210.732	1889
210.767	1889
210.802	1889
210.832	1889
210.867	1889
210.902	1889
210.932	1889
210.967	1889
211.002	1889
211.032	1889
211.067	1889
211.102	1889
211.132	1889
211.162	1889
211.202	1889
211.232	1889
211.267	1889
211.302	1889
211.332	1889
211.367	1889
211.402	1889
211.432	1889
211.467	1889
211.502	1889
211.532	1889
211.567	1889
211.602	1889
211.632	1889
211.667	1889
211.702	1889
211.732	1889
211.767	1889
211.802	1889
211.832	1889
211.867	1889
211.902	1889
211.932	1889
211.967	1889
212.002	1889
212.032	1889
212.067	1889
212.102	1889
212.132	1889
212.167	1889
212.202	1889
212.232	1889
212.267	1889
212.302	1889
212.332	1889
212.367	1889
212.402	1889
212.427	1889
212.467	1889
212.502	1889
212.532	1889
212.567	1889
212.602	1889
212.632	1889
212.667	1889
212.692	1889
212.732	1889
212.767	1889
212.802	1889
212.832	1889
212.867	1889
212.902	1889
212.932	1889
212.967	1889
213.002	1889
213.032	1889
213.067	1889
213.102	1889
213.132	1889
213.162	1889
213.187	1889
213.212	1889
213.237	1889
213.267	1889
213.302	1889
213.332	1889
213.367	1889
213.402	1889
213.432	1889
213.457	1889
213.502	1889
213.532	1889
213.567	1889
213.602	1889
213.632	1889
213.667	1889
213.702	1889
213.732	1889
213.767	1889
213.802	1889
213.832	1889
213.867	1889
213.902	1889
213.932	1889
213.967	1889
214.002	1889
214.032	1889
214.067	1889
214.102	1889
214.132	1889
214.157	1889
214.192	1889
214.232	1889
214.257	1889
214.302	1889
214.332	1889
214.367	1889
214.402	1889
214.432	1889
214.467	1889
214.502	1889
214.532	1889
214.567	1889
214.602	1889
214.632	1889
214.667	1889
214.702	1889
214.732	1889
214.767	1889
214.802	1889
214.832	1889
214.867	1889
214.902	1889
214.932	1889
214.957	1889
215.002	1889
215.032	1889
215.067	1889
215.102	1889
215.132	1889
215.167	1889
215.202	1889
215.232	1889
215.267	1889
215.302	1889
215.332	1889
215.367	1889
215.402	1889
215.427	1889
215.467	1889
215.502	1889
215.532	1889
215.567	1889
215.602	1889
215.632	1889
215.667	1889
215.702	1889
215.732	1889
215.767	1889
215.802	1889
215.832	1889
215.867	1889
215.902	1889
215.932	1889
215.967	1889
216.002	1889
216.032	1889
216.067	1889
216.102	1889
216.132	1889
216.167	1889
216.202	1889
216.232	1889
216.267	1889
216.302	1889
216.332	1889
216.367	1889
216.402	1889
216.432	1889
216.467	1889
216.502	1889
216.532	1889
216.567	1889
216.602	1889
216.632	1889
216.667	1889
216.692	1889
216.732	1889
216.767	1889
216.802	1889
216.832	1889
216.867	1889
216.902	1889
216.932	1889
216.967	1889
217.002	1889
217.032	1889
217.067	1889
217.102	1889
217.132	1889
217.167	1889
217.202	1889
217.232	1889
217.267	1889
217.302	1889
217.332	1889
217.367	1889
217.402	1889
217.432	1889
217.467	1889
217.502	1889
217.532	1889
217.567	1889
217.602	1889
217.632	1889
217.667	1889
217.702	1889
217.732	1889
217.767	1889
217.802	1889
217.832	1889
217.867	1889
217.902	1889
217.932	1889
217.967	1889
218.002	1889
218.032	1889
218.067	1889
218.102	1889
218.132	1889
218.167	1889
218.202	1889
218.232	1889
218.267	1889
218.302	1889
218.332	1889
218.367	1889
218.402	1889
218.432	1889
218.467	1889
218.502	1889
218.532	1889
218.567	1889
218.602	1889
218.632	1889
218.667	1889
218.702	1889
218.732	1889
218.767	1889
218.802	1889
218.832	1889
218.867	1889
218.902	1889
218.932	1889
218.967	1889
219.002	1889
219.032	1889
219.062	1889
219.102	1889
219.132	1889
219.167	1889
219.192	1889
219.232	1889
219.267	1889
219.302	1889
219.332	1889
219.367	1889
219.402	1889
219.432	1889
219.467	1889
219.502	1889
219.532	1889
219.567	1889
219.602	1889
219.632	1889
219.667	1889
219.702	1889
219.732	1889
219.757	1889
219.802	1889
219.832	1889
219.867	1889
219.902	1889
219.932	1889
219.962	1889
220.002	1889
220.032	1889
220.067	1889
220.102	1889
220.132	1889
220.167	1889
220.202	1889
220.232	1889
220.267	1889
220.302	1889
220.332	1889
220.367	1889
220.402	1889
220.432	1889
220.467	1889
220.502	1889
220.532	1889
220.567	1889
220.602	1889
220.632	1889
220.667	1889
220.702	1889
220.732	1889
220.767	1889
220.802	1889
220.832	1889
220.867	1889
220.902	1889
220.932	1889
220.957	1889
221.002	1889
221.032	1889
221.067	1889
221.102	1889
221.132	1889
221.167	1889
221.202	1889
221.232	1889
221.267	1889
221.302	1889
221.332	1889
221.367	1889
221.402	1889
221.432	1889
221.467	1889
221.502	1889
221.532	1889
221.567	1889
221.602	1889
221.632	1889
221.667	1889
221.702	1889
221.732	1889
221.767	1889
221.802	1889
221.832	1889
221.867	1889
221.902	1889
221.932	1889
221.967	1889
222.002	1889
222.032	1889
222.067	1889
222.102	1889
222.132	1889
222.167	1889
222.202	1889
222.232	1889
222.267	1889
222.302	1889
222.332	1889
222.367	1889
222.402	1889
222.432	1889
222.467	1889
222.502	1889
222.532	1889
222.567	1889
222.602	1889
222.632	1889
222.667	1889
222.702	1889
222.732	1889
222.767	1889
222.802	1889
222.832	1889
222.867	1889
222.902	1889
222.932	1889
222.967	1889
223.002	1889
223.032	1889
223.067	1889
223.102	1889
223.132	1889
223.167	1889
223.202	1889
223.232	1889
223.267	1889
223.302	1889
223.332	1889
223.367	1889
223.402	1889
223.432	1889
223.467	1889
223.502	1889
223.532	1889
223.567	1889
223.602	1889
223.632	1889
223.667	1889
223.692	1889
223.732	1889
223.767	1889
223.802	1889
223.832	1889
223.867	1889
223.902	1889
223.932	1889
223.962	1889
224.002	1889
224.027	1889
224.067	1889
224.102	1889
224.132	1889
224.167	1889
224.202	1889
224.232	1889
224.267	1889
224.302	1889
224.332	1889
224.367	1889
224.402	1889
224.432	1889
224.467	1889
224.502	1889
224.532	1889
224.567	1889
224.602	1889
224.632	1889
224.667	1889
224.702	1889
224.732	1889
224.767	1889
224.802	1889
224.832	1889
224.867	1889
224.902	1889
224.932	1889
224.967	1889
225.002	1889
225.032	1889
225.067	1889
225.102	1889
225.132	1889
225.157	1889
225.202	1889
225.232	1889
225.267	1889
225.302	1889
225.332	1889
225.367	1889
225.402	1889
225.432	1889
225.467	1889
225.502	1889
225.532	1889
225.567	1889
225.602	1889
225.632	1889
225.667	1889
225.702	1889
225.732	1889
225.767	1889
225.802	1889
225.832	1889
225.867	1889
225.902	1889
225.932	1889
225.967	1889
226.002	1889
226.032	1889
226.067	1889
226.102	1889
226.132	1889
226.167	1889
226.202	1889
226.232	1889
226.267	1889
226.302	1889
226.327	1889
226.367	1889
226.402	1889
226.432	1889
226.467	1889
226.502	1889
226.527	1889
226.567	1889
226.602	1889
226.632	1889
226.667	1889
226.702	1889
226.732	1889
226.767	1889
226.802	1889
226.832	1889
226.867	1889
226.902	1889
226.932	1889
226.967	1889
227.002	1889
227.032	1889
227.067	1889
227.102	1889
227.132	1889
227.167	1889
227.202	1889
227.232	1889
227.267	1889
227.302	1889
227.332	1889
227.367	1889
227.402	1889
227.432	1889
227.467	1889
227.502	1889
227.532	1889
227.567	1889
227.602	1889
227.632	1889
227.667	1889
227.702	1889
227.727	1889
227.767	1889
227.802	1889
227.832	1889
227.867	1889
227.902	1889
227.932	1889
227.967	1889
228.002	1889
228.032	1889
228.067	1889
228.092	1889
228.132	1889
228.167	1889
228.202	1889
228.227	1889
228.267	1889
228.302	1889
228.332	1889
228.367	1889
228.402	1889
228.432	1889
228.467	1889
228.502	1889
228.532	1889
228.567	1889
228.602	1889
228.632	1889
228.667	1889
228.702	1889
228.732	1889
228.767	1889
228.802	1889
228.832	1889
228.862	1889
228.902	1889
228.932	1889
228.967	1889
229.002	1889
229.032	1889
229.062	1889
229.102	1889
229.132	1889
229.167	1889
229.202	1889
229.232	1889
229.267	1889
229.302	1889
229.327	1889
229.362	1889
229.402	1889
229.432	1889
229.467	1889
229.502	1889
229.532	1889
229.567	1889
229.602	1889
229.632	1889
229.667	1889
229.702	1889
229.732	1889
229.767	1889
229.792	1889
229.822	1889
229.867	1889
229.902	1889
229.932	1889
229.967	1889
230.002	1889
230.032	1889
230.067	1889
230.102	1889
230.132	1889
230.167	1889
230.202	1889
230.232	1889
230.267	1889
230.302	1889
230.332	1889
230.367	1889
230.402	1889
230.432	1889
230.467	1889
230.502	1889
230.532	1889
230.567	1889
230.602	1889
230.632	1889
230.667	1889
230.692	1889
230.732	1889
230.767	1889
230.802	1889
230.832	1889
230.867	1889
230.902	1889
230.927	1889
230.967	1889
231.002	1889
231.032	1889
231.067	1889
231.102	1889
231.132	1889
231.167	1889
231.192	1889
231.232	1889
231.267	1889
231.292	1889
231.332	1889
231.367	1889
231.402	1889
231.432	1889
231.467	1889
231.502	1889
231.532	1889
231.567	1889
231.602	1889
231.632	1889
231.667	1889
231.702	1889
231.732	1889
231.767	1889
231.802	1889
231.832	1889
231.867	1889
231.902	1889
231.932	1889
231.967	1889
232.002	1889
232.032	1889
232.067	1889
232.102	1889
232.132	1889
232.167	1889
232.202	1889
232.232	1889
232.267	1889
232.302	1889
232.332	1889
232.367	1889
232.402	1889
232.432	1889
232.467	1889
232.502	1889
232.532	1889
232.567	1889
232.602	1889
232.632	1889
232.667	1889
232.702	1889
232.732	1889
232.767	1889
232.802	1889
232.832	1889
232.867	1889
232.902	1889
232.932	1889
232.967	1889
233.002	1889
233.032	1889
233.067	1889
233.102	1889
233.132	1889
233.167	1889
233.202	1889
233.232	1889
233.267	1889
233.302	1889
233.327	1889
233.367	1889
233.402	1889
233.432	1889
233.467	1889
233.502	1889
233.532	1889
233.567	1889
233.602	1889
233.632	1889
233.667	1889
233.702	1889
233.732	1889
233.767	1889
233.802	1889
233.832	1889
233.862	1889
233.902	1889
233.932	1889
233.967	1889
234.002	1889
234.032	1889
234.067	1889
234.102	1889
234.132	1889
234.167	1889
234.202	1889
234.232	1889
234.267	1889
234.302	1889
234.332	1889
234.367	1889
234.402	1889
234.432	1889
234.467	1889
234.502	1889
234.532	1889
234.567	1889
234.592	1889
234.632	1889
234.667	1889
234.702	1889
234.732	1889
234.767	1889
234.802	1889
234.832	1889
234.867	1889
234.902	1889
234.932	1889
234.967	1889
235.002	1889
235.032	1889
235.067	1889
235.102	1889
235.132	1889
235.167	1889
235.202	1889
235.232	1889
235.267	1889
235.302	1889
235.332	1889
235.367	1889
235.402	1889
235.432	1889
235.467	1889
235.502	1889
235.532	1889
235.567	1889
235.602	1889
235.632	1889
235.667	1889
235.702	1889
235.732	1889
235.767	1889
235.802	1889
235.832	1889
235.867	1889
235.902	1889
235.932	1889
235.967	1889
236.002	1889
236.032	1889
236.067	1889
236.102	1889
236.132	1889
236.167	1889
236.202	1889
236.232	1889
236.267	1889
236.302	1889
236.332	1889
236.367	1889
236.402	1889
236.432	1889
236.467	1889
236.502	1889
236.532	1889
236.567	1889
236.602	1889
236.632	1889
236.667	1889
236.702	1889
236.732	1889
236.757	1889
236.792	1889
236.832	1889
236.867	1889
236.902	1889
236.932	1889
236.967	1889
237.002	1889
237.032	1889
237.067	1889
237.092	1889
237.132	1889
237.167	1889
237.202	1889
237.232	1889
237.267	1889
237.302	1889
237.332	1889
237.367	1889
237.402	1889
237.432	1889
237.467	1889
237.502	1889
237.532	1889
237.562	1889
237.602	1889
237.632	1889
237.667	1889
237.702	1889
237.732	1889
237.767	1889
237.802	1889
237.832	1889
237.867	1889
237.902	1889
237.932	1889
237.967	1889
238.002	1889
238.032	1889
238.067	1889
238.102	1889
238.132	1889
238.167	1889
238.202	1889
238.232	1889
238.267	1889
238.302	1889
238.332	1889
238.367	1889
238.402	1889
238.432	1889
238.467	1889
238.502	1889
238.532	1889
238.567	1889
238.602	1889
238.632	1889
238.667	1889
238.702	1889
238.732	1889
238.767	1889
238.802	1889
238.832	1889
238.867	1889
238.902	1889
238.932	1889
238.967	1889
239.002	1889
239.032	1889
239.067	1889
239.102	1889
239.132	1889
239.167	1889
239.202	1889
239.232	1889
239.267	1889
239.302	1889
239.332	1889
239.362	1889
239.402	1889
239.432	1889
239.467	1889
239.492	1889
239.532	1889
239.567	1889
239.602	1889
239.632	1889
239.667	1889
239.702	1889
239.732	1889
239.767	1889
239.802	1889
239.832	1889
239.867	1889
239.902	1889
239.932	1889
239.967	1889
240.002	1889
240.032	1889
240.067	1889
240.102	1889
240.132	1889
240.167	1889
240.202	1889
240.232	1889
240.267	1889
240.302	1889
240.332	1889
240.367	1889
240.402	1889
240.432	1889
240.467	1889
240.502	1889
240.532	1889
240.567	1889
240.602	1889
240.632	1889
240.667	1889
240.702	1889
240.732	1889
240.767	1889
240.802	1889
240.832	1889
240.867	1889
240.902	1889
240.932	1889
240.967	1889
241.002	1889
241.032	1889
241.067	1889
241.102	1889
241.132	1889
241.167	1889
241.202	1889
241.232	1889
241.267	1889
241.302	1889
241.332	1889
241.367	1889
241.402	1889
241.432	1889
241.467	1889
241.502	1889
241.532	1889
241.567	1889
241.602	1889
241.627	1889
241.667	1889
241.702	1889
241.732	1889
241.767	1889
241.802	1889
241.832	1889
241.867	1889
241.902	1889
241.932	1889
241.967	1889
242.002	1889
242.032	1889
242.067	1889
242.102	1889
242.132	1889
242.167	1889
242.202	1889
242.232	1889
242.267	1889
242.302	1889
242.332	1889
242.367	1889
242.402	1889
242.432	1889
242.467	1889
242.502	1889
242.532	1889
242.567	1889
242.602	1889
242.632	1889
242.662	1889
242.702	1889
242.732	1889
242.762	1889
242.802	1889
242.832	1889
242.867	1889
242.902	1889
242.932	1889
242.967	1889
243.002	1889
243.032	1889
243.067	1889
243.102	1889
243.132	1889
243.167	1889
243.202	1889
243.232	1889
243.257	1889
243.302	1889
243.332	1889
243.367	1889
243.402	1889
243.432	1889
243.462	1889
243.502	1889
243.532	1889
243.567	1889
243.602	1889
243.632	1889
243.667	1889
243.702	1889
243.732	1889
243.767	1889
243.802	1889
243.832	1889
243.867	1889
243.902	1889
243.932	1889
243.962	1889
244.002	1889
244.032	1889
244.067	1889
244.102	1889
244.132	1889
244.167	1889
244.202	1889
244.227	1889
244.267	1889
244.302	1889
244.332	1889
244.367	1889
244.402	1889
244.432	1889
244.467	1889
244.502	1889
244.532	1889
244.567	1889
244.602	1889
244.632	1889
244.667	1889
244.702	1889
244.732	1889
244.767	1889
244.802	1889
244.832	1889
244.867	1889
244.902	1889
244.932	1889
244.967	1889
245.002	1889
245.032	1889
245.067	1889
245.102	1889
245.132	1889
245.167	1889
245.202	1889
245.232	1889
245.267	1889
245.302	1889
245.332	1889
245.367	1889
245.402	1889
245.432	1889
245.467	1889
245.502	1889
245.532	1889
245.567	1889
245.602	1889
245.632	1889
245.667	1889
245.702	1889
245.732	1889
245.767	1889
245.802	1889
245.832	1889
245.867	1889
245.902	1889
245.932	1889
245.967	1889
246.002	1889
246.032	1889
246.067	1889
246.102	1889
246.127	1889
246.167	1889
246.202	1889
246.232	1889
246.267	1889
246.302	1889
246.332	1889
246.367	1889
246.402	1889
246.432	1889
246.467	1889
246.502	1889
246.532	1889
246.557	1889
246.602	1889
246.632	1889
246.667	1889
246.702	1889
246.732	1889
246.767	1889
246.802	1889
246.832	1889
246.867	1889
246.902	1889
246.932	1889
246.967	1889
247.002	1889
247.032	1889
247.067	1889
247.102	1889
247.127	1889
247.167	1889
247.202	1889
247.232	1889
247.267	1889
247.302	1889
247.332	1889
247.367	1889
247.402	1889
247.432	1889
247.467	1889
247.502	1889
247.532	1889
247.567	1889
247.602	1889
247.632	1889
247.667	1889
247.702	1889
247.732	1889
247.767	1889
247.802	1889
247.832	1889
247.867	1889
247.902	1889
247.932	1889
247.967	1889
248.002	1889
248.032	1889
248.057	1889
248.102	1889
248.132	1889
248.167	1889
248.202	1889
248.232	1889
248.267	1889
248.302	1889
248.332	1889
248.362	1889
248.402	1889
248.432	1889
248.467	1889
248.502	1889
248.532	1889
248.567	1889
248.602	1889
248.632	1889
248.667	1889
248.702	1889
248.732	1889
248.767	1889
248.802	1889
248.832	1889
248.857	1889
248.882	1889
248.907	1889
248.932	1889
248.967	1889
249.002	1889
249.027	1889
249.067	1889
249.102	1889
249.127	1889
249.167	1889
249.202	1889
249.232	1889
249.267	1889
249.302	1889
249.332	1889
249.367	1889
249.402	1889
249.432	1889
249.467	1889
249.502	1889
249.532	1889
249.567	1889
249.602	1889
249.632	1889
249.667	1889
249.702	1889
249.732	1889
249.767	1889
249.802	1889
249.832	1889
249.867	1889
249.902	1889
249.932	1889
249.967	1889
250.002	1889
250.032	1889
250.067	1889
250.102	1889
250.132	1889
250.167	1889
250.202	1889
250.232	1889
250.267	1889
250.302	1889
250.332	1889
250.367	1889
250.402	1889
250.432	1889
250.467	1889
250.502	1889
250.527	1889
250.567	1889
250.602	1889
250.632	1889
250.667	1889
250.702	1889
250.732	1889
250.762	1889
250.802	1889
250.832	1889
250.867	1889
250.902	1889
250.932	1889
250.967	1889
251.002	1889
251.032	1889
251.067	1889
251.102	1889
251.132	1889
251.167	1889
251.202	1889
251.232	1889
251.267	1889
251.302	1889
251.332	1889
251.367	1889
251.392	1889
251.432	1889
251.467	1889
251.502	1889
251.532	1889
251.567	1889
251.592	1889
251.632	1889
251.667	1889
251.702	1889
251.732	1889
251.767	1889
251.802	1889
251.832	1889
251.867	1889
251.902	1889
251.932	1889
251.967	1889
251.992	1889
252.027	1889
252.067	1889
252.102	1889
252.132	1889
252.167	1889
252.202	1889
252.227	1889
252.267	1889
252.302	1889
252.332	1889
252.367	1889
252.402	1889
252.432	1889
252.467	1889
252.502	1889
252.532	1889
252.567	1889
252.602	1889
252.632	1889
252.667	1889
252.702	1889
252.732	1889
252.767	1889
252.802	1889
252.832	1889
252.867	1889
252.902	1889
252.932	1889
252.967	1889
253.002	1889
253.032	1889
253.067	1889
253.102	1889
253.132	1889
253.167	1889
253.202	1889
253.232	1889
253.267	1889
253.302	1889
253.332	1889
253.367	1889
253.402	1889
253.432	1889
253.467	1889
253.502	1889
253.532	1889
253.562	1889
253.602	1889
253.627	1889
253.667	1889
253.702	1889
253.727	1889
253.762	1889
253.802	1889
253.832	1889
253.867	1889
253.902	1889
253.932	1889
253.957	1889
254.002	1889
254.032	1889
254.067	1889
254.102	1889
254.132	1889
254.162	1889
254.202	1889
254.232	1889
254.267	1889
254.302	1889
254.332	1889
254.367	1889
254.402	1889
254.432	1889
254.467	1889
254.502	1889
254.532	1889
254.567	1889
254.602	1889
254.632	1889
254.667	1889
254.702	1889
254.732	1889
254.767	1889
254.802	1889
254.832	1889
254.867	1889
254.902	1889
254.932	1889
254.967	1889
255.002	1889
255.032	1889
255.067	1889
255.102	1889
255.132	1889
255.167	1889
255.202	1889
255.232	1889
255.267	1889
255.302	1889
255.332	1889
255.367	1889
255.402	1889
255.432	1889
255.467	1889
255.502	1889
255.532	1889
255.567	1889
255.602	1889
255.632	1889
255.667	1889
255.702	1889
255.732	1889
255.767	1889
255.802	1889
255.832	1889
255.867	1889
255.902	1889
255.932	1889
255.962	1889
256.002	1889
256.032	1889
256.067	1889
256.102	1889
256.132	1889
256.167	1889
256.202	1889
256.232	1889
256.267	1889
256.302	1889
256.332	1889
256.367	1889
256.402	1889
256.432	1889
256.462	1889
256.502	1889
256.532	1889
256.567	1889
256.602	1889
256.632	1889
256.667	1889
256.702	1889
256.732	1889
256.767	1889
256.802	1889
256.832	1889
256.867	1889
256.902	1889
256.932	1889
256.967	1889
257.002	1889
257.027	1889
257.067	1889
257.102	1889
257.132	1889
257.167	1889
257.202	1889
257.232	1889
257.267	1889
257.302	1889
257.332	1889
257.367	1889
257.402	1889
257.432	1889
257.467	1889
257.502	1889
257.532	1889
257.567	1889
257.602	1889
257.632	1889
257.667	1889
257.702	1889
257.732	1889
257.757	1889
257.802	1889
257.832	1889
257.867	1889
257.902	1889
257.932	1889
257.967	1889
258.002	1889
258.032	1889
258.067	1889
258.102	1889
258.132	1889
258.167	1889
258.202	1889
258.232	1889
258.267	1889
258.302	1889
258.332	1889
258.367	1889
258.402	1889
258.432	1889
258.467	1889
258.502	1889
258.532	1889
258.567	1889
258.602	1889
258.632	1889
258.667	1889
258.702	1889
258.732	1889
258.767	1889
258.802	1889
258.832	1889
258.867	1889
258.902	1889
258.932	1889
258.967	1889
259.002	1889
259.032	1889
259.067	1889
259.102	1889
259.132	1889
259.167	1889
259.202	1889
259.232	1889
259.267	1889
259.302	1889
259.332	1889
259.367	1889
259.402	1889
259.432	1889
259.467	1889
259.502	1889
259.532	1889
259.567	1889
259.602	1889
259.632	1889
259.667	1889
259.702	1889
259.732	1889
259.767	1889
259.802	1889
259.827	1889
259.867	1889
259.902	1889
259.932	1889
259.967	1889
260.002	1889
260.032	1889
260.067	1889
260.102	1889
260.132	1889
260.167	1889
260.202	1889
260.232	1889
260.267	1889
260.302	1889
260.332	1889
260.367	1889
260.402	1889
260.432	1889
260.467	1889
260.502	1889
260.532	1889
260.567	1889
260.602	1889
260.632	1889
260.667	1889
260.702	1889
260.732	1889
260.767	1889
260.802	1889
260.832	1889
260.867	1889
260.902	1889
260.932	1889
260.967	1889
261.002	1889
261.027	1889
261.067	1889
261.102	1889
261.132	1889
261.167	1889
261.202	1889
261.232	1889
261.267	1889
261.302	1889
261.332	1889
261.367	1889
261.392	1889
261.432	1889
261.467	1889
261.492	1889
261.532	1889
261.567	1889
261.602	1889
261.632	1889
261.667	1889
261.702	1889
261.732	1889
261.767	1889
261.802	1889
261.832	1889
261.867	1889
261.902	1889
261.932	1889
261.967	1889
262.002	1889
262.032	1889
262.067	1889
262.102	1889
262.132	1889
262.167	1889
262.202	1889
262.227	1889
262.267	1889
262.302	1889
262.332	1889
262.367	1889
262.402	1889
262.432	1889
262.457	1889
262.502	1889
262.532	1889
262.567	1889
262.602	1889
262.632	1889
262.667	1889
262.702	1889
262.732	1889
262.767	1889
262.802	1889
262.832	1889
262.867	1889
262.902	1889
262.932	1889
262.967	1889
263.002	1889
263.032	1889
263.067	1889
263.102	1889
263.132	1889
263.167	1889
263.202	1889
263.232	1889
263.267	1889
263.302	1889
263.332	1889
263.367	1889
263.402	1889
263.432	1889
263.467	1889
263.502	1889
263.532	1889
263.567	1889
263.602	1889
263.632	1889
263.667	1889
263.702	1889
263.732	1889
263.767	1889
263.802	1889
263.832	1889
263.867	1889
263.902	1889
263.932	1889
263.967	1889
264.002	1889
264.032	1889
264.067	1889
264.102	1889
264.132	1889
264.167	1889
264.202	1889
264.232	1889
264.267	1889
264.302	1889
264.332	1889
264.367	1889
264.392	1889
264.432	1889
264.467	1889
264.502	1889
264.532	1889
264.567	1889
264.602	1889
264.632	1889
264.667	1889
264.702	1889
264.732	1889
264.767	1889
264.802	1889
264.832	1889
264.867	1889
264.902	1889
264.932	1889
264.967	1889
265.002	1889
265.032	1889
265.067	1889
265.102	1889
265.132	1889
265.167	1889
265.202	1889
265.232	1889
265.267	1889
265.302	1889
265.332	1889
265.367	1889
265.402	1889
265.432	1889
265.467	1889
265.502	1889
265.532	1889
265.567	1889
265.602	1889
265.632	1889
265.667	1889
265.702	1889
265.732	1889
265.767	1889
265.802	1889
265.832	1889
265.867	1889
265.902	1889
265.932	1889
265.967	1889
266.002	1889
266.032	1889
266.067	1889
266.102	1889
266.132	1889
266.167	1889
266.202	1889
266.232	1889
266.267	1889
266.302	1889
266.332	1889
266.367	1889
266.402	1889
266.432	1889
266.467	1889
266.502	1889
266.532	1889
266.567	1889
266.602	1889
266.632	1889
266.667	1889
266.702	1889
266.732	1889
266.767	1889
266.802	1889
266.832	1889
266.867	1889
266.902	1889
266.932	1889
266.967	1889
267.002	1889
267.032	1889
267.067	1889
267.092	1889
267.132	1889
267.167	1889
267.202	1889
267.232	1889
267.267	1889
267.292	1889
267.332	1889
267.367	1889
267.402	1889
267.432	1889
267.467	1889
267.502	1889
267.532	1889
267.567	1889
267.602	1889
267.632	1889
267.667	1889
267.702	1889
267.732	1889
267.767	1889
267.802	1889
267.832	1889
267.867	1889
267.902	1889
267.932	1889
267.967	1889
268.002	1889
268.032	1889
268.067	1889
268.102	1889
268.132	1889
268.162	1889
268.202	1889
268.232	1889
268.262	1889
268.302	1889
268.332	1889
268.367	1889
268.402	1889
268.432	1889
268.467	1889
268.502	1889
268.532	1889
268.567	1889
268.602	1889
268.632	1889
268.667	1889
268.702	1889
268.732	1889
268.767	1889
268.792	1889
268.832	1889
268.862	1889
268.902	1889
268.932	1889
268.967	1889
269.002	1889
269.032	1889
269.067	1889
269.102	1889
269.127	1889
269.167	1889
269.202	1889
269.232	1889
269.267	1889
269.302	1889
269.332	1889
269.367	1889
269.402	1889
269.432	1889
269.467	1889
269.502	1889
269.532	1889
269.567	1889
269.602	1889
269.632	1889
269.667	1889
269.702	1889
269.732	1889
269.767	1889
269.802	1889
269.827	1889
269.867	1889
269.902	1889
269.932	1889
269.962	1889
270.002	1889
270.032	1889
270.067	1889
270.102	1889
270.132	1889
270.167	1889
270.202	1889
270.232	1889
270.267	1889
270.302	1889
270.332	1889
270.367	1889
270.402	1889
270.432	1889
270.467	1889
270.492	1889
270.532	1889
270.567	1889
270.602	1889
270.627	1889
270.667	1889
270.702	1889
270.732	1889
270.767	1889
270.802	1889
270.827	1889
270.867	1889
270.902	1889
270.932	1889
270.967	1889
270.992	1889
271.032	1889
271.067	1889
271.102	1889
271.132	1889
271.167	1889
271.202	1889
271.232	1889
271.267	1889
271.302	1889
271.332	1889
271.367	1889
271.402	1889
271.432	1889
271.467	1889
271.502	1889
271.532	1889
271.567	1889
271.602	1889
271.632	1889
271.667	1889
271.702	1889
271.732	1889
271.767	1889
271.802	1889
271.832	1889
271.867	1889
271.902	1889
271.932	1889
271.967	1889
272.002	1889
272.032	1889
272.067	1889
272.102	1889
272.132	1889
272.167	1889
272.202	1889
272.232	1889
272.267	1889
272.302	1889
272.332	1889
272.367	1889
272.402	1889
272.432	1889
272.467	1889
272.502	1889
272.532	1889
272.567	1889
272.602	1889
272.632	1889
272.667	1889
272.702	1889
272.732	1889
272.767	1889
272.802	1889
272.832	1889
272.867	1889
272.902	1889
272.932	1889
272.967	1889
273.002	1889
273.032	1889
273.067	1889
273.102	1889
273.132	1889
273.167	1889
273.202	1889
273.232	1889
273.267	1889
273.302	1889
273.332	1889
273.367	1889
273.402	1889
273.432	1889
273.467	1889
273.502	1889
273.532	1889
273.557	1889
273.602	1889
273.632	1889
273.667	1889
273.702	1889
273.732	1889
273.762	1889
273.802	1889
273.832	1889
273.867	1889
273.902	1889
273.932	1889
273.967	1889
274.002	1889
274.032	1889
274.067	1889
274.102	1889
274.132	1889
274.167	1889
274.202	1889
274.227	1889
274.267	1889
274.302	1889
274.332	1889
274.367	1889
274.402	1889
274.432	1889
274.467	1889
274.502	1889
274.532	1889
274.567	1889
274.602	1889
274.632	1889
274.667	1889
274.702	1889
274.727	1889
274.767	1889
274.802	1889
274.832	1889
274.867	1889
274.902	1889
274.932	1889
274.967	1889
275.002	1889
275.032	1889
275.067	1889
275.102	1889
275.132	1889
275.167	1889
275.202	1889
275.232	1889
275.267	1889
275.302	1889
275.332	1889
275.367	1889
275.402	1889
275.432	1889
275.467	1889
275.502	1889
275.532	1889
275.567	1889
275.602	1889
275.632	1889
275.667	1889
275.702	1889
275.732	1889
275.767	1889
275.802	1889
275.832	1889
275.867	1889
275.902	1889
275.932	1889
275.967	1889
276.002	1889
276.032	1889
276.067	1889
276.102	1889
276.132	1889
276.167	1889
276.202	1889
276.232	1889
276.267	1889
276.302	1889
276.332	1889
276.367	1889
276.402	1889
276.432	1889
276.462	1889
276.502	1889
276.532	1889
276.567	1889
276.602	1889
276.632	1889
276.667	1889
276.702	1889
276.732	1889
276.767	1889
276.802	1889
276.832	1889
276.867	1889
276.902	1889
276.932	1889
276.967	1889
277.002	1889
277.032	1889
277.062	1889
277.102	1889
277.132	1889
277.167	1889
277.202	1889
277.232	1889
277.267	1889
277.302	1889
277.332	1889
277.367	1889
277.402	1889
277.432	1889
277.467	1889
277.502	1889
277.532	1889
277.567	1889
277.602	1889
277.632	1889
277.667	1889
277.702	1889
277.732	1889
277.767	1889
277.802	1889
277.832	1889
277.867	1889
277.902	1889
277.932	1889
277.967	1889
278.002	1889
278.032	1889
278.067	1889
278.102	1889
278.132	1889
278.167	1889
278.202	1889
278.227	1889
278.267	1889
278.302	1889
278.332	1889
278.367	1889
278.402	1889
278.432	1889
278.467	1889
278.502	1889
278.532	1889
278.567	1889
278.602	1889
278.632	1889
278.667	1889
278.702	1889
278.732	1889
278.767	1889
278.802	1889
278.832	1889
278.862	1889
278.902	1889
278.932	1889
278.967	1889
279.002	1889
279.032	1889
279.067	1889
279.102	1889
279.132	1889
279.167	1889
279.192	1889
279.232	1889
279.267	1889
279.292	1889
279.332	1889
279.367	1889
279.402	1889
279.432	1889
279.467	1889
279.502	1889
279.532	1889
279.567	1889
279.602	1889
279.632	1889
279.667	1889
279.702	1889
279.732	1889
279.767	1889
279.802	1889
279.832	1889
279.867	1889
279.902	1889
279.932	1889
279.962	1889
280.002	1889
280.032	1889
280.067	1889
280.102	1889
280.132	1889
280.167	1889
280.202	1889
280.232	1889
280.267	1889
280.302	1889
280.332	1889
280.367	1889
280.402	1889
280.432	1889
280.467	1889
280.502	1889
280.532	1889
280.567	1889
280.602	1889
280.632	1889
280.667	1889
280.702	1889
280.732	1889
280.767	1889
280.802	1889
280.832	1889
280.867	1889
280.902	1889
280.932	1889
280.967	1889
281.002	1889
281.032	1889
281.067	1889
281.102	1889
281.132	1889
281.167	1889
281.202	1889
281.232	1889
281.267	1889
281.302	1889
281.332	1889
281.367	1889
281.402	1889
281.432	1889
281.467	1889
281.502	1889
281.532	1889
281.567	1889
281.602	1889
281.632	1889
281.667	1889
281.702	1889
281.732	1889
281.767	1889
281.802	1889
281.832	1889
281.867	1889
281.902	1889
281.932	1889
281.967	1889
282.002	1889
282.032	1889
282.067	1889
282.102	1889
282.132	1889
282.167	1889
282.202	1889
282.232	1889
282.267	1889
282.302	1889
282.332	1889
282.367	1889
282.392	1889
282.432	1889
282.467	1889
282.502	1889
282.532	1889
282.567	1889
282.602	1889
282.632	1889
282.667	1889
282.702	1889
282.732	1889
282.767	1889
282.802	1889
282.832	1889
282.857	1889
282.887	1889
282.912	1889
282.937	1889
282.967	1889
283.002	1889
283.032	1889
283.067	1889
283.102	1889
283.132	1889
283.167	1889
283.202	1889
283.232	1889
283.267	1889
283.302	1889
283.332	1889
283.367	1889
283.402	1889
283.432	1889
283.467	1889
283.502	1889
283.532	1889
283.557	1889
283.602	1889
283.632	1889
283.667	1889
283.702	1889
283.727	1889
283.767	1889
283.802	1889
283.832	1889
283.867	1889
283.902	1889
283.932	1889
283.967	1889
284.002	1889
284.032	1889
284.067	1889
284.102	1889
284.132	1889
284.167	1889
284.192	1889
284.232	1889
284.267	1889
284.302	1889
284.332	1889
284.367	1889
284.402	1889
284.432	1889
284.467	1889
284.502	1889
284.532	1889
284.567	1889
284.602	1889
284.632	1889
284.667	1889
284.702	1889
284.732	1889
284.767	1889
284.802	1889
284.832	1889
284.867	1889
284.902	1889
284.932	1889
284.967	1889
285.002	1889
285.032	1889
285.067	1889
285.102	1889
285.132	1889
285.167	1889
285.202	1889
285.232	1889
285.267	1889
285.302	1889
285.332	1889
285.367	1889
285.402	1889
285.432	1889
285.467	1889
285.502	1889
285.532	1889
285.557	1889
285.602	1889
285.632	1889
285.667	1889
285.702	1889
285.732	1889
285.767	1889
285.802	1889
285.832	1889
285.867	1889
285.902	1889
285.932	1889
285.967	1889
286.002	1889
286.032	1889
286.067	1889
286.102	1889
286.132	1889
286.167	1889
286.202	1889
286.232	1889
286.267	1889
286.302	1889
286.332	1889
286.367	1889
286.402	1889
286.432	1889
286.467	1889
286.502	1889
286.532	1889
286.567	1889
286.602	1889
286.632	1889
286.667	1889
286.702	1889
286.732	1889
286.767	1889
286.802	1889
286.832	1889
286.867	1889
286.902	1889
286.932	1889
286.967	1889
287.002	1889
287.032	1889
287.067	1889
287.102	1889
287.132	1889
287.167	1889
287.202	1889
287.232	1889
287.267	1889
287.302	1889
287.332	1889
287.367	1889
287.392	1889
287.432	1889
287.467	1889
287.502	1889
287.532	1889
287.562	1889
287.587	1889
287.612	1889
287.637	1889
287.667	1889
287.702	1889
287.727	1889
287.767	1889
287.802	1889
287.832	1889
287.867	1889
287.902	1889
287.932	1889
287.967	1889
288.002	1889
288.032	1889
288.067	1889
288.102	1889
288.132	1889
288.167	1889
288.202	1889
288.232	1889
288.257	1889
288.302	1889
288.332	1889
288.367	1889
288.402	1889
288.432	1889
288.467	1889
288.502	1889
288.532	1889
288.567	1889
288.602	1889
288.632	1889
288.667	1889
288.702	1889
288.732	1889
288.767	1889
288.802	1889
288.832	1889
288.867	1889
288.902	1889
288.927	1889
288.967	1889
289.002	1889
289.032	1889
289.067	1889
289.102	1889
289.132	1889
289.167	1889
289.202	1889
289.232	1889
289.262	1889
289.302	1889
289.332	1889
289.367	1889
289.402	1889
289.432	1889
289.467	1889
289.502	1889
289.532	1889
289.567	1889
289.602	1889
289.632	1889
289.667	1889
289.702	1889
289.732	1889
289.762	1889
289.792	1889
289.822	1889
289.867	1889
289.902	1889
289.932	1889
289.967	1889
290.002	1889
290.032	1889
290.067	1889
290.102	1889
290.132	1889
290.167	1889
290.202	1889
290.232	1889
290.267	1889
290.302	1889
290.332	1889
290.367	1889
290.402	1889
290.432	1889
290.467	1889
290.502	1889
290.532	1889
290.567	1889
290.602	1889
290.632	1889
290.667	1889
290.702	1889
290.732	1889
290.767	1889
290.802	1889
290.832	1889
290.867	1889
290.902	1889
290.932	1889
290.967	1889
291.002	1889
291.032	1889
291.067	1889
291.102	1889
291.132	1889
291.167	1889
291.202	1889
291.232	1889
291.267	1889
291.302	1889
291.332	1889
291.367	1889
291.392	1889
291.432	1889
291.467	1889
291.502	1889
291.532	1889
291.567	1889
291.602	1889
291.632	1889
291.667	1889
291.702	1889
291.732	1889
291.767	1889
291.802	1889
291.832	1889
291.867	1889
291.902	1889
291.932	1889
291.967	1889
292.002	1889
292.032	1889
292.067	1889
292.102	1889
292.132	1889
292.167	1889
292.202	1889
292.232	1889
292.267	1889
292.302	1889
292.332	1889
292.367	1889
292.402	1889
292.432	1889
292.467	1889
292.502	1889
292.532	1889
292.567	1889
292.602	1889
292.632	1889
292.667	1889
292.702	1889
292.732	1889
292.767	1889
292.802	1889
292.832	1889
292.867	1889
292.902	1889
292.932	1889
292.967	1889
293.002	1889
293.032	1889
293.067	1889
293.102	1889
293.132	1889
293.167	1889
293.202	1889
293.232	1889
293.267	1889
293.302	1889
293.332	1889
293.367	1889
293.402	1889
293.432	1889
293.467	1889
293.502	1889
293.532	1889
293.567	1889
293.602	1889
293.632	1889
293.667	1889
293.702	1889
293.732	1889
293.767	1889
293.802	1889
293.832	1889
293.867	1889
293.902	1889
293.932	1889
293.967	1889
294.002	1889
294.032	1889
294.067	1889
294.102	1889
294.132	1889
294.167	1889
294.202	1889
294.232	1889
294.267	1889
294.302	1889
294.332	1889
294.367	1889
294.402	1889
294.432	1889
294.467	1889
294.502	1889
294.532	1889
294.567	1889
294.602	1889
294.632	1889
294.667	1889
294.702	1889
294.732	1889
294.767	1889
294.802	1889
294.832	1889
294.867	1889
294.902	1889
294.932	1889
294.967	1889
295.002	1889
295.032	1889
295.067	1889
295.102	1889
295.132	1889
295.167	1889
295.202	1889
295.232	1889
295.257	1889
295.302	1889
295.332	1889
295.367	1889
295.402	1889
295.432	1889
295.467	1889
295.502	1889
295.532	1889
295.567	1889
295.602	1889
295.632	1889
295.667	1889
295.702	1889
295.732	1889
295.767	1889
295.802	1889
295.832	1889
295.867	1889
295.902	1889
295.932	1889
295.967	1889
296.002	1889
296.032	1889
296.067	1889
296.102	1889
296.127	1889
296.152	1889
296.177	1889
296.202	1889
296.227	1889
296.262	1889
296.302	1889
296.332	1889
296.367	1889
296.402	1889
296.432	1889
296.467	1889
296.502	1889
296.532	1889
296.567	1889
296.602	1889
296.632	1889
296.667	1889
296.702	1889
296.732	1889
296.767	1889
296.802	1889
296.832	1889
296.867	1889
296.902	1889
296.932	1889
296.967	1889
297.002	1889
297.032	1889
297.067	1889
297.102	1889
297.132	1889
297.167	1889
297.202	1889
297.232	1889
297.267	1889
297.302	1889
297.332	1889
297.367	1889
297.402	1889
297.432	1889
297.467	1889
297.502	1889
297.532	1889
297.567	1889
297.602	1889
297.632	1889
297.657	1889
297.702	1889
297.732	1889
297.767	1889
297.802	1889
297.832	1889
297.867	1889
297.902	1889
297.932	1889
297.967	1889
298.002	1889
298.032	1889
298.067	1889
298.102	1889
298.132	1889
298.167	1889
298.202	1889
298.232	1889
298.267	1889
298.302	1889
298.332	1889
298.367	1889
298.402	1889
298.432	1889
298.467	1889
298.502	1889
298.532	1889
298.567	1889
298.602	1889
298.632	1889
298.667	1889
298.702	1889
298.732	1889
298.767	1889
298.802	1889
298.832	1889
298.867	1889
298.902	1889
298.932	1889
298.967	1889
299.002	1889
299.032	1889
299.067	1889
299.102	1889
299.132	1889
299.167	1889
299.202	1889
299.227	1889
299.262	1889
299.302	1889
299.332	1889
299.367	1889
299.402	1889
299.432	1889
299.467	1889
299.502	1889
299.532	1889
299.557	1889
299.602	1889
299.632	1889
299.667	1889
299.702	1889
299.732	1889
299.767	1889
299.802	1889
299.832	1889
299.867	1889
299.902	1889
299.932	1889
299.967	1889
300.002	1889
300.032	1889
300.067	1889
300.102	1889
300.132	1889
300.167	1889
300.202	1889
300.232	1889
300.267	1889
300.302	1889
300.332	1889
300.367	1889
300.402	1889
300.432	1889
300.467	1889
300.502	1889
300.532	1889
300.567	1889
300.602	1889
300.632	1889
300.667	1889
300.702	1889
300.732	1889
300.767	1889
300.802	1889
300.832	1889
300.867	1889
300.902	1889
300.932	1889
300.967	1889
301.002	1889
301.032	1889
301.067	1889
301.102	1889
301.132	1889
301.167	1889
301.202	1889
301.232	1889
301.267	1889
301.302	1889
301.332	1889
301.367	1889
301.402	1889
301.432	1889
301.467	1889
301.492	1889
301.532	1889
301.567	1889
301.602	1889
301.632	1889
301.667	1889
301.702	1889
301.732	1889
301.767	1889
301.802	1889
301.832	1889
301.867	1889
301.902	1889
301.932	1889
301.967	1889
302.002	1889
302.032	1889
302.067	1889
302.102	1889
302.132	1889
302.167	1889
302.202	1889
302.232	1889
302.267	1889
302.302	1889
302.332	1889
302.367	1889
302.402	1889
302.432	1889
302.467	1889
302.502	1889
302.532	1889
302.567	1889
302.602	1889
302.632	1889
302.667	1889
302.702	1889
302.732	1889
302.767	1889
302.802	1889
302.832	1889
302.867	1889
302.902	1889
302.932	1889
302.967	1889
303.002	1889
303.032	1889
303.067	1889
303.102	1889
303.132	1889
303.167	1889
303.202	1889
303.232	1889
303.267	1889
303.302	1889
303.332	1889
303.367	1889
303.402	1889
303.432	1889
303.467	1889
303.502	1889
303.532	1889
303.567	1889
303.602	1889
303.632	1889
303.667	1889
303.702	1889
303.732	1889
303.767	1889
303.802	1889
303.832	1889
303.867	1889
303.902	1889
303.932	1889
303.967	1889
304.002	1889
304.032	1889
304.067	1889
304.102	1889
304.132	1889
304.167	1889
304.202	1889
304.232	1889
304.267	1889
304.302	1889
304.332	1889
304.367	1889
304.402	1889
304.432	1889
304.467	1889
304.502	1889
304.532	1889
304.567	1889
304.602	1889
304.632	1889
304.667	1889
304.702	1889
304.732	1889
304.767	1889
304.802	1889
304.832	1889
304.867	1889
304.902	1889
304.932	1889
304.967	1889
305.002	1889
305.032	1889
305.067	1889
305.102	1889
305.132	1889
305.167	1889
305.202	1889
305.232	1889
305.267	1889
305.302	1889
305.332	1889
305.367	1889
305.402	1889
305.432	1889
305.467	1889
305.502	1889
305.532	1889
305.567	1889
305.602	1889
305.632	1889
305.667	1889
305.702	1889
305.732	1889
305.767	1889
305.802	1889
305.832	1889
305.867	1889
305.902	1889
305.932	1889
305.957	1889
306.002	1889
306.032	1889
306.067	1889
306.102	1889
306.132	1889
306.167	1889
306.202	1889
306.232	1889
306.267	1889
306.302	1889
306.332	1889
306.367	1889
306.402	1889
306.432	1889
306.467	1889
306.502	1889
306.532	1889
306.567	1889
306.602	1889
306.632	1889
306.667	1889
306.702	1889
306.732	1889
306.767	1889
306.802	1889
306.832	1889
306.857	1889
306.902	1889
306.932	1889
306.967	1889
307.002	1889
307.032	1889
307.067	1889
307.102	1889
307.132	1889
307.167	1889
307.202	1889
307.232	1889
307.267	1889
307.302	1889
307.332	1889
307.357	1889
307.402	1889
307.432	1889
307.467	1889
307.502	1889
307.532	1889
307.567	1889
307.602	1889
307.632	1889
307.667	1889
307.702	1889
307.732	1889
307.767	1889
307.802	1889
307.832	1889
307.867	1889
307.902	1889
307.932	1889
307.962	1889
308.002	1889
308.032	1889
308.067	1889
308.102	1889
308.132	1889
308.167	1889
308.202	1889
308.232	1889
308.267	1889
308.302	1889
308.332	1889
308.367	1889
308.402	1889
308.432	1889
308.467	1889
308.502	1889
308.527	1889
308.567	1889
308.602	1889
308.632	1889
308.667	1889
308.702	1889
308.732	1889
308.767	1889
308.792	1889
308.832	1889
308.867	1889
308.902	1889
308.932	1889
308.967	1889
309.002	1889
309.032	1889
309.067	1889
309.102	1889
309.132	1889
309.167	1889
309.202	1889
309.232	1889
309.267	1889
309.302	1889
309.332	1889
309.367	1889
309.402	1889
309.432	1889
309.467	1889
309.502	1889
309.532	1889
309.567	1889
309.602	1889
309.632	1889
309.667	1889
309.702	1889
309.732	1889
309.767	1889
309.802	1889
309.832	1889
309.867	1889
309.902	1889
309.932	1889
309.967	1889
