0.057	22
0.085	22
0.135	22
0.16	22
0.193	25
0.225	22
0.259	22
0.294	22
0.324	22
0.359	22
0.394	22
0.424	22
0.459	22
0.494	22
0.52	20
0.559	22
0.597	25
0.627	25
0.659	22
0.685	20
0.71	33
0.735	28
0.762	25
0.797	25
0.824	22
0.859	22
0.884	22
0.91	33
0.935	28
0.962	25
0.987	20
1.013	36
1.039	32
1.065	28
1.094	22
1.124	22
1.159	22
1.184	37
1.209	32
1.236	29
1.262	25
1.294	22
1.324	22
1.359	22
1.386	29
1.412	35
1.438	31
1.465	28
1.494	22
1.519	37
1.546	39
1.573	31
1.6	28
1.627	25
1.659	22
1.685	38
1.711	34
1.736	29
1.761	24
1.786	39
1.811	34
1.838	31
1.865	28
1.894	22
1.92	38
1.946	34
1.973	31
2	28
2.027	25
2.059	22
2.085	38
2.111	34
2.137	30
2.162	25
2.194	22
2.221	39
2.247	35
2.273	31
2.3	28
2.327	25
2.359	22
2.394	22
2.424	22
2.459	22
2.494	22
2.524	22
2.559	22
2.594	22
2.624	22
2.659	22
2.69	20
2.717	35
2.744	32
2.773	31
2.8	28
2.827	25
2.855	20
2.881	34
2.907	30
2.932	30
2.959	22
2.994	22
3.024	22
3.059	22
3.087	20
3.114	32
3.14	33
3.165	28
3.194	22
3.224	22
3.259	22
3.294	22
3.324	22
3.359	22
3.385	20
3.411	34
3.437	30
3.462	25
3.494	22
3.524	22
3.559	22
3.594	22
3.624	22
3.659	22
3.684	37
3.711	34
3.736	29
3.762	25
3.794	22
3.82	38
3.847	35
3.873	31
3.9	28
3.927	25
3.959	22
3.994	22
4.02	20
4.047	35
4.073	31
4.1	28
4.127	25
4.159	22
4.194	22
4.224	22
4.259	22
4.294	22
4.32	20
4.346	34
4.372	30
4.397	25
4.424	22
4.459	22
4.486	29
4.512	35
4.537	30
4.562	25
4.594	22
4.62	20
4.645	33
4.671	29
4.697	25
4.724	22
4.759	22
4.784	22
4.809	32
4.835	28
4.862	25
4.889	22
4.915	33
4.94	33
4.965	28
4.994	22
5.024	22
5.059	22
5.094	22
5.124	22
5.159	22
5.194	22
5.22	20
5.246	34
5.273	31
5.299	27
5.324	22
5.359	22
5.394	22
5.424	22
5.459	22
5.494	22
5.52	20
5.546	34
5.573	31
5.6	28
5.627	25
5.659	22
5.694	22
5.724	22
5.759	22
5.794	22
5.824	22
5.859	22
5.894	22
5.924	22
5.955	20
5.982	35
6.008	31
6.033	31
6.059	22
6.089	22
6.115	33
6.142	35
6.168	31
6.194	22
6.224	22
6.255	20
6.281	34
6.308	31
6.333	31
6.359	22
6.394	22
6.424	22
6.451	39
6.478	36
6.503	31
6.53	28
6.559	22
6.594	22
6.624	22
6.654	22
6.679	32
6.706	29
6.733	31
6.759	22
6.794	22
6.824	22
6.853	20
6.88	33
6.906	29
6.932	30
6.959	22
6.994	22
7.024	22
7.059	22
7.087	20
7.114	32
7.141	34
7.168	31
7.194	22
7.224	22
7.259	22
7.294	22
7.32	38
7.346	34
7.373	31
7.4	28
7.427	25
7.459	22
7.485	38
7.512	35
7.538	31
7.565	28
7.594	22
7.619	37
7.644	37
7.67	33
7.697	25
7.726	24
7.751	39
7.776	34
7.803	31
7.828	26
7.854	42
7.88	38
7.906	34
7.932	30
7.957	45
7.983	41
8.009	32
8.035	33
8.062	25
8.087	40
8.114	37
8.139	37
8.164	27
8.19	43
8.216	39
8.241	39
8.268	31
8.293	46
8.32	43
8.345	43
8.372	35
8.397	25
8.424	42
8.449	42
8.474	42
8.5	28
8.526	49
8.551	49
8.577	50
8.602	30
8.627	45
8.652	45
8.677	40
8.704	32
8.73	33
8.755	53
8.782	45
8.807	35
8.834	47
8.859	47
8.885	48
8.91	33
8.935	33
8.96	48
8.985	43
9.011	39
9.036	34
9.062	25
9.09	20
9.116	39
9.141	34
9.168	31
9.194	22
9.22	38
9.246	39
9.271	34
9.297	25
9.324	22
9.35	38
9.376	34
9.403	31
9.429	27
9.459	22
9.486	39
9.513	36
9.54	33
9.565	28
9.594	22
9.619	42
9.644	37
9.671	34
9.697	25
9.723	41
9.752	45
9.778	36
9.803	31
9.83	38
9.855	48
9.88	38
9.905	33
9.93	48
9.955	48
9.98	43
10.005	33
10.032	45
10.057	50
10.082	45
10.107	35
10.132	50
10.157	50
10.185	43
10.21	38
10.235	48
10.26	48
10.286	49
10.312	40
10.338	51
10.364	42
10.392	50
10.417	45
10.442	40
10.467	35
10.493	38
10.518	46
10.544	42
10.569	52
10.595	48
10.62	43
10.646	44
10.671	49
10.697	50
10.724	47
10.75	48
10.775	48
10.801	29
10.826	34
10.851	44
10.877	50
10.905	33
10.93	28
10.957	40
10.983	46
11.009	32
11.036	34
11.062	45
11.087	50
11.113	36
11.138	36
11.163	41
11.188	46
11.213	36
11.238	36
11.265	28
11.294	22
11.324	22
11.359	22
11.385	23
11.411	34
11.438	36
11.465	28
11.494	22
11.524	22
11.551	44
11.578	36
11.605	33
11.63	28
11.659	22
11.694	22
11.719	42
11.746	39
11.773	36
11.8	28
11.827	25
11.859	22
11.886	44
11.911	34
11.936	34
11.962	25
11.988	41
12.014	37
12.04	38
12.065	28
12.09	43
12.116	39
12.141	34
12.166	39
12.192	50
12.218	41
12.244	42
12.27	38
12.296	49
12.323	46
12.349	47
12.374	47
12.399	27
12.425	45
12.451	49
12.476	39
12.502	35
12.528	51
12.553	46
12.578	41
12.603	31
12.63	48
12.655	48
12.68	43
12.707	35
12.734	32
12.759	47
12.786	49
12.811	34
12.836	34
12.861	49
12.89	48
12.916	39
12.941	39
12.966	49
12.991	49
13.016	39
13.041	39
13.067	50
13.094	22
13.119	42
13.146	39
13.171	49
13.197	25
13.224	22
13.249	42
13.274	37
13.3	28
13.327	25
13.355	20
13.381	39
13.408	36
13.435	33
13.462	25
13.494	22
13.522	35
13.548	41
13.574	37
13.6	28
13.627	25
13.659	22
13.684	42
13.711	34
13.736	34
13.762	25
13.794	22
13.82	43
13.845	38
13.871	34
13.897	25
13.922	45
13.948	41
13.973	36
14	28
14.025	48
14.05	43
14.075	38
14.1	28
14.125	48
14.151	49
14.176	39
14.201	44
14.227	50
14.253	51
14.278	41
14.303	31
14.328	51
14.353	46
14.378	41
14.404	32
14.429	47
14.454	52
14.48	43
14.505	33
14.53	48
14.557	45
14.582	45
14.608	36
14.633	46
14.658	46
14.683	46
14.708	36
14.733	51
14.758	46
14.784	47
14.809	37
14.834	52
14.86	38
14.885	48
14.911	34
14.936	49
14.963	36
14.99	48
15.016	39
15.041	39
15.068	31
15.094	22
15.119	42
15.146	44
15.171	34
15.197	25
15.222	30
15.247	40
15.273	36
15.3	28
15.327	25
15.355	20
15.381	39
15.408	36
15.433	31
15.459	22
15.494	22
15.524	22
15.549	24
15.576	34
15.603	31
15.63	28
15.659	22
15.688	41
15.715	38
15.74	33
15.765	28
15.794	22
15.819	42
15.844	37
15.874	32
15.9	28
15.926	29
15.951	44
15.976	39
16.001	29
16.03	33
16.056	49
16.081	44
16.108	36
16.135	33
16.162	45
16.189	47
16.214	42
16.242	40
16.269	52
16.296	49
16.321	49
16.346	44
16.371	49
16.396	34
16.421	49
16.446	44
16.472	35
16.497	30
16.524	47
16.549	52
16.574	42
16.601	44
16.626	49
16.651	49
16.676	39
16.701	39
16.726	49
16.751	49
16.778	41
16.805	38
16.832	30
16.859	47
16.884	42
16.909	42
16.934	42
16.96	53
16.985	43
17.01	43
17.036	49
17.062	25
17.088	41
17.113	41
17.139	37
17.165	28
17.19	23
17.216	44
17.241	34
17.268	31
17.294	27
17.32	20
17.345	38
17.371	34
17.398	31
17.424	22
17.451	44
17.477	35
17.503	36
17.53	28
17.559	22
17.584	42
17.609	37
17.635	33
17.665	28
17.691	24
17.717	45
17.744	37
17.769	32
17.794	47
17.821	49
17.847	40
17.872	35
17.898	51
17.924	47
17.95	43
17.976	39
18.002	35
18.028	51
18.054	47
18.08	43
18.106	39
18.133	46
18.158	46
18.183	46
18.211	44
18.236	34
18.261	49
18.29	48
18.316	49
18.343	41
18.368	46
18.393	51
18.419	47
18.446	44
18.471	34
18.496	49
18.522	50
18.549	47
18.576	34
18.603	46
18.628	41
18.653	46
18.679	37
18.704	42
18.729	47
18.756	49
18.783	41
18.812	45
18.837	35
18.862	25
18.888	41
18.915	43
18.942	35
18.967	30
18.996	29
19.024	22
19.059	22
19.089	22
19.115	20
19.14	33
19.165	28
19.192	25
19.224	22
19.249	42
19.276	34
19.301	34
19.327	25
19.359	22
19.385	43
19.412	40
19.438	36
19.465	28
19.492	25
19.517	45
19.542	35
19.568	31
19.593	46
19.618	46
19.644	37
19.673	36
19.7	43
19.726	49
19.753	46
19.779	42
19.806	44
19.832	30
19.857	50
19.885	43
19.91	43
19.939	37
19.965	28
19.99	48
20.015	48
20.041	39
20.066	44
20.091	49
20.116	49
20.146	44
20.172	45
20.198	51
20.224	47
20.253	46
20.279	37
20.305	53
20.33	48
20.355	48
20.381	39
20.406	44
20.433	51
20.458	51
20.484	42
20.509	47
20.534	42
20.561	49
20.587	45
20.614	47
20.639	37
20.665	28
20.69	43
20.715	48
20.74	38
20.765	28
20.792	40
20.819	32
20.846	39
20.873	36
20.9	33
20.927	25
20.955	20
20.981	39
21.006	34
21.033	31
21.059	22
21.084	32
21.111	39
21.136	34
21.162	25
21.189	22
21.224	22
21.249	42
21.276	34
21.303	36
21.33	28
21.359	22
21.385	43
21.412	40
21.438	31
21.465	28
21.49	38
21.515	43
21.545	38
21.57	33
21.595	28
21.62	48
21.647	40
21.674	37
21.7	38
21.725	48
21.75	43
21.777	40
21.802	50
21.828	51
21.853	46
21.878	41
21.905	48
21.93	48
21.955	48
21.98	43
22.005	48
22.031	29
22.059	52
22.085	43
22.111	49
22.136	34
22.162	50
22.187	50
22.212	50
22.238	36
22.264	27
22.29	48
22.316	49
22.341	39
22.368	31
22.393	46
22.419	47
22.445	43
22.471	34
22.496	49
22.521	49
22.546	39
22.572	35
22.597	50
22.622	45
22.649	42
22.674	37
22.699	52
22.724	22
22.753	20
22.779	37
22.805	43
22.83	28
22.859	22
22.884	42
22.909	42
22.935	33
22.962	25
22.989	42
23.015	43
23.041	34
23.068	31
23.095	28
23.124	22
23.159	22
23.189	22
23.224	22
23.259	22
23.292	25
23.319	22
23.344	37
23.37	33
23.395	28
23.427	25
23.459	22
23.486	44
23.512	40
23.538	36
23.565	28
23.592	25
23.617	45
23.643	36
23.67	33
23.695	28
23.721	49
23.746	44
23.771	34
23.797	30
23.822	50
23.847	40
23.873	36
23.899	52
23.924	47
23.949	42
23.975	38
24	53
24.026	49
24.051	44
24.076	39
24.101	49
24.126	49
24.151	44
24.176	39
24.202	50
24.227	40
24.253	46
24.279	42
24.305	43
24.33	48
24.355	48
24.381	39
24.406	49
24.431	49
24.458	51
24.483	46
24.509	42
24.534	32
24.561	49
24.586	49
24.611	49
24.638	36
24.664	27
24.689	47
24.714	47
24.739	37
24.765	28
24.79	43
24.815	48
24.84	33
24.865	28
24.892	45
24.917	45
24.943	36
24.97	33
24.997	30
25.024	22
25.049	42
25.076	34
25.103	36
25.13	28
25.159	22
25.184	42
25.211	39
25.238	36
25.265	28
25.292	25
25.32	20
25.347	40
25.374	32
25.399	32
25.424	22
25.449	42
25.476	34
25.501	34
25.527	25
25.553	41
25.579	37
25.605	33
25.63	28
25.655	48
25.682	40
25.707	40
25.732	30
25.758	46
25.783	41
25.809	37
25.834	32
25.861	49
25.887	45
25.914	42
25.939	37
25.964	27
25.989	47
26.014	47
26.04	38
26.066	54
26.092	50
26.118	51
26.143	41
26.169	47
26.194	47
26.22	53
26.245	38
26.27	48
26.296	49
26.322	50
26.347	45
26.373	46
26.398	46
26.423	51
26.449	47
26.474	37
26.499	47
26.525	43
26.55	48
26.575	38
26.6	53
26.627	45
26.652	45
26.677	40
26.704	47
26.73	28
26.755	28
26.781	39
26.807	50
26.832	30
26.857	25
26.884	42
26.911	44
26.937	35
26.962	25
26.988	41
27.014	42
27.039	32
27.065	28
27.092	25
27.12	20
27.145	38
27.17	33
27.195	28
27.224	22
27.249	42
27.276	34
27.301	34
27.327	25
27.359	22
27.385	25
27.412	40
27.439	32
27.465	28
27.492	25
27.517	45
27.544	37
27.571	34
27.596	29
27.624	22
27.649	42
27.674	37
27.7	33
27.726	49
27.752	45
27.778	41
27.804	37
27.829	47
27.854	47
27.88	43
27.905	38
27.93	33
27.955	48
27.981	44
28.006	39
28.031	29
28.058	51
28.083	46
28.11	43
28.136	34
28.161	49
28.186	44
28.212	45
28.237	35
28.264	42
28.289	47
28.314	52
28.34	38
28.365	43
28.39	48
28.416	49
28.441	39
28.466	44
28.493	46
28.518	46
28.545	43
28.571	34
28.598	51
28.623	31
28.648	41
28.673	36
28.698	51
28.724	22
28.753	20
28.778	36
28.803	41
28.83	28
28.859	22
28.884	42
28.911	44
28.936	34
28.962	25
28.988	41
29.014	42
29.041	34
29.068	31
29.095	28
29.124	22
29.15	23
29.176	34
29.202	35
29.227	25
29.259	22
29.285	20
29.312	40
29.338	36
29.364	27
29.389	22
29.415	43
29.44	33
29.465	28
29.49	23
29.515	43
29.54	33
29.565	28
29.591	24
29.616	44
29.641	34
29.667	30
29.692	25
29.718	46
29.743	36
29.77	33
29.796	49
29.821	49
29.846	39
29.874	37
29.9	53
29.926	49
29.951	44
29.977	40
30.002	50
30.028	51
30.054	47
30.08	43
30.106	54
30.132	30
30.159	47
30.184	47
30.21	43
30.237	35
30.262	50
30.287	50
30.314	47
30.34	38
30.365	48
30.391	49
30.417	50
30.443	41
30.468	46
30.494	47
30.519	47
30.545	43
30.571	39
30.597	50
30.622	50
30.648	46
30.674	47
30.699	52
30.725	23
30.751	44
30.776	39
30.805	48
30.832	30
30.857	30
30.883	41
30.909	47
30.934	32
30.959	22
30.984	42
31.009	42
31.036	34
31.062	25
31.088	41
31.114	42
31.141	34
31.167	30
31.192	25
31.224	22
31.259	22
31.289	22
31.315	43
31.34	33
31.365	28
31.392	25
31.424	22
31.449	42
31.476	34
31.502	35
31.527	25
31.559	22
31.584	42
31.609	37
31.636	34
31.662	25
31.688	41
31.715	43
31.742	35
31.767	30
31.792	25
31.817	45
31.843	36
31.869	32
31.895	28
31.921	49
31.946	39
31.971	34
31.996	49
32.021	49
32.047	45
32.073	36
32.099	47
32.126	54
32.152	50
32.178	41
32.206	39
32.232	45
32.258	51
32.283	46
32.309	47
32.334	47
32.36	53
32.386	49
32.411	49
32.437	40
32.463	41
32.488	46
32.515	48
32.54	38
32.565	33
32.592	50
32.62	48
32.646	44
32.671	34
32.698	51
32.724	47
32.749	47
32.774	32
32.799	37
32.825	53
32.851	49
32.876	39
32.902	40
32.927	50
32.953	46
32.978	36
33.004	37
33.03	48
33.055	48
33.082	40
33.109	37
33.135	33
33.162	25
33.189	22
33.215	20
33.241	34
33.268	31
33.295	28
33.32	20
33.345	38
33.37	33
33.397	30
33.424	22
33.449	42
33.476	34
33.503	36
33.53	28
33.555	20
33.58	38
33.607	35
33.633	31
33.659	22
33.684	42
33.71	38
33.736	34
33.762	25
33.789	42
33.814	42
33.84	38
33.866	29
33.895	48
33.921	49
33.946	39
33.972	35
33.997	50
34.023	51
34.05	43
34.075	38
34.102	50
34.127	50
34.154	47
34.179	42
34.206	44
34.231	39
34.257	50
34.282	45
34.308	41
34.333	46
34.358	46
34.383	46
34.408	41
34.433	31
34.46	38
34.485	48
34.51	43
34.537	35
34.564	42
34.589	47
34.614	47
34.64	38
34.665	43
34.69	48
34.717	45
34.742	40
34.768	31
34.793	46
34.818	51
34.845	38
34.87	33
34.897	50
34.924	22
34.954	22
34.98	38
35.005	38
35.03	28
35.059	22
35.085	43
35.111	39
35.138	36
35.165	28
35.192	25
35.219	22
35.246	39
35.273	36
35.298	31
35.324	22
35.351	29
35.376	34
35.401	34
35.427	25
35.453	31
35.48	38
35.506	34
35.532	30
35.559	22
35.584	42
35.609	37
35.636	34
35.662	25
35.688	41
35.713	41
35.74	38
35.765	28
35.79	48
35.816	44
35.842	40
35.868	31
35.893	46
35.918	46
35.943	41
35.969	32
35.996	49
36.021	49
36.048	41
36.075	38
36.101	49
36.128	26
36.155	48
36.182	45
36.209	42
36.234	32
36.26	48
36.285	48
36.31	48
36.335	33
36.362	50
36.387	45
36.412	45
36.439	37
36.466	44
36.491	49
36.516	49
36.542	40
36.568	31
36.593	46
36.619	52
36.647	40
36.672	40
36.699	47
36.724	52
36.75	43
36.775	38
36.8	48
36.825	53
36.851	44
36.876	34
36.901	49
36.927	25
36.959	22
36.984	42
37.009	42
37.035	33
37.06	23
37.085	43
37.11	43
37.135	33
37.162	25
37.187	40
37.212	40
37.238	36
37.265	28
37.292	25
37.324	22
37.35	43
37.377	35
37.407	35
37.432	30
37.459	22
37.484	42
37.509	37
37.535	33
37.562	25
37.589	22
37.615	43
37.64	33
37.665	28
37.69	23
37.717	45
37.743	36
37.773	36
37.798	31
37.823	46
37.848	41
37.873	36
37.899	32
37.926	49
37.953	46
37.978	41
38.005	38
38.03	48
38.056	49
38.082	45
38.108	41
38.133	51
38.159	47
38.185	48
38.21	43
38.236	34
38.261	49
38.287	50
38.312	45
38.338	36
38.364	52
38.39	48
38.415	48
38.441	39
38.466	44
38.491	49
38.517	50
38.542	40
38.567	40
38.594	47
38.619	47
38.646	44
38.671	34
38.696	49
38.723	46
38.748	46
38.773	41
38.798	51
38.823	46
38.848	41
38.875	38
38.901	49
38.927	25
38.953	26
38.979	37
39.004	37
39.029	27
39.059	22
39.085	43
39.11	38
39.136	34
39.168	31
39.195	28
39.22	20
39.245	38
39.271	34
39.297	30
39.324	22
39.359	22
39.384	34
39.409	37
39.435	33
39.462	25
39.488	46
39.514	42
39.539	37
39.565	28
39.592	25
39.617	45
39.642	35
39.668	31
39.694	27
39.721	44
39.746	39
39.773	36
39.799	32
39.825	48
39.851	44
39.877	40
39.902	35
39.927	50
39.952	45
39.978	41
40.003	36
40.029	47
40.054	47
40.079	42
40.105	43
40.13	43
40.158	46
40.183	41
40.208	41
40.233	51
40.258	46
40.283	46
40.31	43
40.335	48
40.36	48
40.385	43
40.41	48
40.437	50
40.462	40
40.487	45
40.513	46
40.539	37
40.565	48
40.59	48
40.617	50
40.642	45
40.668	36
40.695	53
40.721	49
40.748	46
40.773	36
40.799	32
40.824	42
40.849	47
40.874	37
40.901	34
40.929	47
40.954	47
40.98	38
41.007	35
41.034	32
41.059	47
41.085	20
41.111	39
41.138	36
41.165	28
41.192	25
41.22	20
41.246	39
41.273	36
41.298	31
41.324	22
41.359	22
41.389	22
41.424	22
41.451	44
41.476	34
41.503	36
41.53	28
41.559	22
41.586	44
41.613	41
41.639	37
41.665	28
41.692	35
41.718	46
41.743	36
41.768	31
41.794	27
41.819	47
41.845	43
41.872	35
41.898	31
41.923	51
41.948	46
41.974	37
41.999	47
42.024	47
42.049	47
42.076	39
42.104	37
42.134	52
42.159	47
42.186	44
42.213	46
42.238	36
42.264	42
42.291	44
42.316	49
42.343	41
42.368	46
42.395	48
42.42	48
42.447	45
42.472	35
42.497	50
42.522	45
42.547	45
42.573	36
42.598	46
42.624	52
42.65	48
42.676	39
42.702	40
42.727	50
42.756	49
42.781	39
42.807	40
42.832	50
42.858	51
42.884	42
42.91	43
42.936	54
42.962	25
42.989	22
43.015	38
43.041	39
43.068	31
43.095	28
43.122	35
43.148	41
43.176	34
43.202	35
43.23	28
43.259	22
43.286	29
43.311	39
43.338	36
43.365	28
43.392	25
43.424	22
43.459	22
43.486	39
43.513	41
43.538	36
43.565	28
43.592	25
43.617	45
43.643	36
43.668	31
43.695	28
43.724	22
43.75	43
43.776	34
43.802	35
43.827	25
43.852	45
43.879	37
43.904	37
43.929	27
43.954	47
43.98	38
44.005	38
44.03	38
44.058	51
44.083	41
44.108	41
44.134	47
44.159	52
44.184	42
44.21	48
44.235	48
44.261	49
44.286	44
44.311	44
44.337	50
44.362	35
44.388	51
44.414	47
44.439	37
44.465	48
44.49	48
44.516	49
44.541	39
44.566	49
44.591	49
44.616	49
44.641	39
44.666	44
44.693	31
44.72	48
44.747	45
44.772	35
44.798	46
44.823	46
44.849	47
44.874	37
44.899	37
44.926	44
44.951	49
44.978	36
45.005	38
45.032	30
45.059	22
45.086	20
45.111	39
45.138	36
45.165	28
45.192	25
45.224	22
45.249	42
45.275	33
45.3	33
45.327	25
45.359	22
45.384	42
45.409	37
45.435	33
45.462	25
45.489	22
45.516	44
45.543	36
45.568	31
45.593	26
45.618	46
45.643	36
45.67	33
45.696	29
45.721	44
45.747	40
45.772	35
45.797	30
45.822	45
45.847	40
45.872	35
45.898	51
45.923	46
45.948	41
45.974	37
45.999	52
46.024	47
46.05	43
46.075	38
46.1	48
46.126	49
46.151	44
46.176	39
46.202	50
46.227	50
46.252	45
46.277	40
46.303	46
46.328	46
46.353	46
46.379	42
46.405	43
46.43	28
46.455	48
46.48	43
46.507	50
46.532	30
46.557	50
46.583	46
46.608	46
46.634	32
46.659	22
46.685	43
46.711	49
46.736	34
46.762	30
46.789	47
46.815	48
46.84	33
46.867	30
46.894	47
46.921	49
46.948	41
46.973	31
46.998	46
47.024	22
47.05	20
47.076	34
47.102	35
47.127	25
47.155	20
47.182	40
47.208	36
47.235	33
47.265	28
47.292	25
47.324	22
47.349	42
47.376	34
47.401	34
47.427	25
47.452	45
47.479	37
47.504	32
47.53	28
47.559	22
47.584	42
47.61	38
47.636	34
47.662	25
47.688	46
47.713	41
47.738	36
47.763	26
47.788	46
47.814	47
47.84	38
47.866	29
47.892	45
47.918	46
47.943	41
47.968	31
47.993	46
48.018	46
48.045	43
48.07	43
48.095	48
48.122	45
48.147	40
48.174	47
48.199	52
48.226	49
48.251	44
48.276	49
48.301	49
48.327	25
48.352	45
48.378	51
48.403	41
48.43	28
48.457	45
48.482	45
48.507	40
48.533	31
48.559	27
48.585	48
48.611	49
48.637	35
48.663	36
48.688	46
48.714	47
48.739	37
48.764	27
48.789	47
48.815	48
48.841	34
48.868	31
48.894	47
48.919	47
48.945	38
48.971	34
48.998	46
49.024	22
49.05	43
49.076	34
49.102	35
49.127	25
49.159	22
49.185	43
49.212	40
49.237	35
49.262	25
49.289	22
49.316	44
49.343	36
49.368	31
49.393	26
49.418	46
49.444	37
49.471	34
49.497	30
49.524	22
49.549	42
49.577	35
49.603	36
49.628	26
49.654	47
49.679	42
49.704	37
49.73	28
49.756	49
49.781	44
49.806	39
49.831	29
49.856	49
49.881	44
49.907	40
49.932	30
49.957	45
49.983	46
50.008	41
50.034	32
50.059	47
50.084	47
50.109	42
50.134	32
50.161	54
50.186	49
50.212	45
50.238	36
50.264	52
50.29	53
50.316	49
50.342	40
50.368	51
50.394	47
50.42	48
50.446	39
50.472	35
50.497	50
50.524	22
50.551	44
50.577	40
50.604	47
50.63	28
50.657	30
50.682	40
50.709	47
50.736	34
50.762	25
50.788	41
50.813	46
50.84	38
50.865	28
50.892	40
50.918	46
50.943	36
50.97	33
50.995	28
51.024	22
51.049	42
51.076	34
51.103	36
51.13	28
51.159	22
51.185	43
51.211	39
51.236	34
51.262	25
51.289	22
51.315	43
51.341	34
51.368	31
51.393	26
51.418	46
51.444	37
51.471	34
51.496	29
51.524	22
51.549	42
51.574	32
51.6	33
51.627	25
51.652	45
51.678	36
51.705	38
51.731	29
51.757	50
51.783	46
51.81	43
51.836	34
51.862	50
51.889	52
51.915	48
51.941	39
51.967	35
51.993	51
52.02	48
52.048	46
52.073	36
52.098	51
52.124	47
52.149	47
52.174	37
52.2	53
52.225	48
52.25	43
52.275	43
52.3	48
52.325	38
52.351	44
52.376	39
52.401	49
52.426	49
52.452	45
52.477	35
52.502	50
52.527	25
52.552	25
52.577	35
52.604	52
52.629	27
52.659	22
52.686	44
52.711	44
52.737	35
52.762	25
52.788	46
52.813	46
52.839	37
52.865	28
52.892	25
52.919	20
52.944	37
52.971	34
52.998	31
53.024	22
53.059	22
53.089	22
53.124	22
53.159	22
53.189	22
53.219	20
53.244	37
53.27	33
53.295	28
53.324	22
53.349	42
53.376	34
53.403	36
53.429	27
53.459	22
53.486	44
53.513	41
53.54	38
53.565	28
53.591	44
53.618	46
53.643	41
53.668	31
53.695	48
53.72	48
53.746	44
53.771	34
53.797	50
53.822	50
53.848	41
53.874	47
53.9	48
53.925	48
53.95	43
53.976	39
54.003	51
54.029	32
54.055	48
54.08	48
54.105	43
54.131	29
54.156	49
54.181	49
54.207	45
54.232	30
54.257	50
54.282	45
54.307	45
54.332	30
54.357	40
54.382	45
54.407	45
54.432	30
54.459	32
54.484	47
54.51	43
54.536	34
54.561	39
54.587	45
54.612	45
54.638	36
54.665	28
54.69	43
54.715	48
54.74	33
54.765	28
54.792	45
54.819	47
54.845	38
54.87	33
54.895	28
54.92	20
54.946	39
54.973	36
55	33
55.027	25
55.059	22
55.085	43
55.112	40
55.138	36
55.165	28
55.192	25
55.224	22
55.249	42
55.276	34
55.302	35
55.327	25
55.352	45
55.379	37
55.406	34
55.433	31
55.459	22
55.484	42
55.51	38
55.535	33
55.561	24
55.586	44
55.612	40
55.638	36
55.664	27
55.69	48
55.715	43
55.741	39
55.768	31
55.793	46
55.819	47
55.845	43
55.871	34
55.898	51
55.924	52
55.95	48
55.976	39
56.002	50
56.028	51
56.054	47
56.079	42
56.104	52
56.131	49
56.157	50
56.182	45
56.208	41
56.234	52
56.26	48
56.285	48
56.312	45
56.337	50
56.363	26
56.389	47
56.415	48
56.44	38
56.465	43
56.492	50
56.518	51
56.543	41
56.569	32
56.594	52
56.62	48
56.645	43
56.67	33
56.697	30
56.722	50
56.749	47
56.775	33
56.8	33
56.826	39
56.859	22
56.885	20
56.91	38
56.936	34
56.962	25
56.989	22
57.02	20
57.045	38
57.07	33
57.097	30
57.124	22
57.149	42
57.175	33
57.2	33
57.227	25
57.255	20
57.28	38
57.306	34
57.332	30
57.359	22
57.386	44
57.412	40
57.438	31
57.465	28
57.491	24
57.516	44
57.541	34
57.566	29
57.592	45
57.618	46
57.643	41
57.668	31
57.693	46
57.718	46
57.743	41
57.769	32
57.795	48
57.82	48
57.845	38
57.872	45
57.897	50
57.924	47
57.95	43
57.975	43
58.002	50
58.027	25
58.054	47
58.081	49
58.106	44
58.131	29
58.157	45
58.184	47
58.209	52
58.234	32
58.261	34
58.286	49
58.311	44
58.336	34
58.363	26
58.39	48
58.417	45
58.444	37
58.471	34
58.497	50
58.522	45
58.547	40
58.572	35
58.599	47
58.624	22
58.649	42
58.676	34
58.701	39
58.727	25
58.753	20
58.778	36
58.803	36
58.829	27
58.859	22
58.886	20
58.911	39
58.937	35
58.962	25
58.989	22
59.024	22
59.049	42
59.076	34
59.103	36
59.13	28
59.159	22
59.185	43
59.211	39
59.238	36
59.265	28
59.292	25
59.318	46
59.344	37
59.371	34
59.397	30
59.422	45
59.447	40
59.473	36
59.499	32
59.525	48
59.551	44
59.576	39
59.601	39
59.626	49
59.652	45
59.677	40
59.703	36
59.729	52
59.755	48
59.78	43
59.806	44
59.832	45
59.858	51
59.883	41
59.909	47
59.934	47
59.959	47
59.984	42
60.009	47
60.035	33
60.061	54
60.086	44
60.112	50
60.137	45
60.162	25
60.189	47
60.214	47
60.239	37
60.265	28
60.291	49
60.316	49
60.341	39
60.366	29
60.391	44
60.416	49
60.443	41
60.47	33
60.497	50
60.524	47
60.549	42
60.575	38
60.602	50
60.627	25
60.659	22
60.684	42
60.709	47
60.735	33
60.762	25
60.789	42
60.816	49
60.843	36
60.87	33
60.896	29
60.924	22
60.955	20
60.981	39
61.008	36
61.033	31
61.059	22
61.084	42
61.109	37
61.135	33
61.162	25
61.189	22
61.215	43
61.241	34
61.267	30
61.292	25
61.317	45
61.344	37
61.371	34
61.397	30
61.424	22
61.449	42
61.474	37
61.499	32
61.525	48
61.55	43
61.576	39
61.602	35
61.628	51
61.653	46
61.678	41
61.703	36
61.728	51
61.754	47
61.779	42
61.804	37
61.83	53
61.856	49
61.882	45
61.907	40
61.933	51
61.959	52
61.984	47
62.009	42
62.034	47
62.059	52
62.084	47
62.109	42
62.134	32
62.16	48
62.185	48
62.21	43
62.235	33
62.26	53
62.285	48
62.31	43
62.336	34
62.362	40
62.387	50
62.413	46
62.438	36
62.465	48
62.49	48
62.517	45
62.543	36
62.568	46
62.594	47
62.619	47
62.644	37
62.67	33
62.696	49
62.722	50
62.747	40
62.774	37
62.799	32
62.825	23
62.851	44
62.876	34
62.903	36
62.93	28
62.959	22
62.985	43
63.01	38
63.036	34
63.062	25
63.089	22
63.116	44
63.142	35
63.167	30
63.192	25
63.224	22
63.251	44
63.276	34
63.301	34
63.327	25
63.353	41
63.378	36
63.405	38
63.432	30
63.457	45
63.482	40
63.508	36
63.534	32
63.561	49
63.587	45
63.612	45
63.638	36
63.664	42
63.69	48
63.716	49
63.743	41
63.77	43
63.796	49
63.822	50
63.849	47
63.875	43
63.901	49
63.927	50
63.953	51
63.978	41
64.004	42
64.029	47
64.054	47
64.079	42
64.104	42
64.129	47
64.156	49
64.181	49
64.208	46
64.235	33
64.26	38
64.287	50
64.312	50
64.339	37
64.366	29
64.393	46
64.42	48
64.445	38
64.472	35
64.497	50
64.522	50
64.548	41
64.574	37
64.599	37
64.624	22
64.649	42
64.676	34
64.701	34
64.727	25
64.754	22
64.781	39
64.806	34
64.833	31
64.859	22
64.884	42
64.911	39
64.938	36
64.965	28
64.992	25
65.024	22
65.049	42
65.076	34
65.101	34
65.127	25
65.159	22
65.186	44
65.211	39
65.238	31
65.265	28
65.29	23
65.316	44
65.341	34
65.368	31
65.395	28
65.422	45
65.449	42
65.476	39
65.503	36
65.528	51
65.554	47
65.579	42
65.605	38
65.632	50
65.659	47
65.685	43
65.711	44
65.737	35
65.763	51
65.789	47
65.815	48
65.841	39
65.866	44
65.892	50
65.917	50
65.943	41
65.969	42
65.994	52
66.019	47
66.045	43
66.071	34
66.096	49
66.122	50
66.147	45
66.172	40
66.198	51
66.223	36
66.249	42
66.275	38
66.3	53
66.325	48
66.351	44
66.376	34
66.402	50
66.428	51
66.453	46
66.479	37
66.504	42
66.529	27
66.559	22
66.586	44
66.613	46
66.638	36
66.664	27
66.689	37
66.716	44
66.742	35
66.768	31
66.795	28
66.82	20
66.846	39
66.872	35
66.897	30
66.924	22
66.949	42
66.976	34
67.003	36
67.03	28
67.059	22
67.085	43
67.11	38
67.135	33
67.162	25
67.189	22
67.214	42
67.241	34
67.268	31
67.293	26
67.319	24
67.346	39
67.373	36
67.398	31
67.424	47
67.449	42
67.475	38
67.501	34
67.526	49
67.552	45
67.577	40
67.603	36
67.629	27
67.655	48
67.681	44
67.707	40
67.732	30
67.758	51
67.784	47
67.809	47
67.834	32
67.859	47
67.885	48
67.91	48
67.935	33
67.961	49
67.986	44
68.012	50
68.038	36
68.064	42
68.09	48
68.116	54
68.141	39
68.167	35
68.192	50
68.218	51
68.245	38
68.271	34
68.296	49
68.321	49
68.347	40
68.372	35
68.397	50
68.422	50
68.447	40
68.473	36
68.5	48
68.527	25
68.559	22
68.586	44
68.612	45
68.638	36
68.665	28
68.692	25
68.719	20
68.746	39
68.771	34
68.798	31
68.824	22
68.849	42
68.876	34
68.903	36
68.93	28
68.959	22
68.985	43
69.01	38
69.036	34
69.062	25
69.089	22
69.114	42
69.141	34
69.168	31
69.193	26
69.22	43
69.246	39
69.273	36
69.298	31
69.325	23
69.351	44
69.377	35
69.403	36
69.429	27
69.454	47
69.479	42
69.505	38
69.53	28
69.556	49
69.581	44
69.606	39
69.632	30
69.657	50
69.682	45
69.707	50
69.733	31
69.76	48
69.785	48
69.811	44
69.838	36
69.865	38
69.89	48
69.917	45
69.943	36
69.97	43
69.995	48
70.02	48
70.045	38
70.071	39
70.096	49
70.122	50
70.148	41
70.176	39
70.202	50
70.228	26
70.254	47
70.28	43
70.305	53
70.331	29
70.358	26
70.384	47
70.41	48
70.436	34
70.462	25
70.488	46
70.515	53
70.542	35
70.567	30
70.594	47
70.62	48
70.645	38
70.67	33
70.696	49
70.724	22
70.753	20
70.779	37
70.805	33
70.832	30
70.859	22
70.889	22
70.924	22
70.959	22
70.989	22
71.024	22
71.049	42
71.076	34
71.101	34
71.127	25
71.159	22
71.186	44
71.213	41
71.238	36
71.265	28
71.29	23
71.316	44
71.343	36
71.37	33
71.397	30
71.422	45
71.447	40
71.474	37
71.499	32
71.526	49
71.553	46
71.578	38
71.605	38
71.631	29
71.656	49
71.682	45
71.707	40
71.734	32
71.76	48
71.785	48
71.812	45
71.837	35
71.862	45
71.887	45
71.912	45
71.939	37
71.964	52
71.991	49
72.018	46
72.045	43
72.072	45
72.098	51
72.124	47
72.149	42
72.175	53
72.2	48
72.225	33
72.25	43
72.275	48
72.3	48
72.325	23
72.35	43
72.375	43
72.4	48
72.427	25
72.454	32
72.479	42
72.505	53
72.531	29
72.559	22
72.584	42
72.609	47
72.634	32
72.659	22
72.684	42
72.709	47
72.735	33
72.762	25
72.788	41
72.815	48
72.84	33
72.867	30
72.893	46
72.919	47
72.944	37
72.97	33
72.997	30
73.024	22
73.059	22
73.084	42
73.11	38
73.135	33
73.162	25
73.189	22
73.219	20
73.244	37
73.271	34
73.297	30
73.324	22
73.349	42
73.376	34
73.401	34
73.427	25
73.453	41
73.479	37
73.504	37
73.53	28
73.557	45
73.582	40
73.607	40
73.632	30
73.658	46
73.683	41
73.709	42
73.739	37
73.764	27
73.789	47
73.814	47
73.841	39
73.866	39
73.891	49
73.917	50
73.942	40
73.967	50
73.994	52
74.019	47
74.045	38
74.07	33
74.096	49
74.121	49
74.147	40
74.173	46
74.199	47
74.224	47
74.25	43
74.276	39
74.301	49
74.326	24
74.352	45
74.377	40
74.402	50
74.427	25
74.452	45
74.477	35
74.503	51
74.528	26
74.554	27
74.579	37
74.604	52
74.63	28
74.659	22
74.686	39
74.711	44
74.738	36
74.765	28
74.792	25
74.82	20
74.846	39
74.873	36
74.9	33
74.927	25
74.959	22
74.989	22
75.024	22
75.059	22
75.084	42
75.109	37
75.135	33
75.162	25
75.189	22
75.215	43
75.242	35
75.267	30
75.292	25
75.324	22
75.35	43
75.376	34
75.401	34
75.427	25
75.452	42
75.479	37
75.504	37
75.53	28
75.557	45
75.582	40
75.607	40
75.633	31
75.659	52
75.685	43
75.711	44
75.737	35
75.764	37
75.79	48
75.819	47
75.845	43
75.871	34
75.897	50
75.923	51
75.949	47
75.974	37
75.999	47
76.025	48
76.05	48
76.075	43
76.1	53
76.125	48
76.15	43
76.175	38
76.2	53
76.225	48
76.25	48
76.276	34
76.301	49
76.326	49
76.352	50
76.378	36
76.403	51
76.428	46
76.453	46
76.478	36
76.503	41
76.528	46
76.555	48
76.581	39
76.608	41
76.635	33
76.662	25
76.687	45
76.713	41
76.739	37
76.764	27
76.789	22
76.819	20
76.844	37
76.871	34
76.898	31
76.924	22
76.955	20
76.98	38
77.007	35
77.032	30
77.059	22
77.089	22
77.124	22
77.149	42
77.176	34
77.202	35
77.227	25
77.259	22
77.286	44
77.311	39
77.336	34
77.362	25
77.388	41
77.413	41
77.438	36
77.465	28
77.491	44
77.516	44
77.542	40
77.568	31
77.593	51
77.618	46
77.643	41
77.668	31
77.694	47
77.719	47
77.745	43
77.771	34
77.796	49
77.822	50
77.848	46
77.874	37
77.899	52
77.924	47
77.949	47
77.974	37
77.999	47
78.025	53
78.051	49
78.077	50
78.104	52
78.13	48
78.156	49
78.182	40
78.207	50
78.233	31
78.26	48
78.286	49
78.312	45
78.338	36
78.363	41
78.389	47
78.415	48
78.441	34
78.467	30
78.493	51
78.519	47
78.544	37
78.571	34
78.596	49
78.621	49
78.649	42
78.676	34
78.701	49
78.727	25
78.759	22
78.785	38
78.811	44
78.836	34
78.862	25
78.887	45
78.912	45
78.938	36
78.965	28
78.992	25
79.02	20
79.055	20
79.082	40
79.107	35
79.133	31
79.159	22
79.189	22
79.214	42
79.241	34
79.268	31
79.295	28
79.324	22
79.35	43
79.376	34
79.403	36
79.43	28
79.455	43
79.482	40
79.507	40
79.536	34
79.562	25
79.588	41
79.613	41
79.638	36
79.663	26
79.689	47
79.716	44
79.743	41
79.768	31
79.794	47
79.819	47
79.844	42
79.872	35
79.897	50
79.922	45
79.948	46
79.973	36
79.998	51
80.023	46
80.048	41
80.073	36
80.098	46
80.125	43
80.151	44
80.176	39
80.203	46
80.228	46
80.254	47
80.279	42
80.306	49
80.331	49
80.356	49
80.383	46
80.41	43
80.435	33
80.461	44
80.488	51
80.513	41
80.538	36
80.563	41
80.589	47
80.616	49
80.641	34
80.668	31
80.693	46
80.719	47
80.744	37
80.77	33
80.795	28
80.82	48
80.847	40
80.872	35
80.897	30
80.924	22
80.953	20
80.978	36
81.003	31
81.03	28
81.059	22
81.084	42
81.11	38
81.136	34
81.162	25
81.189	22
81.214	42
81.239	37
81.265	28
81.291	24
81.318	46
81.344	37
81.37	33
81.395	28
81.421	49
81.447	40
81.474	37
81.5	33
81.527	55
81.552	45
81.579	37
81.604	37
81.629	52
81.654	47
81.679	37
81.704	37
81.73	53
81.755	48
81.78	38
81.805	43
81.83	48
81.855	48
81.882	45
81.907	45
81.932	50
81.957	50
81.983	46
82.008	46
82.033	46
82.059	47
82.085	43
82.111	49
82.137	35
82.163	26
82.191	49
82.218	51
82.243	41
82.271	34
82.296	49
82.321	49
82.346	44
82.372	35
82.398	51
82.424	47
82.449	47
82.474	37
82.5	53
82.526	49
82.551	49
82.576	39
82.601	34
82.628	51
82.654	47
82.68	38
82.707	35
82.733	31
82.759	22
82.786	20
82.813	41
82.838	36
82.865	28
82.892	25
82.924	22
82.949	42
82.976	34
83.003	36
83.03	28
83.059	22
83.089	22
83.116	44
83.142	35
83.167	30
83.192	25
83.218	46
83.244	37
83.271	34
83.297	30
83.324	22
83.349	42
83.376	34
83.401	34
83.427	50
83.453	46
83.479	37
83.505	43
83.533	31
83.558	46
83.588	46
83.613	46
83.638	36
83.665	28
83.691	49
83.717	50
83.742	40
83.769	32
83.795	48
83.82	53
83.845	43
83.871	39
83.896	44
83.922	50
83.947	45
83.972	35
83.997	45
84.024	42
84.049	42
84.075	43
84.102	50
84.127	45
84.154	47
84.18	43
84.207	45
84.234	32
84.26	48
84.286	44
84.314	47
84.342	35
84.369	32
84.394	52
84.419	47
84.446	39
84.473	36
84.498	51
84.523	31
84.549	42
84.576	34
84.601	34
84.627	25
84.659	22
84.685	38
84.71	38
84.735	33
84.762	25
84.789	22
84.816	44
84.843	36
84.87	33
84.895	28
84.924	22
84.949	42
84.976	34
85.001	34
85.03	28
85.062	25
85.089	42
85.116	44
85.144	42
85.169	32
85.195	28
85.221	44
85.246	39
85.272	35
85.299	32
85.325	48
85.351	44
85.376	39
85.406	39
85.431	29
85.456	49
85.481	44
85.506	39
85.532	30
85.557	45
85.582	45
85.607	40
85.632	30
85.658	46
85.683	46
85.709	42
85.734	32
85.764	37
85.789	52
85.814	47
85.841	39
85.866	39
85.893	46
85.918	46
85.945	38
85.972	35
85.997	45
86.024	47
86.05	43
86.075	48
86.1	33
86.126	24
86.152	45
86.178	41
86.203	41
86.23	28
86.255	23
86.281	39
86.306	39
86.331	29
86.357	25
86.384	42
86.409	42
86.435	33
86.462	25
86.487	40
86.512	40
86.541	34
86.568	31
86.595	28
86.624	22
86.65	43
86.676	34
86.704	32
86.73	28
86.759	22
86.785	43
86.812	40
86.839	32
86.865	28
86.891	24
86.917	45
86.943	36
86.97	33
86.995	28
87.024	22
87.049	42
87.076	34
87.101	34
87.127	25
87.152	40
87.179	37
87.205	38
87.231	29
87.259	22
87.286	44
87.312	40
87.338	31
87.363	26
87.388	46
87.413	41
87.438	36
87.463	41
87.488	46
87.513	41
87.539	37
87.564	27
87.59	48
87.615	48
87.641	39
87.667	30
87.692	45
87.717	50
87.743	41
87.768	31
87.793	46
87.818	51
87.843	41
87.868	31
87.893	46
87.918	46
87.943	41
87.968	31
87.994	47
88.02	48
88.046	44
88.072	35
88.098	51
88.124	52
88.15	43
88.175	38
88.201	49
88.227	45
88.252	45
88.277	35
88.302	50
88.327	50
88.352	45
88.379	42
88.404	37
88.43	28
88.459	22
88.486	39
88.513	41
88.539	32
88.565	28
88.592	25
88.624	22
88.651	24
88.677	35
88.704	32
88.73	28
88.759	22
88.786	39
88.811	39
88.838	31
88.865	28
88.892	25
88.924	22
88.949	37
88.976	34
89.001	34
89.027	25
89.052	40
89.079	37
89.106	34
89.133	31
89.159	22
89.185	38
89.211	39
89.236	34
89.262	25
89.289	42
89.315	43
89.341	34
89.368	31
89.393	26
89.42	43
89.445	38
89.47	33
89.495	28
89.521	44
89.547	40
89.573	31
89.599	32
89.624	22
89.65	38
89.675	33
89.7	33
89.727	25
89.752	40
89.779	37
89.807	35
89.833	31
89.858	26
89.886	39
89.912	40
89.938	31
89.964	27
89.989	42
90.014	42
90.039	32
90.065	28
90.09	23
90.116	39
90.141	34
90.168	31
90.193	26
90.218	41
90.244	37
90.271	34
90.296	29
90.324	22
90.35	38
90.376	34
90.402	35
90.427	25
90.453	41
90.479	37
90.504	37
90.529	27
90.554	42
90.581	39
90.608	41
90.635	33
90.662	25
90.692	30
90.718	41
90.743	36
90.77	33
90.795	28
90.824	22
90.851	39
90.878	36
90.903	31
90.93	28
90.959	22
90.986	39
91.011	39
91.038	31
91.063	26
91.09	23
91.117	40
91.143	36
91.17	33
91.195	28
91.222	45
91.249	42
91.276	34
91.303	31
91.33	28
91.359	22
91.386	39
91.411	39
91.438	31
91.465	28
91.492	25
91.519	42
91.546	39
91.573	31
91.6	33
91.627	25
91.654	42
91.681	39
91.706	34
91.732	30
91.759	22
91.784	37
91.809	37
91.835	33
91.862	25
91.887	40
91.914	37
91.941	34
91.967	30
91.992	25
92.02	43
92.046	39
92.073	31
92.098	31
92.124	22
92.149	37
92.176	34
92.201	34
92.227	25
92.252	40
92.279	37
92.304	37
92.33	28
92.359	22
92.384	37
92.409	37
92.435	33
92.462	25
92.487	40
92.512	40
92.538	31
92.565	28
92.59	23
92.615	38
92.641	34
92.668	31
92.693	26
92.718	41
92.744	37
92.77	33
92.795	28
92.82	43
92.845	38
92.87	33
92.895	28
92.92	43
92.946	39
92.973	31
92.998	31
93.024	22
93.049	37
93.076	34
93.103	31
93.13	28
93.155	25
93.181	39
93.206	34
93.232	30
93.262	25
93.287	40
93.314	37
93.341	34
93.367	30
93.392	25
93.417	40
93.444	37
93.47	33
93.495	28
93.522	45
93.547	40
93.573	31
93.598	31
93.624	22
93.649	37
93.676	34
93.701	34
93.727	25
93.752	40
93.779	37
93.806	34
93.833	31
93.859	22
93.884	37
93.909	37
93.934	32
93.96	23
93.987	40
94.012	40
94.038	31
94.065	28
94.092	25
94.119	42
94.146	39
94.173	31
94.2	33
94.225	23
94.252	40
94.278	36
94.303	31
94.33	28
94.359	22
94.384	37
94.411	39
94.438	31
94.465	28
94.49	23
94.517	40
94.543	36
94.57	33
94.595	28
94.624	22
94.649	37
94.675	33
94.7	33
94.727	25
94.759	22
94.784	37
94.811	39
94.838	31
94.865	28
94.892	25
94.924	22
94.949	37
94.976	34
95.003	31
95.03	28
95.059	22
95.084	37
95.111	39
95.138	31
95.165	28
95.192	25
95.217	40
95.246	39
95.273	31
95.298	31
95.325	48
95.35	43
95.377	35
95.404	32
95.43	28
95.459	22
95.484	37
95.509	37
95.535	33
95.56	23
95.585	38
95.61	38
95.635	33
95.662	25
95.687	40
95.712	40
95.737	35
95.762	25
95.787	40
95.814	42
95.839	32
95.865	28
95.892	30
95.917	45
95.944	37
95.97	33
95.995	28
96.024	22
96.049	37
96.076	34
96.103	36
96.128	26
96.155	43
96.182	40
96.209	37
96.236	34
96.262	25
96.289	22
96.316	39
96.343	36
96.37	33
96.395	28
96.424	22
96.449	37
96.475	33
96.5	33
96.527	25
96.562	25
96.589	22
96.614	37
96.641	34
96.667	30
96.692	35
96.719	42
96.746	39
96.773	31
96.8	33
96.83	28
96.859	22
96.884	37
96.911	39
96.936	34
96.962	25
96.987	40
97.014	37
97.041	34
97.067	30
97.095	28
97.124	22
97.149	37
97.176	34
97.201	34
97.227	25
97.252	40
97.279	37
97.304	37
97.33	28
97.359	22
97.384	37
97.409	37
97.435	33
97.462	25
97.487	40
97.512	40
97.539	32
97.565	28
97.591	24
97.616	39
97.641	34
97.668	31
97.694	27
97.72	43
97.745	38
97.771	34
97.796	29
97.822	45
97.848	41
97.877	35
97.902	35
97.928	51
97.954	47
97.98	43
98.005	38
98.031	49
98.058	46
98.085	43
98.11	43
98.137	35
98.163	51
98.19	48
98.217	45
98.242	40
98.267	30
98.292	50
98.317	45
98.342	35
98.367	30
98.393	46
98.42	48
98.445	38
98.47	33
98.495	33
98.522	50
98.547	40
98.573	31
98.599	32
98.624	22
98.65	43
98.676	34
98.702	35
98.727	25
98.752	40
98.779	37
98.804	37
98.829	27
98.855	43
98.882	40
98.908	36
98.934	32
98.959	22
98.985	43
99.012	40
99.037	35
99.063	26
99.089	42
99.115	43
99.142	35
99.168	31
99.195	28
99.222	45
99.247	40
99.272	35
99.297	30
99.322	50
99.347	40
99.372	35
99.398	36
99.423	46
99.448	41
99.474	37
99.499	52
99.525	48
99.55	43
99.575	38
99.6	53
99.625	48
99.652	45
99.677	37
99.704	47
99.729	44
99.755	48
99.782	40
99.809	47
99.835	33
99.862	25
99.889	42
99.915	48
99.941	34
99.968	31
99.993	46
100.018	51
100.043	36
100.068	31
100.093	41
100.118	46
100.143	36
100.168	31
100.195	28
100.224	22
100.249	37
100.276	34
100.303	31
100.33	28
100.359	22
100.384	37
100.409	37
100.435	33
100.462	25
100.489	22
100.514	37
100.541	34
100.568	31
100.595	28
100.624	22
100.65	38
100.675	33
100.701	34
100.727	25
100.759	22
100.786	39
100.811	39
100.838	31
100.865	28
100.89	33
100.915	43
100.941	34
100.968	31
100.993	26
101.019	42
101.046	39
101.071	34
101.098	31
101.124	47
101.151	44
101.176	39
101.203	36
101.23	28
101.256	44
101.282	40
101.308	41
101.335	33
101.361	34
101.387	45
101.413	46
101.439	37
101.465	28
101.491	44
101.517	50
101.543	36
101.568	31
101.593	41
101.619	47
101.644	42
101.669	32
101.694	47
101.719	47
101.744	37
101.769	32
101.794	37
101.821	49
101.846	39
101.871	34
101.898	31
101.924	22
101.949	37
101.976	34
102.001	34
102.027	25
102.053	41
102.079	37
102.105	33
102.13	28
102.159	22
102.185	38
102.211	39
102.236	34
102.262	25
102.288	41
102.314	42
102.339	32
102.365	28
102.391	24
102.417	40
102.442	35
102.468	31
102.494	27
102.52	43
102.545	38
102.571	34
102.597	30
102.623	46
102.648	41
102.673	36
102.7	33
102.726	49
102.751	49
102.777	40
102.803	36
102.829	42
102.855	48
102.88	38
102.906	39
102.932	45
102.957	50
102.983	41
103.008	41
103.034	42
103.059	47
103.084	42
103.109	42
103.134	32
103.161	49
103.186	44
103.211	39
103.236	34
103.261	24
103.288	38
103.313	41
103.338	31
103.365	28
103.392	25
103.419	42
103.446	39
103.473	31
103.5	33
103.527	25
103.554	42
103.583	41
103.61	38
103.635	33
103.662	25
103.689	22
103.719	20
103.746	39
103.773	31
103.8	33
103.827	25
103.855	20
103.881	39
103.906	34
103.932	30
103.959	22
103.984	37
104.009	37
104.036	34
104.062	25
104.088	41
104.113	41
104.138	31
104.165	28
104.191	24
104.216	39
104.241	34
104.268	31
104.294	27
104.32	43
104.347	40
104.372	30
104.399	32
104.425	23
104.452	40
104.477	35
104.503	36
104.529	27
104.555	43
104.582	40
104.608	36
104.634	32
104.659	22
104.686	39
104.712	40
104.737	30
104.764	27
104.791	24
104.818	41
104.845	38
104.871	34
104.898	31
104.927	25
104.956	44
104.983	41
105.009	37
105.036	34
105.063	26
105.089	42
105.116	44
105.142	35
105.167	30
105.194	27
105.22	43
105.246	39
105.271	34
105.297	30
105.324	22
105.35	38
105.377	35
105.402	35
105.428	26
105.454	42
105.48	38
105.507	35
105.534	32
105.56	23
105.587	40
105.613	41
105.638	31
105.664	27
105.691	39
105.717	45
105.743	36
105.768	31
105.794	27
105.82	43
105.845	38
105.87	33
105.896	29
105.924	22
105.951	39
105.978	36
106.005	33
106.03	28
106.059	22
106.084	42
106.111	39
106.138	31
106.165	28
106.192	45
106.219	47
106.246	39
106.273	36
106.3	48
106.329	27
106.354	42
106.381	39
106.408	41
106.433	31
106.458	46
106.484	42
106.509	42
106.535	33
106.561	49
106.587	45
106.613	46
106.638	36
106.664	42
106.689	47
106.715	53
106.74	38
106.768	31
106.793	46
106.818	46
106.844	42
106.87	43
106.895	53
106.921	49
106.947	40
106.973	41
106.999	47
107.024	47
107.05	43
107.077	40
107.107	45
107.136	34
107.162	25
107.187	40
107.214	47
107.241	34
107.267	30
107.292	25
107.319	20
107.355	20
107.381	39
107.408	36
107.435	33
107.462	25
107.489	22
107.515	20
107.541	34
107.568	31
107.595	28
107.624	22
107.659	22
107.685	20
107.712	40
107.739	32
107.765	28
107.792	25
107.82	20
107.846	39
107.873	31
107.9	33
107.927	25
107.959	22
107.985	38
108.01	38
108.036	34
108.062	25
108.087	27
108.114	42
108.141	34
108.168	31
108.193	26
108.219	42
108.245	38
108.271	34
108.3	33
108.327	25
108.354	42
108.38	38
108.407	40
108.433	31
108.459	47
108.485	43
108.512	40
108.538	36
108.565	28
108.591	24
108.618	41
108.645	38
108.671	34
108.697	30
108.726	39
108.752	45
108.778	36
108.804	37
108.83	38
108.856	49
108.881	39
108.907	40
108.933	31
108.959	47
108.984	42
109.01	38
109.036	34
109.065	28
109.09	23
109.115	38
109.141	34
109.168	31
109.193	26
109.218	41
109.244	37
109.271	34
109.296	29
109.324	22
109.35	38
109.376	34
109.401	34
109.427	25
109.453	41
109.479	37
109.507	35
109.533	31
109.559	27
109.585	43
109.611	39
109.637	35
109.662	25
109.688	41
109.714	42
109.74	33
109.765	28
109.791	44
109.817	45
109.846	39
109.871	34
109.897	30
109.923	46
109.95	43
109.979	37
110.008	41
110.033	31
110.059	47
110.084	42
110.11	43
110.135	33
110.16	48
110.185	43
110.211	39
110.236	34
110.261	44
110.286	44
110.311	39
110.337	35
110.362	25
110.387	40
110.412	40
110.438	31
110.465	28
110.49	23
110.515	38
110.541	34
110.568	31
110.594	27
110.619	42
110.644	37
110.671	34
110.696	29
110.722	45
110.748	41
110.774	32
110.799	32
110.825	23
110.85	38
110.876	34
110.902	35
110.927	25
110.953	41
110.979	37
111.005	38
111.031	29
111.059	22
111.084	37
111.109	37
111.135	33
111.162	25
111.187	40
111.212	40
111.238	36
111.263	26
111.288	41
111.313	41
111.338	31
111.365	28
111.393	26
111.418	41
111.444	37
111.469	32
111.494	27
111.519	42
111.544	37
111.573	31
111.598	31
111.623	26
111.648	41
111.673	31
111.698	31
111.724	22
111.749	37
111.776	34
111.804	32
111.833	31
111.859	22
111.884	37
111.91	38
111.935	33
111.96	23
111.987	40
112.012	40
112.039	32
112.065	28
112.091	24
112.117	40
112.142	35
112.168	31
112.194	27
112.22	43
112.245	38
112.271	34
112.297	30
112.323	46
112.349	42
112.374	32
112.4	33
112.427	25
112.453	41
112.479	37
112.505	33
112.53	28
112.556	44
112.582	40
112.608	36
112.633	31
112.659	42
112.684	42
112.71	38
112.736	34
112.762	25
112.788	41
112.813	41
112.839	32
112.865	28
112.891	24
112.916	39
112.941	34
112.968	31
112.994	27
113.02	43
113.047	40
113.074	32
113.099	32
113.124	22
113.15	38
113.176	34
113.202	35
113.227	25
113.253	41
113.28	38
113.306	39
113.331	29
113.357	45
113.383	41
113.409	37
113.434	32
113.46	48
113.486	44
113.511	44
113.537	35
113.562	25
113.588	46
113.613	46
113.638	36
113.664	27
113.689	47
113.714	47
113.739	37
113.764	32
113.791	49
113.816	44
113.843	36
113.87	33
113.896	49
113.921	49
113.947	40
113.973	36
113.998	51
114.024	47
114.049	42
114.075	33
114.1	48
114.126	49
114.156	44
114.181	44
114.206	39
114.233	31
114.26	38
114.287	45
114.314	42
114.339	37
114.365	28
114.391	39
114.416	44
114.445	38
114.471	34
114.497	30
114.524	22
114.55	43
114.576	34
114.601	34
114.627	25
114.659	22
114.685	43
114.712	40
114.739	32
114.765	28
114.792	25
114.819	22
114.846	39
114.873	31
114.9	33
114.927	25
114.952	40
114.979	37
115.004	32
115.03	28
115.059	22
115.084	42
115.11	38
115.136	34
115.162	25
115.188	41
115.214	42
115.24	33
115.265	28
115.292	25
115.319	42
115.344	37
115.37	33
115.395	28
115.42	43
115.448	41
115.473	33
115.498	31
115.525	48
115.55	43
115.575	35
115.605	38
115.632	45
115.657	45
115.682	40
115.709	42
115.736	34
115.763	46
115.79	48
115.817	45
115.844	42
115.873	36
115.899	37
115.926	44
115.952	45
115.979	42
116.005	48
116.03	28
116.057	50
116.082	45
116.108	41
116.134	32
116.16	48
116.186	44
116.212	45
116.237	35
116.263	36
116.288	46
116.313	46
116.339	37
116.366	29
116.393	46
116.419	47
116.445	43
116.471	34
116.498	46
116.524	52
116.55	43
116.577	35
116.604	32
116.63	28
116.659	22
116.689	22
116.724	22
116.75	38
116.777	35
116.804	32
116.83	28
116.859	22
116.885	20
116.91	38
116.936	34
116.964	27
116.989	22
117.016	29
117.043	36
117.07	33
117.095	28
117.124	22
117.151	34
117.176	34
117.203	31
117.23	28
117.259	22
117.284	37
117.311	39
117.336	34
117.362	25
117.388	41
117.413	41
117.439	32
117.464	27
117.489	22
117.516	39
117.543	36
117.57	33
117.595	28
117.624	22
117.649	37
117.676	34
117.703	31
117.73	28
117.759	22
117.784	37
117.811	39
117.838	31
117.865	28
117.892	25
117.919	42
117.944	37
117.97	33
117.995	28
118.024	42
118.049	42
118.074	32
118.101	34
118.127	25
118.154	22
118.181	39
118.206	34
118.232	30
118.259	22
118.284	37
118.309	37
118.336	34
118.362	25
118.387	40
118.414	37
118.441	34
118.467	30
118.492	25
118.517	40
118.544	37
118.57	33
118.596	29
118.621	44
118.646	39
118.671	31
118.698	31
118.727	25
118.752	40
118.779	37
118.804	37
118.829	27
118.854	42
118.879	37
118.904	32
118.93	28
118.959	22
118.985	38
119.01	38
119.035	33
119.062	25
119.087	40
119.112	40
119.138	31
119.165	28
119.19	23
119.215	38
119.241	34
119.268	31
119.293	26
119.318	41
119.344	37
119.37	33
119.396	29
119.424	22
119.449	37
119.476	34
119.501	34
119.527	25
119.552	40
119.579	37
119.604	32
119.63	28
119.655	43
119.682	40
119.709	37
119.734	32
119.759	22
119.784	42
119.809	37
119.834	32
119.859	22
119.885	43
119.91	38
119.935	33
119.96	23
119.985	43
120.01	38
120.036	34
120.061	49
120.087	45
120.113	41
120.139	37
120.165	28
120.191	49
120.217	45
120.243	41
120.269	32
120.294	47
120.32	48
120.346	39
120.372	35
120.397	50
120.423	46
120.449	42
120.474	37
120.499	52
120.525	48
120.55	43
120.575	38
120.6	48
120.625	53
120.651	44
120.678	41
120.704	52
120.73	28
120.756	44
120.783	41
120.809	52
120.835	33
120.861	24
120.887	45
120.913	46
120.939	37
120.965	28
120.99	43
121.016	49
121.043	36
121.07	33
121.095	40
121.121	44
121.148	41
121.175	33
121.202	35
121.229	27
121.255	43
121.28	38
121.305	33
121.332	30
121.359	22
121.386	39
121.415	43
121.44	33
121.465	28
121.491	24
121.518	41
121.543	36
121.57	33
121.598	31
121.624	22
121.649	42
121.676	34
121.701	34
121.727	25
121.753	41
121.779	37
121.804	32
121.83	28
121.859	22
121.885	38
121.911	39
121.936	34
121.962	25
121.989	42
122.016	44
122.043	36
122.07	33
122.097	30
122.123	46
122.148	41
122.174	32
122.199	32
122.226	24
122.253	41
122.278	36
122.303	36
122.33	28
122.355	43
122.382	40
122.411	39
122.436	34
122.463	26
122.49	43
122.515	43
122.54	38
122.565	28
122.59	48
122.615	43
122.64	38
122.665	28
122.69	48
122.715	43
122.74	38
122.765	28
122.79	43
122.815	43
122.84	38
122.865	28
122.892	45
122.917	45
122.942	40
122.967	45
122.994	47
123.019	47
123.045	38
123.07	33
123.096	49
123.123	46
123.149	42
123.176	34
123.203	36
123.23	28
123.256	44
123.283	41
123.309	37
123.336	34
123.363	26
123.389	42
123.416	44
123.443	36
123.47	33
123.496	29
123.521	44
123.547	40
123.573	31
123.599	32
123.624	47
123.649	42
123.674	37
123.699	32
123.725	48
123.75	43
123.775	38
123.8	33
123.826	49
123.851	44
123.876	39
123.902	40
123.927	50
123.952	45
123.977	40
124.002	50
124.028	46
124.055	48
124.08	43
124.107	45
124.134	32
124.16	48
124.186	44
124.211	44
124.237	35
124.262	40
124.288	46
124.313	46
124.339	37
124.364	42
124.391	49
124.416	49
124.444	37
124.471	34
124.498	36
124.523	46
124.55	43
124.577	35
124.604	37
124.629	27
124.659	22
124.686	39
124.712	40
124.739	32
124.765	28
124.792	25
124.824	22
124.849	37
124.876	34
124.903	31
124.93	28
124.959	22
124.984	37
125.011	39
125.038	31
125.065	28
125.092	25
125.124	22
125.15	38
125.177	35
125.204	32
125.23	28
125.259	22
125.286	39
125.313	41
125.338	31
125.365	28
125.39	23
125.415	38
125.441	34
125.468	31
125.493	26
125.519	42
125.544	37
125.571	34
125.596	29
125.624	22
125.65	38
125.677	35
125.702	35
125.727	25
125.753	41
125.779	37
125.805	33
125.83	28
125.855	43
125.882	40
125.908	36
125.933	31
125.959	47
125.985	43
126.01	43
126.036	34
126.061	49
126.087	45
126.112	45
126.138	36
126.163	26
126.188	46
126.214	47
126.239	37
126.264	27
126.29	48
126.315	48
126.34	38
126.365	28
126.39	48
126.415	48
126.44	38
126.465	28
126.49	48
126.517	50
126.543	36
126.568	31
126.593	46
126.618	46
126.644	37
126.671	34
126.696	49
126.721	49
126.748	41
126.774	37
126.8	48
126.827	50
126.853	46
126.879	42
126.905	38
126.931	29
126.957	50
126.983	41
127.009	42
127.034	32
127.059	47
127.084	42
127.109	42
127.136	34
127.163	36
127.19	48
127.215	48
127.242	35
127.267	30
127.294	47
127.321	49
127.347	40
127.372	35
127.397	45
127.423	46
127.449	42
127.474	32
127.499	52
127.525	53
127.55	43
127.575	33
127.6	33
127.626	24
127.651	44
127.676	34
127.704	37
127.729	27
127.755	43
127.78	38
127.806	39
127.831	29
127.857	45
127.882	40
127.908	41
127.933	31
127.96	23
127.986	39
128.011	39
128.038	31
128.065	28
128.09	23
128.115	43
128.141	34
128.168	31
128.193	26
128.219	42
128.244	37
128.271	34
128.297	30
128.323	46
128.349	42
128.375	33
128.4	33
128.427	25
128.454	42
128.479	37
128.506	34
128.531	29
128.558	46
128.585	43
128.612	40
128.639	37
128.664	27
128.691	44
128.716	44
128.743	36
128.768	31
128.793	26
128.82	43
128.845	38
128.87	33
128.896	29
128.921	44
128.946	39
128.971	34
128.996	49
129.021	49
129.046	39
129.072	35
129.097	50
129.123	51
129.148	46
129.174	37
129.199	47
129.224	47
129.249	47
129.276	39
129.301	49
129.326	49
129.353	46
129.378	46
129.403	41
129.429	52
129.454	47
129.479	42
129.504	52
129.529	47
129.554	47
129.579	42
129.604	42
129.629	47
129.654	47
129.679	42
129.705	43
129.732	30
129.757	45
129.782	45
129.807	40
129.833	31
129.858	41
129.883	46
129.91	43
129.935	33
129.96	28
129.987	45
130.014	42
130.04	33
130.067	30
130.092	25
130.119	20
130.145	38
130.174	32
130.199	32
130.224	22
130.259	22
130.289	22
130.324	22
130.359	22
130.385	20
130.41	38
130.435	33
130.462	25
130.489	22
130.515	20
130.542	35
130.568	31
130.595	28
130.624	22
130.649	42
130.676	34
130.701	34
130.727	25
130.753	41
130.78	38
130.807	35
130.833	31
130.859	22
130.885	38
130.913	41
130.939	32
130.965	28
130.991	44
131.018	46
131.043	36
131.068	31
131.095	28
131.122	45
131.147	40
131.172	35
131.197	30
131.223	46
131.25	43
131.275	38
131.3	33
131.325	48
131.35	43
131.377	40
131.402	35
131.427	50
131.453	46
131.48	38
131.507	40
131.534	32
131.56	48
131.585	43
131.61	43
131.637	35
131.664	27
131.691	44
131.716	44
131.743	36
131.77	33
131.795	28
131.822	45
131.847	40
131.874	32
131.901	34
131.926	49
131.953	46
131.98	38
132.005	38
132.032	30
132.057	50
132.084	42
132.111	39
132.136	34
132.163	26
132.19	43
132.216	44
132.242	40
132.269	32
132.295	48
132.322	50
132.349	42
132.375	38
132.402	35
132.428	26
132.453	46
132.478	36
132.505	38
132.532	30
132.559	22
132.586	39
132.612	40
132.637	30
132.662	25
132.688	41
132.714	42
132.741	34
132.767	30
132.793	26
132.82	43
132.846	39
132.872	30
132.899	32
132.924	22
132.951	39
132.978	36
133.004	32
133.03	28
133.055	43
133.082	40
133.109	37
133.134	32
133.159	47
133.184	42
133.209	42
133.234	32
133.259	47
133.285	43
133.31	43
133.335	33
133.36	48
133.385	43
133.41	43
133.436	34
133.462	50
133.488	46
133.514	47
133.54	38
133.565	38
133.591	49
133.616	49
133.641	39
133.666	44
133.693	46
133.718	46
133.743	41
133.768	46
133.793	46
133.818	51
133.843	36
133.869	32
133.896	49
133.921	49
133.946	39
133.973	36
134	48
134.027	50
134.053	46
134.078	36
134.103	51
134.13	28
134.157	30
134.182	40
134.207	40
134.234	32
134.259	22
134.285	33
134.311	39
134.336	34
134.362	25
134.389	22
134.424	22
134.45	20
134.477	35
134.504	32
134.53	28
134.559	22
134.589	22
134.624	22
134.652	20
134.678	36
134.703	31
134.73	28
134.759	22
134.785	43
134.812	40
134.839	32
134.865	28
134.892	25
134.924	22
134.949	42
134.976	34
135.003	31
135.03	28
135.059	22
135.085	38
135.111	39
135.138	31
135.165	28
135.191	24
135.216	44
135.241	34
135.268	31
135.293	26
135.318	46
135.343	36
135.368	31
135.394	27
135.419	47
135.445	38
135.47	33
135.495	28
135.521	49
135.546	39
135.571	34
135.597	30
135.622	50
135.647	40
135.673	36
135.698	31
135.723	51
135.751	44
135.776	39
135.801	34
135.826	49
135.851	44
135.876	39
135.901	34
135.926	49
135.951	44
135.976	39
136.001	34
136.028	26
136.053	46
136.078	41
136.103	36
136.128	26
136.155	43
136.182	40
136.207	40
136.234	32
136.261	49
136.287	45
136.313	46
136.339	37
136.365	28
136.391	44
136.418	46
136.444	37
136.47	33
136.496	29
136.522	45
136.549	42
136.574	32
136.6	33
136.627	25
136.653	41
136.68	38
136.706	34
136.733	31
136.76	28
136.786	44
136.813	41
136.839	37
136.865	28
136.892	25
136.919	42
136.944	37
136.97	33
136.995	33
137.022	50
137.047	40
137.072	35
137.097	30
137.122	50
137.147	40
137.172	35
137.197	30
137.222	50
137.247	40
137.273	36
137.298	41
137.323	46
137.349	42
137.374	37
137.399	52
137.424	47
137.45	43
137.475	38
137.5	48
137.525	53
137.55	43
137.577	40
137.602	45
137.627	50
137.654	47
137.68	38
137.706	39
137.733	31
137.762	25
137.788	41
137.815	48
137.842	40
137.868	31
137.894	47
137.92	48
137.946	39
137.973	36
137.999	42
138.024	52
138.05	43
138.076	34
138.102	35
138.127	25
138.153	41
138.179	37
138.205	33
138.23	28
138.259	22
138.285	38
138.311	39
138.336	34
138.362	25
138.388	41
138.414	42
138.439	32
138.465	28
138.491	44
138.518	46
138.544	37
138.57	33
138.596	29
138.624	22
138.651	39
138.678	36
138.705	33
138.73	28
138.759	22
138.784	42
138.811	39
138.838	36
138.865	28
138.89	43
138.917	45
138.942	35
138.967	30
138.994	42
139.019	47
139.046	39
139.071	34
139.096	49
139.121	49
139.146	39
139.173	36
139.198	51
139.223	46
139.25	43
139.277	35
139.302	35
139.329	52
139.356	49
139.383	41
139.41	43
139.437	35
139.464	27
139.491	44
139.518	46
139.545	38
139.572	35
139.597	30
139.624	47
139.651	44
139.678	36
139.703	36
139.73	28
139.757	45
139.784	42
139.811	39
139.838	36
139.863	26
139.89	43
139.917	45
139.944	37
139.971	34
139.998	31
140.025	48
140.05	43
140.075	33
140.1	33
140.125	48
140.15	43
140.175	33
140.2	33
140.225	48
140.251	44
140.276	34
140.301	34
140.327	50
140.352	45
140.378	36
140.404	37
140.429	27
140.455	48
140.48	38
140.506	39
140.531	29
140.557	45
140.582	40
140.607	40
140.632	30
140.657	50
140.682	45
140.707	45
140.732	35
140.757	50
140.782	45
140.809	42
140.834	32
140.861	49
140.888	46
140.915	48
140.94	38
140.967	40
140.992	50
141.017	50
141.044	42
141.069	47
141.094	47
141.119	47
141.145	38
141.17	53
141.195	48
141.22	48
141.245	38
141.27	48
141.297	50
141.324	22
141.35	43
141.375	38
141.4	48
141.427	25
141.452	40
141.478	36
141.503	41
141.53	28
141.555	20
141.581	39
141.609	42
141.635	33
141.662	25
141.689	22
141.724	22
141.749	37
141.775	33
141.8	33
141.827	25
141.859	22
141.889	22
141.924	22
141.959	22
141.989	22
142.015	20
142.041	34
142.067	30
142.092	25
142.124	22
142.15	20
142.176	34
142.203	31
142.23	28
142.259	22
142.285	38
142.312	40
142.337	30
142.362	25
142.389	22
142.414	42
142.441	34
142.468	31
142.493	26
142.519	42
142.545	38
142.572	35
142.598	31
142.625	48
142.65	43
142.675	33
142.7	33
142.725	48
142.75	43
142.775	38
142.8	33
142.828	26
142.854	47
142.879	37
142.904	52
142.929	42
142.954	47
142.979	37
143.004	52
143.029	27
143.054	42
143.08	38
143.105	48
143.131	29
143.156	44
143.182	40
143.207	40
143.233	31
143.258	46
143.283	41
143.308	36
143.333	31
143.359	22
143.384	37
143.409	37
143.435	33
143.462	25
143.487	40
143.512	40
143.538	31
143.565	28
143.59	33
143.615	43
143.641	34
143.668	31
143.693	26
143.718	41
143.744	37
143.769	32
143.794	27
143.819	42
143.844	37
143.87	33
143.895	28
143.92	43
143.947	40
143.973	31
143.998	31
144.024	22
144.05	38
144.076	34
144.102	35
144.128	26
144.154	42
144.18	38
144.206	39
144.232	30
144.259	22
144.286	39
144.312	40
144.338	31
144.365	28
144.394	27
144.419	42
144.445	38
144.47	33
144.497	30
144.524	47
144.551	44
144.578	36
144.605	38
144.632	30
144.657	45
144.684	42
144.711	39
144.738	36
144.763	26
144.79	43
144.815	43
144.842	40
144.867	30
144.894	47
144.919	47
144.946	39
144.971	34
144.998	51
145.025	48
145.051	44
145.076	34
145.101	49
145.127	50
145.153	46
145.178	36
145.204	37
145.229	27
145.255	43
145.28	38
145.306	34
145.333	31
145.359	22
145.385	38
145.41	38
145.436	34
145.462	25
145.488	41
145.513	41
145.539	32
145.565	28
145.591	24
145.617	40
145.642	35
145.668	31
145.694	27
145.72	43
145.745	38
145.771	34
145.797	30
145.824	22
145.85	38
145.875	33
145.902	35
145.929	27
145.956	44
145.981	39
146.007	35
146.034	32
146.059	22
146.086	39
146.112	40
146.137	35
146.164	27
146.19	43
146.215	43
146.242	35
146.271	34
146.296	29
146.322	45
146.347	40
146.374	37
146.4	33
146.427	50
146.454	47
146.481	39
146.507	35
146.532	30
146.559	47
146.584	42
146.611	39
146.638	36
146.663	26
146.69	43
146.715	43
146.742	35
146.767	30
146.794	27
146.821	44
146.846	39
146.873	31
146.9	33
146.925	33
146.952	45
146.977	35
147.004	37
147.031	29
147.058	46
147.084	42
147.111	39
147.138	36
147.165	28
147.191	24
147.218	41
147.243	36
147.27	33
147.297	30
147.324	22
147.351	39
147.378	36
147.405	33
147.43	28
147.459	22
147.484	42
147.511	39
147.536	34
147.561	24
147.586	44
147.611	39
147.637	35
147.662	50
147.687	45
147.712	40
147.737	35
147.762	50
147.79	48
147.815	43
147.84	38
147.865	48
147.89	48
147.915	48
147.94	38
147.965	28
147.99	48
148.015	43
148.04	38
148.066	29
148.092	45
148.118	46
148.144	42
148.171	34
148.197	50
148.223	51
148.249	42
148.275	38
148.301	34
148.327	25
148.353	41
148.382	40
148.409	37
148.436	34
148.462	25
148.488	41
148.514	42
148.539	32
148.565	28
148.591	24
148.616	39
148.642	35
148.668	31
148.693	26
148.719	42
148.744	37
148.771	34
148.797	30
148.824	22
148.85	38
148.877	35
148.903	36
148.929	27
148.956	39
148.983	41
149.01	38
149.035	33
149.06	23
149.085	43
149.11	38
149.135	33
149.16	38
149.185	43
149.21	38
149.235	33
149.26	48
149.285	43
149.31	43
149.335	38
149.36	48
149.385	43
149.412	40
149.437	35
149.464	52
149.491	49
149.517	50
149.542	40
149.568	31
149.593	46
149.618	46
149.644	42
149.669	32
149.694	47
149.719	47
149.744	42
149.769	32
149.794	47
149.819	47
149.844	42
149.871	34
149.896	29
149.923	46
149.95	38
149.976	34
150.003	36
150.03	28
150.059	22
150.085	38
150.111	39
150.136	34
150.162	25
150.188	41
150.214	42
150.24	33
150.265	28
150.291	39
150.317	45
150.342	35
150.368	31
150.394	27
150.42	43
150.445	38
150.471	34
150.498	31
150.524	22
150.55	38
150.576	34
150.602	35
150.628	26
150.654	42
150.68	38
150.706	34
150.731	29
150.758	31
150.785	43
150.811	39
150.836	34
150.862	40
150.889	47
150.916	44
150.943	36
150.969	32
150.994	47
151.02	48
151.047	40
151.072	35
151.098	41
151.123	51
151.149	42
151.175	38
151.201	34
151.23	28
151.256	44
151.282	40
151.308	41
151.333	31
151.359	47
151.385	43
151.411	39
151.436	34
151.462	25
151.488	41
151.513	41
151.539	32
151.565	28
151.591	24
151.618	41
151.645	38
151.671	34
151.697	30
151.724	22
151.751	39
151.777	35
151.803	36
151.83	28
151.856	44
151.883	41
151.91	38
151.935	33
151.96	23
151.987	40
152.013	41
152.038	31
152.065	28
152.091	24
152.116	44
152.143	36
152.17	33
152.197	30
152.222	45
152.249	42
152.276	34
152.303	36
152.328	41
152.355	48
152.382	40
152.409	37
152.434	32
152.461	24
152.486	44
152.513	41
152.54	33
152.567	30
152.593	36
152.618	46
152.644	37
152.671	34
152.698	31
152.724	47
152.751	44
152.778	36
152.804	32
152.829	27
152.856	39
152.883	41
152.91	38
152.935	33
152.962	25
152.988	41
153.015	43
153.04	33
153.065	28
153.092	45
153.119	47
153.146	39
153.173	36
153.198	31
153.225	48
153.252	45
153.277	35
153.303	36
153.329	52
153.355	48
153.381	39
153.407	40
153.433	46
153.458	51
153.484	42
153.51	43
153.536	44
153.561	49
153.586	44
153.611	44
153.636	49
153.661	49
153.688	46
153.713	46
153.74	38
153.766	29
153.793	51
153.82	48
153.847	45
153.873	36
153.9	48
153.925	48
153.95	43
153.975	38
154.002	50
154.027	25
154.052	45
154.078	36
154.104	42
154.131	29
154.159	22
154.185	43
154.212	45
154.238	36
154.265	28
154.291	39
154.317	45
154.342	35
154.368	31
154.394	27
154.424	22
154.45	43
154.477	35
154.504	32
154.53	28
154.559	22
154.586	44
154.613	41
154.639	32
154.665	28
154.69	23
154.717	40
154.744	37
154.771	34
154.796	29
154.822	30
154.847	40
154.874	32
154.9	33
154.927	25
154.954	42
154.98	38
155.007	35
155.033	31
155.06	23
155.087	40
155.114	42
155.141	34
155.167	30
155.192	25
155.217	45
155.242	35
155.267	30
155.292	45
155.317	45
155.342	35
155.368	31
155.393	46
155.419	47
155.444	37
155.469	32
155.495	48
155.52	48
155.547	40
155.573	36
155.599	52
155.626	49
155.652	45
155.678	41
155.704	52
155.731	39
155.757	50
155.782	40
155.808	41
155.834	32
155.86	48
155.886	44
155.911	44
155.937	35
155.962	50
155.987	45
156.012	45
156.037	35
156.063	46
156.088	46
156.113	46
156.139	37
156.164	27
156.189	42
156.214	47
156.24	38
156.265	28
156.29	43
156.316	49
156.341	34
156.368	31
156.393	26
156.418	41
156.444	37
156.47	33
156.495	28
156.524	22
156.55	38
156.576	34
156.601	34
156.627	25
156.659	22
156.685	38
156.712	40
156.739	32
156.765	28
156.791	24
156.817	40
156.842	35
156.868	31
156.895	28
156.924	22
156.951	39
156.977	35
157.004	32
157.03	28
157.059	22
157.084	42
157.109	37
157.134	32
157.159	22
157.185	38
157.21	38
157.236	34
157.262	25
157.288	41
157.314	42
157.339	32
157.365	28
157.392	25
157.418	41
157.445	38
157.471	34
157.498	31
157.524	22
157.55	38
157.576	34
157.602	35
157.627	25
157.653	41
157.679	37
157.705	33
157.73	28
157.757	45
157.782	40
157.808	36
157.835	33
157.862	25
157.888	41
157.914	42
157.941	34
157.967	30
157.993	26
158.02	43
158.045	38
158.071	34
158.096	29
158.122	45
158.148	41
158.174	32
158.199	32
158.224	22
158.253	41
158.279	37
158.305	38
158.331	29
158.356	44
158.382	40
158.408	36
158.433	31
158.459	22
158.485	38
158.511	39
158.536	34
158.562	25
158.588	41
158.614	42
158.639	32
158.665	28
158.691	24
158.717	40
158.742	35
158.768	31
158.794	27
158.821	44
158.848	41
158.874	32
158.9	33
158.927	25
158.953	41
158.978	36
159.005	33
159.03	28
159.057	45
159.082	40
159.109	37
159.134	32
159.159	22
159.184	42
159.209	37
159.234	32
159.259	22
159.284	42
159.309	37
159.334	32
159.362	25
159.387	40
159.412	40
159.437	35
159.462	50
159.487	45
159.512	40
159.537	45
159.562	50
159.588	46
159.614	42
159.64	43
159.666	44
159.692	50
159.718	46
159.744	47
159.77	48
159.795	48
159.82	48
159.846	49
159.871	44
159.896	49
159.921	49
159.946	44
159.971	49
159.997	50
160.022	50
160.047	42
160.074	37
160.101	49
160.128	41
160.154	47
160.179	42
160.204	37
160.23	33
160.256	49
160.281	44
160.306	39
160.331	29
160.359	22
160.386	44
160.411	44
160.436	34
160.462	25
160.488	41
160.514	42
160.539	32
160.565	28
160.592	25
160.624	22
160.65	38
160.675	33
160.7	33
160.727	25
160.759	22
160.789	22
160.814	42
160.84	33
160.865	28
160.892	25
160.924	22
160.949	42
160.974	32
161.001	34
161.027	25
161.053	41
161.078	36
161.103	31
161.13	28
161.159	22
161.185	38
161.21	38
161.236	34
161.262	25
161.289	42
161.316	44
161.343	36
161.37	33
161.397	30
161.424	47
161.449	42
161.476	34
161.501	34
161.526	24
161.553	41
161.579	37
161.604	37
161.629	27
161.654	42
161.679	37
161.704	37
161.729	27
161.754	42
161.779	37
161.805	38
161.83	28
161.855	43
161.88	38
161.906	39
161.931	29
161.956	49
161.981	39
162.007	40
162.032	30
162.057	50
162.082	40
162.107	40
162.132	30
162.157	50
162.182	40
162.207	40
162.232	30
162.257	45
162.282	40
162.307	40
162.332	30
162.357	45
162.382	40
162.407	40
162.432	30
162.457	45
162.484	42
162.509	42
162.539	37
162.565	43
162.592	45
162.619	47
162.645	38
162.672	35
162.698	46
162.725	48
162.75	43
162.775	38
162.8	48
162.826	49
162.851	44
162.877	35
162.902	35
162.927	50
162.952	45
162.977	40
163.002	35
163.027	45
163.053	46
163.078	36
163.104	37
163.129	27
163.155	43
163.182	40
163.208	36
163.233	31
163.259	42
163.284	42
163.309	37
163.335	33
163.36	23
163.385	43
163.411	39
163.436	34
163.462	25
163.488	41
163.513	41
163.538	31
163.565	28
163.59	23
163.615	38
163.641	34
163.668	31
163.693	26
163.719	42
163.744	37
163.771	34
163.796	29
163.824	22
163.851	39
163.878	36
163.904	32
163.93	28
163.959	22
163.986	39
164.013	41
164.038	31
164.065	28
164.092	25
164.119	42
164.146	39
164.173	31
164.2	33
164.227	25
164.254	42
164.279	37
164.306	34
164.333	31
164.359	22
164.384	42
164.411	39
164.436	34
164.462	25
164.487	40
164.514	42
164.539	32
164.565	28
164.59	43
164.615	43
164.64	33
164.665	28
164.69	43
164.715	43
164.74	38
164.765	53
164.79	48
164.817	45
164.842	40
164.867	50
164.892	50
164.917	50
164.944	37
164.969	37
164.996	49
165.024	47
165.051	44
165.076	39
165.101	49
165.126	49
165.151	44
165.177	50
165.202	50
165.227	50
165.252	45
165.278	41
165.303	46
165.328	26
165.354	47
165.379	47
165.404	42
165.43	28
165.455	48
165.48	43
165.505	48
165.53	28
165.556	34
165.583	41
165.608	46
165.633	31
165.659	22
165.684	37
165.711	44
165.736	34
165.762	25
165.787	40
165.812	45
165.838	31
165.865	28
165.89	23
165.915	20
165.941	34
165.967	30
165.992	25
166.024	22
166.059	22
166.089	22
166.124	22
166.159	22
166.185	20
166.224	22
166.254	22
166.28	38
166.305	33
166.332	30
166.359	22
166.389	22
166.415	20
166.441	34
166.468	31
166.498	31
166.524	22
166.551	29
166.577	35
166.604	32
166.63	28
166.659	22
166.685	38
166.712	40
166.738	31
166.765	28
166.792	25
166.817	40
166.844	37
166.871	34
166.896	29
166.924	22
166.95	38
166.976	34
167.002	35
167.027	25
167.053	41
167.079	37
167.105	33
167.13	28
167.159	22
167.185	38
167.21	38
167.236	34
167.262	25
167.288	41
167.314	42
167.339	32
167.365	28
167.391	24
167.417	40
167.442	35
167.468	31
167.494	27
167.52	43
167.547	40
167.573	31
167.599	32
167.624	22
167.65	38
167.676	34
167.702	35
167.727	25
167.752	40
167.779	37
167.804	37
167.83	28
167.855	43
167.881	39
167.906	39
167.932	30
167.957	45
167.982	40
168.008	41
168.033	31
168.058	46
168.084	42
168.109	42
168.134	32
168.16	48
168.185	43
168.21	43
168.235	33
168.261	49
168.286	44
168.311	44
168.336	34
168.361	49
168.386	44
168.411	44
168.438	36
168.463	26
168.49	43
168.515	48
168.541	39
168.566	29
168.591	44
168.617	50
168.642	40
168.667	35
168.692	50
168.717	50
168.742	35
168.767	30
168.794	47
168.819	47
168.844	42
168.87	33
168.895	48
168.924	52
168.949	42
168.975	38
169.003	51
169.028	26
169.053	41
169.08	38
169.105	38
169.132	30
169.159	37
169.185	43
169.211	44
169.237	35
169.262	25
169.289	22
169.315	38
169.342	35
169.368	31
169.395	28
169.424	22
169.451	39
169.478	36
169.505	33
169.532	30
169.559	22
169.585	38
169.61	38
169.635	33
169.662	25
169.689	22
169.716	39
169.741	34
169.768	31
169.795	28
169.82	20
169.845	38
169.87	33
169.897	30
169.924	22
169.951	39
169.976	34
170.003	36
170.03	28
170.059	22
170.085	38
170.11	38
170.136	34
170.162	25
170.188	41
170.214	42
170.24	33
170.267	30
170.294	27
170.32	43
170.345	38
170.37	33
170.396	29
170.424	22
170.451	39
170.478	36
170.504	32
170.529	27
170.559	22
170.586	39
170.612	40
170.637	30
170.662	25
170.689	42
170.715	43
170.742	35
170.767	30
170.794	27
170.82	43
170.847	40
170.874	32
170.899	32
170.925	48
170.951	44
170.977	35
171.003	36
171.028	51
171.053	46
171.08	38
171.106	39
171.131	49
171.157	50
171.183	41
171.208	41
171.234	32
171.259	47
171.285	43
171.31	43
171.335	33
171.361	49
171.386	44
171.411	44
171.436	34
171.461	34
171.486	44
171.513	46
171.539	37
171.564	47
171.59	48
171.616	49
171.641	39
171.667	30
171.692	45
171.717	50
171.743	36
171.768	31
171.793	46
171.818	46
171.844	42
171.871	34
171.897	50
171.923	51
171.949	42
171.975	38
172.001	49
172.027	45
172.053	46
172.079	42
172.104	47
172.13	28
172.155	48
172.18	38
172.206	44
172.231	49
172.257	50
172.283	41
172.308	46
172.334	32
172.36	23
172.386	44
172.412	45
172.438	36
172.464	37
172.489	47
172.515	48
172.542	35
172.567	30
172.592	45
172.619	47
172.646	39
172.673	36
172.699	37
172.724	22
172.751	44
172.778	36
172.804	37
172.831	29
172.857	30
172.884	42
172.911	39
172.937	30
172.962	25
172.989	22
173.016	29
173.043	36
173.07	33
173.097	30
173.124	22
173.149	42
173.176	34
173.203	31
173.23	28
173.259	22
173.285	43
173.315	43
173.342	35
173.367	30
173.394	27
173.424	22
173.449	42
173.476	34
173.503	36
173.53	28
173.556	34
173.582	40
173.608	36
173.633	31
173.659	27
173.685	43
173.712	40
173.737	35
173.762	25
173.789	42
173.814	42
173.841	34
173.868	31
173.893	26
173.92	43
173.945	38
173.97	33
173.995	28
174.02	43
174.046	39
174.071	34
174.097	30
174.123	46
174.148	41
174.174	37
174.2	33
174.225	48
174.251	44
174.277	40
174.303	36
174.328	26
174.354	47
174.38	38
174.406	39
174.432	30
174.458	46
174.483	41
174.509	42
174.535	33
174.562	35
174.587	45
174.612	45
174.637	35
174.664	42
174.689	47
174.716	49
174.741	34
174.768	31
174.795	43
174.82	48
174.847	40
174.874	32
174.901	34
174.928	36
174.955	48
174.982	40
175.011	39
175.038	36
175.065	28
175.091	44
175.117	45
175.143	41
175.169	32
175.195	28
175.221	44
175.247	40
175.274	32
175.3	33
175.327	25
175.353	41
175.38	38
175.406	34
175.432	30
175.459	22
175.486	39
175.512	40
175.537	35
175.564	27
175.591	26
175.617	45
175.642	35
175.669	32
175.696	29
175.723	46
175.748	41
175.775	33
175.802	35
175.827	37
175.854	47
175.879	37
175.906	39
175.931	34
175.956	49
175.983	41
176.008	41
176.033	31
176.058	46
176.083	41
176.108	41
176.133	31
176.158	46
176.183	41
176.208	41
176.233	31
176.258	46
176.283	41
176.308	41
176.333	31
176.36	48
176.385	43
176.41	43
176.437	35
176.462	25
176.489	42
176.516	44
176.543	36
176.57	33
176.597	50
176.624	47
176.65	43
176.677	35
176.704	37
176.73	28
176.757	45
176.783	41
176.81	38
176.836	34
176.862	25
176.888	41
176.915	43
176.94	33
176.967	30
176.994	27
177.021	44
177.047	40
177.072	30
177.099	32
177.124	22
177.151	39
177.178	36
177.205	33
177.231	29
177.256	44
177.281	39
177.307	35
177.332	30
177.359	22
177.386	39
177.411	39
177.438	31
177.465	28
177.492	25
177.519	42
177.544	37
177.571	34
177.596	29
177.623	46
177.648	41
177.673	36
177.7	33
177.725	48
177.75	43
177.775	38
177.8	33
177.825	48
177.85	43
177.875	33
177.9	33
177.927	25
177.952	45
177.977	35
178.004	37
178.029	27
178.054	47
178.079	37
178.104	37
178.129	52
178.154	47
178.179	42
178.209	42
178.234	32
178.259	47
178.286	44
178.311	44
178.336	34
178.363	26
178.39	43
178.415	48
178.442	35
178.468	31
178.493	46
178.52	48
178.545	38
178.572	35
178.598	51
178.624	52
178.65	43
178.677	35
178.703	36
178.729	27
178.756	44
178.782	40
178.808	41
178.834	32
178.863	26
178.889	42
178.916	44
178.942	35
178.968	31
178.994	27
179.021	44
179.047	40
179.074	32
179.099	32
179.124	22
179.15	38
179.177	35
179.203	36
179.23	28
179.259	22
179.286	39
179.313	41
179.342	35
179.369	32
179.396	29
179.422	45
179.447	40
179.474	32
179.501	34
179.526	49
179.553	46
179.578	36
179.603	36
179.628	26
179.653	46
179.678	36
179.703	36
179.728	26
179.753	46
179.778	36
179.803	36
179.828	51
179.853	46
179.878	36
179.903	36
179.928	26
179.953	46
179.978	36
180.004	37
180.029	27
180.054	47
180.08	38
180.105	38
180.131	29
180.156	44
180.182	40
180.207	40
180.233	31
180.258	46
180.284	42
180.309	42
180.334	32
180.36	48
180.385	43
180.41	43
180.436	34
180.461	49
180.486	44
180.512	45
180.537	35
180.562	25
180.587	45
180.612	45
180.637	35
180.662	35
180.687	45
180.712	40
180.737	35
180.764	42
180.789	47
180.816	44
180.841	34
180.868	31
180.895	48
180.921	49
180.947	40
180.974	37
181	53
181.026	49
181.052	45
181.077	35
181.103	36
181.128	51
181.153	46
181.178	36
181.203	36
181.229	27
181.254	42
181.279	37
181.304	32
181.33	28
181.355	33
181.382	40
181.407	35
181.433	31
181.459	22
181.485	38
181.51	43
181.535	33
181.56	23
181.586	39
181.611	39
181.636	34
181.662	25
181.688	41
181.713	41
181.739	32
181.765	28
181.791	24
181.817	40
181.843	36
181.87	33
181.896	29
181.924	22
181.951	39
181.978	36
182.005	33
182.03	28
182.059	22
182.086	39
182.113	41
182.138	31
182.165	28
182.192	25
182.219	42
182.244	37
182.27	33
182.295	28
182.32	43
182.347	40
182.373	31
182.4	33
182.425	48
182.45	43
182.477	40
182.502	35
182.529	52
182.554	47
182.579	42
182.606	39
182.631	49
182.658	46
182.685	48
182.712	45
182.739	37
182.765	48
182.79	48
182.818	46
182.843	41
182.868	46
182.893	46
182.92	48
182.945	43
182.972	45
182.997	50
183.023	46
183.049	42
183.076	54
183.102	35
183.128	51
183.153	46
183.179	42
183.204	37
183.23	28
183.255	33
183.28	43
183.305	38
183.33	28
183.356	29
183.381	44
183.406	39
183.433	31
183.459	27
183.486	44
183.511	44
183.537	35
183.563	31
183.589	22
183.624	22
183.654	22
183.689	22
183.715	20
183.742	35
183.768	31
183.794	27
183.824	22
183.854	22
183.88	20
183.905	33
183.93	28
183.955	23
183.98	38
184.006	34
184.033	31
184.059	27
184.084	42
184.111	39
184.138	31
184.163	31
184.189	22
184.215	43
184.241	34
184.267	35
184.293	26
184.319	42
184.345	38
184.371	34
184.398	31
184.424	22
184.449	42
184.474	37
184.499	32
184.524	47
184.549	42
184.579	42
184.604	37
184.631	29
184.656	44
184.683	46
184.708	36
184.735	33
184.76	28
184.787	45
184.814	42
184.839	37
184.866	34
184.891	49
184.918	46
184.943	41
184.97	38
184.997	30
185.022	45
185.049	42
185.074	42
185.099	32
185.124	47
185.151	44
185.176	44
185.201	34
185.228	26
185.253	46
185.28	43
185.305	38
185.332	30
185.359	47
185.385	48
185.412	40
185.438	36
185.464	52
185.49	53
185.516	44
185.543	36
185.569	37
185.596	29
185.622	45
185.649	42
185.675	43
185.702	35
185.728	26
185.755	43
185.781	44
185.808	36
185.834	32
185.861	29
185.887	45
185.914	42
185.941	34
185.967	35
185.994	27
186.021	44
186.047	40
186.074	37
186.1	33
186.127	25
186.154	42
186.179	42
186.206	34
186.232	30
186.257	25
186.282	45
186.307	40
186.332	30
186.357	45
186.382	45
186.407	35
186.432	30
186.457	45
186.482	45
186.508	36
186.533	31
186.56	48
186.585	48
186.61	38
186.637	35
186.662	30
186.689	47
186.714	42
186.739	37
186.766	34
186.791	49
186.816	44
186.843	36
186.868	36
186.893	26
186.92	43
186.945	38
186.97	38
186.995	28
187.022	45
187.047	40
187.075	38
187.101	34
187.126	49
187.151	44
187.176	44
187.201	34
187.226	49
187.251	44
187.276	44
187.301	34
187.326	44
187.351	44
187.376	44
187.401	34
187.426	39
187.451	44
187.476	44
187.503	36
187.53	28
187.555	43
187.581	49
187.607	40
187.633	41
187.66	48
187.686	49
187.713	41
187.739	37
187.765	48
187.791	49
187.817	45
187.843	36
187.869	49
187.895	28
187.92	48
187.946	39
187.971	39
187.996	29
188.021	44
188.047	40
188.072	40
188.097	30
188.124	47
188.149	42
188.174	42
188.199	32
188.224	22
188.249	42
188.274	37
188.3	33
188.327	25
188.352	40
188.379	42
188.406	34
188.433	31
188.46	28
188.489	22
188.514	42
188.54	33
188.565	33
188.592	25
188.617	40
188.644	37
188.669	32
188.695	28
188.724	22
188.749	42
188.775	38
188.801	34
188.827	25
188.853	41
188.879	42
188.905	38
188.931	29
188.957	25
188.984	42
189.011	39
189.038	31
189.065	33
189.092	25
189.119	42
189.146	39
189.171	34
189.198	31
189.225	23
189.252	40
189.277	40
189.304	32
189.33	28
189.357	25
189.384	42
189.409	37
189.435	33
189.46	28
189.487	45
189.514	42
189.541	34
189.567	35
189.592	25
189.618	46
189.643	36
189.669	37
189.695	28
189.72	48
189.745	38
189.771	39
189.796	29
189.822	45
189.847	40
189.872	40
189.897	30
189.922	50
189.947	45
189.973	41
189.999	52
190.025	48
190.05	48
190.075	43
190.1	33
190.125	48
190.151	49
190.178	46
190.203	36
190.228	51
190.253	46
190.278	46
190.303	36
190.329	47
190.354	47
190.379	47
190.404	32
190.431	29
190.456	44
190.481	49
190.507	35
190.532	30
190.557	45
190.582	50
190.607	35
190.633	31
190.662	50
190.687	50
190.713	41
190.74	33
190.765	43
190.791	24
190.824	22
190.85	33
190.876	39
190.901	34
190.927	25
190.954	22
190.989	22
191.024	22
191.05	20
191.076	39
191.103	31
191.13	28
191.157	25
191.189	22
191.214	42
191.241	34
191.266	34
191.292	25
191.324	22
191.351	39
191.376	39
191.403	31
191.43	28
191.457	25
191.483	41
191.509	37
191.535	33
191.56	28
191.589	22
191.615	38
191.641	34
191.666	34
191.692	25
191.719	42
191.746	39
191.773	36
191.801	34
191.828	26
191.853	41
191.88	43
191.905	38
191.93	28
191.955	43
191.982	45
192.007	35
192.032	30
192.057	45
192.082	45
192.107	35
192.132	30
192.157	45
192.182	45
192.207	35
192.233	31
192.258	46
192.283	46
192.308	41
192.333	31
192.358	46
192.383	46
192.409	42
192.434	32
192.459	47
192.484	47
192.509	37
192.535	33
192.562	50
192.587	45
192.612	40
192.637	35
192.662	50
192.687	50
192.712	40
192.739	37
192.764	47
192.791	49
192.818	46
192.843	36
192.87	38
192.897	30
192.924	22
192.951	39
192.976	44
193.002	35
193.028	26
193.054	42
193.079	42
193.105	38
193.133	31
193.159	27
193.184	42
193.209	37
193.235	33
193.261	29
193.289	22
193.315	38
193.34	33
193.365	33
193.392	25
193.417	40
193.444	37
193.469	32
193.498	31
193.524	22
193.551	39
193.577	40
193.604	37
193.63	28
193.657	25
193.683	41
193.71	38
193.736	34
193.762	30
193.787	45
193.815	43
193.841	34
193.866	34
193.891	49
193.916	44
193.941	34
193.966	34
193.991	49
194.016	44
194.042	35
194.067	35
194.092	50
194.118	46
194.143	36
194.169	37
194.194	52
194.219	47
194.245	38
194.27	38
194.296	29
194.321	44
194.346	39
194.372	40
194.397	30
194.422	45
194.447	40
194.472	40
194.497	30
194.522	45
194.547	40
194.572	40
194.597	30
194.624	47
194.649	42
194.675	43
194.701	34
194.728	46
194.755	48
194.781	49
194.808	41
194.834	32
194.861	44
194.887	50
194.914	42
194.94	38
194.967	35
194.993	51
195.019	47
195.045	43
195.07	38
195.095	28
195.12	43
195.145	38
195.171	34
195.198	31
195.224	22
195.25	38
195.275	38
195.301	34
195.327	25
195.353	41
195.378	41
195.404	32
195.43	28
195.455	23
195.482	40
195.508	36
195.535	33
195.562	30
195.587	45
195.614	42
195.641	34
195.668	36
195.693	26
195.72	43
195.746	39
195.771	34
195.796	29
195.821	44
195.846	39
195.872	35
195.897	30
195.922	45
195.947	40
195.972	40
195.998	31
196.023	46
196.048	41
196.074	42
196.099	32
196.125	48
196.15	43
196.176	44
196.201	34
196.226	49
196.251	44
196.276	44
196.303	36
196.329	52
196.355	48
196.381	49
196.41	43
196.436	34
196.462	50
196.487	50
196.512	45
196.537	40
196.564	52
196.589	47
196.614	42
196.639	37
196.664	47
196.689	52
196.716	44
196.741	34
196.768	51
196.793	26
196.82	20
196.847	40
196.872	50
196.898	31
196.924	22
196.949	42
196.974	42
196.999	32
197.024	22
197.051	44
197.076	44
197.102	35
197.127	25
197.154	22
197.192	25
197.224	22
197.25	33
197.277	40
197.304	32
197.33	28
197.357	25
197.392	25
197.424	22
197.451	34
197.476	39
197.503	31
197.529	27
197.554	22
197.579	42
197.606	34
197.632	30
197.657	25
197.689	22
197.715	38
197.74	33
197.765	33
197.792	25
197.824	22
197.849	37
197.874	37
197.901	34
197.927	25
197.953	41
197.979	42
198.006	34
198.035	33
198.06	28
198.086	44
198.111	39
198.136	34
198.161	49
198.186	49
198.211	44
198.236	34
198.264	37
198.289	47
198.314	47
198.339	37
198.366	34
198.392	50
198.417	50
198.443	41
198.469	37
198.494	52
198.52	48
198.548	46
198.573	41
198.6	38
198.626	54
198.652	45
198.678	46
198.704	42
198.73	43
198.755	48
198.78	43
198.806	39
198.831	49
198.857	50
198.882	50
198.908	41
198.935	33
198.961	49
198.987	50
199.013	41
199.038	36
199.063	41
199.09	28
199.117	45
199.144	37
199.169	37
199.195	28
199.224	22
199.251	20
199.277	40
199.303	31
199.33	28
199.36	28
199.389	22
199.415	28
199.441	34
199.467	30
199.492	25
199.524	22
199.549	42
199.574	37
199.6	33
199.627	25
199.652	35
199.678	41
199.703	31
199.73	28
199.757	25
199.789	22
199.816	39
199.841	34
199.868	31
199.895	28
199.924	22
199.95	38
199.976	39
200.001	34
200.027	25
200.053	41
200.08	43
200.105	33
200.13	28
200.157	25
200.183	41
200.208	36
200.235	33
200.262	30
200.287	22
200.314	42
200.34	33
200.365	33
200.39	23
200.417	40
200.443	36
200.471	34
200.498	31
200.523	26
200.548	41
200.573	41
200.598	31
200.623	46
200.648	41
200.674	42
200.699	32
200.724	47
200.749	42
200.775	43
200.8	33
200.825	48
200.851	44
200.876	44
200.901	34
200.926	49
200.951	44
200.976	44
201.003	36
201.028	26
201.055	43
201.081	44
201.108	36
201.134	32
201.161	49
201.186	49
201.212	40
201.237	35
201.263	31
201.288	46
201.314	42
201.34	33
201.365	33
201.392	25
201.418	41
201.444	37
201.47	33
201.495	28
201.52	38
201.547	40
201.573	36
201.598	31
201.624	22
201.65	38
201.676	39
201.701	34
201.727	25
201.753	41
201.778	41
201.804	32
201.83	28
201.856	24
201.882	40
201.907	35
201.932	30
201.959	27
201.986	44
202.013	41
202.04	33
202.069	37
202.094	27
202.121	44
202.148	41
202.175	38
202.2	33
202.227	25
202.254	42
202.279	42
202.306	34
202.331	29
202.358	46
202.383	46
202.41	38
202.435	33
202.462	50
202.487	45
202.514	42
202.539	37
202.564	52
202.589	47
202.614	42
202.641	39
202.666	49
202.692	50
202.719	47
202.745	43
202.77	38
202.796	29
202.822	45
202.848	46
202.874	42
202.899	32
202.925	48
202.95	43
202.975	43
203	33
203.027	25
203.052	45
203.077	50
203.103	36
203.129	27
203.155	48
203.181	49
203.207	40
203.233	31
203.258	46
203.284	47
203.309	37
203.335	33
203.361	49
203.387	50
203.413	41
203.439	37
203.464	42
203.49	23
203.516	44
203.541	34
203.566	34
203.592	25
203.624	22
203.649	42
203.674	37
203.701	34
203.727	25
203.754	22
203.78	43
203.806	34
203.833	31
203.859	27
203.889	22
203.916	39
203.943	36
203.968	31
203.995	28
204.024	22
204.049	42
204.074	37
204.101	34
204.127	25
204.152	40
204.177	40
204.204	32
204.229	27
204.256	24
204.281	44
204.306	34
204.332	30
204.357	25
204.382	45
204.407	35
204.432	30
204.458	46
204.483	46
204.508	41
204.534	32
204.559	47
204.584	47
204.609	37
204.635	33
204.66	48
204.688	51
204.713	41
204.739	37
204.764	52
204.789	52
204.814	42
204.839	37
204.864	47
204.889	47
204.916	44
204.941	34
204.966	49
204.991	49
205.018	46
205.043	36
205.07	38
205.095	28
205.122	45
205.149	42
205.176	44
205.203	36
205.23	38
205.257	45
205.283	46
205.31	38
205.337	35
205.364	47
205.389	47
205.415	43
205.442	35
205.468	36
205.493	41
205.519	47
205.545	38
205.57	38
205.596	29
205.621	49
205.647	40
205.672	35
205.698	31
205.724	22
205.75	43
205.775	38
205.801	34
205.827	25
205.853	41
205.879	42
205.905	33
205.93	28
205.956	39
205.983	46
206.009	37
206.035	33
206.061	29
206.086	41
206.111	39
206.138	31
206.165	33
206.192	25
206.219	42
206.246	39
206.271	34
206.298	31
206.323	46
206.348	41
206.373	36
206.398	31
206.423	46
206.45	43
206.475	38
206.501	34
206.526	49
206.551	44
206.577	45
206.602	35
206.628	51
206.653	46
206.679	47
206.704	37
206.73	28
206.755	48
206.78	48
206.805	38
206.83	28
206.857	50
206.883	46
206.908	41
206.934	47
206.96	48
206.985	53
207.013	41
207.039	47
207.065	53
207.09	48
207.115	43
207.14	43
207.165	48
207.192	25
207.218	46
207.243	41
207.269	47
207.294	27
207.319	47
207.344	37
207.369	47
207.395	28
207.424	22
207.45	43
207.476	44
207.501	34
207.527	25
207.553	46
207.578	46
207.605	38
207.63	28
207.656	34
207.682	45
207.708	36
207.733	31
207.76	28
207.785	20
207.81	38
207.836	34
207.863	31
207.889	22
207.924	22
207.954	22
207.989	22
208.015	20
208.04	33
208.065	33
208.092	25
208.124	22
208.15	20
208.177	40
208.203	31
208.23	28
208.257	25
208.289	22
208.324	22
208.35	20
208.377	40
208.403	31
208.43	28
208.457	25
208.489	22
208.516	39
208.543	36
208.568	36
208.595	28
208.624	22
208.65	38
208.676	39
208.703	31
208.729	27
208.756	24
208.783	41
208.81	38
208.835	33
208.861	29
208.886	44
208.912	40
208.937	30
208.964	32
208.989	22
209.016	39
209.043	36
209.069	32
209.094	27
209.12	20
209.145	38
209.172	35
209.199	32
209.224	22
209.251	39
209.277	40
209.304	32
209.329	27
209.356	24
209.382	40
209.409	37
209.436	34
209.465	33
209.49	48
209.516	44
209.543	36
209.569	37
209.596	29
209.622	45
209.649	42
209.675	38
209.702	35
209.728	51
209.754	47
209.781	49
209.807	40
209.836	34
209.862	50
209.888	51
209.914	42
209.94	38
209.966	49
209.992	50
210.017	45
210.045	43
210.07	48
210.097	30
210.124	47
210.149	47
210.176	44
210.201	34
210.227	35
210.252	45
210.277	45
210.302	35
210.327	40
210.355	48
210.38	48
210.407	35
210.432	30
210.457	45
210.484	52
210.511	39
210.537	30
210.564	47
210.59	23
210.617	40
210.642	35
210.667	35
210.692	25
210.718	46
210.744	37
210.771	34
210.798	31
210.824	22
210.85	43
210.877	40
210.904	32
210.93	28
210.957	25
210.985	20
211.01	38
211.035	33
211.06	28
211.086	44
211.112	40
211.138	31
211.164	32
211.19	23
211.216	44
211.242	35
211.267	35
211.292	25
211.317	45
211.343	36
211.369	37
211.395	28
211.42	43
211.445	38
211.471	39
211.497	30
211.523	46
211.548	41
211.574	42
211.599	32
211.625	48
211.651	44
211.676	44
211.702	35
211.728	26
211.753	46
211.779	47
211.804	37
211.829	27
211.854	42
211.879	47
211.906	34
211.933	31
211.96	48
211.985	48
212.011	39
212.036	34
212.062	50
212.087	50
212.113	41
212.138	31
212.163	46
212.188	46
212.213	41
212.238	31
212.265	48
212.291	24
212.317	45
212.342	35
212.368	46
212.395	28
212.424	22
212.45	43
212.476	44
212.502	35
212.528	26
212.553	46
212.579	42
212.604	32
212.633	31
212.66	28
212.686	29
212.712	40
212.738	31
212.763	31
212.789	22
212.815	43
212.842	35
212.868	31
212.895	28
212.924	22
212.949	37
212.974	37
213	33
213.027	25
213.054	22
213.08	38
213.107	35
213.136	34
213.162	30
213.189	22
213.216	39
213.242	35
213.268	31
213.293	26
213.318	41
213.343	36
213.371	34
213.398	31
213.424	22
213.449	37
213.474	37
213.501	34
213.527	25
213.552	40
213.578	41
213.603	31
213.63	28
213.655	43
213.681	44
213.706	34
213.733	31
213.758	26
213.784	42
213.809	37
213.836	34
213.861	29
213.889	22
213.915	38
213.941	34
213.967	35
213.992	25
214.018	41
214.044	37
214.071	34
214.096	29
214.121	44
214.146	39
214.171	34
214.197	30
214.224	22
214.249	37
214.274	37
214.3	33
214.327	25
214.352	40
214.377	40
214.403	31
214.43	28
214.455	38
214.48	43
214.506	34
214.533	31
214.559	27
214.585	43
214.61	38
214.636	34
214.662	30
214.689	22
214.715	38
214.742	35
214.768	36
214.795	28
214.821	44
214.847	40
214.874	37
214.901	34
214.927	25
214.953	41
214.979	42
215.004	37
215.03	28
215.056	49
215.082	45
215.108	36
215.134	32
215.16	48
215.186	49
215.212	40
215.238	36
215.263	51
215.289	47
215.315	43
215.34	38
215.366	44
215.391	49
215.416	44
215.442	40
215.467	45
215.494	52
215.521	49
215.547	45
215.573	41
215.602	35
215.629	47
215.655	48
215.681	49
215.707	40
215.733	31
215.759	52
215.785	48
215.81	38
215.836	34
215.861	49
215.886	49
215.911	39
215.936	34
215.965	53
215.991	24
216.018	41
216.045	38
216.07	38
216.096	29
216.124	22
216.15	43
216.176	39
216.202	35
216.227	25
216.254	22
216.28	43
216.307	35
216.333	31
216.36	28
216.389	22
216.416	39
216.442	35
216.468	31
216.495	28
216.524	22
216.549	42
216.574	37
216.6	33
216.627	25
216.652	40
216.677	40
216.703	31
216.73	28
216.756	24
216.782	45
216.807	35
216.833	31
216.86	28
216.886	44
216.913	41
216.939	32
216.964	32
216.989	47
217.014	42
217.039	32
217.064	32
217.089	47
217.115	43
217.14	33
217.166	34
217.191	49
217.217	45
217.242	40
217.268	36
217.293	36
217.319	47
217.344	37
217.369	52
217.395	28
217.42	48
217.445	38
217.47	38
217.495	28
217.52	48
217.547	40
217.574	42
217.599	32
217.625	48
217.65	43
217.677	45
217.704	37
217.73	28
217.755	43
217.78	48
217.806	39
217.832	30
217.858	46
217.884	47
217.91	38
217.936	34
217.962	30
217.988	46
218.014	42
218.039	32
218.064	32
218.09	23
218.115	38
218.141	34
218.167	35
218.192	25
218.218	41
218.244	37
218.27	38
218.296	29
218.324	22
218.35	38
218.377	40
218.404	32
218.429	27
218.456	24
218.483	41
218.508	36
218.533	31
218.56	28
218.585	43
218.611	39
218.636	34
218.661	29
218.687	45
218.712	40
218.738	36
218.763	31
218.789	47
218.815	43
218.841	39
218.866	34
218.892	50
218.918	46
218.944	37
218.972	40
219.001	49
219.027	50
219.054	47
219.079	47
219.106	39
219.131	49
219.158	51
219.184	47
219.209	42
219.235	33
219.262	45
219.288	46
219.315	43
219.341	34
219.367	50
219.392	45
219.417	45
219.442	40
219.469	47
219.494	27
219.524	22
219.549	42
219.574	42
219.599	32
219.624	47
219.649	42
219.676	39
219.701	34
219.727	25
219.752	40
219.779	42
219.805	33
219.83	28
219.857	25
219.885	20
219.911	39
219.938	31
219.965	33
219.992	25
220.019	22
220.044	37
220.071	34
220.098	31
220.124	22
220.149	42
220.175	38
220.202	35
220.227	25
220.254	42
220.279	42
220.306	34
220.332	30
220.357	25
220.382	40
220.409	37
220.435	33
220.461	29
220.492	25
220.518	41
220.543	36
220.568	36
220.595	28
220.624	22
220.649	37
220.674	37
220.7	33
220.727	25
220.752	40
220.777	40
220.803	31
220.83	28
220.855	43
220.88	43
220.905	33
220.93	28
220.955	23
220.98	38
221.006	34
221.033	31
221.058	26
221.083	41
221.109	37
221.135	33
221.161	29
221.189	22
221.215	38
221.241	34
221.267	35
221.292	25
221.317	40
221.344	37
221.369	37
221.395	28
221.424	22
221.45	38
221.475	38
221.501	34
221.527	25
221.552	40
221.578	41
221.603	31
221.63	28
221.655	23
221.681	39
221.706	34
221.733	31
221.758	26
221.784	42
221.809	37
221.836	34
221.861	29
221.887	45
221.912	40
221.939	32
221.964	32
221.99	33
222.015	43
222.042	35
222.068	36
222.095	28
222.121	44
222.148	41
222.173	36
222.199	32
222.224	22
222.25	38
222.276	39
222.301	34
222.327	25
222.353	41
222.379	42
222.404	32
222.43	28
222.456	24
222.482	40
222.507	35
222.533	31
222.559	27
222.585	43
222.61	38
222.636	34
222.662	30
222.689	22
222.715	38
222.742	35
222.768	36
222.795	28
222.824	22
222.85	38
222.876	39
222.901	34
222.927	25
222.953	41
222.98	43
223.007	35
223.033	31
223.06	28
223.086	44
223.113	41
223.138	31
223.165	33
223.192	25
223.219	42
223.246	39
223.273	36
223.298	31
223.324	22
223.351	44
223.377	40
223.404	37
223.43	28
223.456	49
223.483	46
223.509	42
223.535	33
223.561	49
223.587	50
223.613	46
223.639	37
223.664	47
223.69	48
223.715	43
223.74	38
223.765	48
223.79	48
223.816	44
223.843	36
223.868	46
223.895	48
223.92	48
223.947	40
223.974	52
223.999	32
224.025	48
224.05	43
224.076	44
224.101	34
224.128	26
224.153	41
224.178	46
224.205	38
224.232	30
224.259	42
224.286	49
224.313	41
224.34	33
224.367	35
224.392	25
224.424	22
224.451	39
224.476	39
224.503	31
224.53	28
224.557	25
224.589	22
224.616	39
224.643	36
224.668	31
224.695	28
224.724	22
224.749	42
224.774	37
224.8	33
224.827	25
224.855	23
224.881	44
224.906	34
224.932	30
224.958	26
224.983	41
225.008	36
225.035	33
225.065	33
225.095	28
225.12	43
225.147	40
225.172	40
225.197	30
225.222	45
225.247	40
225.273	41
225.298	31
225.323	51
225.349	42
225.374	42
225.399	32
225.424	47
225.45	43
225.475	43
225.5	33
225.525	48
225.551	44
225.577	45
225.603	36
225.628	51
225.654	47
225.68	48
225.705	38
225.73	33
225.756	49
225.781	49
225.806	39
225.831	49
225.856	49
225.881	49
225.908	36
225.934	32
225.961	49
225.986	49
226.013	41
226.038	36
226.063	41
226.088	46
226.113	41
226.138	31
226.163	46
226.19	48
226.217	45
226.244	37
226.271	39
226.297	30
226.324	22
226.351	39
226.377	40
226.404	37
226.429	27
226.454	22
226.481	39
226.508	36
226.533	31
226.56	28
226.589	22
226.615	38
226.641	34
226.666	34
226.692	25
226.718	41
226.744	37
226.77	33
226.795	28
226.824	22
226.85	38
226.875	38
226.901	34
226.927	25
226.954	22
226.979	42
227.006	34
227.032	30
227.057	25
227.082	40
227.109	37
227.135	33
227.161	29
227.189	22
227.215	38
227.242	35
227.268	36
227.295	28
227.324	22
227.351	39
227.377	40
227.404	37
227.43	28
227.457	25
227.483	41
227.51	38
227.536	34
227.562	30
227.588	46
227.615	43
227.641	39
227.667	35
227.693	51
227.719	47
227.745	43
227.771	39
227.797	45
227.823	51
227.85	48
227.875	43
227.901	34
227.927	50
227.953	51
227.978	46
228.003	36
228.029	47
228.054	47
228.079	47
228.104	37
228.131	49
228.157	50
228.183	51
228.209	42
228.235	48
228.261	49
228.286	49
228.311	39
228.336	34
228.361	49
228.386	49
228.413	41
228.44	38
228.467	45
228.494	27
228.524	22
228.55	43
228.575	43
228.6	33
228.63	28
228.655	38
228.68	43
228.705	33
228.73	28
228.757	25
228.789	22
228.814	42
228.841	34
228.868	31
228.895	28
228.924	22
228.954	22
228.98	43
229.006	34
229.033	31
229.06	28
229.092	25
229.119	37
229.146	39
229.171	34
229.196	29
229.224	22
229.249	42
229.275	38
229.301	34
229.327	25
229.353	41
229.378	41
229.403	36
229.43	28
229.457	40
229.482	45
229.507	35
229.532	30
229.562	30
229.587	45
229.612	40
229.639	37
229.664	42
229.689	47
229.714	42
229.739	37
229.764	44
229.791	49
229.816	44
229.841	34
229.866	34
229.893	26
229.918	46
229.945	38
229.97	38
229.995	28
230.022	45
230.047	40
230.072	40
230.097	30
230.122	50
230.147	40
230.172	40
230.197	30
230.222	45
230.247	40
230.272	40
230.297	30
230.322	45
230.347	40
230.372	40
230.397	30
230.422	45
230.448	41
230.473	41
230.498	31
230.523	46
230.548	41
230.574	42
230.599	32
230.625	48
230.65	43
230.676	44
230.701	34
230.726	49
230.752	45
230.777	45
230.803	36
230.828	26
230.853	46
230.878	46
230.906	39
230.931	44
230.959	47
230.984	52
231.009	37
231.036	34
231.062	40
231.087	45
231.112	40
231.138	36
231.163	51
231.188	46
231.213	41
231.238	36
231.263	51
231.288	48
231.315	43
231.342	35
231.369	37
231.396	29
231.424	22
231.451	39
231.478	41
231.503	31
231.53	28
231.557	25
231.589	22
231.616	39
231.643	36
231.668	31
231.695	28
231.724	22
231.749	37
231.774	37
231.801	34
231.827	25
231.854	22
231.88	38
231.906	34
231.933	31
231.959	27
231.984	20
232.01	38
232.035	33
232.06	28
232.089	22
232.115	38
232.141	54
232.167	50
232.192	25
232.217	40
232.242	50
232.268	36
232.294	27
232.319	27
232.345	38
232.37	38
232.395	28
232.424	22
232.45	38
232.475	38
232.501	34
232.527	25
232.554	22
232.58	38
232.607	35
232.633	31
232.66	28
232.689	22
232.715	38
232.742	35
232.768	31
232.795	28
232.824	22
232.849	37
232.876	39
232.903	31
232.93	28
232.957	25
232.985	20
233.011	39
233.037	30
233.062	30
233.089	22
233.12	20
233.145	38
233.17	33
233.197	30
233.224	22
233.254	22
233.28	38
233.306	34
233.333	31
233.36	28
233.389	22
233.416	39
233.443	36
233.468	31
233.495	28
233.524	22
233.551	39
233.576	39
233.605	33
233.63	28
233.657	25
233.684	42
233.711	39
233.738	31
233.765	33
233.792	25
233.824	22
233.854	42
233.88	43
233.907	35
233.934	32
233.96	28
233.987	45
234.013	41
234.04	33
234.067	35
234.092	25
234.118	41
234.143	36
234.169	32
234.194	27
234.224	22
234.251	39
234.278	41
234.304	32
234.329	27
234.354	42
234.38	43
234.405	33
234.432	30
234.459	27
234.486	44
234.511	39
234.538	31
234.563	31
234.59	23
234.617	40
234.643	36
234.668	36
234.693	26
234.72	43
234.746	39
234.771	34
234.798	31
234.824	22
234.849	42
234.876	39
234.901	34
234.928	26
234.953	46
234.98	43
235.005	38
235.03	28
235.057	45
235.084	47
235.111	39
235.138	36
235.163	46
235.188	51
235.214	42
235.239	52
235.265	48
235.291	49
235.316	44
235.342	40
235.367	50
235.395	28
235.422	45
235.447	40
235.472	50
235.498	31
235.524	42
235.55	43
235.575	53
235.601	34
235.627	40
235.652	45
235.678	46
235.705	38
235.73	28
235.755	43
235.78	48
235.807	35
235.833	31
235.858	46
235.883	46
235.908	36
235.933	31
235.958	41
235.985	48
236.011	39
236.038	31
236.063	31
236.089	22
236.114	42
236.141	34
236.168	31
236.195	28
236.224	22
236.249	42
236.274	37
236.3	33
236.327	25
236.354	22
236.38	43
236.407	35
236.433	31
236.46	28
236.489	22
236.516	39
236.543	36
236.571	34
236.6	33
236.625	23
236.652	40
236.677	40
236.703	31
236.733	31
236.758	26
236.784	39
236.81	38
236.836	34
236.861	29
236.886	44
236.915	43
236.943	36
236.968	36
236.995	28
237.02	48
237.045	38
237.07	38
237.095	28
237.12	48
237.145	38
237.17	38
237.195	28
237.22	48
237.245	38
237.27	38
237.295	28
237.32	48
237.345	38
237.37	48
237.395	38
237.422	50
237.447	40
237.474	42
237.501	34
237.528	46
237.554	47
237.58	48
237.606	39
237.633	31
237.659	47
237.685	53
237.711	39
237.737	35
237.763	51
237.789	52
237.814	42
237.84	38
237.865	48
237.891	49
237.916	44
237.942	35
237.97	48
237.995	28
238.02	48
238.047	40
238.072	40
238.097	30
238.124	22
238.149	37
238.176	39
238.203	31
238.23	28
238.257	25
238.292	25
238.324	22
238.349	37
238.374	37
238.4	33
238.427	25
238.454	22
238.48	25
238.506	34
238.533	31
238.558	26
238.589	22
238.615	38
238.641	34
238.67	33
238.697	30
238.724	22
238.75	38
238.776	39
238.803	31
238.83	28
238.856	24
238.881	39
238.908	36
238.935	33
238.96	28
238.989	22
239.014	37
239.041	34
239.068	31
239.093	26
239.118	41
239.144	37
239.169	32
239.195	28
239.224	22
239.249	37
239.274	37
239.3	33
239.327	25
239.352	40
239.377	40
239.403	31
239.43	28
239.455	28
239.48	43
239.506	34
239.533	31
239.559	27
239.586	41
239.613	41
239.639	32
239.665	33
239.692	45
239.718	46
239.744	37
239.771	39
239.797	30
239.823	46
239.85	43
239.876	39
239.902	35
239.929	27
239.955	43
239.981	44
240.008	36
240.033	31
240.058	26
240.083	41
240.109	37
240.136	34
240.161	29
240.186	44
240.211	39
240.236	34
240.262	30
240.29	48
240.315	43
240.34	38
240.365	33
240.39	48
240.416	44
240.441	39
240.466	44
240.491	49
240.516	44
240.541	34
240.567	50
240.593	51
240.618	46
240.644	37
240.67	38
240.695	28
240.721	49
240.746	39
240.772	40
240.797	30
240.822	50
240.848	46
240.873	41
240.898	31
240.923	46
240.948	41
240.973	51
240.999	32
241.026	49
241.051	44
241.077	45
241.102	35
241.128	26
241.153	46
241.178	46
241.203	36
241.228	26
241.254	42
241.279	47
241.304	37
241.329	27
241.354	47
241.381	49
241.406	39
241.433	31
241.46	38
241.485	48
241.512	40
241.538	31
241.563	41
241.588	48
241.615	43
241.641	34
241.668	46
241.695	28
241.72	20
241.746	39
241.773	41
241.8	33
241.827	25
241.854	42
241.879	42
241.906	34
241.932	30
241.957	25
241.982	40
242.009	37
242.035	33
242.061	29
242.089	22
242.115	43
242.141	34
242.168	36
242.195	28
242.224	22
242.251	44
242.278	41
242.303	36
242.328	46
242.355	48
242.38	43
242.405	38
242.43	43
242.455	48
242.48	43
242.505	38
242.53	48
242.557	45
242.582	45
242.607	40
242.634	32
242.659	47
242.686	49
242.711	39
242.736	34
242.761	49
242.786	49
242.813	41
242.838	36
242.863	31
242.888	51
242.913	41
242.938	36
242.965	33
242.99	48
243.02	48
243.045	43
243.072	40
243.097	30
243.124	47
243.149	42
243.176	44
243.203	36
243.228	41
243.254	47
243.279	47
243.305	33
243.332	30
243.358	46
243.384	47
243.41	38
243.435	33
243.461	49
243.486	49
243.512	40
243.538	36
243.564	47
243.59	48
243.616	44
243.642	35
243.668	36
243.694	27
243.719	47
243.745	38
243.771	39
243.797	30
243.823	46
243.849	42
243.874	42
243.9	33
243.926	29
243.952	45
243.978	41
244.004	37
244.03	28
244.056	24
244.082	45
244.111	39
244.137	35
244.163	31
244.189	47
244.216	44
244.242	35
244.267	35
244.292	25
244.319	42
244.344	37
244.371	39
244.396	29
244.421	44
244.448	41
244.473	36
244.499	32
244.524	47
244.549	42
244.574	37
244.6	33
244.625	48
244.65	43
244.676	39
244.702	35
244.727	50
244.753	46
244.779	42
244.805	38
244.831	29
244.857	45
244.883	46
244.908	36
244.934	32
244.96	48
244.986	49
245.012	40
245.038	36
245.064	47
245.09	48
245.115	43
245.141	39
245.167	50
245.192	50
245.218	46
245.244	42
245.269	52
245.295	48
245.32	48
245.345	43
245.37	48
245.395	28
245.42	43
245.445	38
245.47	38
245.495	28
245.522	45
245.549	42
245.576	44
245.602	35
245.627	25
245.653	41
245.678	46
245.704	37
245.729	27
245.754	42
245.779	47
245.804	32
245.83	28
245.855	43
245.88	43
245.907	35
245.932	30
245.957	45
245.982	45
246.007	35
246.032	30
246.057	25
246.082	45
246.108	36
246.135	33
246.16	28
246.185	43
246.21	38
246.235	33
246.26	28
246.289	22
246.314	42
246.341	34
246.366	34
246.392	25
246.417	40
246.444	37
246.471	34
246.498	31
246.524	22
246.551	39
246.577	40
246.603	31
246.63	28
246.657	45
246.684	47
246.709	37
246.736	34
246.761	29
246.786	44
246.811	39
246.836	34
246.861	29
246.887	45
246.912	40
246.937	35
246.963	31
246.988	51
247.014	42
247.04	38
247.066	34
247.092	50
247.118	46
247.145	43
247.171	39
247.197	30
247.223	46
247.249	42
247.275	43
247.301	34
247.327	50
247.353	46
247.379	47
247.404	37
247.43	38
247.456	49
247.481	49
247.506	39
247.531	49
247.557	50
247.584	47
247.609	37
247.634	32
247.661	49
247.687	50
247.713	41
247.739	37
247.765	53
247.79	48
247.816	44
247.842	35
247.867	50
247.892	50
247.918	46
247.943	36
247.968	46
247.993	26
248.018	46
248.043	36
248.068	36
248.096	29
248.123	36
248.15	43
248.175	38
248.2	33
248.227	25
248.252	40
248.279	42
248.306	34
248.332	30
248.357	25
248.382	45
248.407	35
248.433	31
248.458	26
248.483	41
248.509	37
248.536	34
248.562	30
248.589	22
248.615	38
248.64	33
248.668	31
248.695	28
248.724	22
248.751	39
248.776	39
248.803	31
248.83	28
248.855	24
248.88	43
248.905	38
248.93	28
248.955	23
248.981	39
249.006	34
249.033	31
249.058	26
249.084	42
249.109	37
249.136	34
249.161	29
249.187	45
249.214	42
249.24	33
249.266	34
249.292	25
249.318	41
249.343	36
249.369	32
249.394	27
249.421	24
249.448	41
249.475	38
249.5	33
249.527	25
249.554	42
249.581	44
249.608	36
249.635	33
249.662	30
249.689	22
249.714	42
249.74	33
249.765	33
249.792	25
249.819	42
249.846	39
249.871	34
249.898	31
249.924	22
249.949	42
249.976	39
250.001	34
250.027	25
250.052	40
250.077	40
250.102	35
250.127	25
250.152	40
250.177	40
250.202	35
250.227	25
250.252	40
250.277	40
250.302	35
250.33	28
250.355	43
250.38	43
250.408	36
250.433	31
250.458	46
250.483	46
250.508	36
250.536	34
250.561	49
250.586	49
250.612	40
250.637	35
250.662	50
250.688	51
250.714	42
250.74	38
250.767	50
250.792	50
250.818	46
250.845	43
250.87	53
250.896	49
250.922	50
250.948	46
250.973	46
250.999	32
251.025	48
251.05	48
251.076	44
251.103	36
251.128	26
251.154	42
251.179	47
251.205	33
251.23	28
251.256	49
251.282	50
251.307	35
251.333	31
251.358	41
251.383	51
251.408	36
251.435	33
251.46	43
251.487	50
251.513	41
251.54	33
251.565	33
251.592	25
251.624	22
251.65	20
251.676	39
251.703	31
251.733	31
251.76	28
251.789	22
251.824	22
251.85	20
251.877	40
251.904	32
251.93	28
251.957	25
251.984	22
252.011	39
252.038	31
252.063	31
252.089	22
252.115	38
252.141	34
252.168	31
252.195	28
252.224	22
252.249	42
252.274	37
252.301	34
252.327	25
252.353	41
252.379	42
252.405	33
252.43	28
252.456	24
252.481	44
252.506	34
252.533	31
252.56	28
252.587	45
252.614	42
252.644	37
252.671	34
252.698	31
252.725	23
252.752	40
252.778	41
252.803	31
252.83	28
252.857	45
252.884	47
252.91	38
252.935	33
252.962	30
252.989	22
253.016	39
253.043	36
253.07	33
253.095	28
253.124	22
253.151	39
253.178	41
253.205	33
253.23	28
253.256	24
253.281	44
253.308	36
253.335	33
253.362	30
253.389	27
253.416	44
253.442	35
253.467	35
253.494	27
253.52	43
253.545	38
253.57	38
253.595	28
253.62	48
253.645	38
253.67	38
253.695	28
253.72	43
253.745	38
253.772	40
253.799	32
253.826	49
253.852	45
253.879	47
253.905	38
253.932	30
253.958	46
253.984	52
254.011	44
254.037	35
254.062	50
254.088	51
254.113	41
254.139	32
254.164	47
254.189	47
254.214	42
254.242	35
254.267	35
254.292	25
254.317	45
254.342	35
254.369	37
254.394	27
254.421	44
254.446	39
254.473	36
254.5	33
254.527	25
254.552	40
254.579	42
254.606	34
254.633	31
254.66	28
254.689	22
254.714	42
254.741	34
254.766	34
254.792	25
254.817	40
254.844	37
254.87	33
254.895	28
254.924	22
254.95	38
254.976	39
255.001	34
255.027	25
255.053	22
255.078	41
255.104	32
255.13	28
255.156	24
255.182	40
255.208	36
255.235	33
255.262	30
255.289	22
255.316	39
255.346	39
255.373	36
255.398	31
255.425	23
255.45	43
255.477	40
255.502	35
255.527	25
255.552	40
255.577	40
255.604	32
255.63	28
255.655	25
255.682	45
255.707	35
255.732	30
255.757	25
255.782	45
255.807	35
255.832	30
255.859	47
255.886	49
255.911	39
255.938	36
255.965	48
255.992	25
256.019	47
256.045	43
256.07	38
256.095	53
256.12	48
256.147	45
256.172	40
256.197	30
256.224	47
256.249	42
256.274	42
256.301	34
256.327	45
256.352	45
256.378	46
256.405	38
256.431	39
256.458	51
256.485	48
256.51	38
256.535	33
256.564	42
256.59	53
256.615	43
256.641	39
256.667	45
256.692	25
256.718	46
256.743	36
256.768	36
256.793	26
256.82	33
256.846	39
256.872	40
256.898	31
256.924	22
256.95	43
256.976	39
257.003	36
257.03	28
257.057	25
257.085	20
257.11	38
257.136	34
257.162	30
257.189	22
257.216	39
257.243	36
257.268	31
257.295	28
257.324	22
257.349	42
257.374	37
257.401	34
257.427	25
257.452	40
257.478	41
257.504	32
257.53	28
257.557	25
257.584	42
257.609	37
257.634	32
257.659	37
257.684	47
257.709	37
257.735	33
257.76	48
257.785	48
257.81	38
257.836	34
257.861	49
257.886	49
257.912	40
257.937	35
257.963	46
257.988	51
258.014	42
258.039	37
258.066	49
258.091	49
258.118	46
258.145	38
258.172	40
258.198	51
258.224	52
258.249	42
258.275	43
258.301	34
258.326	44
258.352	45
258.377	45
258.402	35
258.427	25
258.453	46
258.478	41
258.505	38
258.53	28
258.557	25
258.584	42
258.611	39
258.638	31
258.665	33
258.692	25
258.724	22
258.749	42
258.776	39
258.803	31
258.83	28
258.857	25
258.882	40
258.909	37
258.935	33
258.96	28
258.989	22
259.016	39
259.043	36
259.068	31
259.095	28
259.12	20
259.146	39
259.171	34
259.198	31
259.224	22
259.249	37
259.275	38
259.301	34
259.327	25
259.353	41
259.379	42
259.405	33
259.432	30
259.459	27
259.485	43
259.511	39
259.538	31
259.563	31
259.588	46
259.613	41
259.638	36
259.663	31
259.688	46
259.713	41
259.738	36
259.763	31
259.788	46
259.813	41
259.838	36
259.863	31
259.888	46
259.913	41
259.938	36
259.963	31
259.988	51
260.013	41
260.038	36
260.063	51
260.088	51
260.113	41
260.138	36
260.163	51
260.188	46
260.213	41
260.238	36
260.263	51
260.289	47
260.315	43
260.341	39
260.368	51
260.393	26
260.419	47
260.445	43
260.471	39
260.496	29
260.521	49
260.547	45
260.572	50
260.598	31
260.624	42
260.65	43
260.676	44
260.701	34
260.726	39
260.752	45
260.778	46
260.803	33
260.83	28
260.855	43
260.881	49
260.91	38
260.936	34
260.962	45
260.989	52
261.015	43
261.041	34
261.066	34
261.092	25
261.124	22
261.15	20
261.176	39
261.203	31
261.235	33
261.26	28
261.287	25
261.312	40
261.338	31
261.363	31
261.389	22
261.427	25
261.454	22
261.48	28
261.507	35
261.532	30
261.557	25
261.582	40
261.609	37
261.635	33
261.66	28
261.689	22
261.715	38
261.742	35
261.768	31
261.795	28
261.824	22
261.849	37
261.874	37
261.899	32
261.924	22
261.949	37
261.975	38
262.001	34
262.027	25
262.053	41
262.078	41
262.104	32
262.13	28
262.161	29
262.187	45
262.213	41
262.238	36
262.264	32
262.289	47
262.315	43
262.343	36
262.372	35
262.398	31
262.424	27
262.449	42
262.474	37
262.501	34
262.527	25
262.553	41
262.578	41
262.604	32
262.63	28
262.656	24
262.681	39
262.706	34
262.733	31
262.759	27
262.784	42
262.81	38
262.836	34
262.861	29
262.889	22
262.915	38
262.942	35
262.967	35
262.992	25
263.018	41
263.044	37
263.069	32
263.095	28
263.124	22
263.15	38
263.175	38
263.201	34
263.227	25
263.252	40
263.278	41
263.304	32
263.33	28
263.356	24
263.381	39
263.406	34
263.433	31
263.459	27
263.484	42
263.509	37
263.536	34
263.562	30
263.589	22
263.615	38
263.642	35
263.668	36
263.694	27
263.72	43
263.745	38
263.771	34
263.798	31
263.824	22
263.85	38
263.877	40
263.904	32
263.93	28
263.956	44
263.982	45
264.008	36
264.034	32
264.06	28
264.086	44
264.112	40
264.138	36
264.164	32
264.19	48
264.215	43
264.241	39
264.266	34
264.292	50
264.318	46
264.343	36
264.369	37
264.394	27
264.42	48
264.445	38
264.471	39
264.496	29
264.521	49
264.546	39
264.571	39
264.596	29
264.623	46
264.648	41
264.675	43
264.7	33
264.727	50
264.754	47
264.781	49
264.808	36
264.835	33
264.862	50
264.887	45
264.914	42
264.939	32
264.965	48
264.991	24
265.017	45
265.043	36
265.068	36
265.094	27
265.12	48
265.145	38
265.171	39
265.196	29
265.222	50
265.247	40
265.272	40
265.297	30
265.323	51
265.348	41
265.373	41
265.398	31
265.423	46
265.448	41
265.474	42
265.499	32
265.524	47
265.549	42
265.574	42
265.6	33
265.625	23
265.651	44
265.676	44
265.701	34
265.727	35
265.752	45
265.777	45
265.802	35
265.827	25
265.852	45
265.877	45
265.902	35
265.927	35
265.954	47
265.979	47
266.004	37
266.031	29
266.058	46
266.083	51
266.108	36
266.134	32
266.16	48
266.186	49
266.212	40
266.237	30
266.262	50
266.288	51
266.314	42
266.339	32
266.364	32
266.389	22
266.416	39
266.443	36
266.47	33
266.497	30
266.524	22
266.549	42
266.574	37
266.606	34
266.633	31
266.66	28
266.685	43
266.711	39
266.741	34
266.766	34
266.792	25
266.818	41
266.843	36
266.869	37
266.895	28
266.924	22
266.95	43
266.977	40
267.004	32
267.031	29
267.056	24
267.081	44
267.108	36
267.133	31
267.158	26
267.185	43
267.21	38
267.235	33
267.26	38
267.285	48
267.31	43
267.335	33
267.36	48
267.385	48
267.41	43
267.435	33
267.46	48
267.485	48
267.511	44
267.536	34
267.561	49
267.588	51
267.613	41
267.638	36
267.663	41
267.688	46
267.715	43
267.74	38
267.767	35
267.792	25
267.819	42
267.846	39
267.871	39
267.898	31
267.925	48
267.952	45
267.977	45
268.003	36
268.029	27
268.055	43
268.081	49
268.107	40
268.133	31
268.158	46
268.184	47
268.21	38
268.236	34
268.261	44
268.287	50
268.312	40
268.338	36
268.363	31
268.389	47
268.414	42
268.44	33
268.465	33
268.491	24
268.516	44
268.542	35
268.568	36
268.595	28
268.621	44
268.647	40
268.674	37
268.701	34
268.727	25
268.753	41
268.78	43
268.806	34
268.833	31
268.859	27
268.886	44
268.913	41
268.938	31
268.965	33
268.99	23
269.015	43
269.042	35
269.069	37
269.096	29
269.121	44
269.146	39
269.171	39
269.196	29
269.223	46
269.248	41
269.275	43
269.3	33
269.325	48
269.35	43
269.375	43
269.4	33
269.425	48
269.45	43
269.475	43
269.5	33
269.527	25
269.552	45
269.579	42
269.604	37
269.631	29
269.656	49
269.683	46
269.71	38
269.735	33
269.762	45
269.789	47
269.816	44
269.841	34
269.868	36
269.895	28
269.922	45
269.949	42
269.976	44
270.003	36
270.03	28
270.057	45
270.082	45
270.109	37
270.134	32
270.161	49
270.186	49
270.213	41
270.238	36
270.265	33
270.29	48
270.317	45
270.342	35
270.369	37
270.394	27
270.421	44
270.446	39
270.473	41
270.498	31
270.525	48
270.55	43
270.575	43
270.6	33
270.625	48
270.65	43
270.677	45
270.702	35
270.727	50
270.752	45
270.777	45
270.804	34
270.829	42
270.856	49
270.882	50
270.908	36
270.934	32
270.961	49
270.987	50
271.013	41
271.039	37
271.065	48
271.091	49
271.117	45
271.142	35
271.168	51
271.194	27
271.219	42
271.244	37
271.269	37
271.295	28
271.32	43
271.347	40
271.372	40
271.397	30
271.424	22
271.449	42
271.475	38
271.501	34
271.527	25
271.554	32
271.58	43
271.607	35
271.633	31
271.66	28
271.689	22
271.716	39
271.743	36
271.77	33
271.795	28
271.82	20
271.846	39
271.871	34
271.897	30
271.924	22
271.949	37
271.974	37
272	33
272.027	25
272.052	40
272.077	40
272.103	31
272.13	28
272.155	23
272.181	39
272.206	34
272.233	31
272.258	26
272.285	43
272.31	38
272.336	34
272.361	29
272.389	22
272.416	39
272.443	36
272.469	32
272.494	27
272.524	22
272.55	43
272.576	39
272.601	34
272.627	25
272.653	46
272.678	41
272.704	37
272.73	53
272.755	48
272.781	44
272.807	40
272.832	50
272.858	51
272.883	46
272.909	37
272.934	42
272.959	52
272.985	48
273.01	38
273.036	44
273.062	50
273.088	51
273.113	41
273.139	47
273.165	48
273.19	53
273.215	43
273.24	38
273.265	48
273.292	25
273.318	46
273.344	42
273.37	48
273.396	29
273.425	48
273.451	49
273.477	45
273.503	36
273.531	44
273.556	49
273.583	46
273.61	38
273.635	33
273.662	40
273.689	22
273.716	24
273.743	36
273.772	35
273.797	30
273.824	22
273.854	22
273.884	20
273.91	38
273.935	33
273.962	30
273.989	22
274.016	39
274.043	36
274.068	31
274.095	28
274.124	22
274.154	22
274.179	37
274.206	34
274.232	30
274.257	25
274.282	40
274.309	37
274.336	34
274.363	31
274.389	22
274.415	38
274.44	33
274.465	33
274.492	25
274.524	22
274.549	37
274.574	37
274.601	34
274.627	25
274.653	41
274.678	41
274.704	32
274.73	28
274.756	24
274.782	40
274.808	36
274.833	31
274.859	27
274.885	43
274.91	38
274.936	34
274.962	30
274.988	46
275.014	42
275.039	32
275.065	33
275.092	25
275.118	41
275.145	38
275.171	34
275.198	31
275.224	22
275.25	38
275.277	40
275.304	32
275.33	28
275.356	24
275.383	41
275.408	36
275.435	33
275.462	30
275.489	22
275.516	39
275.543	36
275.569	32
275.594	27
275.624	22
275.65	43
275.676	39
275.701	34
275.727	25
275.753	41
275.78	43
275.807	40
275.833	31
275.862	30
275.889	47
275.916	44
275.942	40
275.969	37
275.994	52
276.02	48
276.046	44
276.072	40
276.098	31
276.124	52
276.151	49
276.177	45
276.202	35
276.228	46
276.254	47
276.279	47
276.304	37
276.33	33
276.355	48
276.38	48
276.407	40
276.432	45
276.459	47
276.485	48
276.511	39
276.536	34
276.562	50
276.587	50
276.613	41
276.639	37
276.664	47
276.69	48
276.716	44
276.741	34
276.767	50
276.792	42
276.817	45
276.844	37
276.869	32
276.895	28
276.924	22
276.949	42
276.974	37
277	33
277.027	25
277.054	22
277.08	38
277.106	34
277.133	31
277.16	28
277.189	22
277.215	38
277.241	34
277.269	32
277.295	28
277.32	20
277.345	38
277.37	33
277.395	28
277.424	22
277.449	42
277.474	37
277.5	33
277.527	25
277.557	25
277.582	40
277.609	37
277.635	33
277.66	28
277.689	22
277.715	38
277.741	34
277.766	34
277.792	25
277.818	41
277.844	37
277.869	32
277.894	27
277.921	34
277.948	41
277.973	36
277.998	31
278.024	22
278.051	39
278.077	40
278.104	32
278.13	28
278.157	45
278.182	45
278.208	36
278.233	31
278.259	27
278.284	42
278.31	38
278.336	34
278.361	29
278.389	22
278.415	38
278.44	33
278.466	34
278.492	25
278.518	41
278.543	36
278.568	36
278.595	28
278.624	22
278.649	42
278.676	39
278.703	31
278.73	28
278.757	45
278.783	46
278.81	38
278.835	33
278.86	48
278.887	45
278.912	40
278.937	35
278.963	51
278.989	52
279.015	43
279.042	40
279.068	46
279.095	48
279.121	49
279.147	45
279.173	51
279.199	32
279.224	52
279.25	43
279.276	44
279.301	34
279.328	41
279.353	46
279.379	47
279.405	38
279.432	45
279.458	51
279.484	47
279.51	38
279.535	33
279.562	50
279.587	50
279.612	40
279.638	36
279.663	51
279.689	47
279.716	44
279.741	34
279.766	49
279.791	24
279.824	22
279.851	39
279.88	43
279.907	35
279.933	31
279.96	28
279.989	22
280.024	22
280.054	22
280.085	20
280.112	40
280.139	32
280.165	33
280.192	25
280.224	22
280.254	22
280.284	22
280.311	39
280.337	30
280.362	30
280.389	22
280.414	37
280.441	34
280.466	34
280.492	25
280.524	22
280.55	38
280.576	39
280.603	31
280.63	28
280.657	25
280.682	40
280.709	37
280.735	33
280.761	29
280.789	22
280.815	38
280.841	34
280.866	34
280.892	25
280.918	41
280.943	36
280.97	38
280.997	30
281.023	41
281.05	43
281.076	39
281.102	30
281.127	25
281.153	41
281.179	42
281.204	32
281.229	27
281.256	24
281.282	40
281.309	37
281.335	33
281.361	29
281.389	22
281.415	38
281.442	35
281.469	37
281.495	28
281.524	22
281.551	39
281.578	41
281.605	33
281.63	28
281.657	25
281.684	42
281.711	39
281.738	36
281.765	33
281.791	24
281.818	41
281.845	38
281.871	39
281.898	31
281.924	47
281.951	44
281.977	45
282.004	37
282.03	28
282.056	49
282.082	45
282.107	35
282.133	31
282.158	46
282.184	47
282.209	37
282.234	32
282.26	48
282.285	48
282.31	38
282.335	33
282.36	48
282.385	48
282.41	38
282.435	33
282.46	48
282.485	48
282.512	40
282.537	35
282.563	51
282.588	46
282.613	41
282.638	36
282.666	44
282.693	51
282.719	47
282.745	43
282.77	48
282.796	29
282.822	45
282.848	41
282.873	41
282.9	33
282.927	50
282.953	46
282.98	48
283.006	39
283.032	30
283.058	41
283.084	47
283.11	38
283.136	34
283.162	30
283.189	22
283.215	38
283.242	35
283.267	35
283.292	25
283.324	22
283.35	38
283.376	39
283.401	34
283.427	25
283.454	22
283.48	38
283.507	35
283.533	31
283.56	28
283.585	21
283.61	38
283.636	34
283.662	30
283.689	22
283.716	39
283.743	36
283.768	36
283.795	28
283.824	22
283.849	42
283.874	37
283.901	34
283.927	25
283.953	41
283.978	41
284.004	32
284.03	28
284.056	29
284.082	45
284.109	37
284.136	34
284.162	30
284.189	22
284.216	39
284.243	36
284.268	36
284.295	28
284.32	25
284.346	39
284.371	34
284.396	29
284.424	22
284.449	42
284.474	37
284.499	32
284.526	49
284.551	44
284.578	41
284.603	36
284.628	26
284.655	43
284.68	43
284.705	38
284.732	30
284.757	45
284.784	47
284.809	37
284.834	32
284.859	47
284.886	49
284.911	39
284.936	34
284.963	46
284.988	46
285.015	43
285.042	35
285.069	37
285.096	29
285.123	46
285.149	42
285.174	42
285.2	33
285.225	48
285.251	44
285.276	44
285.302	35
285.327	50
285.352	45
285.378	46
285.403	36
285.428	46
285.453	46
285.478	46
285.503	36
285.53	48
285.555	48
285.582	50
285.609	37
285.636	34
285.663	51
285.688	46
285.714	42
285.739	32
285.765	48
285.79	53
285.815	43
285.841	39
285.866	49
285.891	24
285.916	44
285.941	34
285.968	36
285.995	28
286.022	35
286.049	42
286.076	39
286.103	31
286.13	28
286.157	25
286.182	40
286.208	36
286.235	33
286.26	28
286.285	20
286.311	39
286.338	31
286.363	31
286.389	22
286.414	42
286.441	34
286.467	35
286.492	25
286.518	41
286.545	38
286.57	33
286.595	28
286.624	22
286.649	42
286.674	37
286.699	32
286.724	47
286.749	42
286.774	37
286.8	33
286.826	49
286.851	44
286.877	45
286.903	36
286.932	30
286.958	46
286.984	47
287.01	43
287.036	34
287.062	50
287.09	53
287.116	49
287.141	39
287.167	50
287.192	50
287.217	45
287.242	40
287.267	50
287.294	42
287.319	52
287.344	42
287.369	47
287.396	49
287.424	47
287.449	47
287.474	42
287.499	37
287.525	48
287.55	48
287.576	44
287.602	35
287.627	35
287.652	50
287.677	45
287.704	32
287.729	27
287.755	48
287.781	49
287.809	37
287.834	32
287.859	47
287.884	47
287.911	39
287.937	35
287.962	50
287.987	50
288.013	41
288.038	31
288.063	31
288.089	22
288.119	22
288.15	20
288.184	20
288.22	20
288.254	22
288.289	22
288.324	22
288.354	22
288.389	22
288.415	20
288.441	34
288.467	30
288.492	25
288.524	22
288.55	20
288.576	39
288.603	31
288.63	28
288.657	25
288.689	22
288.724	22
288.754	22
288.78	38
288.806	34
288.833	31
288.86	28
288.889	22
288.914	37
288.943	36
288.968	31
288.995	28
289.02	43
289.046	39
289.072	35
289.101	34
289.127	25
289.154	42
289.18	43
289.206	39
289.232	30
289.258	46
289.284	47
289.31	43
289.336	34
289.362	50
289.387	50
289.413	41
289.439	37
289.465	33
289.491	49
289.516	44
289.541	39
289.567	35
289.592	35
289.617	45
289.642	40
289.667	35
289.694	27
289.719	42
289.746	39
289.771	34
289.8	33
289.827	25
289.852	40
289.879	42
289.906	34
289.932	30
289.957	25
289.982	40
290.008	36
290.035	33
290.06	28
290.089	22
290.114	37
290.141	34
290.168	31
290.195	28
290.224	22
290.249	37
290.274	37
290.3	33
290.327	25
290.352	40
290.377	40
290.403	31
290.43	28
290.455	23
290.48	38
290.506	34
290.533	31
290.559	27
290.586	44
290.613	41
290.639	32
290.666	34
290.692	25
290.719	42
290.745	38
290.772	35
290.799	32
290.824	22
290.851	39
290.878	41
290.904	32
290.93	28
290.957	25
290.984	42
291.011	39
291.036	34
291.062	30
291.089	22
291.116	39
291.142	35
291.168	36
291.194	27
291.22	43
291.246	39
291.272	40
291.299	32
291.325	48
291.351	44
291.377	45
291.403	36
291.429	52
291.455	48
291.481	44
291.507	40
291.533	41
291.558	46
291.583	46
291.609	42
291.634	42
291.661	49
291.686	49
291.713	41
291.738	36
291.765	33
291.792	30
291.819	47
291.846	44
291.872	40
291.899	32
291.925	33
291.952	45
291.977	45
292.002	35
292.027	35
292.054	47
292.08	43
292.107	35
292.133	31
292.159	47
292.186	49
292.212	40
292.238	36
292.264	52
292.289	47
292.315	43
292.341	39
292.367	35
292.393	26
292.419	47
292.445	43
292.47	38
292.496	29
292.522	50
292.547	40
292.574	42
292.599	32
292.624	22
292.649	42
292.674	42
292.701	34
292.726	29
292.751	44
292.776	44
292.803	36
292.828	26
292.853	46
292.88	48
292.905	38
292.93	28
292.955	48
292.982	45
293.007	35
293.033	31
293.058	46
293.083	51
293.108	41
293.133	31
293.16	48
293.185	48
293.21	38
293.235	33
293.26	48
293.287	50
293.312	40
293.337	35
293.362	45
293.387	45
293.412	40
293.438	31
293.463	31
293.488	46
293.513	41
293.538	31
293.563	31
293.589	22
293.614	42
293.641	34
293.666	34
293.692	25
293.717	40
293.744	37
293.77	33
293.795	28
293.824	22
293.85	43
293.877	40
293.903	31
293.93	28
293.956	24
293.981	44
294.008	36
294.035	33
294.062	30
294.087	45
294.114	42
294.141	34
294.168	36
294.193	26
294.218	46
294.243	36
294.269	37
294.294	27
294.319	47
294.345	38
294.371	39
294.396	29
294.422	50
294.448	41
294.473	41
294.5	33
294.527	25
294.554	42
294.58	43
294.607	40
294.633	41
294.659	47
294.685	48
294.712	45
294.738	46
294.764	47
294.793	51
294.819	47
294.846	44
294.872	40
294.897	30
294.922	45
294.948	46
294.973	46
294.999	32
295.025	48
295.051	49
295.076	44
295.101	34
295.126	39
295.152	45
295.179	47
295.206	39
295.233	31
295.26	48
295.285	48
295.312	40
295.339	32
295.365	48
295.39	53
295.416	44
295.441	34
295.467	35
295.492	25
295.524	22
295.554	22
295.589	22
295.624	22
295.65	28
295.677	40
295.704	32
295.73	28
295.757	25
295.789	22
295.815	20
295.842	35
295.868	31
295.895	28
295.924	22
295.95	20
295.976	39
296.003	31
296.03	28
296.057	25
296.083	41
296.109	37
296.136	34
296.161	29
296.187	30
296.213	41
296.239	32
296.265	33
296.292	25
296.317	40
296.343	36
296.368	31
296.395	28
296.424	22
296.45	38
296.475	38
296.501	34
296.527	25
296.553	41
296.579	42
296.604	32
296.63	28
296.656	24
296.682	40
296.707	35
296.733	31
296.759	27
296.785	43
296.811	39
296.836	34
296.862	30
296.889	22
296.915	38
296.942	35
296.968	36
296.995	28
297.024	22
297.049	37
297.075	38
297.1	33
297.127	25
297.152	40
297.178	41
297.203	31
297.23	28
297.256	24
297.281	39
297.306	34
297.333	31
297.359	27
297.384	42
297.41	38
297.436	34
297.461	29
297.487	45
297.515	43
297.54	33
297.566	34
297.591	49
297.617	45
297.642	35
297.668	36
297.693	51
297.718	46
297.743	36
297.769	47
297.794	52
297.819	47
297.844	37
297.871	39
297.896	29
297.921	49
297.948	41
297.973	41
298	33
298.025	48
298.05	43
298.075	43
298.1	33
298.125	48
298.15	43
298.176	44
298.203	36
298.23	43
298.257	50
298.283	51
298.31	43
298.336	34
298.363	46
298.389	47
298.415	43
298.441	39
298.467	50
298.493	26
298.519	47
298.544	42
298.569	49
298.596	29
298.623	36
298.65	43
298.677	45
298.704	37
298.731	34
298.758	51
298.783	46
298.809	37
298.834	32
298.86	48
298.886	49
298.911	39
298.94	38
298.966	49
298.991	24
299.017	45
299.043	36
299.069	47
299.095	38
299.121	49
299.148	41
299.174	42
299.2	33
299.226	49
299.252	45
299.278	46
299.304	37
299.33	28
299.356	49
299.382	50
299.408	41
299.434	32
299.459	47
299.485	53
299.511	39
299.536	34
299.562	30
299.588	51
299.614	42
299.639	32
299.666	34
299.692	25
299.724	22
299.751	39
299.776	39
299.803	31
299.83	28
299.857	25
299.882	40
299.909	37
299.935	33
299.961	29
299.989	22
300.015	43
300.041	34
300.067	35
300.092	25
300.118	41
300.145	38
300.171	34
300.198	31
300.224	22
300.251	39
300.276	39
300.303	31
300.33	28
300.355	43
300.38	43
300.405	33
300.43	28
300.455	43
300.481	44
300.506	34
300.532	30
300.558	46
300.584	47
300.609	37
300.635	33
300.661	49
300.687	50
300.713	41
300.739	37
300.765	53
300.79	48
300.815	43
300.841	39
300.866	49
300.891	49
300.916	44
300.941	39
300.966	49
300.992	50
301.018	46
301.043	41
301.068	46
301.094	27
301.119	47
301.144	47
301.17	48
301.196	29
301.221	44
301.247	40
301.272	50
301.298	31
301.324	22
301.35	43
301.375	53
301.401	34
301.427	25
301.453	41
301.479	47
301.504	37
301.53	28
301.558	46
301.583	46
301.608	36
301.635	33
301.662	30
301.689	22
301.724	22
301.754	22
301.78	20
301.807	35
301.833	31
301.86	28
301.889	22
301.919	22
301.945	38
301.971	34
301.997	30
302.024	22
302.054	22
302.089	22
302.124	22
302.15	20
302.175	38
302.201	34
302.227	25
302.254	22
302.279	37
302.306	34
302.333	31
302.36	28
302.389	22
302.416	39
302.442	35
302.468	31
302.495	28
302.524	22
302.55	38
302.575	38
302.602	35
302.627	25
302.653	41
302.68	43
302.707	35
302.733	31
302.76	28
302.787	45
302.813	41
302.839	32
302.866	34
302.892	25
302.919	42
302.945	38
302.972	35
302.999	32
303.024	22
303.051	39
303.078	41
303.104	32
303.13	28
303.157	25
303.183	41
303.21	38
303.236	34
303.263	31
303.29	23
303.316	39
303.342	35
303.369	37
303.395	28
303.424	22
303.451	39
303.478	41
303.504	32
303.53	28
303.557	25
303.584	42
303.609	37
303.635	33
303.661	29
303.687	50
303.714	42
303.741	39
303.767	35
303.793	51
303.82	48
303.849	42
303.876	44
303.902	35
303.929	52
303.955	48
303.982	50
304.008	41
304.034	37
304.06	53
304.086	49
304.111	39
304.137	35
304.162	50
304.188	51
304.213	41
304.238	41
304.263	51
304.289	52
304.315	43
304.341	39
304.367	50
304.393	26
304.419	47
304.445	38
304.47	53
304.495	28
304.52	43
304.55	43
304.575	43
304.602	35
304.628	26
304.654	42
304.68	48
304.706	34
304.733	31
304.759	42
304.784	47
304.81	38
304.835	33
304.861	29
304.886	49
304.912	40
304.938	31
304.963	31
304.989	22
305.014	42
305.041	34
305.066	34
305.092	25
305.124	22
305.15	43
305.175	38
305.201	34
305.227	25
305.254	22
305.279	42
305.305	33
305.33	28
305.357	25
305.382	45
305.409	37
305.435	33
305.461	29
305.489	22
305.515	43
305.542	35
305.567	35
305.592	25
305.617	40
305.643	36
305.668	36
305.694	27
305.719	42
305.745	38
305.77	38
305.796	29
305.822	45
305.848	41
305.874	42
305.9	33
305.926	49
305.952	45
305.978	46
306.004	37
306.03	28
306.056	49
306.082	50
306.108	36
306.134	32
306.16	48
306.186	49
306.211	39
306.237	35
306.262	50
306.288	46
306.313	41
306.338	36
306.363	51
306.388	46
306.413	41
306.438	36
306.463	41
306.489	52
306.515	43
306.541	39
306.567	35
306.594	27
306.62	48
306.646	44
306.672	40
306.698	31
306.724	37
306.75	43
306.776	44
306.803	36
306.829	27
306.856	24
306.882	40
306.907	35
306.933	31
306.96	28
306.989	22
307.016	39
307.042	35
307.069	32
307.095	28
307.124	22
307.151	39
307.176	39
307.203	31
307.23	28
307.257	25
307.282	40
307.309	37
307.335	33
307.361	29
307.389	22
307.415	38
307.441	34
307.467	35
307.492	25
307.518	41
307.545	38
307.571	34
307.598	31
307.625	23
307.651	39
307.678	41
307.704	37
307.731	29
307.757	25
307.782	45
307.807	35
307.833	31
307.86	28
307.887	45
307.912	40
307.937	35
307.962	42
307.989	47
308.014	42
308.039	37
308.066	54
308.092	50
308.118	46
308.144	37
308.17	38
308.196	49
308.223	51
308.249	47
308.275	43
308.3	48
308.325	48
308.351	44
308.376	44
308.402	35
308.427	50
308.454	47
308.48	48
308.506	39
308.531	29
308.558	51
308.583	51
308.609	37
308.635	33
308.66	48
308.686	49
308.711	39
308.736	31
308.761	49
308.786	49
308.813	41
308.839	37
308.865	48
308.891	24
308.918	46
308.945	38
308.971	39
308.998	31
309.024	22
309.05	43
309.077	40
309.104	32
309.13	28
309.157	25
309.189	22
309.216	44
309.242	35
309.268	31
309.295	28
309.324	22
309.349	42
309.374	37
309.4	33
309.427	25
309.452	40
309.478	41
309.504	32
309.53	28
309.556	24
309.582	45
309.607	35
309.633	31
309.659	27
309.685	43
309.712	40
309.738	31
309.763	31
309.789	47
309.814	42
309.84	33
309.866	34
309.892	50
309.918	46
309.944	42
309.969	37
309.996	29
310.022	50
