0.057	22
0.085	22
0.135	22
0.16	22
0.193	25
0.225	22
0.259	22
0.294	22
0.324	22
0.359	22
0.394	22
0.424	22
0.459	22
0.494	22
0.52	20
0.559	22
0.594	22
0.624	22
0.659	22
0.689	22
0.714	32
0.74	33
0.765	28
0.794	22
0.824	22
0.854	22
0.879	32
0.905	28
0.93	28
0.959	22
0.994	22
1.024	22
1.059	22
1.094	22
1.124	22
1.153	20
1.194	22
1.224	22
1.259	22
1.294	22
1.324	22
1.359	22
1.394	22
1.424	22
1.459	22
1.494	22
1.524	22
1.559	22
1.594	22
1.624	22
1.659	22
1.689	22
1.72	20
1.759	22
1.794	22
1.824	22
1.859	22
1.894	22
1.924	22
1.959	22
1.994	22
2.02	20
2.059	22
2.094	22
2.119	22
2.159	22
2.194	22
2.224	22
2.259	22
2.294	22
2.324	22
2.359	22
2.394	22
2.42	20
2.459	22
2.494	22
2.524	22
2.559	22
2.594	22
2.624	22
2.659	22
2.694	22
2.724	22
2.754	22
2.794	22
2.82	20
2.859	22
2.894	22
2.924	22
2.959	22
2.994	22
3.024	22
3.059	22
3.094	22
3.124	22
3.149	22
3.175	28
3.203	26
3.229	27
3.259	22
3.294	22
3.324	22
3.359	22
3.389	22
3.424	22
3.462	25
3.494	22
3.524	22
3.55	20
3.594	22
3.624	22
3.659	22
3.694	22
3.72	20
3.759	22
3.794	22
3.827	25
3.859	22
3.89	20
3.924	22
3.959	22
3.994	22
4.019	22
4.059	22
4.094	22
4.119	22
4.145	20
4.171	29
4.197	25
4.224	22
4.262	25
4.294	22
4.324	22
4.359	22
4.394	22
4.424	22
4.459	22
4.485	20
4.524	22
4.559	22
4.594	22
4.624	22
4.659	22
4.694	22
4.724	22
4.75	20
4.775	28
4.8	28
4.827	25
4.859	22
4.894	22
4.924	22
4.959	22
4.994	22
5.02	20
5.059	22
5.094	22
5.124	22
5.159	22
5.194	22
5.224	22
5.259	22
5.287	20
5.324	22
5.359	22
5.394	22
5.424	22
5.459	22
5.494	22
5.524	22
5.55	20
5.576	29
5.602	25
5.627	25
5.654	22
5.694	22
5.72	20
5.759	22
5.794	22
5.824	22
5.859	22
5.89	20
5.924	22
5.959	22
5.994	22
6.024	22
6.059	22
6.094	22
6.124	22
6.159	22
6.194	22
6.224	22
6.259	22
6.294	22
6.324	22
6.359	22
6.394	22
6.424	22
6.459	22
6.485	20
6.524	22
6.559	22
6.594	22
6.624	22
6.655	20
6.697	25
6.724	22
6.759	22
6.794	22
6.824	22
6.859	22
6.894	22
6.924	22
6.959	22
6.994	22
7.024	22
7.059	22
7.094	22
7.124	22
7.159	22
7.194	22
7.224	22
7.259	22
7.285	20
7.311	29
7.338	31
7.365	28
7.394	22
7.424	22
7.459	22
7.494	22
7.524	22
7.553	20
7.594	22
7.624	22
7.659	22
7.694	22
7.719	22
7.759	22
7.794	22
7.824	22
7.859	22
7.894	22
7.924	22
7.959	22
7.985	20
8.024	22
8.059	22
8.094	22
8.124	22
8.155	20
8.194	22
8.224	22
8.259	22
8.294	22
8.324	22
8.359	22
8.397	25
8.424	22
8.459	22
8.494	22
8.524	22
8.559	22
8.594	22
8.624	22
8.659	22
8.694	22
8.724	22
8.75	20
8.777	30
8.803	26
8.83	28
8.859	22
8.894	22
8.924	22
8.959	22
8.99	20
9.024	22
9.059	22
9.094	22
9.124	22
9.15	20
9.177	30
9.203	26
9.233	26
9.259	22
9.294	22
9.324	22
9.359	22
9.394	22
9.424	22
9.455	20
9.494	22
9.524	22
9.559	22
9.594	22
9.624	22
9.659	22
9.694	22
9.724	22
9.755	20
9.78	23
9.806	29
9.833	26
9.859	22
9.894	22
9.924	22
9.949	22
9.976	29
10.003	26
10.03	28
10.059	22
10.094	22
10.124	22
10.159	22
10.194	22
10.224	22
10.259	22
10.294	22
10.324	22
10.355	20
10.394	22
10.424	22
10.459	22
10.494	22
10.524	22
10.559	22
10.594	22
10.624	22
10.649	22
10.675	28
10.7	28
10.727	25
10.753	20
10.794	22
10.827	25
10.859	22
10.894	22
10.924	22
10.949	22
10.975	28
11.002	25
11.027	25
11.059	22
11.085	20
11.11	28
11.137	30
11.162	25
11.194	22
11.219	22
11.253	20
11.294	22
11.324	22
11.359	22
11.394	22
11.42	20
11.459	22
11.494	22
11.524	22
11.559	22
11.59	20
11.624	22
11.659	22
11.694	22
11.724	22
11.759	22
11.784	22
11.824	22
11.859	22
11.884	22
11.909	27
11.936	29
11.962	25
11.994	22
12.024	22
12.062	25
12.094	22
12.124	22
12.159	22
12.187	20
12.224	22
12.259	22
12.294	22
12.319	22
12.359	22
12.394	22
12.424	22
12.453	20
12.494	22
12.519	22
12.545	20
12.571	29
12.6	28
12.627	25
12.652	25
12.694	22
12.724	22
12.759	22
12.794	22
12.819	22
12.859	22
12.894	22
12.924	22
12.959	22
12.994	22
13.024	22
13.059	22
13.085	20
13.124	22
13.159	22
13.194	22
13.224	22
13.259	22
13.294	22
13.324	22
13.355	20
13.394	22
13.424	22
13.459	22
13.494	22
13.524	22
13.559	22
13.594	22
13.624	22
13.659	22
13.694	22
13.724	22
13.754	22
13.794	22
13.824	22
13.859	22
13.894	22
13.924	22
13.959	22
13.985	20
14.011	29
14.038	31
14.065	28
14.094	22
14.124	22
14.159	22
14.194	22
14.224	22
14.25	20
14.276	29
14.302	25
14.327	25
14.359	22
14.394	22
14.424	22
14.459	22
14.494	22
14.524	22
14.559	22
14.585	20
14.611	29
14.636	29
14.662	25
14.694	22
14.724	22
14.759	22
14.794	22
14.824	22
14.859	22
14.894	22
14.924	22
14.954	22
14.985	20
15.01	33
15.035	28
15.062	25
15.094	22
15.124	22
15.159	22
15.194	22
15.224	22
15.259	22
15.29	20
15.324	22
15.359	22
15.384	22
15.41	33
15.436	29
15.462	25
15.494	22
15.527	25
15.559	22
15.59	20
15.624	22
15.659	22
15.694	22
15.724	22
15.759	22
15.794	22
15.824	22
15.859	22
15.887	20
15.913	31
15.939	32
15.965	28
15.994	22
16.024	22
16.059	22
16.094	22
16.124	22
16.159	22
16.184	22
16.211	34
16.237	30
16.262	25
16.294	22
16.319	22
16.344	32
16.37	28
16.397	25
16.424	22
16.459	22
16.494	22
16.524	22
16.559	22
16.594	22
16.624	22
16.659	22
16.694	22
16.724	22
16.75	20
16.776	34
16.803	31
16.829	27
16.859	22
16.889	22
16.924	22
16.962	25
16.989	22
17.024	22
17.059	22
17.089	22
17.124	22
17.159	22
17.189	22
17.224	22
17.259	22
17.289	22
17.324	22
17.359	22
17.385	20
17.424	22
17.459	22
17.489	22
17.524	22
17.559	22
17.589	22
17.624	22
17.659	22
17.685	20
17.724	22
17.759	22
17.789	22
17.824	22
17.859	22
17.889	22
17.924	22
17.959	22
17.989	22
18.024	22
18.059	22
18.089	22
18.124	22
18.159	22
18.189	22
18.224	22
18.259	22
18.289	22
18.319	22
18.35	20
18.375	28
18.402	30
18.427	25
18.459	22
18.484	22
18.524	22
18.559	22
18.589	22
18.62	20
18.659	22
18.689	22
18.724	22
18.759	22
18.789	22
18.824	22
18.859	22
18.886	20
18.924	22
18.959	22
18.989	22
19.027	25
19.059	22
19.089	22
19.124	22
19.153	20
19.189	22
19.224	22
19.249	22
19.289	22
19.324	22
19.359	22
19.389	22
19.42	20
19.459	22
19.489	22
19.524	22
19.559	22
19.589	22
19.624	22
19.659	22
19.689	22
19.719	22
19.759	22
19.789	22
19.824	22
19.859	22
19.889	22
19.924	22
19.959	22
19.984	22
20.024	22
20.05	20
20.089	22
20.124	22
20.159	22
20.189	22
20.224	22
20.259	22
20.289	22
20.32	20
20.359	22
20.389	22
20.424	22
20.449	22
20.489	22
20.527	25
20.559	22
20.589	22
20.624	22
20.659	22
20.686	20
20.724	22
20.759	22
20.789	22
20.827	25
20.859	22
20.889	22
20.924	22
20.959	22
20.989	22
21.024	22
21.059	22
21.089	22
21.127	25
21.159	22
21.189	22
21.224	22
21.253	20
21.289	22
21.324	22
21.359	22
21.392	25
21.424	22
21.459	22
21.489	22
21.524	22
21.559	22
21.592	25
21.624	22
21.659	22
21.689	22
21.724	22
21.762	25
21.789	22
21.824	22
21.859	22
21.885	20
21.924	22
21.949	22
21.974	27
22.001	29
22.027	25
22.059	22
22.089	22
22.124	22
22.159	22
22.189	22
22.224	22
22.259	22
22.289	22
22.32	20
22.359	22
22.389	22
22.424	22
22.459	22
22.489	22
22.524	22
22.559	22
22.589	22
22.624	22
22.659	22
22.689	22
22.724	22
22.759	22
22.789	22
22.824	22
22.859	22
22.889	22
22.924	22
22.95	20
22.989	22
23.024	22
23.059	22
23.089	22
23.124	22
23.159	22
23.189	22
23.224	22
23.259	22
23.289	22
23.324	22
23.359	22
23.389	22
23.424	22
23.459	22
23.489	22
23.52	20
23.559	22
23.589	22
23.615	20
23.659	22
23.689	22
23.724	22
23.759	22
23.789	22
23.824	22
23.859	22
23.889	22
23.924	22
23.959	22
23.985	20
24.024	22
24.059	22
24.089	22
24.124	22
24.159	22
24.189	22
24.219	22
24.255	20
24.292	25
24.324	22
24.359	22
24.389	22
24.424	22
24.459	22
24.489	22
24.524	22
24.559	22
24.589	22
24.615	20
24.659	22
24.689	22
24.724	22
24.759	22
24.789	22
24.824	22
24.859	22
24.889	22
24.924	22
24.959	22
24.989	22
25.024	22
25.059	22
25.085	20
25.124	22
25.159	22
25.189	22
25.224	22
25.259	22
25.289	22
25.324	22
25.359	22
25.389	22
25.424	22
25.459	22
25.484	22
25.524	22
25.559	22
25.589	22
25.624	22
25.653	20
25.689	22
25.724	22
25.759	22
25.789	22
25.824	22
25.859	22
25.889	22
25.924	22
25.959	22
25.989	22
26.019	22
26.059	22
26.089	22
26.124	22
26.159	22
26.189	22
26.224	22
26.259	22
26.285	20
26.324	22
26.359	22
26.389	22
26.424	22
26.453	20
26.489	22
26.524	22
26.559	22
26.589	22
26.619	22
26.659	22
26.689	22
26.724	22
26.759	22
26.789	22
26.819	22
26.859	22
26.889	22
26.924	22
26.959	22
26.989	22
27.02	20
27.059	22
27.089	22
27.119	22
27.159	22
27.189	22
27.224	22
27.259	22
27.289	22
27.324	22
27.359	22
27.389	22
27.42	20
27.459	22
27.489	22
27.524	22
27.559	22
27.589	22
27.624	22
27.659	22
27.689	22
27.724	22
27.759	22
27.789	22
27.82	20
27.859	22
27.889	22
27.924	22
27.959	22
27.989	22
28.024	22
28.059	22
28.089	22
28.127	25
28.159	22
28.189	22
28.22	20
28.259	22
28.289	22
28.324	22
28.359	22
28.389	22
28.424	22
28.459	22
28.489	22
28.524	22
28.559	22
28.589	22
28.62	20
28.659	22
28.689	22
28.724	22
28.759	22
28.789	22
28.824	22
28.854	22
28.889	22
28.924	22
28.959	22
28.984	22
29.02	20
29.059	22
29.089	22
29.124	22
29.159	22
29.189	22
29.224	22
29.259	22
29.289	22
29.319	22
29.359	22
29.389	22
29.424	22
29.459	22
29.489	22
29.524	22
29.559	22
29.589	22
29.614	22
29.639	32
29.664	27
29.689	22
29.724	22
29.759	22
29.789	22
29.824	22
29.859	22
29.889	22
29.92	20
29.959	22
29.989	22
30.024	22
30.059	22
30.089	22
30.127	25
30.159	22
30.189	22
30.22	20
30.259	22
30.284	22
30.324	22
30.359	22
30.384	22
30.424	22
30.459	22
30.489	22
30.519	22
30.559	22
30.584	22
30.624	22
30.659	22
30.689	22
30.724	22
30.759	22
30.789	22
30.824	22
30.859	22
30.889	22
30.924	22
30.959	22
30.985	20
31.024	22
31.059	22
31.084	22
31.124	22
31.159	22
31.189	22
31.224	22
31.259	22
31.289	22
31.324	22
31.359	22
31.385	20
31.424	22
31.459	22
31.489	22
31.524	22
31.559	22
31.589	22
31.624	22
31.659	22
31.689	22
31.724	22
31.759	22
31.789	22
31.824	22
31.859	22
31.889	22
31.924	22
31.959	22
31.989	22
32.024	22
32.05	20
32.075	28
32.101	29
32.127	25
32.159	22
32.189	22
32.22	20
32.259	22
32.289	22
32.324	22
32.359	22
32.389	22
32.424	22
32.459	22
32.489	22
32.524	22
32.559	22
32.589	22
32.624	22
32.659	22
32.689	22
32.724	22
32.759	22
32.789	22
32.815	20
32.84	28
32.867	25
32.892	25
32.924	22
32.959	22
32.985	20
33.024	22
33.059	22
33.089	22
33.127	25
33.159	22
33.189	22
33.219	22
33.244	32
33.271	29
33.298	26
33.324	22
33.359	22
33.385	20
33.424	22
33.449	22
33.476	29
33.503	31
33.53	28
33.559	22
33.589	22
33.624	22
33.659	22
33.689	22
33.724	22
33.759	22
33.789	22
33.824	22
33.859	22
33.889	22
33.924	22
33.959	22
33.989	22
34.015	20
34.041	29
34.068	26
34.095	28
34.124	22
34.159	22
34.189	22
34.224	22
34.259	22
34.289	22
34.32	20
34.354	22
34.389	22
34.424	22
34.459	22
34.489	22
34.524	22
34.549	22
34.574	32
34.604	32
34.63	28
34.659	22
34.689	22
34.727	25
34.759	22
34.785	20
34.824	22
34.859	22
34.889	22
34.924	22
34.959	22
34.989	22
35.024	22
35.059	22
35.085	20
35.124	22
35.162	25
35.189	22
35.224	22
35.259	22
35.289	22
35.315	20
35.341	29
35.367	25
35.392	25
35.424	22
35.449	22
35.475	28
35.5	28
35.527	25
35.559	22
35.589	22
35.624	22
35.659	22
35.689	22
35.724	22
35.759	22
35.789	22
35.824	22
35.859	22
35.889	22
35.924	22
35.95	20
35.989	22
36.024	22
36.059	22
36.089	22
36.124	22
36.159	22
36.192	25
36.224	22
36.259	22
36.289	22
36.324	22
36.35	20
36.376	29
36.403	31
36.429	27
36.459	22
36.489	22
36.524	22
36.559	22
36.589	22
36.624	22
36.659	22
36.689	22
36.724	22
36.75	20
36.776	29
36.801	29
36.827	25
36.859	22
36.889	22
36.924	22
36.949	22
36.975	28
37	28
37.027	25
37.059	22
37.089	22
37.124	22
37.159	22
37.189	22
37.224	22
37.259	22
37.289	22
37.324	22
37.359	22
37.389	22
37.424	22
37.459	22
37.489	22
37.524	22
37.559	22
37.589	22
37.624	22
37.65	20
37.692	25
37.724	22
37.759	22
37.789	22
37.82	20
37.859	22
37.889	22
37.919	22
37.959	22
37.989	22
38.024	22
38.059	22
38.089	22
38.124	22
38.159	22
38.189	22
38.224	22
38.253	20
38.289	22
38.324	22
38.359	22
38.389	22
38.424	22
38.459	22
38.489	22
38.514	22
38.54	28
38.567	25
38.592	25
38.624	22
38.659	22
38.692	25
38.724	22
38.759	22
38.786	20
38.824	22
38.859	22
38.889	22
38.924	22
38.959	22
38.989	22
39.024	22
39.059	22
39.089	22
39.124	22
39.159	22
39.189	22
39.215	20
39.259	22
39.289	22
39.324	22
39.359	22
39.385	20
39.424	22
39.459	22
39.489	22
39.527	25
39.555	20
39.589	22
39.624	22
39.659	22
39.689	22
39.724	22
39.759	22
39.789	22
39.824	22
39.859	22
39.892	25
39.92	20
39.959	22
39.989	22
40.015	20
40.059	22
40.089	22
40.124	22
40.159	22
40.189	22
40.224	22
40.259	22
40.289	22
40.324	22
40.359	22
40.389	22
40.424	22
40.459	22
40.489	22
40.524	22
40.559	22
40.589	22
40.624	22
40.659	22
40.689	22
40.724	22
40.759	22
40.789	22
40.824	22
40.859	22
40.889	22
40.924	22
40.959	22
40.989	22
41.024	22
41.059	22
41.089	22
41.124	22
41.159	22
41.189	22
41.224	22
41.259	22
41.289	22
41.315	20
41.359	22
41.389	22
41.424	22
41.459	22
41.489	22
41.524	22
41.559	22
41.589	22
41.624	22
41.659	22
41.689	22
41.724	22
41.753	20
41.789	22
41.824	22
41.859	22
41.889	22
41.924	22
41.959	22
41.989	22
42.024	22
42.059	22
42.085	20
42.124	22
42.159	22
42.189	22
42.224	22
42.259	22
42.289	22
42.324	22
42.359	22
42.389	22
42.424	22
42.459	22
42.489	22
42.524	22
42.559	22
42.589	22
42.615	20
42.659	22
42.689	22
42.719	22
42.759	22
42.789	22
42.824	22
42.859	22
42.884	22
42.924	22
42.959	22
42.984	22
43.024	22
43.059	22
43.089	22
43.124	22
43.159	22
43.189	22
43.224	22
43.25	20
43.289	22
43.324	22
43.359	22
43.389	22
43.424	22
43.459	22
43.489	22
43.524	22
43.559	22
43.589	22
43.624	22
43.659	22
43.689	22
43.724	22
43.759	22
43.789	22
43.824	22
43.859	22
43.889	22
43.924	22
43.959	22
43.989	22
44.024	22
44.059	22
44.089	22
44.124	22
44.162	25
44.192	25
44.219	22
44.259	22
44.289	22
44.324	22
44.359	22
44.389	22
44.424	22
44.459	22
44.489	22
44.524	22
44.559	22
44.589	22
44.624	22
44.659	22
44.689	22
44.724	22
44.759	22
44.789	22
44.82	20
44.859	22
44.889	22
44.924	22
44.959	22
44.989	22
45.024	22
45.05	20
45.089	22
45.124	22
45.159	22
45.189	22
45.224	22
45.259	22
45.289	22
45.324	22
45.359	22
45.389	22
45.424	22
45.459	22
45.489	22
45.524	22
45.559	22
45.589	22
45.624	22
45.659	22
45.689	22
45.724	22
45.759	22
45.789	22
45.824	22
45.853	20
45.889	22
45.924	22
45.959	22
45.989	22
46.024	22
46.059	22
46.089	22
46.124	22
46.159	22
46.189	22
46.224	22
46.259	22
46.289	22
46.324	22
46.359	22
46.389	22
46.424	22
46.459	22
46.489	22
46.524	22
46.559	22
46.589	22
46.624	22
46.653	20
46.689	22
46.724	22
46.759	22
46.789	22
46.824	22
46.859	22
46.885	20
46.924	22
46.959	22
46.989	22
47.024	22
47.059	22
47.089	22
47.115	20
47.149	22
47.189	22
47.224	22
47.259	22
47.289	22
47.324	22
47.359	22
47.389	22
47.424	22
47.459	22
47.489	22
47.519	22
47.559	22
47.589	22
47.624	22
47.659	22
47.689	22
47.724	22
47.759	22
47.789	22
47.824	22
47.859	22
47.889	22
47.924	22
47.959	22
47.989	22
48.024	22
48.059	22
48.089	22
48.12	20
48.159	22
48.189	22
48.224	22
48.259	22
48.289	22
48.324	22
48.359	22
48.389	22
48.424	22
48.45	20
48.489	22
48.524	22
48.559	22
48.584	22
48.624	22
48.659	22
48.689	22
48.724	22
48.759	22
48.789	22
48.824	22
48.859	22
48.889	22
48.924	22
48.959	22
48.989	22
49.02	20
49.059	22
49.089	22
49.124	22
49.159	22
49.189	22
49.224	22
49.25	20
49.289	22
49.324	22
49.349	22
49.389	22
49.424	22
49.459	22
49.489	22
49.524	22
49.559	22
49.585	20
49.624	22
49.659	22
49.689	22
49.724	22
49.759	22
49.789	22
49.824	22
49.859	22
49.889	22
49.915	20
49.959	22
49.989	22
50.024	22
50.059	22
50.089	22
50.124	22
50.159	22
50.189	22
50.227	25
50.259	22
50.289	22
50.324	22
50.35	20
50.389	22
50.424	22
50.459	22
50.484	22
50.524	22
50.562	25
50.589	22
50.624	22
50.659	22
50.689	22
50.724	22
50.759	22
50.789	22
50.824	22
50.849	22
50.886	20
50.924	22
50.959	22
50.989	22
51.024	22
51.059	22
51.089	22
51.124	22
51.162	25
51.189	22
51.224	22
51.259	22
51.289	22
51.319	20
51.359	22
51.389	22
51.424	22
51.459	22
51.489	22
51.524	22
51.559	22
51.584	22
51.624	22
51.65	20
51.689	22
51.724	22
51.759	22
51.789	22
51.824	22
51.862	25
51.889	22
51.924	22
51.962	25
51.989	22
52.024	22
52.059	22
52.089	22
52.124	22
52.159	22
52.189	22
52.224	22
52.259	22
52.289	22
52.324	22
52.349	22
52.389	22
52.415	20
52.459	22
52.489	22
52.52	20
52.559	22
52.589	22
52.624	22
52.659	22
52.689	22
52.724	22
52.759	22
52.789	22
52.819	22
52.85	20
52.889	22
52.924	22
52.955	20
52.989	22
53.024	22
53.049	22
53.089	22
53.124	22
53.159	22
53.189	22
53.224	22
53.259	22
53.285	20
53.324	22
53.359	22
53.389	22
53.424	22
53.459	22
53.489	22
53.524	22
53.559	22
53.589	22
53.615	20
53.659	22
53.689	22
53.724	22
53.759	22
53.789	22
53.824	22
53.859	22
53.889	22
53.924	22
53.95	20
53.989	22
54.024	22
54.059	22
54.089	22
54.124	22
54.159	22
54.189	22
54.224	22
54.259	22
54.284	22
54.324	22
54.359	22
54.389	22
54.424	22
54.459	22
54.489	22
54.524	22
54.559	22
54.589	22
54.624	22
54.659	22
54.692	25
54.724	22
54.753	20
54.789	22
54.824	22
54.859	22
54.889	22
54.924	22
54.959	22
54.989	22
55.024	22
55.059	22
55.084	22
55.119	22
55.159	22
55.189	22
55.224	22
55.259	22
55.289	22
55.315	20
55.359	22
55.389	22
55.424	22
55.459	22
55.489	22
55.524	22
55.559	22
55.589	22
55.624	22
55.659	22
55.689	22
55.724	22
55.753	20
55.789	22
55.824	22
55.859	22
55.889	22
55.924	22
55.959	22
55.989	22
56.024	22
56.059	22
56.085	20
56.124	22
56.159	22
56.189	22
56.224	22
56.259	22
56.289	22
56.324	22
56.359	22
56.389	22
56.415	20
56.459	22
56.489	22
56.524	22
56.559	22
56.589	22
56.624	22
56.659	22
56.689	22
56.719	22
56.745	20
56.77	23
56.795	23
56.824	22
56.853	20
56.889	22
56.924	22
56.959	22
56.989	22
57.024	22
57.059	22
57.089	22
57.124	22
57.159	22
57.189	22
57.224	22
57.259	22
57.289	22
57.324	22
57.359	22
57.385	20
57.424	22
57.459	22
57.489	22
57.524	22
57.559	22
57.589	22
57.627	25
57.659	22
57.689	22
57.724	22
57.759	22
57.789	22
57.824	22
57.859	22
57.889	22
57.924	22
57.959	22
57.989	22
58.019	20
58.044	22
58.07	23
58.097	25
58.124	22
58.159	22
58.189	22
58.224	22
58.259	22
58.289	22
58.324	22
58.359	22
58.389	22
58.414	22
58.455	20
58.489	22
58.514	22
58.559	22
58.589	22
58.624	22
58.659	22
58.689	22
58.724	22
58.759	22
58.785	20
58.824	22
58.859	22
58.889	22
58.924	22
58.959	22
58.989	22
59.024	22
59.059	22
59.089	22
59.115	20
59.159	22
59.189	22
59.224	22
59.259	22
59.289	22
59.324	22
59.359	22
59.389	22
59.424	22
59.459	22
59.489	22
59.524	22
59.559	22
59.589	22
59.624	22
59.65	20
59.689	22
59.724	22
59.755	20
59.789	22
59.824	22
59.859	22
59.889	22
59.924	22
59.959	22
59.989	22
60.024	22
60.059	22
60.089	22
60.114	22
60.159	22
60.189	22
60.224	22
60.259	22
60.289	22
60.324	22
60.359	22
60.389	22
60.424	22
60.459	22
60.489	22
60.519	22
60.559	22
60.589	22
60.624	22
60.659	22
60.689	22
60.719	20
60.759	22
60.789	22
60.827	25
60.859	22
60.889	22
60.924	22
60.959	22
60.984	22
61.024	22
61.05	20
61.089	22
61.124	22
61.159	22
61.189	22
61.224	22
61.259	22
61.289	22
61.324	22
61.359	22
61.389	22
61.424	22
61.449	22
61.489	22
61.524	22
61.559	22
61.589	22
61.624	22
61.662	25
61.689	22
61.724	22
61.759	22
61.789	22
61.819	20
61.859	22
61.889	22
61.924	22
61.959	22
61.989	22
62.024	22
62.059	22
62.089	22
62.124	22
62.15	20
62.189	22
62.224	22
62.259	22
62.289	22
62.324	22
62.359	22
62.389	22
62.424	22
62.459	22
62.485	20
62.524	22
62.562	25
62.589	22
62.624	22
62.659	22
62.689	22
62.715	20
62.744	22
62.77	23
62.795	23
62.824	22
62.859	22
62.889	22
62.924	22
62.959	22
62.989	22
63.024	22
63.062	25
63.089	22
63.124	22
63.159	22
63.189	22
63.224	22
63.262	25
63.289	22
63.324	22
63.362	25
63.389	22
63.427	25
63.459	22
63.489	22
63.515	20
63.559	22
63.589	22
63.624	22
63.659	22
63.689	22
63.724	22
63.749	22
63.779	22
63.804	27
63.833	26
63.859	22
63.889	22
63.924	22
63.959	22
63.989	22
64.024	22
64.059	22
64.089	22
64.124	22
64.159	22
64.189	22
64.224	22
64.259	22
64.289	22
64.324	22
64.359	22
64.389	22
64.415	20
64.459	22
64.489	22
64.524	22
64.559	22
64.589	22
64.624	22
64.659	22
64.685	20
64.724	22
64.759	22
64.789	22
64.824	22
64.859	22
64.889	22
64.924	22
64.95	20
64.976	29
65.001	29
65.027	25
65.059	22
65.089	22
65.119	20
65.144	22
65.17	28
65.195	28
65.224	22
65.259	22
65.286	20
65.324	22
65.359	22
65.389	22
65.424	22
65.45	20
65.476	29
65.503	31
65.53	28
65.559	22
65.584	22
65.61	20
65.635	28
65.662	25
65.689	22
65.724	22
65.759	22
65.789	22
65.824	22
65.85	20
65.876	29
65.901	29
65.927	25
65.959	22
65.989	22
66.024	22
66.059	22
66.089	22
66.124	22
66.159	22
66.189	22
66.224	22
66.25	20
66.275	28
66.3	28
66.327	25
66.359	22
66.389	22
66.419	22
66.459	22
66.489	22
66.514	22
66.559	22
66.589	22
66.624	22
66.659	22
66.684	22
66.724	22
66.75	20
66.789	22
66.824	22
66.859	22
66.889	22
66.919	20
66.962	25
66.989	22
67.024	22
67.059	22
67.089	22
67.124	22
67.159	22
67.189	22
67.224	22
67.259	22
67.289	22
67.324	22
67.359	22
67.389	22
67.419	22
67.459	22
67.489	22
67.524	22
67.559	22
67.589	22
67.615	20
67.659	22
67.689	22
67.724	22
67.759	22
67.789	22
67.824	22
67.859	22
67.885	20
67.924	22
67.959	22
67.989	22
68.024	22
68.059	22
68.089	22
68.124	22
68.149	22
68.195	28
68.224	22
68.25	28
68.289	22
68.324	22
68.359	22
68.384	22
68.424	22
68.462	25
68.489	22
68.515	20
68.559	22
68.584	22
68.624	22
68.659	22
68.689	22
68.724	22
68.759	22
68.785	20
68.824	22
68.859	22
68.889	22
68.924	22
68.959	22
68.989	22
69.024	22
69.059	22
69.089	22
69.124	22
69.153	20
69.189	22
69.224	22
69.25	20
69.279	22
69.324	22
69.35	20
69.389	22
69.424	22
69.45	20
69.489	22
69.524	22
69.553	20
69.589	22
69.624	22
69.659	22
69.689	22
69.724	22
69.759	22
69.789	22
69.824	22
69.859	22
69.889	22
69.924	22
69.959	22
69.989	22
70.024	22
70.059	22
70.089	22
70.124	22
70.159	22
70.189	22
70.224	22
70.259	22
70.289	22
70.315	20
70.359	22
70.389	22
70.42	20
70.459	22
70.489	22
70.524	22
70.559	22
70.589	22
70.624	22
70.659	22
70.689	22
70.724	22
70.759	22
70.789	22
70.824	22
70.859	22
70.889	22
70.924	22
70.95	20
70.989	22
71.024	22
71.062	25
71.089	22
71.124	22
71.159	22
71.189	22
71.224	22
71.259	22
71.289	22
71.324	22
71.359	22
71.389	22
71.424	22
71.459	22
71.489	22
71.524	22
71.559	22
71.589	22
71.624	22
71.659	22
71.689	22
71.719	20
71.759	22
71.789	22
71.824	22
71.859	22
71.889	22
71.927	25
71.959	22
71.989	22
72.024	22
72.05	20
72.089	22
72.124	22
72.155	20
72.189	22
72.224	22
72.249	22
72.284	22
72.324	22
72.359	22
72.389	22
72.424	22
72.459	22
72.484	22
72.524	22
72.559	22
72.589	22
72.624	22
72.659	22
72.689	22
72.724	22
72.759	22
72.789	22
72.824	22
72.859	22
72.889	22
72.924	22
72.959	22
72.989	22
73.024	22
73.059	22
73.089	22
73.124	22
73.159	22
73.189	22
73.224	22
73.259	22
73.289	22
73.324	22
73.359	22
73.389	22
73.424	22
73.459	22
73.489	22
73.524	22
73.555	20
73.589	22
73.624	22
73.65	20
73.689	22
73.724	22
73.759	22
73.789	22
73.824	22
73.859	22
73.889	22
73.924	22
73.959	22
73.989	22
74.024	22
74.059	22
74.089	22
74.114	22
74.159	22
74.189	22
74.219	20
74.249	22
74.274	22
74.301	24
74.327	25
74.359	22
74.389	22
74.424	22
74.459	22
74.489	22
74.524	22
74.559	22
74.589	22
74.627	25
74.659	22
74.689	22
74.724	22
74.759	22
74.789	22
74.824	22
74.859	22
74.886	20
74.924	22
74.959	22
74.985	20
75.024	22
75.059	22
75.085	20
75.124	22
75.159	22
75.185	20
75.224	22
75.259	22
75.285	20
75.324	22
75.359	22
75.385	20
75.424	22
75.459	22
75.485	20
75.524	22
75.559	22
75.585	20
75.624	22
75.659	22
75.685	20
75.724	22
75.759	22
75.785	20
75.824	22
75.859	22
75.885	20
75.924	22
75.959	22
75.984	22
76.024	22
76.059	22
76.085	20
76.124	22
76.159	22
76.189	22
76.224	22
76.259	22
76.289	22
76.324	22
76.359	22
76.389	22
76.424	22
76.459	22
76.489	22
76.527	25
76.559	22
76.589	22
76.624	22
76.659	22
76.689	22
76.724	22
76.749	22
76.789	22
76.824	22
76.859	22
76.889	22
76.924	22
76.959	22
76.989	22
77.024	22
77.059	22
77.089	22
77.124	22
77.159	22
77.189	22
77.224	22
77.259	22
77.289	22
77.324	22
77.359	22
77.385	20
77.427	25
77.459	22
77.489	22
77.527	25
77.559	22
77.589	22
77.624	22
77.659	22
77.689	22
77.724	22
77.759	22
77.784	22
77.824	22
77.859	22
77.889	22
77.924	22
77.959	22
77.989	22
78.015	20
78.059	22
78.089	22
78.119	20
78.159	22
78.189	22
78.224	22
78.259	22
78.289	22
78.324	22
78.359	22
78.389	22
78.419	22
78.459	22
78.489	22
78.524	22
78.559	22
78.584	22
78.624	22
78.659	22
78.689	22
78.724	22
78.759	22
78.789	22
78.824	22
78.859	22
78.889	22
78.924	22
78.959	22
78.989	22
79.024	22
79.059	22
79.089	22
79.124	22
79.159	22
79.184	22
79.224	22
79.259	22
79.289	22
79.324	22
79.359	22
79.389	22
79.424	22
79.459	22
79.489	22
79.52	20
79.559	22
79.589	22
79.615	20
79.659	22
79.689	22
79.724	22
79.759	22
79.789	22
79.824	22
79.859	22
79.889	22
79.919	22
79.959	22
79.989	22
80.019	22
80.059	22
80.089	22
80.124	22
80.159	22
80.185	20
80.224	22
80.259	22
80.289	22
80.324	22
80.359	22
80.389	22
80.424	22
80.459	22
80.489	22
80.524	22
80.559	22
80.589	22
80.619	22
80.659	22
80.689	22
80.724	22
80.753	20
80.789	22
80.824	22
80.859	22
80.889	22
80.924	22
80.959	22
80.989	22
81.024	22
81.059	22
81.089	22
81.114	22
81.14	28
81.165	28
81.192	25
81.224	22
81.259	22
81.289	22
81.324	22
81.359	22
81.389	22
81.414	22
81.439	27
81.465	28
81.492	25
81.524	22
81.559	22
81.589	22
81.624	22
81.65	20
81.689	22
81.724	22
81.759	22
81.789	22
81.824	22
81.859	22
81.889	22
81.915	20
81.941	29
81.968	26
81.995	28
82.024	22
82.059	22
82.085	20
82.124	22
82.159	22
82.189	22
82.224	22
82.255	20
82.289	22
82.324	22
82.359	22
82.389	22
82.424	22
82.459	22
82.489	22
82.524	22
82.559	22
82.589	22
82.624	22
82.659	22
82.689	22
82.724	22
82.755	20
82.789	22
82.824	22
82.859	22
82.889	22
82.915	20
82.94	28
82.965	28
82.992	25
83.024	22
83.059	22
83.089	22
83.124	22
83.155	20
83.189	22
83.224	22
83.259	22
83.289	22
83.315	20
83.34	28
83.367	25
83.392	25
83.424	22
83.459	22
83.485	20
83.524	22
83.559	22
83.589	22
83.614	22
83.655	20
83.689	22
83.724	22
83.759	22
83.789	22
83.824	22
83.859	22
83.889	22
83.915	20
83.959	22
83.989	22
84.024	22
84.059	22
84.089	22
84.124	22
84.162	25
84.189	22
84.224	22
84.259	22
84.289	22
84.324	22
84.359	22
84.389	22
84.424	22
84.459	22
84.489	22
84.524	22
84.552	20
84.589	22
84.624	22
84.659	22
84.689	22
84.724	22
84.759	22
84.789	22
84.824	22
84.859	22
84.889	22
84.924	22
84.959	22
84.989	22
85.024	22
85.059	22
85.089	22
85.119	20
85.159	22
85.189	22
85.215	20
85.259	22
85.289	22
85.324	22
85.359	22
85.389	22
85.424	22
85.459	22
85.489	22
85.524	22
85.549	22
85.589	22
85.624	22
85.659	22
85.689	22
85.724	22
85.759	22
85.785	20
85.824	22
85.859	22
85.889	22
85.924	22
85.959	22
85.989	22
86.024	22
86.059	22
86.089	22
86.124	22
86.159	22
86.189	22
86.219	22
86.249	22
86.274	27
86.301	29
86.327	25
86.359	22
86.389	22
86.424	22
86.459	22
86.489	22
86.524	22
86.559	22
86.589	22
86.62	20
86.659	22
86.689	22
86.715	20
86.759	22
86.789	22
86.824	22
86.859	22
86.889	22
86.924	22
86.959	22
86.989	22
87.024	22
87.059	22
87.089	22
87.114	22
87.149	22
87.184	22
87.224	22
87.259	22
87.289	22
87.327	25
87.359	22
87.389	22
87.424	22
87.459	22
87.489	22
87.524	22
87.559	22
87.589	22
87.619	20
87.644	22
87.671	29
87.698	26
87.724	22
87.759	22
87.789	22
87.824	22
87.849	22
87.875	20
87.901	29
87.927	25
87.959	22
87.989	22
88.024	22
88.059	22
88.089	22
88.124	22
88.159	22
88.189	22
88.219	20
88.244	22
88.271	29
88.297	25
88.324	22
88.359	22
88.389	22
88.424	22
88.459	22
88.485	20
88.524	22
88.559	22
88.589	22
88.624	22
88.659	22
88.684	22
88.724	22
88.752	20
88.789	22
88.824	22
88.859	22
88.889	22
88.924	22
88.959	22
88.989	22
89.019	20
89.059	22
89.084	22
89.124	22
89.159	22
89.189	22
89.224	22
89.259	22
89.285	20
89.324	22
89.359	22
89.389	22
89.424	22
89.459	22
89.489	22
89.524	22
89.555	20
89.589	22
89.624	22
89.659	22
89.689	22
89.724	22
89.759	22
89.789	22
89.819	22
89.859	22
89.889	22
89.915	20
89.94	28
89.965	28
89.992	25
90.024	22
90.059	22
90.089	22
90.124	22
90.159	22
90.185	20
90.224	22
90.259	22
90.289	22
90.324	22
90.362	25
90.389	22
90.424	22
90.459	22
90.489	22
90.524	22
90.559	22
90.589	22
90.615	20
90.64	28
90.665	28
90.692	25
90.724	22
90.759	22
90.785	20
90.824	22
90.859	22
90.889	22
90.924	22
90.959	22
90.989	22
91.024	22
91.059	22
91.089	22
91.124	22
91.159	22
91.185	20
91.224	22
91.262	25
91.289	22
91.324	22
91.352	20
91.389	22
91.424	22
91.459	22
91.489	22
91.519	20
91.544	22
91.57	28
91.597	25
91.624	22
91.659	22
91.689	22
91.724	22
91.759	22
91.792	25
91.824	22
91.859	22
91.889	22
91.924	22
91.95	20
91.989	22
92.024	22
92.059	22
92.089	22
92.124	22
92.159	22
92.189	22
92.22	20
92.259	22
92.289	22
92.324	22
92.359	22
92.389	22
92.419	22
92.459	22
92.489	22
92.524	22
92.559	22
92.589	22
92.624	22
92.659	22
92.689	22
92.724	22
92.759	22
92.785	20
92.827	25
92.859	22
92.889	22
92.924	22
92.949	22
92.975	20
93	28
93.027	25
93.059	22
93.089	22
93.124	22
93.159	22
93.189	22
93.224	22
93.259	22
93.289	22
93.324	22
93.359	22
93.389	22
93.424	22
93.459	22
93.489	22
93.524	22
93.559	22
93.589	22
93.624	22
93.659	22
93.689	22
93.724	22
93.759	22
93.789	22
93.814	22
93.859	22
93.889	22
93.924	22
93.959	22
93.989	22
94.024	22
94.062	25
94.089	22
94.124	22
94.159	22
94.189	22
94.224	22
94.259	22
94.289	22
94.324	22
94.359	22
94.384	22
94.409	22
94.436	24
94.462	25
94.489	22
94.524	22
94.549	22
94.585	20
94.624	22
94.659	22
94.685	20
94.724	22
94.759	22
94.785	20
94.824	22
94.859	22
94.885	20
94.924	22
94.959	22
94.986	20
95.024	22
95.059	22
95.089	22
95.124	22
95.159	22
95.189	22
95.224	22
95.259	22
95.289	22
95.324	22
95.359	22
95.389	22
95.424	22
95.459	22
95.489	22
95.515	20
95.562	25
95.589	22
95.624	22
95.659	22
95.689	22
95.724	22
95.759	22
95.789	22
95.824	22
95.859	22
95.889	22
95.924	22
95.955	20
95.989	22
96.024	22
96.059	22
96.089	22
96.114	22
96.159	22
96.189	22
96.224	22
96.259	22
96.285	20
96.324	22
96.359	22
96.389	22
96.424	22
96.459	22
96.489	22
96.524	22
96.559	22
96.589	22
96.615	20
96.659	22
96.689	22
96.724	22
96.759	22
96.789	22
96.824	22
96.859	22
96.889	22
96.924	22
96.959	22
96.989	22
97.024	22
97.052	20
97.089	22
97.124	22
97.159	22
97.189	22
97.224	22
97.259	22
97.289	22
97.324	22
97.359	22
97.389	22
97.424	22
97.459	22
97.489	22
97.524	22
97.559	22
97.589	22
97.624	22
97.659	22
97.689	22
97.724	22
97.759	22
97.789	22
97.82	20
97.859	22
97.889	22
97.924	22
97.959	22
97.989	22
98.024	22
98.059	22
98.089	22
98.124	22
98.159	22
98.189	22
98.224	22
98.259	22
98.289	22
98.324	22
98.359	22
98.389	22
98.424	22
98.459	22
98.489	22
98.519	22
98.562	25
98.589	22
98.624	22
98.659	22
98.689	22
98.724	22
98.762	25
98.789	22
98.824	22
98.852	20
98.889	22
98.924	22
98.959	22
98.989	22
99.024	22
99.059	22
99.089	22
99.124	22
99.159	22
99.189	22
99.224	22
99.259	22
99.289	22
99.324	22
99.359	22
99.389	22
99.415	20
99.459	22
99.489	22
99.524	22
99.559	22
99.589	22
99.624	22
99.659	22
99.689	22
99.724	22
99.759	22
99.789	22
99.824	22
99.852	20
99.889	22
99.924	22
99.959	22
99.989	22
100.024	22
100.062	25
100.089	22
100.124	22
100.159	22
100.189	22
100.224	22
100.259	22
100.289	22
100.324	22
100.362	25
100.389	22
100.424	22
100.452	20
100.489	22
100.524	22
100.559	22
100.584	22
100.624	22
100.659	22
100.689	22
100.724	22
100.759	22
100.789	22
100.815	20
100.859	22
100.889	22
100.914	22
100.959	22
100.989	22
101.024	22
101.059	22
101.085	20
101.124	22
101.149	22
101.175	20
101.201	24
101.227	25
101.259	22
101.289	22
101.324	22
101.359	22
101.389	22
101.424	22
101.455	20
101.489	22
101.524	22
101.55	20
101.579	22
101.624	22
101.659	22
101.689	22
101.724	22
101.759	22
101.789	22
101.824	22
101.859	22
101.889	22
101.924	22
101.959	22
101.989	22
102.024	22
102.059	22
102.089	22
102.124	22
102.159	22
102.189	22
102.214	22
102.259	22
102.284	22
102.324	22
102.359	22
102.389	22
102.424	22
102.459	22
102.489	22
102.519	20
102.559	22
102.589	22
102.619	22
102.659	22
102.689	22
102.724	22
102.759	22
102.784	22
102.824	22
102.859	22
102.892	25
102.924	22
102.959	22
102.989	22
103.024	22
103.055	20
103.089	22
103.124	22
103.159	22
103.189	22
103.224	22
103.259	22
103.289	22
103.324	22
103.359	22
103.389	22
103.424	22
103.459	22
103.489	22
103.524	22
103.559	22
103.589	22
103.624	22
103.65	20
103.675	28
103.7	28
103.727	25
103.754	22
103.789	22
103.819	20
103.844	22
103.87	28
103.895	28
103.924	22
103.962	25
103.989	22
104.024	22
104.054	22
104.089	22
104.124	22
104.15	20
104.176	29
104.203	31
104.23	28
104.259	22
104.289	22
104.324	22
104.349	22
104.376	29
104.401	29
104.427	25
104.459	22
104.489	22
104.524	22
104.549	22
104.576	29
104.602	30
104.627	25
104.659	22
104.689	22
104.724	22
104.759	22
104.786	20
104.824	22
104.859	22
104.889	22
104.919	22
104.945	20
104.97	28
104.995	28
105.024	22
105.059	22
105.089	22
105.124	22
105.159	22
105.185	20
105.224	22
105.259	22
105.289	22
105.324	22
105.359	22
105.389	22
105.424	22
105.459	22
105.489	22
105.524	22
105.559	22
105.585	20
105.624	22
105.659	22
105.689	22
105.724	22
105.759	22
105.789	22
105.824	22
105.859	22
105.889	22
105.924	22
105.959	22
105.984	22
106.024	22
106.062	25
106.089	22
106.124	22
106.159	22
106.189	22
106.224	22
106.259	22
106.289	22
106.324	22
106.359	22
106.385	20
106.424	22
106.459	22
106.489	22
106.524	22
106.55	20
106.589	22
106.624	22
106.659	22
106.689	22
106.719	20
106.759	22
106.789	22
106.824	22
106.859	22
106.889	22
106.919	22
106.959	22
106.989	22
107.024	22
107.059	22
107.089	22
107.127	25
107.159	22
107.189	22
107.224	22
107.259	22
107.289	22
107.324	22
107.359	22
107.389	22
107.419	20
107.449	22
107.474	27
107.5	28
107.527	25
107.559	22
107.589	22
107.624	22
107.659	22
107.689	22
107.719	22
107.759	22
107.789	22
107.824	22
107.859	22
107.889	22
107.924	22
107.959	22
107.989	22
108.024	22
108.05	20
108.089	22
108.124	22
108.159	22
108.189	22
108.227	25
108.259	22
108.289	22
108.32	20
108.359	22
108.389	22
108.424	22
108.459	22
108.492	25
108.524	22
108.559	22
108.589	22
108.624	22
108.659	22
108.686	20
108.724	22
108.759	22
108.789	22
108.824	22
108.859	22
108.889	22
108.924	22
108.959	22
108.989	22
109.024	22
109.059	22
109.089	22
109.124	22
109.159	22
109.189	22
109.227	25
109.255	20
109.292	25
109.324	22
109.35	20
109.389	22
109.424	22
109.459	22
109.489	22
109.524	22
109.559	22
109.589	22
109.624	22
109.659	22
109.689	22
109.724	22
109.759	22
109.789	22
109.824	22
109.859	22
109.889	22
109.924	22
109.959	22
109.989	22
110.027	25
110.059	22
110.089	22
110.124	22
110.159	22
110.189	22
110.224	22
110.259	22
110.289	22
110.324	22
110.359	22
110.389	22
110.424	22
110.459	22
110.489	22
110.524	22
110.559	22
110.589	22
110.624	22
110.659	22
110.689	22
110.724	22
110.759	22
110.789	22
110.824	22
110.849	22
110.879	22
110.924	22
110.959	22
110.989	22
111.014	22
111.04	20
111.065	23
111.092	25
111.124	22
111.159	22
111.189	22
111.224	22
111.259	22
111.289	22
111.324	22
111.359	22
111.389	22
111.424	22
111.459	22
111.484	22
111.524	22
111.559	22
111.589	22
111.624	22
111.659	22
111.689	22
111.724	22
111.759	22
111.789	22
111.824	22
111.85	20
111.889	22
111.924	22
111.955	20
111.989	22
112.024	22
112.059	22
112.089	22
112.124	22
112.159	22
112.189	22
112.224	22
112.259	22
112.284	22
112.324	22
112.359	22
112.389	22
112.424	22
112.459	22
112.489	22
112.524	22
112.559	22
112.589	22
112.624	22
112.659	22
112.689	22
112.719	20
112.759	22
112.789	22
112.824	22
112.859	22
112.889	22
112.924	22
112.962	25
112.989	22
113.024	22
113.059	22
113.089	22
113.124	22
113.15	20
113.189	22
113.224	22
113.252	20
113.289	22
113.324	22
113.355	20
113.389	22
113.424	22
113.459	22
113.489	22
113.524	22
113.549	22
113.589	22
113.624	22
113.649	22
113.689	22
113.724	22
113.759	22
113.789	22
113.824	22
113.849	22
113.889	22
113.924	22
113.949	22
113.989	22
114.024	22
114.049	22
114.089	22
114.124	22
114.159	22
114.189	22
114.224	22
114.259	22
114.289	22
114.315	20
114.349	22
114.389	22
114.424	22
114.459	22
114.489	22
114.524	22
114.549	22
114.585	20
114.624	22
114.659	22
114.689	22
114.724	22
114.759	22
114.789	22
114.824	22
114.859	22
114.889	22
114.924	22
114.95	20
114.989	22
115.024	22
115.059	22
115.084	22
115.124	22
115.159	22
115.189	22
115.219	20
115.259	22
115.289	22
115.324	22
115.359	22
115.389	22
115.424	22
115.459	22
115.484	22
115.524	22
115.559	22
115.589	22
115.624	22
115.652	20
115.689	22
115.724	22
115.759	22
115.789	22
115.815	20
115.841	29
115.87	28
115.895	28
115.924	22
115.959	22
115.984	22
116.024	22
116.055	20
116.084	22
116.124	22
116.159	22
116.189	22
116.215	20
116.259	22
116.289	22
116.324	22
116.359	22
116.389	22
116.424	22
116.455	20
116.489	22
116.524	22
116.559	22
116.589	22
116.619	20
116.654	22
116.689	22
116.724	22
116.759	22
116.789	22
116.824	22
116.859	22
116.889	22
116.924	22
116.959	22
116.989	22
117.024	22
117.059	22
117.089	22
117.124	22
117.159	22
117.189	22
117.224	22
117.259	22
117.289	22
117.324	22
117.359	22
117.389	22
117.424	22
117.45	20
117.476	29
117.503	31
117.53	28
117.559	22
117.589	22
117.624	22
117.659	22
117.689	22
117.724	22
117.759	22
117.784	22
117.824	22
117.85	20
117.875	28
117.9	28
117.927	25
117.959	22
117.989	22
118.024	22
118.059	22
118.089	22
118.124	22
118.159	22
118.189	22
118.224	22
118.25	20
118.275	28
118.3	28
118.327	25
118.359	22
118.389	22
118.424	22
118.459	22
118.489	22
118.524	22
118.559	22
118.589	22
118.624	22
118.65	20
118.675	28
118.7	28
118.727	25
118.759	22
118.784	22
118.815	20
118.84	28
118.867	25
118.892	25
118.924	22
118.959	22
118.985	20
119.024	22
119.059	22
119.089	22
119.124	22
119.159	22
119.189	22
119.224	22
119.262	25
119.289	22
119.319	20
119.359	22
119.389	22
119.424	22
119.459	22
119.485	20
119.524	22
119.559	22
119.589	22
119.624	22
119.652	20
119.689	22
119.724	22
119.759	22
119.789	22
119.819	20
119.859	22
119.889	22
119.924	22
119.959	22
119.989	22
120.024	22
120.049	22
120.075	28
120.1	28
120.127	25
120.159	22
120.189	22
120.224	22
120.259	22
120.289	22
120.324	22
120.359	22
120.384	22
120.415	20
120.44	28
120.467	25
120.492	25
120.524	22
120.559	22
120.585	20
120.624	22
120.659	22
120.689	22
120.724	22
120.755	20
120.789	22
120.824	22
120.859	22
120.889	22
120.924	22
120.959	22
120.989	22
121.027	25
121.059	22
121.089	22
121.114	22
121.139	27
121.165	28
121.192	25
121.224	22
121.259	22
121.289	22
121.324	22
121.35	20
121.375	28
121.401	29
121.427	25
121.459	22
121.489	22
121.524	22
121.559	22
121.589	22
121.615	20
121.659	22
121.684	22
121.724	22
121.759	22
121.789	22
121.824	22
121.859	22
121.889	22
121.924	22
121.959	22
121.989	22
122.024	22
122.059	22
122.089	22
122.124	22
122.15	20
122.176	29
122.203	31
122.23	28
122.259	22
122.289	22
122.324	22
122.359	22
122.389	22
122.424	22
122.459	22
122.489	22
122.527	25
122.559	22
122.589	22
122.624	22
122.659	22
122.689	22
122.724	22
122.75	20
122.777	30
122.804	27
122.83	28
122.859	22
122.889	22
122.919	20
122.959	22
122.989	22
123.024	22
123.059	22
123.089	22
123.124	22
123.159	22
123.189	22
123.224	22
123.259	22
123.289	22
123.324	22
123.35	20
123.389	22
123.424	22
123.459	22
123.489	22
123.524	22
123.559	22
123.589	22
123.619	20
123.649	22
123.675	28
123.701	29
123.727	25
123.759	22
123.789	22
123.824	22
123.859	22
123.889	22
123.924	22
123.959	22
123.989	22
124.024	22
124.059	22
124.089	22
124.124	22
124.155	20
124.189	22
124.224	22
124.259	22
124.292	25
124.324	22
124.359	22
124.389	22
124.424	22
124.459	22
124.489	22
124.524	22
124.559	22
124.589	22
124.624	22
124.659	22
124.689	22
124.724	22
124.75	20
124.789	22
124.824	22
124.859	22
124.889	22
124.914	22
124.959	22
124.984	22
125.024	22
125.059	22
125.089	22
125.124	22
125.159	22
125.189	22
125.224	22
125.259	22
125.289	22
125.324	22
125.359	22
125.389	22
125.424	22
125.45	20
125.489	22
125.524	22
125.559	22
125.589	22
125.624	22
125.659	22
125.689	22
125.72	20
125.759	22
125.789	22
125.815	20
125.859	22
125.889	22
125.924	22
125.959	22
125.989	22
126.024	22
126.059	22
126.089	22
126.127	25
126.159	22
126.189	22
126.224	22
126.259	22
126.289	22
126.314	22
126.359	22
126.385	20
126.424	22
126.459	22
126.489	22
126.524	22
126.559	22
126.589	22
126.624	22
126.659	22
126.689	22
126.724	22
126.759	22
126.789	22
126.824	22
126.862	25
126.889	22
126.924	22
126.959	22
126.989	22
127.024	22
127.059	22
127.089	22
127.124	22
127.159	22
127.189	22
127.224	22
127.255	20
127.289	22
127.324	22
127.35	20
127.384	22
127.424	22
127.45	20
127.489	22
127.524	22
127.559	22
127.589	22
127.624	22
127.659	22
127.689	22
127.714	22
127.759	22
127.789	22
127.824	22
127.849	22
127.889	22
127.924	22
127.959	22
127.989	22
128.019	20
128.059	22
128.089	22
128.115	20
128.159	22
128.189	22
128.224	22
128.259	22
128.289	22
128.324	22
128.359	22
128.389	22
128.424	22
128.459	22
128.489	22
128.514	22
128.559	22
128.589	22
128.624	22
128.659	22
128.685	20
128.724	22
128.759	22
128.789	22
128.824	22
128.849	22
128.875	20
128.902	25
128.927	25
128.959	22
128.989	22
129.024	22
129.059	22
129.089	22
129.124	22
129.159	22
129.189	22
129.224	22
129.259	22
129.289	22
129.324	22
129.359	22
129.389	22
129.424	22
129.459	22
129.492	25
129.524	22
129.559	22
129.589	22
129.624	22
129.659	22
129.685	20
129.724	22
129.759	22
129.789	22
129.824	22
129.859	22
129.889	22
129.924	22
129.959	22
129.989	22
130.024	22
130.059	22
130.089	22
130.124	22
130.159	22
130.189	22
130.215	20
130.259	22
130.289	22
130.324	22
130.359	22
130.389	22
130.424	22
130.459	22
130.489	22
130.524	22
130.559	22
130.589	22
130.624	22
130.655	20
130.689	22
130.724	22
130.759	22
130.789	22
130.827	25
130.859	22
130.889	22
130.924	22
130.959	22
130.989	22
131.024	22
131.059	22
131.089	22
131.124	22
131.159	22
131.189	22
131.224	22
131.259	22
131.289	22
131.324	22
131.359	22
131.389	22
131.424	22
131.452	20
131.489	22
131.514	22
131.559	22
131.589	22
131.624	22
131.659	22
131.689	22
131.724	22
131.759	22
131.785	20
131.824	22
131.859	22
131.889	22
131.924	22
131.959	22
131.989	22
132.024	22
132.059	22
132.089	22
132.124	22
132.149	22
132.189	22
132.224	22
132.259	22
132.289	22
132.324	22
132.359	22
132.389	22
132.424	22
132.459	22
132.489	22
132.524	22
132.559	22
132.589	22
132.624	22
132.659	22
132.689	22
132.724	22
132.759	22
132.789	22
132.824	22
132.859	22
132.889	22
132.924	22
132.959	22
132.989	22
133.024	22
133.059	22
133.089	22
133.124	22
133.159	22
133.189	22
133.224	22
133.259	22
133.289	22
133.324	22
133.359	22
133.389	22
133.415	20
133.459	22
133.489	22
133.519	20
133.559	22
133.589	22
133.624	22
133.659	22
133.689	22
133.724	22
133.759	22
133.789	22
133.824	22
133.859	22
133.889	22
133.914	22
133.945	20
133.97	23
133.995	23
134.024	22
134.052	20
134.089	22
134.124	22
134.159	22
134.189	22
134.224	22
134.259	22
134.289	22
134.324	22
134.359	22
134.389	22
134.424	22
134.462	25
134.489	22
134.524	22
134.559	22
134.589	22
134.624	22
134.659	22
134.689	22
134.724	22
134.759	22
134.789	22
134.82	20
134.859	22
134.889	22
134.924	22
134.959	22
134.989	22
135.024	22
135.05	20
135.089	22
135.124	22
135.159	22
135.189	22
135.224	22
135.259	22
135.289	22
135.324	22
135.359	22
135.389	22
135.424	22
135.459	22
135.489	22
135.524	22
135.562	25
135.589	22
135.624	22
135.662	25
135.689	22
135.724	22
135.759	22
135.789	22
135.824	22
135.85	20
135.889	22
135.924	22
135.959	22
135.989	22
136.024	22
136.059	22
136.089	22
136.124	22
136.159	22
136.189	22
136.224	22
136.259	22
136.289	22
136.324	22
136.359	22
136.385	20
136.424	22
136.459	22
136.489	22
136.524	22
136.559	22
136.589	22
136.624	22
136.659	22
136.689	22
136.724	22
136.759	22
136.789	22
136.824	22
136.859	22
136.889	22
136.924	22
136.959	22
136.989	22
137.015	20
137.059	22
137.089	22
137.124	22
137.159	22
137.189	22
137.224	22
137.259	22
137.289	22
137.324	22
137.359	22
137.384	22
137.424	22
137.455	20
137.489	22
137.524	22
137.559	22
137.589	22
137.624	22
137.659	22
137.689	22
137.724	22
137.759	22
137.789	22
137.824	22
137.859	22
137.889	22
137.924	22
137.959	22
137.992	25
138.024	22
138.059	22
138.089	22
138.119	22
138.159	22
138.189	22
138.224	22
138.259	22
138.289	22
138.324	22
138.35	20
138.389	22
138.424	22
138.455	20
138.489	22
138.524	22
138.559	22
138.584	22
138.624	22
138.659	22
138.689	22
138.724	22
138.759	22
138.789	22
138.824	22
138.859	22
138.889	22
138.924	22
138.962	25
138.989	22
139.024	22
139.059	22
139.089	22
139.124	22
139.159	22
139.189	22
139.214	22
139.259	22
139.285	20
139.324	22
139.359	22
139.389	22
139.424	22
139.459	22
139.489	22
139.524	22
139.559	22
139.592	25
139.624	22
139.659	22
139.689	22
139.719	20
139.759	22
139.789	22
139.824	22
139.859	22
139.889	22
139.924	22
139.959	22
139.989	22
140.024	22
140.05	20
140.089	22
140.114	22
140.155	20
140.189	22
140.224	22
140.259	22
140.289	22
140.324	22
140.359	22
140.389	22
140.424	22
140.459	22
140.489	22
140.524	22
140.559	22
140.589	22
140.624	22
140.659	22
140.689	22
140.724	22
140.759	22
140.785	20
140.824	22
140.859	22
140.889	22
140.927	25
140.959	22
140.989	22
141.024	22
141.059	22
141.089	22
141.124	22
141.159	22
141.189	22
141.224	22
141.259	22
141.289	22
141.324	22
141.359	22
141.384	22
141.414	22
141.459	22
141.489	22
141.519	20
141.559	22
141.589	22
141.624	22
141.659	22
141.689	22
141.719	22
141.759	22
141.789	22
141.824	22
141.859	22
141.889	22
141.924	22
141.959	22
141.989	22
142.024	22
142.059	22
142.089	22
142.124	22
142.15	20
142.184	22
142.224	22
142.255	20
142.289	22
142.324	22
142.359	22
142.389	22
142.424	22
142.459	22
142.489	22
142.524	22
142.559	22
142.585	20
142.624	22
142.659	22
142.689	22
142.724	22
142.759	22
142.789	22
142.824	22
142.859	22
142.889	22
142.919	20
142.959	22
142.989	22
143.024	22
143.059	22
143.089	22
143.124	22
143.15	20
143.192	25
143.224	22
143.259	22
143.289	22
143.324	22
143.359	22
143.389	22
143.424	22
143.459	22
143.489	22
143.524	22
143.559	22
143.589	22
143.624	22
143.659	22
143.689	22
143.715	20
143.759	22
143.784	22
143.824	22
143.859	22
143.889	22
143.924	22
143.959	22
143.992	25
144.024	22
144.059	22
144.089	22
144.124	22
144.159	22
144.189	22
144.224	22
144.259	22
144.289	22
144.324	22
144.359	22
144.389	22
144.424	22
144.459	22
144.489	22
144.515	20
144.54	28
144.567	25
144.592	25
144.624	22
144.659	22
144.689	22
144.724	22
144.759	22
144.792	25
144.824	22
144.859	22
144.889	22
144.924	22
144.959	22
144.989	22
145.024	22
145.059	22
145.084	22
145.115	20
145.159	22
145.189	22
145.224	22
145.259	22
145.285	20
145.324	22
145.359	22
145.389	22
145.424	22
145.459	22
145.489	22
145.524	22
145.55	20
145.579	22
145.614	22
145.64	20
145.667	25
145.692	25
145.724	22
145.759	22
145.789	22
145.824	22
145.859	22
145.889	22
145.914	22
145.959	22
145.989	22
146.024	22
146.059	22
146.089	22
146.124	22
146.159	22
146.189	22
146.227	25
146.259	22
146.289	22
146.324	22
146.359	22
146.389	22
146.424	22
146.459	22
146.485	20
146.524	22
146.559	22
146.589	22
146.624	22
146.659	22
146.689	22
146.724	22
146.759	22
146.789	22
146.824	22
146.859	22
146.889	22
146.924	22
146.959	22
146.989	22
147.024	22
147.059	22
147.084	22
147.124	22
147.159	22
147.189	22
147.224	22
147.255	20
147.289	22
147.324	22
147.35	20
147.389	22
147.424	22
147.459	22
147.484	22
147.514	22
147.54	20
147.565	28
147.592	25
147.624	22
147.659	22
147.689	22
147.724	22
147.759	22
147.789	22
147.815	20
147.859	22
147.889	22
147.924	22
147.959	22
147.989	22
148.024	22
148.059	22
148.085	20
148.119	22
148.159	22
148.189	22
148.224	22
148.259	22
148.289	22
148.324	22
148.355	20
148.389	22
148.424	22
148.459	22
148.489	22
148.524	22
148.559	22
148.584	22
148.624	22
148.659	22
148.689	22
148.724	22
148.759	22
148.789	22
148.824	22
148.859	22
148.889	22
148.919	20
148.959	22
148.989	22
149.014	22
149.049	22
149.089	22
149.124	22
149.162	25
149.189	22
149.224	22
149.259	22
149.289	22
149.319	22
149.349	22
149.374	27
149.401	29
149.427	25
149.459	22
149.489	22
149.524	22
149.559	22
149.589	22
149.624	22
149.659	22
149.689	22
149.724	22
149.75	20
149.789	22
149.824	22
149.859	22
149.889	22
149.924	22
149.959	22
149.989	22
150.019	20
150.059	22
150.089	22
150.119	22
150.159	22
150.189	22
150.224	22
150.259	22
150.285	20
150.324	22
150.359	22
150.389	22
150.424	22
150.459	22
150.489	22
150.524	22
150.555	20
150.589	22
150.624	22
150.649	22
150.689	22
150.724	22
150.759	22
150.789	22
150.824	22
150.862	25
150.889	22
150.924	22
150.959	22
150.989	22
151.024	22
151.059	22
151.089	22
151.124	22
151.162	25
151.189	22
151.224	22
151.259	22
151.289	22
151.324	22
151.359	22
151.389	22
151.424	22
151.459	22
151.489	22
151.524	22
151.559	22
151.589	22
151.614	22
151.659	22
151.689	22
151.724	22
151.752	20
151.789	22
151.824	22
151.859	22
151.889	22
151.924	22
151.959	22
151.989	22
152.024	22
152.059	22
152.089	22
152.124	22
152.159	22
152.189	22
152.224	22
152.259	22
152.289	22
152.32	20
152.359	22
152.389	22
152.415	20
152.459	22
152.489	22
152.524	22
152.559	22
152.589	22
152.624	22
152.659	22
152.684	22
152.727	25
152.759	22
152.789	22
152.824	22
152.859	22
152.885	20
152.924	22
152.959	22
152.989	22
153.024	22
153.059	22
153.089	22
153.124	22
153.152	20
153.189	22
153.224	22
153.259	22
153.289	22
153.324	22
153.359	22
153.389	22
153.418	20
153.459	22
153.489	22
153.514	22
153.539	27
153.565	28
153.592	25
153.624	22
153.659	22
153.689	22
153.724	22
153.759	22
153.789	22
153.824	22
153.85	20
153.889	22
153.924	22
153.959	22
153.989	22
154.024	22
154.059	22
154.089	22
154.119	22
154.144	22
154.171	29
154.198	26
154.224	22
154.259	22
154.289	22
154.324	22
154.349	22
154.375	28
154.401	29
154.427	25
154.459	22
154.489	22
154.524	22
154.559	22
154.589	22
154.619	22
154.65	20
154.676	29
154.701	29
154.727	25
154.759	22
154.789	22
154.818	20
154.859	22
154.889	22
154.924	22
154.959	22
154.985	20
155.024	22
155.059	22
155.089	22
155.124	22
155.15	20
155.176	29
155.201	29
155.227	25
155.259	22
155.289	22
155.324	22
155.359	22
155.384	22
155.424	22
155.459	22
155.489	22
155.524	22
155.55	20
155.576	29
155.601	29
155.627	25
155.659	22
155.689	22
155.724	22
155.759	22
155.789	22
155.819	22
155.845	33
155.871	29
155.897	30
155.924	22
155.959	22
155.989	22
156.02	20
156.059	22
156.089	22
156.124	22
156.159	22
156.189	22
156.224	22
156.259	22
156.289	22
156.318	20
156.359	22
156.389	22
156.424	22
156.459	22
156.489	22
156.524	22
156.559	22
156.589	22
156.62	20
156.659	22
156.689	22
156.724	22
156.759	22
156.789	22
156.824	22
156.859	22
156.889	22
156.924	22
156.959	22
156.989	22
157.024	22
157.059	22
157.089	22
157.124	22
157.159	22
157.189	22
157.224	22
157.262	25
157.289	22
157.324	22
157.359	22
157.389	22
157.424	22
157.452	20
157.489	22
157.524	22
157.562	25
157.589	22
157.624	22
157.659	22
157.689	22
157.718	20
157.759	22
157.789	22
157.824	22
157.859	22
157.889	22
157.924	22
157.959	22
157.989	22
158.024	22
158.054	22
158.08	20
158.124	22
158.159	22
158.189	22
158.224	22
158.259	22
158.289	22
158.324	22
158.35	20
158.375	28
158.4	28
158.427	25
158.459	22
158.489	22
158.524	22
158.559	22
158.589	22
158.624	22
158.659	22
158.689	22
158.724	22
158.749	22
158.775	28
158.8	28
158.827	25
158.859	22
158.889	22
158.924	22
158.95	20
158.975	28
159	28
159.027	25
159.059	22
159.089	22
159.118	20
159.159	22
159.189	22
159.219	22
159.259	22
159.284	22
159.324	22
159.359	22
159.389	22
159.424	22
159.459	22
159.489	22
159.524	22
159.549	22
159.575	28
159.6	28
159.627	25
159.659	22
159.685	20
159.724	22
159.759	22
159.789	22
159.824	22
159.859	22
159.889	22
159.924	22
159.959	22
159.989	22
160.024	22
160.049	22
160.075	28
160.1	28
160.127	25
160.159	22
160.189	22
160.224	22
160.259	22
160.289	22
160.324	22
160.359	22
160.389	22
160.415	20
160.44	28
160.465	28
160.492	25
160.524	22
160.559	22
160.585	20
160.624	22
160.659	22
160.689	22
160.724	22
160.752	20
160.789	22
160.824	22
160.859	22
160.889	22
160.915	20
160.94	28
160.965	28
160.992	25
161.024	22
161.062	25
161.089	22
161.124	22
161.159	22
161.189	22
161.224	22
161.259	22
161.289	22
161.32	20
161.359	22
161.389	22
161.424	22
161.459	22
161.489	22
161.524	22
161.559	22
161.589	22
161.624	22
161.662	25
161.689	22
161.72	20
161.759	22
161.789	22
161.824	22
161.859	22
161.889	22
161.924	22
161.959	22
161.989	22
162.024	22
162.059	22
162.089	22
162.12	20
162.159	22
162.189	22
162.224	22
162.259	22
162.289	22
162.324	22
162.359	22
162.389	22
162.424	22
162.459	22
162.489	22
162.524	22
162.549	22
162.575	28
162.6	28
162.627	25
162.659	22
162.689	22
162.724	22
162.759	22
162.789	22
162.824	22
162.859	22
162.889	22
162.924	22
162.959	22
162.989	22
163.024	22
163.05	20
163.075	28
163.1	28
163.127	25
163.159	22
163.189	22
163.218	20
163.259	22
163.289	22
163.324	22
163.359	22
163.385	20
163.424	22
163.459	22
163.489	22
163.524	22
163.552	20
163.589	22
163.614	22
163.64	28
163.665	28
163.692	25
163.724	22
163.759	22
163.789	22
163.824	22
163.859	22
163.889	22
163.924	22
163.955	20
163.989	22
164.024	22
164.059	22
164.089	22
164.115	20
164.14	28
164.165	28
164.192	25
164.224	22
164.259	22
164.289	22
164.324	22
164.355	20
164.389	22
164.424	22
164.459	22
164.489	22
164.515	20
164.54	28
164.565	28
164.592	25
164.624	22
164.659	22
164.689	22
164.724	22
164.759	22
164.789	22
164.824	22
164.859	22
164.889	22
164.924	22
164.959	22
164.989	22
165.015	20
165.04	28
165.065	28
165.092	25
165.124	22
165.159	22
165.185	20
165.224	22
165.259	22
165.289	22
165.327	25
165.352	20
165.378	26
165.403	31
165.43	28
165.459	22
165.489	22
165.515	20
165.54	28
165.565	28
165.592	25
165.624	22
165.659	22
165.689	22
165.714	22
165.74	28
165.767	25
165.792	25
165.824	22
165.859	22
165.889	22
165.915	20
165.94	28
165.965	28
165.995	28
166.024	22
166.059	22
166.089	22
166.124	22
166.155	20
166.189	22
166.224	22
166.259	22
166.289	22
166.315	20
166.34	28
166.367	25
166.392	25
166.424	22
166.459	22
166.489	22
166.524	22
166.559	22
166.589	22
166.624	22
166.649	22
166.675	28
166.7	28
166.727	25
166.759	22
166.789	22
166.815	20
166.84	28
166.865	28
166.892	25
166.924	22
166.959	22
166.985	20
167.019	22
167.059	22
167.084	22
167.124	22
167.152	20
167.189	22
167.224	22
167.254	22
167.289	22
167.315	20
167.34	28
167.367	25
167.392	25
167.424	22
167.459	22
167.489	22
167.524	22
167.555	20
167.589	22
167.624	22
167.659	22
167.689	22
167.715	20
167.74	28
167.767	25
167.792	25
167.824	22
167.859	22
167.889	22
167.924	22
167.955	20
167.989	22
168.024	22
168.059	22
168.089	22
168.118	20
168.143	26
168.17	28
168.197	25
168.224	22
168.259	22
168.285	20
168.324	22
168.359	22
168.389	22
168.424	22
168.449	22
168.475	28
168.5	28
168.527	25
168.559	22
168.589	22
168.618	20
168.659	22
168.689	22
168.724	22
168.759	22
168.784	22
168.824	22
168.859	22
168.889	22
168.924	22
168.959	22
168.989	22
169.024	22
169.059	22
169.089	22
169.124	22
169.159	22
169.185	20
169.224	22
169.259	22
169.289	22
169.324	22
169.359	22
169.389	22
169.424	22
169.459	22
169.489	22
169.519	22
169.559	22
169.589	22
169.619	22
169.659	22
169.689	22
169.724	22
169.75	20
169.775	28
169.8	28
169.827	25
169.859	22
169.889	22
169.924	22
169.959	22
169.989	22
170.024	22
170.059	22
170.092	25
170.124	22
170.159	22
170.189	22
170.224	22
170.25	20
170.275	28
170.3	28
170.327	25
170.359	22
170.389	22
170.415	20
170.44	28
170.467	25
170.492	25
170.524	22
170.559	22
170.589	22
170.619	22
170.659	22
170.689	22
170.724	22
170.759	22
170.789	22
170.824	22
170.859	22
170.889	22
170.915	20
170.94	28
170.965	28
170.995	28
171.024	22
171.059	22
171.085	20
171.124	22
171.159	22
171.189	22
171.224	22
171.25	20
171.275	28
171.3	28
171.327	25
171.359	22
171.389	22
171.424	22
171.459	22
171.489	22
171.524	22
171.559	22
171.589	22
171.624	22
171.65	20
171.675	28
171.7	28
171.727	25
171.754	22
171.789	22
171.824	22
171.859	22
171.889	22
171.924	22
171.959	22
171.989	22
172.024	22
172.052	20
172.089	22
172.124	22
172.159	22
172.189	22
172.218	20
172.259	22
172.289	22
172.324	22
172.359	22
172.385	20
172.424	22
172.459	22
172.489	22
172.524	22
172.552	20
172.589	22
172.614	22
172.64	28
172.665	28
172.692	25
172.724	22
172.759	22
172.789	22
172.824	22
172.859	22
172.889	22
172.924	22
172.949	22
172.975	28
173	28
173.027	25
173.059	22
173.084	22
173.115	20
173.14	28
173.167	25
173.192	25
173.224	22
173.259	22
173.289	22
173.324	22
173.355	20
173.384	22
173.424	22
173.459	22
173.489	22
173.515	20
173.54	28
173.567	25
173.592	25
173.624	22
173.659	22
173.689	22
173.727	25
173.755	20
173.789	22
173.824	22
173.859	22
173.889	22
173.915	20
173.94	28
173.967	25
173.992	25
174.024	22
174.054	22
174.089	22
174.124	22
174.155	20
174.189	22
174.224	22
174.259	22
174.289	22
174.324	22
174.359	22
174.389	22
174.424	22
174.459	22
174.489	22
174.524	22
174.559	22
174.589	22
174.619	22
174.659	22
174.689	22
174.724	22
174.75	20
174.789	22
174.824	22
174.859	22
174.889	22
174.918	20
174.959	22
174.989	22
175.024	22
175.059	22
175.089	22
175.124	22
175.159	22
175.189	22
175.214	22
175.24	28
175.267	25
175.292	25
175.324	22
175.359	22
175.389	22
175.424	22
175.459	22
175.489	22
175.524	22
175.559	22
175.589	22
175.624	22
175.65	20
175.675	28
175.7	28
175.727	25
175.759	22
175.789	22
175.815	20
175.84	28
175.867	25
175.892	25
175.924	22
175.959	22
175.989	22
176.024	22
176.059	22
176.089	22
176.124	22
176.159	22
176.189	22
176.224	22
176.259	22
176.289	22
176.324	22
176.359	22
176.389	22
176.424	22
176.459	22
176.489	22
176.524	22
176.559	22
176.589	22
176.619	22
176.659	22
176.689	22
176.72	20
176.759	22
176.789	22
176.824	22
176.859	22
176.889	22
176.924	22
176.959	22
176.989	22
177.024	22
177.059	22
177.089	22
177.124	22
177.159	22
177.189	22
177.215	20
177.24	28
177.265	28
177.292	25
177.324	22
177.359	22
177.385	20
177.424	22
177.459	22
177.489	22
177.524	22
177.552	20
177.589	22
177.624	22
177.659	22
177.689	22
177.718	20
177.759	22
177.789	22
177.824	22
177.859	22
177.889	22
177.924	22
177.959	22
177.989	22
178.024	22
178.05	20
178.075	28
178.1	28
178.127	25
178.162	25
178.189	22
178.224	22
178.259	22
178.289	22
178.324	22
178.359	22
178.389	22
178.424	22
178.45	20
178.475	28
178.5	28
178.527	25
178.559	22
178.589	22
178.624	22
178.659	22
178.689	22
178.724	22
178.759	22
178.789	22
178.824	22
178.849	22
178.875	28
178.9	28
178.927	25
178.959	22
178.989	22
179.024	22
179.059	22
179.089	22
179.124	22
179.159	22
179.189	22
179.224	22
179.254	22
179.289	22
179.324	22
179.359	22
179.389	22
179.415	20
179.44	28
179.467	25
179.492	25
179.527	25
179.559	22
179.589	22
179.619	22
179.659	22
179.689	22
179.724	22
179.759	22
179.789	22
179.819	22
179.859	22
179.889	22
179.924	22
179.959	22
179.989	22
180.024	22
180.059	22
180.089	22
180.124	22
180.159	22
180.189	22
180.22	20
180.259	22
180.289	22
180.324	22
180.349	22
180.375	28
180.4	28
180.427	25
180.459	22
180.489	22
180.524	22
180.559	22
180.589	22
180.62	20
180.659	22
180.689	22
180.724	22
180.759	22
180.789	22
180.824	22
180.859	22
180.889	22
180.924	22
180.959	22
180.989	22
181.024	22
181.059	22
181.089	22
181.124	22
181.159	22
181.189	22
181.215	20
181.24	28
181.267	25
181.292	25
181.324	22
181.359	22
181.385	20
181.424	22
181.459	22
181.489	22
181.524	22
181.55	20
181.575	28
181.6	28
181.627	25
181.659	22
181.689	22
181.724	22
181.759	22
181.789	22
181.824	22
181.859	22
181.889	22
181.914	22
181.94	28
181.965	25
181.992	25
182.024	22
182.059	22
182.089	22
182.114	22
182.14	28
182.167	25
182.192	25
182.224	22
182.259	22
182.289	22
182.324	22
182.359	22
182.389	22
182.424	22
182.459	22
182.489	22
182.52	20
182.559	22
182.589	22
182.624	22
182.659	22
182.689	22
182.724	22
182.759	22
182.789	22
182.824	22
182.859	22
182.889	22
182.92	20
182.959	22
182.989	22
183.024	22
183.059	22
183.089	22
183.124	22
183.159	22
183.189	22
183.224	22
183.259	22
183.289	22
183.324	22
183.359	22
183.389	22
183.424	22
183.454	22
183.489	22
183.515	20
183.54	28
183.565	28
183.592	25
183.624	22
183.654	22
183.685	20
183.724	22
183.754	22
183.789	22
183.824	22
183.851	20
183.889	22
183.924	22
183.954	22
183.989	22
184.015	20
184.04	28
184.065	28
184.092	25
184.124	22
184.154	22
184.189	22
184.224	22
184.254	22
184.289	22
184.324	22
184.354	22
184.389	22
184.415	20
184.44	28
184.465	28
184.492	25
184.524	22
184.554	22
184.589	22
184.624	22
184.654	22
184.689	22
184.724	22
184.754	22
184.789	22
184.82	20
184.854	22
184.889	22
184.927	25
184.954	22
184.98	20
185.005	28
185.03	28
185.057	25
185.089	22
185.124	22
185.154	22
185.189	22
185.224	22
185.254	22
185.289	22
185.324	22
185.354	22
185.389	22
185.424	22
185.454	22
185.48	20
185.505	28
185.53	28
185.557	25
185.589	22
185.624	22
185.654	22
185.689	22
185.724	22
185.754	22
185.789	22
185.815	20
185.84	28
185.865	28
185.892	25
185.924	22
185.954	22
185.989	22
186.024	22
186.054	22
186.089	22
186.124	22
186.154	22
186.179	22
186.205	28
186.23	28
186.257	25
186.289	22
186.324	22
186.354	22
186.389	22
186.424	22
186.449	22
186.489	22
186.524	22
186.554	22
186.589	22
186.615	20
186.64	28
186.665	28
186.692	25
186.724	22
186.754	22
186.789	22
186.824	22
186.854	22
186.889	22
186.924	22
186.954	22
186.992	25
187.024	22
187.054	22
187.089	22
187.127	25
187.154	22
187.189	22
187.224	22
187.254	22
187.289	22
187.324	22
187.349	22
187.379	22
187.405	28
187.432	25
187.457	25
187.489	22
187.524	22
187.554	22
187.589	22
187.624	22
187.654	22
187.689	22
187.724	22
187.754	22
187.789	22
187.815	20
187.84	28
187.865	28
187.892	25
187.924	22
187.954	22
187.989	22
188.024	22
188.054	22
188.089	22
188.124	22
188.154	22
188.189	22
188.224	22
188.249	22
188.289	22
188.324	22
188.354	22
188.389	22
188.424	22
188.454	22
188.48	20
188.505	28
188.53	28
188.557	25
188.589	22
188.624	22
188.65	20
188.689	22
188.724	22
188.754	22
188.789	22
188.818	20
188.844	22
188.87	28
188.895	28
188.924	22
188.954	22
188.985	20
189.024	22
189.054	22
189.089	22
189.124	22
189.15	20
189.189	22
189.224	22
189.254	22
189.289	22
189.324	22
189.354	22
189.389	22
189.424	22
189.454	22
189.489	22
189.524	22
189.55	20
189.589	22
189.624	22
189.654	22
189.689	22
189.724	22
189.754	22
189.789	22
189.824	22
189.854	22
189.889	22
189.919	22
189.951	20
189.989	22
190.024	22
190.054	22
190.089	22
190.118	20
190.154	22
190.189	22
190.224	22
190.254	22
190.285	20
190.324	22
190.354	22
190.389	22
190.419	22
190.451	20
190.489	22
190.519	22
190.554	22
190.589	22
190.615	20
190.64	28
190.665	28
190.692	25
190.724	22
190.754	22
190.789	22
190.824	22
190.854	22
190.889	22
190.924	22
190.957	25
190.989	22
191.019	22
191.054	22
191.089	22
191.124	22
191.154	22
191.18	20
191.205	28
191.232	25
191.257	25
191.289	22
191.319	22
191.354	22
191.379	22
191.405	28
191.432	25
191.457	25
191.489	22
191.524	22
191.554	22
191.58	20
191.605	28
191.632	25
191.657	25
191.689	22
191.724	22
191.754	22
191.789	22
191.82	20
191.854	22
191.889	22
191.924	22
191.957	25
191.989	22
192.024	22
192.054	22
192.089	22
192.114	22
192.14	28
192.165	28
192.192	25
192.22	20
192.254	22
192.289	22
192.324	22
192.354	22
192.38	20
192.405	28
192.432	25
192.457	25
192.489	22
192.524	22
192.554	22
192.589	22
192.62	20
192.649	22
192.689	22
192.724	22
192.754	22
192.78	20
192.805	28
192.832	25
192.857	25
192.889	22
192.924	22
192.954	22
192.989	22
193.02	20
193.054	22
193.089	22
193.124	22
193.154	22
193.189	22
193.224	22
193.254	22
193.279	22
193.305	28
193.332	25
193.357	25
193.389	22
193.424	22
193.454	22
193.489	22
193.524	22
193.554	22
193.589	22
193.615	20
193.64	28
193.665	28
193.692	25
193.724	22
193.754	22
193.785	20
193.824	22
193.854	22
193.889	22
193.924	22
193.951	20
193.989	22
194.024	22
194.054	22
194.089	22
194.115	20
194.14	28
194.165	28
194.192	25
194.224	22
194.254	22
194.289	22
194.324	22
194.354	22
194.389	22
194.424	22
194.454	22
194.489	22
194.515	20
194.54	28
194.565	28
194.592	25
194.624	22
194.654	22
194.689	22
194.724	22
194.754	22
194.789	22
194.824	22
194.854	22
194.889	22
194.915	20
194.94	28
194.965	28
194.992	25
195.024	22
195.054	22
195.089	22
195.124	22
195.154	22
195.189	22
195.224	22
195.254	22
195.289	22
195.315	20
195.34	28
195.365	28
195.392	25
195.424	22
195.454	22
195.489	22
195.524	22
195.554	22
195.589	22
195.624	22
195.654	22
195.689	22
195.715	20
195.74	28
195.765	28
195.792	25
195.824	22
195.854	22
195.889	22
195.924	22
195.954	22
195.989	22
196.024	22
196.054	22
196.089	22
196.124	22
196.154	22
196.189	22
196.214	22
196.24	28
196.265	28
196.292	25
196.324	22
196.354	22
196.38	20
196.405	28
196.43	28
196.457	25
196.489	22
196.524	22
196.55	20
196.584	22
196.624	22
196.654	22
196.689	22
196.718	20
196.754	22
196.779	22
196.805	28
196.832	25
196.857	25
196.889	22
196.924	22
196.954	22
196.989	22
197.024	22
197.054	22
197.089	22
197.12	20
197.154	22
197.184	22
197.224	22
197.254	22
197.28	20
197.305	28
197.335	28
197.362	25
197.389	22
197.424	22
197.449	22
197.489	22
197.52	20
197.554	22
197.589	22
197.624	22
197.654	22
197.68	20
197.705	28
197.732	25
197.757	25
197.789	22
197.824	22
197.854	22
197.889	22
197.92	20
197.954	22
197.989	22
198.024	22
198.054	22
198.08	20
198.105	28
198.132	25
198.157	25
198.189	22
198.224	22
198.249	22
198.289	22
198.324	22
198.354	22
198.389	22
198.424	22
198.454	22
198.489	22
198.514	22
198.54	28
198.565	28
198.592	25
198.624	22
198.654	22
198.689	22
198.724	22
198.749	22
198.789	22
198.814	22
198.84	28
198.865	28
198.892	25
198.924	22
198.954	22
198.989	22
199.024	22
199.054	22
199.089	22
199.124	22
199.154	22
199.189	22
199.224	22
199.254	22
199.289	22
199.315	20
199.34	28
199.365	28
199.392	25
199.424	22
199.454	22
199.489	22
199.527	25
199.554	22
199.589	22
199.624	22
199.654	22
199.689	22
199.715	20
199.74	28
199.765	28
199.792	25
199.824	22
199.854	22
199.88	20
199.905	28
199.93	28
199.957	25
199.989	22
200.024	22
200.05	20
200.089	22
200.124	22
200.154	22
200.189	22
200.218	20
200.254	22
200.284	22
200.319	22
200.354	22
200.385	20
200.424	22
200.454	22
200.489	22
200.524	22
200.554	22
200.589	22
200.624	22
200.654	22
200.689	22
200.724	22
200.754	22
200.789	22
200.824	22
200.849	22
200.875	20
200.9	28
200.927	25
200.954	22
200.989	22
201.024	22
201.049	22
201.089	22
201.115	20
201.14	28
201.165	28
201.192	25
201.224	22
201.254	22
201.289	22
201.324	22
201.354	22
201.389	22
201.424	22
201.454	22
201.489	22
201.52	20
201.554	22
201.589	22
201.624	22
201.654	22
201.68	20
201.705	28
201.732	25
201.757	25
201.789	22
201.824	22
201.854	22
201.889	22
201.92	20
201.954	22
201.989	22
202.024	22
202.054	22
202.089	22
202.124	22
202.154	22
202.189	22
202.224	22
202.254	22
202.289	22
202.324	22
202.354	22
202.389	22
202.424	22
202.454	22
202.489	22
202.515	20
202.54	28
202.565	28
202.592	25
202.624	22
202.654	22
202.684	22
202.724	22
202.754	22
202.789	22
202.824	22
202.854	22
202.889	22
202.924	22
202.954	22
202.989	22
203.024	22
203.054	22
203.085	20
203.124	22
203.154	22
203.189	22
203.224	22
203.254	22
203.289	22
203.324	22
203.354	22
203.389	22
203.424	22
203.454	22
203.485	20
203.512	25
203.537	30
203.562	25
203.589	22
203.624	22
203.654	22
203.684	22
203.724	22
203.754	22
203.789	22
203.824	22
203.854	22
203.885	20
203.924	22
203.957	25
203.989	22
204.024	22
204.054	22
204.089	22
204.124	22
204.154	22
204.189	22
204.224	22
204.254	22
204.285	20
204.324	22
204.354	22
204.389	22
204.424	22
204.45	20
204.489	22
204.524	22
204.554	22
204.589	22
204.618	20
204.654	22
204.689	22
204.724	22
204.754	22
204.785	20
204.824	22
204.854	22
204.889	22
204.927	25
204.954	22
204.989	22
205.024	22
205.054	22
205.089	22
205.118	20
205.154	22
205.189	22
205.224	22
205.254	22
205.28	20
205.324	22
205.354	22
205.392	25
205.424	22
205.454	22
205.489	22
205.524	22
205.554	22
205.589	22
205.624	22
205.654	22
205.685	20
205.724	22
205.754	22
205.789	22
205.827	25
205.854	22
205.889	22
205.924	22
205.954	22
205.989	22
206.024	22
206.054	22
206.085	20
206.124	22
206.154	22
206.189	22
206.224	22
206.251	20
206.289	22
206.324	22
206.354	22
206.389	22
206.418	20
206.454	22
206.489	22
206.524	22
206.554	22
206.585	20
206.624	22
206.654	22
206.689	22
206.724	22
206.751	20
206.789	22
206.824	22
206.854	22
206.889	22
206.914	22
206.94	28
206.965	28
206.992	25
207.024	22
207.054	22
207.085	20
207.124	22
207.154	22
207.184	22
207.224	22
207.251	20
207.289	22
207.324	22
207.354	22
207.389	22
207.424	22
207.454	22
207.489	22
207.524	22
207.554	22
207.589	22
207.624	22
207.654	22
207.689	22
207.719	22
207.754	22
207.789	22
207.815	20
207.84	28
207.865	28
207.892	25
207.924	22
207.954	22
207.984	22
208.024	22
208.054	22
208.089	22
208.124	22
208.154	22
208.189	22
208.215	20
208.24	28
208.265	28
208.292	25
208.324	22
208.354	22
208.385	20
208.424	22
208.454	22
208.489	22
208.524	22
208.551	20
208.589	22
208.624	22
208.654	22
208.689	22
208.718	20
208.754	22
208.789	22
208.824	22
208.854	22
208.88	20
208.905	28
208.932	25
208.957	25
208.989	22
209.024	22
209.054	22
209.089	22
209.12	20
209.154	22
209.189	22
209.224	22
209.254	22
209.28	20
209.305	28
209.33	28
209.357	25
209.389	22
209.424	22
209.454	22
209.489	22
209.52	20
209.554	22
209.589	22
209.624	22
209.654	22
209.68	20
209.705	28
209.732	25
209.757	25
209.789	22
209.824	22
209.854	22
209.889	22
209.924	22
209.954	22
209.989	22
210.027	25
210.054	22
210.089	22
210.114	22
210.14	28
210.165	28
210.192	25
210.224	22
210.25	20
210.289	22
210.324	22
210.354	22
210.389	22
210.424	22
210.454	22
210.489	22
210.524	22
210.549	22
210.589	22
210.624	22
210.65	20
210.689	22
210.724	22
210.749	22
210.789	22
210.824	22
210.849	22
210.889	22
210.924	22
210.954	22
210.989	22
211.024	22
211.054	22
211.089	22
211.124	22
211.154	22
211.189	22
211.215	20
211.24	28
211.265	28
211.292	25
211.324	22
211.354	22
211.385	20
211.424	22
211.454	22
211.489	22
211.524	22
211.551	20
211.589	22
211.624	22
211.654	22
211.689	22
211.718	20
211.754	22
211.789	22
211.824	22
211.854	22
211.885	20
211.924	22
211.954	22
211.989	22
212.014	22
212.04	28
212.065	28
212.092	25
212.124	22
212.154	22
212.189	22
212.214	22
212.24	28
212.265	28
212.292	25
212.324	22
212.349	22
212.38	20
212.405	28
212.432	25
212.457	25
212.489	22
212.524	22
212.554	22
212.589	22
212.62	20
212.649	22
212.689	22
212.724	22
212.754	22
212.78	20
212.805	28
212.832	25
212.857	25
212.889	22
212.924	22
212.954	22
212.989	22
213.014	22
213.04	28
213.065	28
213.092	25
213.124	22
213.154	22
213.18	20
213.205	28
213.232	25
213.257	25
213.289	22
213.324	22
213.354	22
213.389	22
213.424	22
213.454	22
213.489	22
213.515	20
213.54	28
213.565	28
213.592	25
213.624	22
213.654	22
213.685	20
213.724	22
213.754	22
213.789	22
213.824	22
213.851	20
213.889	22
213.924	22
213.954	22
213.989	22
214.018	20
214.054	22
214.089	22
214.124	22
214.154	22
214.185	20
214.224	22
214.249	22
214.289	22
214.324	22
214.35	20
214.389	22
214.424	22
214.454	22
214.489	22
214.524	22
214.554	22
214.589	22
214.624	22
214.654	22
214.689	22
214.724	22
214.75	20
214.789	22
214.824	22
214.854	22
214.889	22
214.919	22
214.954	22
214.989	22
215.024	22
215.054	22
215.089	22
215.124	22
215.15	20
215.189	22
215.224	22
215.249	22
215.289	22
215.324	22
215.354	22
215.389	22
215.424	22
215.454	22
215.489	22
215.524	22
215.55	20
215.589	22
215.624	22
215.654	22
215.689	22
215.724	22
215.754	22
215.789	22
215.824	22
215.854	22
215.889	22
215.924	22
215.95	20
215.989	22
216.024	22
216.054	22
216.084	22
216.118	20
216.154	22
216.189	22
216.214	22
216.24	28
216.265	28
216.292	25
216.324	22
216.349	22
216.389	22
216.424	22
216.454	22
216.492	25
216.52	20
216.554	22
216.589	22
216.624	22
216.654	22
216.68	20
216.705	28
216.732	25
216.757	25
216.789	22
216.824	22
216.854	22
216.889	22
216.92	20
216.949	22
216.989	22
217.024	22
217.054	22
217.08	20
217.105	28
217.132	25
217.157	25
217.189	22
217.224	22
217.254	22
217.289	22
217.324	22
217.354	22
217.389	22
217.424	22
217.454	22
217.489	22
217.514	22
217.54	28
217.565	28
217.592	25
217.624	22
217.654	22
217.689	22
217.724	22
217.75	20
217.789	22
217.824	22
217.857	25
217.889	22
217.918	20
217.954	22
217.989	22
218.024	22
218.054	22
218.08	20
218.105	28
218.13	28
218.157	25
218.189	22
218.224	22
218.254	22
218.289	22
218.32	20
218.354	22
218.389	22
218.424	22
218.454	22
218.48	20
218.505	28
218.532	25
218.557	25
218.589	22
218.624	22
218.654	22
218.689	22
218.72	20
218.754	22
218.789	22
218.824	22
218.854	22
218.88	20
218.905	28
218.932	25
218.957	25
218.989	22
219.024	22
219.054	22
219.089	22
219.12	20
219.154	22
219.189	22
219.224	22
219.254	22
219.28	20
219.305	28
219.332	25
219.357	25
219.389	22
219.414	22
219.44	28
219.467	30
219.492	25
219.52	20
219.554	22
219.589	22
219.624	22
219.654	22
219.684	20
219.724	22
219.754	22
219.789	22
219.824	22
219.854	22
219.889	22
219.924	22
219.954	22
219.989	22
220.015	20
220.04	28
220.065	28
220.092	25
220.124	22
220.154	22
220.184	20
220.224	22
220.254	22
220.289	22
220.324	22
220.35	20
220.389	22
220.424	22
220.454	22
220.489	22
220.524	22
220.557	25
220.589	22
220.624	22
220.654	22
220.684	20
220.724	22
220.754	22
220.784	22
220.824	22
220.85	20
220.889	22
220.924	22
220.954	22
220.989	22
221.018	20
221.054	22
221.089	22
221.124	22
221.154	22
221.184	20
221.227	25
221.254	22
221.289	22
221.324	22
221.35	20
221.389	22
221.424	22
221.454	22
221.489	22
221.524	22
221.554	22
221.589	22
221.624	22
221.654	22
221.689	22
221.724	22
221.75	20
221.789	22
221.824	22
221.854	22
221.889	22
221.915	20
221.94	28
221.965	28
221.992	25
222.024	22
222.054	22
222.084	20
222.124	22
222.154	22
222.189	22
222.214	22
222.24	28
222.265	28
222.292	25
222.324	22
222.349	22
222.389	22
222.415	20
222.44	28
222.465	28
222.492	25
222.524	22
222.554	22
222.589	22
222.624	22
222.654	22
222.689	22
222.724	22
222.754	22
222.789	22
222.815	20
222.84	28
222.865	28
222.892	25
222.924	22
222.954	22
222.989	22
223.024	22
223.054	22
223.089	22
223.124	22
223.154	22
223.189	22
223.215	20
223.24	28
223.268	31
223.297	25
223.324	22
223.354	22
223.389	22
223.424	22
223.454	22
223.479	22
223.505	28
223.532	25
223.557	25
223.589	22
223.615	20
223.64	28
223.665	28
223.692	25
223.724	22
223.754	22
223.789	22
223.824	22
223.854	22
223.884	22
223.909	22
223.935	28
223.962	25
223.989	22
224.024	22
224.054	22
224.089	22
224.124	22
224.154	22
224.185	20
224.224	22
224.254	22
224.279	22
224.305	28
224.332	25
224.357	25
224.389	22
224.424	22
224.454	22
224.489	22
224.515	20
224.54	28
224.565	28
224.592	25
224.624	22
224.654	22
224.684	20
224.724	22
224.754	22
224.789	22
224.824	22
224.85	20
224.889	22
224.924	22
224.954	22
224.989	22
225.018	20
225.054	22
225.089	22
225.124	22
225.154	22
225.184	20
225.224	22
225.254	22
225.289	22
225.324	22
225.35	20
225.389	22
225.424	22
225.454	22
225.489	22
225.518	20
225.554	22
225.589	22
225.624	22
225.654	22
225.68	20
225.705	28
225.73	28
225.757	25
225.789	22
225.824	22
225.854	22
225.889	22
225.92	20
225.954	22
225.989	22
226.024	22
226.054	22
226.08	20
226.105	28
226.13	28
226.157	25
226.189	22
226.224	22
226.257	25
226.289	22
226.324	22
226.354	22
226.389	22
226.424	22
226.454	22
226.48	20
226.505	28
226.53	28
226.557	25
226.589	22
226.624	22
226.654	22
226.679	22
226.705	28
226.73	28
226.757	25
226.789	22
226.824	22
226.854	22
226.885	20
226.924	22
226.954	22
226.992	25
227.024	22
227.054	22
227.089	22
227.124	22
227.157	25
227.189	22
227.224	22
227.254	22
227.284	20
227.324	22
227.354	22
227.389	22
227.424	22
227.454	22
227.489	22
227.524	22
227.554	22
227.589	22
227.624	22
227.657	25
227.689	22
227.724	22
227.754	22
227.789	22
227.814	22
227.84	28
227.865	28
227.892	25
227.924	22
227.954	22
227.989	22
228.024	22
228.054	22
228.089	22
228.124	22
228.154	22
228.189	22
228.224	22
228.25	20
228.284	22
228.324	22
228.354	22
228.389	22
228.415	20
228.44	28
228.465	28
228.492	25
228.524	22
228.549	22
228.575	20
228.6	28
228.627	25
228.654	22
228.689	22
228.724	22
228.754	22
228.789	22
228.815	20
228.84	28
228.865	28
228.892	25
228.924	22
228.954	22
228.984	20
229.024	22
229.054	22
229.089	22
229.124	22
229.154	22
229.189	22
229.224	22
229.254	22
229.289	22
229.324	22
229.354	22
229.389	22
229.424	22
229.454	22
229.489	22
229.524	22
229.554	22
229.589	22
229.624	22
229.654	22
229.689	22
229.724	22
229.754	22
229.789	22
229.815	20
229.84	28
229.865	28
229.892	25
229.924	22
229.954	22
229.98	20
230.005	28
230.032	25
230.057	25
230.089	22
230.124	22
230.15	20
230.189	22
230.224	22
230.254	22
230.289	22
230.318	20
230.354	22
230.389	22
230.424	22
230.454	22
230.484	20
230.524	22
230.554	22
230.589	22
230.624	22
230.65	20
230.689	22
230.724	22
230.754	22
230.784	22
230.818	20
230.854	22
230.889	22
230.924	22
230.954	22
230.98	20
231.005	28
231.03	28
231.057	25
231.089	22
231.124	22
231.159	27
231.189	22
231.22	20
231.249	22
231.292	25
231.324	22
231.354	22
231.38	20
231.405	28
231.432	25
231.457	25
231.489	22
231.524	22
231.554	22
231.589	22
231.62	20
231.654	22
231.689	22
231.724	22
231.754	22
231.779	22
231.805	28
231.832	25
231.857	25
231.889	22
231.924	22
231.954	22
231.989	22
232.02	20
232.054	22
232.079	22
232.105	28
232.132	25
232.157	25
232.189	22
232.224	22
232.254	22
232.289	22
232.324	22
232.354	22
232.389	22
232.424	22
232.454	22
232.489	22
232.515	20
232.54	28
232.565	28
232.592	25
232.624	22
232.654	22
232.684	20
232.724	22
232.749	22
232.789	22
232.824	22
232.854	22
232.889	22
232.924	22
232.954	22
232.989	22
233.015	20
233.04	28
233.065	28
233.092	25
233.124	22
233.154	22
233.184	20
233.224	22
233.249	22
233.289	22
233.324	22
233.351	20
233.389	22
233.424	22
233.454	22
233.489	22
233.518	20
233.554	22
233.589	22
233.624	22
233.654	22
233.684	22
233.724	22
233.754	22
233.789	22
233.824	22
233.854	22
233.889	22
233.924	22
233.954	22
233.989	22
234.019	22
234.054	22
234.085	20
234.124	22
234.154	22
234.189	22
234.224	22
234.254	22
234.289	22
234.324	22
234.354	22
234.389	22
234.424	22
234.454	22
234.485	20
234.524	22
234.554	22
234.589	22
234.624	22
234.654	22
234.689	22
234.724	22
234.754	22
234.789	22
234.824	22
234.854	22
234.885	20
234.924	22
234.954	22
234.989	22
235.024	22
235.05	20
235.089	22
235.114	22
235.14	28
235.165	28
235.192	25
235.218	20
235.249	22
235.289	22
235.324	22
235.354	22
235.38	20
235.405	28
235.432	25
235.457	25
235.489	22
235.524	22
235.554	22
235.584	22
235.624	22
235.654	22
235.689	22
235.724	22
235.754	22
235.785	20
235.824	22
235.854	22
235.892	25
235.924	22
235.954	22
235.989	22
236.024	22
236.054	22
236.089	22
236.124	22
236.154	22
236.184	20
236.224	22
236.254	22
236.289	22
236.324	22
236.354	22
236.384	22
236.409	22
236.435	28
236.462	25
236.489	22
236.524	22
236.554	22
236.589	22
236.614	22
236.64	28
236.665	28
236.692	25
236.724	22
236.754	22
236.789	22
236.824	22
236.854	22
236.889	22
236.924	22
236.954	22
236.985	20
237.019	22
237.054	22
237.089	22
237.124	22
237.154	22
237.192	25
237.224	22
237.254	22
237.289	22
237.315	20
237.34	28
237.365	28
237.392	25
237.424	22
237.454	22
237.48	20
237.505	28
237.532	25
237.557	25
237.589	22
237.624	22
237.65	20
237.689	22
237.724	22
237.754	22
237.789	22
237.814	22
237.84	28
237.865	28
237.892	25
237.924	22
237.954	22
237.984	20
238.024	22
238.054	22
238.089	22
238.124	22
238.15	20
238.189	22
238.224	22
238.254	22
238.289	22
238.318	20
238.354	22
238.389	22
238.424	22
238.454	22
238.48	20
238.505	28
238.532	25
238.557	25
238.589	22
238.624	22
238.654	22
238.684	22
238.72	20
238.754	22
238.789	22
238.824	22
238.854	22
238.88	20
238.905	28
238.932	25
238.957	25
238.989	22
239.024	22
239.054	22
239.089	22
239.124	22
239.154	22
239.189	22
239.224	22
239.254	22
239.289	22
239.324	22
239.354	22
239.389	22
239.424	22
239.45	20
239.489	22
239.524	22
239.554	22
239.589	22
239.618	20
239.654	22
239.689	22
239.724	22
239.754	22
239.784	20
239.824	22
239.854	22
239.889	22
239.924	22
239.95	20
239.989	22
240.024	22
240.054	22
240.089	22
240.118	20
240.154	22
240.189	22
240.219	22
240.254	22
240.284	20
240.324	22
240.354	22
240.389	22
240.424	22
240.454	22
240.489	22
240.524	22
240.554	22
240.589	22
240.624	22
240.654	22
240.685	20
240.724	22
240.754	22
240.789	22
240.824	22
240.857	25
240.889	22
240.924	22
240.954	22
240.989	22
241.024	22
241.054	22
241.085	20
241.124	22
241.154	22
241.189	22
241.224	22
241.254	22
241.289	22
241.324	22
241.354	22
241.389	22
241.415	20
241.44	28
241.465	28
241.492	25
241.524	22
241.554	22
241.584	22
241.624	22
241.654	22
241.689	22
241.724	22
241.754	22
241.789	22
241.815	20
241.84	28
241.865	28
241.892	25
241.924	22
241.954	22
241.989	22
242.014	22
242.04	28
242.065	28
242.092	25
242.124	22
242.154	22
242.189	22
242.215	20
242.24	28
242.265	28
242.292	25
242.324	22
242.354	22
242.389	22
242.424	22
242.454	22
242.489	22
242.524	22
242.554	22
242.589	22
242.615	20
242.64	28
242.665	28
242.692	25
242.724	22
242.754	22
242.78	20
242.805	28
242.832	25
242.857	25
242.889	22
242.924	22
242.954	22
242.989	22
243.024	22
243.054	22
243.089	22
243.115	20
243.14	28
243.165	28
243.192	25
243.219	22
243.254	22
243.284	20
243.324	22
243.354	22
243.389	22
243.424	22
243.454	22
243.489	22
243.524	22
243.554	22
243.589	22
243.624	22
243.654	22
243.685	20
243.724	22
243.754	22
243.789	22
243.824	22
243.85	20
243.879	22
243.905	28
243.932	25
243.957	25
243.989	22
244.015	20
244.04	28
244.065	28
244.092	25
244.124	22
244.154	22
244.189	22
244.214	22
244.24	28
244.265	28
244.292	25
244.324	22
244.354	22
244.389	22
244.418	20
244.454	22
244.489	22
244.524	22
244.554	22
244.584	20
244.624	22
244.654	22
244.689	22
244.724	22
244.75	20
244.789	22
244.824	22
244.849	22
244.889	22
244.918	20
244.954	22
244.989	22
245.024	22
245.054	22
245.08	20
245.105	28
245.13	28
245.157	25
245.189	22
245.224	22
245.249	22
245.289	22
245.324	22
245.357	25
245.389	22
245.424	22
245.454	22
245.489	22
245.524	22
245.554	22
245.589	22
245.624	22
245.65	20
245.689	22
245.724	22
245.754	22
245.789	22
245.824	22
245.854	22
245.889	22
245.924	22
245.954	22
245.989	22
246.024	22
246.05	20
246.089	22
246.124	22
246.154	22
246.189	22
246.219	22
246.254	22
246.289	22
246.324	22
246.354	22
246.389	22
246.424	22
246.45	20
246.489	22
246.524	22
246.554	22
246.589	22
246.618	20
246.654	22
246.689	22
246.724	22
246.754	22
246.784	20
246.824	22
246.854	22
246.884	22
246.914	22
246.94	28
246.965	28
246.992	25
247.024	22
247.054	22
247.089	22
247.118	20
247.154	22
247.189	22
247.224	22
247.254	22
247.28	20
247.305	28
247.332	25
247.357	25
247.389	22
247.424	22
247.454	22
247.489	22
247.52	20
247.554	22
247.589	22
247.624	22
247.654	22
247.68	20
247.705	28
247.732	25
247.759	27
247.789	22
247.824	22
247.854	22
247.889	22
247.92	20
247.954	22
247.989	22
248.024	22
248.054	22
248.08	20
248.105	28
248.132	25
248.157	25
248.189	22
248.224	22
248.254	22
248.289	22
248.324	22
248.354	22
248.389	22
248.415	20
248.44	28
248.465	28
248.492	25
248.524	22
248.554	22
248.589	22
248.624	22
248.654	22
248.689	22
248.724	22
248.754	22
248.789	22
248.815	20
248.84	28
248.865	28
248.892	25
248.924	22
248.954	22
248.984	20
249.024	22
249.054	22
249.089	22
249.124	22
249.15	20
249.189	22
249.224	22
249.254	22
249.289	22
249.318	20
249.354	22
249.389	22
249.424	22
249.454	22
249.48	20
249.505	28
249.53	28
249.557	25
249.589	22
249.624	22
249.654	22
249.689	22
249.724	22
249.754	22
249.789	22
249.824	22
249.854	22
249.889	22
249.924	22
249.954	22
249.989	22
250.014	22
250.04	28
250.065	28
250.092	25
250.124	22
250.154	22
250.189	22
250.224	22
250.254	22
250.289	22
250.324	22
250.349	22
250.389	22
250.427	25
250.454	22
250.489	22
250.524	22
250.554	22
250.589	22
250.624	22
250.654	22
250.689	22
250.724	22
250.754	22
250.789	22
250.824	22
250.849	22
250.889	22
250.924	22
250.954	22
250.989	22
251.024	22
251.054	22
251.089	22
251.124	22
251.154	22
251.189	22
251.224	22
251.25	20
251.289	22
251.324	22
251.354	22
251.389	22
251.424	22
251.454	22
251.489	22
251.524	22
251.554	22
251.58	20
251.605	28
251.63	28
251.657	25
251.689	22
251.724	22
251.75	20
251.789	22
251.814	22
251.84	28
251.865	28
251.892	25
251.917	20
251.954	22
251.989	22
252.014	22
252.04	28
252.065	28
252.092	25
252.124	22
252.154	22
252.179	22
252.205	28
252.232	25
252.257	25
252.289	22
252.324	22
252.354	22
252.389	22
252.427	25
252.454	22
252.484	20
252.524	22
252.554	22
252.589	22
252.624	22
252.654	22
252.689	22
252.724	22
252.754	22
252.789	22
252.824	22
252.854	22
252.884	20
252.924	22
252.954	22
252.989	22
253.024	22
253.054	22
253.089	22
253.124	22
253.154	22
253.189	22
253.224	22
253.249	22
253.289	22
253.324	22
253.354	22
253.38	20
253.405	28
253.432	25
253.457	25
253.489	22
253.524	22
253.55	20
253.589	22
253.624	22
253.654	22
253.689	22
253.717	20
253.757	25
253.789	22
253.824	22
253.854	22
253.884	22
253.924	22
253.954	22
253.989	22
254.024	22
254.05	20
254.084	22
254.124	22
254.154	22
254.189	22
254.215	20
254.24	28
254.265	28
254.292	25
254.324	22
254.354	22
254.389	22
254.424	22
254.454	22
254.489	22
254.524	22
254.554	22
254.589	22
254.615	20
254.64	28
254.665	28
254.692	25
254.724	22
254.754	22
254.784	22
254.824	22
254.854	22
254.889	22
254.924	22
254.954	22
254.989	22
255.017	20
255.054	22
255.089	22
255.124	22
255.154	22
255.184	20
255.224	22
255.254	22
255.289	22
255.324	22
255.35	20
255.389	22
255.424	22
255.454	22
255.489	22
255.524	22
255.554	22
255.589	22
255.624	22
255.654	22
255.692	25
255.724	22
255.75	20
255.789	22
255.824	22
255.854	22
255.889	22
255.924	22
255.954	22
255.989	22
256.024	22
256.054	22
256.089	22
256.124	22
256.15	20
256.189	22
256.224	22
256.249	22
256.289	22
256.324	22
256.354	22
256.389	22
256.424	22
256.454	22
256.489	22
256.524	22
256.55	20
256.589	22
256.624	22
256.654	22
256.689	22
256.724	22
256.754	22
256.789	22
256.824	22
256.854	22
256.889	22
256.924	22
256.954	22
256.989	22
257.024	22
257.054	22
257.089	22
257.124	22
257.154	22
257.189	22
257.215	20
257.24	28
257.265	28
257.292	25
257.324	22
257.354	22
257.384	20
257.414	22
257.44	28
257.465	28
257.492	25
257.524	22
257.55	20
257.589	22
257.624	22
257.649	22
257.689	22
257.717	20
257.754	22
257.789	22
257.824	22
257.854	22
257.88	20
257.905	28
257.932	25
257.957	25
257.989	22
258.024	22
258.054	22
258.089	22
258.12	20
258.154	22
258.189	22
258.224	22
258.254	22
258.28	20
258.305	28
258.332	25
258.357	25
258.389	22
258.424	22
258.454	22
258.489	22
258.52	20
258.554	22
258.589	22
258.624	22
258.654	22
258.68	20
258.705	28
258.73	28
258.757	25
258.789	22
258.824	22
258.85	20
258.889	22
258.924	22
258.954	22
258.989	22
259.017	20
259.057	25
259.089	22
259.124	22
259.154	22
259.179	22
259.205	28
259.232	25
259.257	25
259.289	22
259.324	22
259.354	22
259.389	22
259.424	22
259.449	22
259.489	22
259.524	22
259.557	25
259.585	20
259.624	22
259.654	22
259.689	22
259.714	22
259.74	28
259.765	28
259.792	25
259.824	22
259.854	22
259.889	22
259.924	22
259.954	22
259.984	20
260.024	22
260.049	22
260.089	22
260.124	22
260.154	22
260.189	22
260.224	22
260.254	22
260.289	22
260.327	25
260.354	22
260.385	20
260.424	22
260.454	22
260.489	22
260.524	22
260.554	22
260.589	22
260.624	22
260.654	22
260.689	22
260.724	22
260.754	22
260.785	20
260.814	22
260.84	28
260.865	28
260.892	25
260.924	22
260.95	20
260.989	22
261.024	22
261.054	22
261.084	22
261.11	20
261.135	28
261.162	25
261.189	22
261.214	22
261.24	28
261.265	28
261.292	25
261.324	22
261.35	20
261.389	22
261.424	22
261.454	22
261.489	22
261.515	20
261.54	28
261.565	28
261.592	25
261.624	22
261.654	22
261.68	20
261.705	28
261.732	25
261.757	25
261.789	22
261.824	22
261.85	20
261.889	22
261.924	22
261.954	22
261.989	22
262.017	20
262.054	22
262.089	22
262.124	22
262.154	22
262.184	20
262.224	22
262.254	22
262.289	22
262.324	22
262.354	22
262.389	22
262.424	22
262.454	22
262.489	22
262.524	22
262.554	22
262.589	22
262.624	22
262.654	22
262.689	22
262.724	22
262.754	22
262.78	20
262.805	28
262.83	28
262.857	25
262.884	22
262.924	22
262.954	22
262.989	22
263.024	22
263.054	22
263.089	22
263.124	22
263.154	22
263.189	22
263.224	22
263.249	22
263.289	22
263.324	22
263.354	22
263.389	22
263.424	22
263.449	22
263.489	22
263.524	22
263.554	22
263.584	20
263.624	22
263.654	22
263.684	22
263.724	22
263.754	22
263.789	22
263.824	22
263.854	22
263.889	22
263.924	22
263.954	22
263.984	22
264.024	22
264.054	22
264.089	22
264.124	22
264.154	22
264.189	22
264.224	22
264.254	22
264.289	22
264.324	22
264.354	22
264.385	20
264.424	22
264.454	22
264.489	22
264.524	22
264.55	20
264.589	22
264.624	22
264.654	22
264.689	22
264.717	20
264.754	22
264.789	22
264.824	22
264.854	22
264.884	20
264.924	22
264.954	22
264.989	22
265.024	22
265.051	20
265.089	22
265.124	22
265.154	22
265.189	22
265.217	20
265.254	22
265.289	22
265.324	22
265.354	22
265.384	20
265.424	22
265.454	22
265.489	22
265.524	22
265.55	20
265.589	22
265.624	22
265.654	22
265.689	22
265.717	20
265.754	22
265.789	22
265.824	22
265.854	22
265.88	20
265.905	28
265.93	28
265.957	25
265.989	22
266.024	22
266.057	25
266.089	22
266.124	22
266.157	25
266.189	22
266.224	22
266.254	22
266.289	22
266.324	22
266.354	22
266.384	22
266.424	22
266.45	20
266.489	22
266.524	22
266.554	22
266.589	22
266.624	22
266.654	22
266.689	22
266.724	22
266.754	22
266.789	22
266.824	22
266.85	20
266.889	22
266.924	22
266.954	22
266.989	22
267.024	22
267.054	22
267.089	22
267.124	22
267.154	22
267.189	22
267.224	22
267.251	20
267.289	22
267.324	22
267.354	22
267.389	22
267.417	20
267.454	22
267.489	22
267.524	22
267.554	22
267.584	20
267.624	22
267.654	22
267.689	22
267.724	22
267.75	20
267.789	22
267.824	22
267.854	22
267.889	22
267.917	20
267.954	22
267.989	22
268.024	22
268.054	22
268.084	20
268.109	22
268.135	28
268.16	28
268.189	22
268.224	22
268.254	22
268.289	22
268.324	22
268.354	22
268.389	22
268.424	22
268.454	22
268.489	22
268.524	22
268.554	22
268.58	20
268.605	28
268.63	28
268.657	25
268.689	22
268.724	22
268.75	20
268.789	22
268.824	22
268.854	22
268.889	22
268.917	20
268.954	22
268.989	22
269.024	22
269.054	22
269.084	20
269.119	22
269.154	22
269.189	22
269.224	22
269.25	20
269.289	22
269.324	22
269.354	22
269.389	22
269.414	22
269.44	28
269.465	28
269.492	25
269.524	22
269.554	22
269.589	22
269.624	22
269.654	22
269.689	22
269.714	22
269.74	28
269.765	28
269.792	25
269.824	22
269.854	22
269.879	22
269.905	28
269.932	25
269.957	25
269.989	22
270.024	22
270.054	22
270.089	22
270.124	22
270.154	22
270.189	22
270.215	20
270.24	28
270.265	28
270.292	25
270.324	22
270.354	22
270.389	22
270.424	22
270.454	22
270.484	22
270.524	22
270.554	22
270.589	22
270.624	22
270.657	25
270.689	22
270.724	22
270.754	22
270.789	22
270.824	22
270.854	22
270.88	20
270.905	28
270.932	25
270.957	25
270.989	22
271.024	22
271.054	22
271.089	22
271.124	22
271.154	22
271.189	22
271.217	20
271.254	22
271.289	22
271.324	22
271.354	22
271.389	22
271.424	22
271.454	22
271.489	22
271.524	22
271.55	20
271.589	22
271.629	27
271.654	22
271.689	22
271.717	20
271.754	22
271.789	22
271.824	22
271.857	25
271.884	20
271.924	22
271.954	22
271.989	22
272.024	22
272.054	22
272.089	22
272.124	22
272.154	22
272.189	22
272.224	22
272.254	22
272.285	20
272.324	22
272.354	22
272.389	22
272.424	22
272.449	22
272.489	22
272.524	22
272.554	22
272.589	22
272.624	22
272.654	22
272.685	20
272.724	22
272.754	22
272.789	22
272.824	22
272.851	20
272.889	22
272.924	22
272.954	22
272.989	22
273.017	20
273.054	22
273.089	22
273.124	22
273.154	22
273.184	20
273.224	22
273.254	22
273.289	22
273.324	22
273.35	20
273.389	22
273.424	22
273.454	22
273.489	22
273.517	20
273.554	22
273.589	22
273.624	22
273.654	22
273.684	20
273.709	22
273.735	28
273.76	28
273.789	22
273.824	22
273.854	22
273.889	22
273.924	22
273.954	22
273.989	22
274.024	22
274.054	22
274.085	20
274.124	22
274.154	22
274.189	22
274.224	22
274.254	22
274.289	22
274.324	22
274.354	22
274.389	22
274.424	22
274.454	22
274.484	20
274.527	25
274.554	22
274.589	22
274.624	22
274.654	22
274.689	22
274.724	22
274.754	22
274.789	22
274.824	22
274.854	22
274.885	20
274.924	22
274.954	22
274.989	22
275.024	22
275.054	22
275.089	22
275.124	22
275.154	22
275.189	22
275.224	22
275.254	22
275.289	22
275.324	22
275.354	22
275.38	20
275.405	28
275.43	28
275.457	25
275.489	22
275.524	22
275.55	20
275.589	22
275.624	22
275.654	22
275.689	22
275.717	20
275.754	22
275.789	22
275.824	22
275.854	22
275.884	20
275.924	22
275.954	22
275.989	22
276.024	22
276.05	20
276.092	25
276.124	22
276.154	22
276.189	22
276.215	20
276.254	22
276.289	22
276.324	22
276.354	22
276.389	22
276.424	22
276.454	22
276.489	22
276.524	22
276.554	22
276.589	22
276.615	20
276.64	28
276.665	28
276.692	25
276.724	22
276.754	22
276.789	22
276.824	22
276.854	22
276.889	22
276.924	22
276.954	22
276.979	22
277.005	28
277.032	25
277.057	25
277.089	22
277.124	22
277.154	22
277.189	22
277.224	22
277.254	22
277.289	22
277.324	22
277.354	22
277.389	22
277.424	22
277.454	22
277.489	22
277.514	22
277.54	28
277.565	28
277.592	25
277.624	22
277.654	22
277.68	20
277.705	28
277.732	25
277.757	25
277.789	22
277.824	22
277.854	22
277.889	22
277.92	20
277.954	22
277.989	22
278.024	22
278.054	22
278.08	20
278.105	28
278.13	28
278.157	25
278.189	22
278.224	22
278.254	22
278.289	22
278.319	22
278.354	22
278.389	22
278.424	22
278.454	22
278.48	20
278.505	28
278.532	25
278.557	25
278.589	22
278.624	22
278.654	22
278.689	22
278.719	22
278.754	22
278.789	22
278.824	22
278.854	22
278.885	20
278.924	22
278.954	22
278.989	22
279.024	22
279.051	20
279.089	22
279.124	22
279.149	22
279.189	22
279.215	20
279.24	28
279.265	28
279.292	25
279.324	22
279.354	22
279.389	22
279.424	22
279.454	22
279.489	22
279.524	22
279.554	22
279.589	22
279.615	20
279.64	28
279.665	28
279.692	25
279.724	22
279.754	22
279.784	22
279.824	22
279.854	22
279.889	22
279.924	22
279.957	25
279.989	22
280.02	20
280.054	22
280.089	22
280.124	22
280.154	22
280.184	20
280.224	22
280.254	22
280.289	22
280.324	22
280.35	20
280.389	22
280.424	22
280.454	22
280.489	22
280.524	22
280.554	22
280.589	22
280.614	22
280.64	28
280.667	30
280.692	25
280.724	22
280.75	20
280.789	22
280.824	22
280.854	22
280.889	22
280.924	22
280.954	22
280.989	22
281.024	22
281.054	22
281.089	22
281.124	22
281.15	20
281.189	22
281.224	22
281.254	22
281.289	22
281.315	20
281.34	28
281.365	28
281.392	25
281.424	22
281.457	25
281.484	20
281.524	22
281.554	22
281.589	22
281.624	22
281.654	22
281.689	22
281.724	22
281.754	22
281.789	22
281.824	22
281.854	22
281.889	22
281.924	22
281.954	22
281.98	20
282.005	28
282.032	25
282.057	25
282.084	22
282.124	22
282.154	22
282.189	22
282.22	20
282.254	22
282.289	22
282.324	22
282.354	22
282.38	20
282.405	28
282.432	25
282.457	25
282.489	22
282.524	22
282.554	22
282.589	22
282.624	22
282.654	22
282.689	22
282.724	22
282.754	22
282.789	22
282.824	22
282.854	22
282.879	22
282.905	28
282.932	25
282.957	25
282.989	22
283.024	22
283.054	22
283.089	22
283.124	22
283.154	22
283.189	22
283.215	20
283.24	28
283.265	28
283.292	25
283.324	22
283.349	22
283.375	20
283.4	28
283.427	25
283.454	22
283.489	22
283.524	22
283.554	22
283.589	22
283.615	20
283.64	28
283.667	30
283.692	25
283.724	22
283.754	22
283.789	22
283.824	22
283.854	22
283.889	22
283.924	22
283.954	22
283.989	22
284.015	20
284.04	28
284.065	28
284.092	25
284.124	22
284.154	22
284.189	22
284.224	22
284.254	22
284.289	22
284.324	22
284.354	22
284.389	22
284.424	22
284.454	22
284.489	22
284.519	22
284.554	22
284.589	22
284.624	22
284.654	22
284.68	20
284.705	28
284.732	25
284.757	25
284.789	22
284.824	22
284.85	20
284.889	22
284.924	22
284.954	22
284.989	22
285.017	20
285.054	22
285.089	22
285.124	22
285.154	22
285.184	20
285.214	22
285.24	28
285.265	28
285.292	25
285.324	22
285.354	22
285.389	22
285.424	22
285.454	22
285.492	25
285.524	22
285.554	22
285.589	22
285.624	22
285.654	22
285.689	22
285.724	22
285.754	22
285.789	22
285.824	22
285.854	22
285.884	22
285.915	20
285.94	28
285.965	28
285.992	25
286.024	22
286.054	22
286.089	22
286.124	22
286.154	22
286.189	22
286.224	22
286.254	22
286.289	22
286.315	20
286.34	28
286.365	28
286.392	25
286.424	22
286.454	22
286.489	22
286.527	25
286.554	22
286.589	22
286.624	22
286.649	22
286.689	22
286.72	20
286.749	22
286.789	22
286.824	22
286.854	22
286.88	20
286.905	28
286.932	25
286.957	25
286.989	22
287.024	22
287.054	22
287.089	22
287.124	22
287.154	22
287.189	22
287.215	20
287.24	28
287.265	28
287.292	25
287.324	22
287.354	22
287.389	22
287.424	22
287.454	22
287.489	22
287.524	22
287.55	20
287.589	22
287.624	22
287.654	22
287.689	22
287.717	20
287.754	22
287.784	22
287.824	22
287.854	22
287.884	20
287.924	22
287.954	22
287.989	22
288.024	22
288.05	20
288.089	22
288.124	22
288.154	22
288.189	22
288.217	20
288.254	22
288.289	22
288.324	22
288.354	22
288.384	20
288.424	22
288.454	22
288.489	22
288.524	22
288.55	20
288.589	22
288.614	22
288.64	28
288.665	28
288.692	25
288.724	22
288.754	22
288.789	22
288.814	22
288.84	28
288.865	28
288.892	25
288.924	22
288.95	20
288.989	22
289.024	22
289.054	22
289.089	22
289.124	22
289.154	22
289.189	22
289.224	22
289.254	22
289.289	22
289.324	22
289.35	20
289.389	22
289.424	22
289.454	22
289.489	22
289.524	22
289.554	22
289.589	22
289.624	22
289.654	22
289.689	22
289.724	22
289.754	22
289.789	22
289.824	22
289.854	22
289.889	22
289.924	22
289.954	22
289.989	22
290.015	20
290.04	28
290.065	28
290.092	25
290.124	22
290.154	22
290.184	22
290.224	22
290.254	22
290.289	22
290.327	25
290.354	22
290.389	22
290.424	22
290.454	22
290.489	22
290.524	22
290.554	22
290.585	20
290.624	22
290.654	22
290.689	22
290.724	22
290.754	22
290.789	22
290.824	22
290.854	22
290.889	22
290.924	22
290.954	22
290.985	20
291.027	25
291.054	22
291.089	22
291.124	22
291.15	20
291.189	22
291.224	22
291.254	22
291.289	22
291.315	20
291.34	28
291.365	28
291.392	25
291.424	22
291.454	22
291.484	20
291.524	22
291.554	22
291.589	22
291.624	22
291.65	20
291.689	22
291.724	22
291.754	22
291.789	22
291.817	20
291.854	22
291.889	22
291.924	22
291.954	22
291.98	20
292.005	28
292.03	28
292.057	25
292.089	22
292.124	22
292.154	22
292.189	22
292.224	22
292.254	22
292.289	22
292.324	22
292.354	22
292.389	22
292.424	22
292.454	22
292.48	20
292.505	28
292.53	28
292.557	25
292.589	22
292.624	22
292.65	20
292.689	22
292.724	22
292.754	22
292.789	22
292.817	20
292.854	22
292.889	22
292.924	22
292.954	22
292.984	20
293.024	22
293.054	22
293.089	22
293.124	22
293.154	22
293.189	22
293.224	22
293.254	22
293.289	22
293.324	22
293.354	22
293.384	22
293.424	22
293.454	22
293.489	22
293.524	22
293.557	25
293.589	22
293.624	22
293.654	22
293.689	22
293.724	22
293.754	22
293.784	22
293.824	22
293.854	22
293.889	22
293.924	22
293.954	22
293.989	22
294.024	22
294.054	22
294.089	22
294.124	22
294.154	22
294.184	20
294.224	22
294.254	22
294.289	22
294.324	22
294.354	22
294.389	22
294.414	22
294.44	28
294.465	28
294.492	25
294.524	22
294.554	22
294.585	20
294.624	22
294.654	22
294.689	22
294.724	22
294.75	20
294.792	25
294.824	22
294.854	22
294.889	22
294.917	20
294.944	22
294.97	28
294.997	25
295.024	22
295.054	22
295.084	20
295.124	22
295.154	22
295.189	22
295.224	22
295.25	20
295.289	22
295.319	22
295.354	22
295.384	22
295.417	20
295.443	26
295.47	28
295.497	25
295.524	22
295.554	22
295.58	20
295.605	28
295.632	25
295.657	25
295.689	22
295.724	22
295.754	22
295.789	22
295.82	20
295.854	22
295.889	22
295.924	22
295.954	22
295.98	20
296.005	28
296.032	25
296.057	25
296.089	22
296.124	22
296.154	22
296.189	22
296.22	20
296.254	22
296.289	22
296.324	22
296.354	22
296.38	20
296.405	28
296.432	25
296.457	25
296.489	22
296.524	22
296.55	20
296.589	22
296.624	22
296.654	22
296.692	25
296.717	20
296.743	26
296.768	31
296.795	28
296.824	22
296.854	22
296.884	20
296.914	22
296.94	28
296.965	28
296.992	25
297.024	22
297.05	20
297.089	22
297.124	22
297.154	22
297.189	22
297.217	20
297.254	22
297.289	22
297.324	22
297.354	22
297.389	22
297.424	22
297.454	22
297.489	22
297.514	22
297.54	28
297.565	28
297.592	25
297.62	20
297.654	22
297.689	22
297.724	22
297.754	22
297.78	20
297.805	28
297.83	28
297.857	25
297.889	22
297.924	22
297.954	22
297.989	22
298.024	22
298.054	22
298.089	22
298.114	22
298.154	22
298.189	22
298.224	22
298.254	22
298.289	22
298.324	22
298.354	22
298.379	22
298.405	28
298.432	25
298.457	25
298.489	22
298.515	20
298.54	28
298.565	28
298.592	25
298.624	22
298.654	22
298.689	22
298.724	22
298.754	22
298.789	22
298.824	22
298.854	22
298.889	22
298.915	20
298.94	28
298.965	28
298.992	25
299.024	22
299.054	22
299.089	22
299.114	22
299.14	28
299.165	28
299.192	25
299.224	22
299.254	22
299.289	22
299.317	20
299.354	22
299.389	22
299.424	22
299.454	22
299.484	20
299.524	22
299.554	22
299.589	22
299.624	22
299.65	20
299.689	22
299.724	22
299.754	22
299.789	22
299.814	22
299.84	28
299.865	28
299.892	25
299.924	22
299.949	22
299.98	20
300.005	28
300.032	25
300.057	25
300.089	22
300.124	22
300.154	22
300.189	22
300.22	20
300.254	22
300.289	22
300.324	22
300.354	22
300.38	20
300.405	28
300.43	28
300.457	25
300.489	22
300.524	22
300.554	22
300.589	22
300.62	20
300.654	22
300.689	22
300.724	22
300.754	22
300.78	20
300.805	28
300.83	28
300.857	25
300.889	22
300.924	22
300.954	22
300.989	22
301.024	22
301.054	22
301.089	22
301.114	22
301.14	28
301.165	28
301.192	25
301.224	22
301.254	22
301.28	20
301.305	28
301.33	28
301.357	25
301.389	22
301.424	22
301.454	22
301.489	22
301.52	20
301.554	22
301.589	22
301.624	22
301.654	22
301.68	20
301.705	28
301.73	28
301.757	25
301.789	22
301.824	22
301.854	22
301.889	22
301.92	20
301.954	22
301.989	22
302.024	22
302.054	22
302.08	20
302.105	28
302.13	28
302.157	25
302.189	22
302.224	22
302.254	22
302.289	22
302.324	22
302.354	22
302.389	22
302.415	20
302.44	28
302.465	28
302.492	25
302.524	22
302.554	22
302.584	20
302.624	22
302.654	22
302.689	22
302.724	22
302.75	20
302.789	22
302.824	22
302.857	25
302.889	22
302.917	20
302.954	22
302.989	22
303.024	22
303.054	22
303.08	20
303.105	28
303.13	28
303.157	25
303.189	22
303.219	22
303.254	22
303.289	22
303.32	20
303.354	22
303.389	22
303.424	22
303.454	22
303.48	20
303.505	28
303.53	28
303.557	25
303.589	22
303.624	22
303.654	22
303.679	22
303.705	28
303.732	25
303.757	25
303.789	22
303.824	22
303.857	25
303.889	22
303.924	22
303.954	22
303.989	22
304.024	22
304.054	22
304.089	22
304.12	20
304.154	22
304.189	22
304.224	22
304.254	22
304.28	20
304.305	28
304.33	28
304.357	25
304.389	22
304.424	22
304.454	22
304.489	22
304.52	20
304.554	22
304.589	22
304.614	22
304.64	28
304.665	28
304.692	25
304.724	22
304.754	22
304.789	22
304.824	22
304.85	20
304.889	22
304.924	22
304.954	22
304.989	22
305.017	20
305.054	22
305.089	22
305.124	22
305.154	22
305.184	20
305.219	22
305.254	22
305.289	22
305.324	22
305.354	22
305.392	25
305.424	22
305.454	22
305.489	22
305.524	22
305.554	22
305.584	22
305.624	22
305.654	22
305.689	22
305.724	22
305.754	22
305.789	22
305.824	22
305.854	22
305.889	22
305.924	22
305.954	22
305.985	20
306.024	22
306.054	22
306.089	22
306.124	22
306.154	22
306.189	22
306.224	22
306.254	22
306.289	22
306.324	22
306.354	22
306.389	22
306.424	22
306.449	22
306.48	20
306.505	28
306.53	28
306.557	25
306.589	22
306.624	22
306.65	20
306.689	22
306.724	22
306.754	22
306.789	22
306.819	22
306.854	22
306.889	22
306.924	22
306.954	22
306.98	20
307.005	28
307.03	28
307.057	25
307.089	22
307.124	22
307.154	22
307.189	22
307.219	22
307.254	22
307.289	22
307.324	22
307.354	22
307.389	22
307.424	22
307.454	22
307.489	22
307.524	22
307.554	22
307.589	22
307.624	22
307.657	25
307.689	22
307.715	20
307.74	28
307.765	28
307.792	25
307.819	22
307.854	22
307.889	22
307.924	22
307.954	22
307.989	22
308.024	22
308.054	22
308.089	22
308.115	20
308.14	28
308.165	28
308.192	25
308.224	22
308.254	22
308.289	22
308.324	22
308.354	22
308.389	22
308.424	22
308.454	22
308.489	22
308.515	20
308.54	28
308.565	28
308.592	25
308.624	22
308.654	22
308.68	20
308.705	28
308.732	25
308.757	25
308.789	22
308.824	22
308.854	22
308.889	22
308.924	22
308.954	22
308.989	22
309.015	20
309.04	28
309.065	28
309.092	25
309.124	22
309.154	22
309.184	20
309.224	22
309.254	22
309.289	22
309.324	22
309.35	20
309.389	22
309.414	22
309.44	28
309.465	28
309.492	25
309.524	22
309.554	22
309.589	22
309.624	22
309.654	22
309.689	22
309.724	22
309.754	22
309.789	22
309.824	22
309.854	22
309.889	22
309.915	20
309.94	28
309.965	28
309.992	25
