0.058	23
0.086	23
0.135	22
0.161	23
0.194	26
0.226	23
0.259	23
0.294	23
0.324	23
0.349	38
0.374	33
0.401	30
0.427	26
0.459	23
0.494	23
0.519	28
0.546	35
0.572	31
0.597	26
0.624	23
0.649	33
0.674	33
0.7	29
0.727	26
0.759	23
0.797	26
0.824	23
0.859	23
0.889	23
0.916	35
0.942	36
0.968	32
0.994	23
1.024	23
1.059	23
1.094	23
1.124	23
1.159	23
1.194	23
1.224	23
1.259	23
1.297	26
1.324	23
1.35	20
1.375	34
1.4	29
1.427	26
1.459	23
1.49	20
1.516	35
1.542	36
1.568	32
1.594	23
1.624	23
1.659	23
1.694	23
1.724	23
1.759	23
1.797	26
1.824	23
1.85	29
1.875	34
1.9	29
1.927	26
1.959	23
1.994	23
2.024	23
2.059	23
2.094	23
2.124	23
2.159	23
2.194	23
2.22	20
2.259	23
2.294	23
2.324	23
2.359	23
2.394	23
2.424	23
2.459	23
2.493	22
2.52	20
2.559	23
2.593	22
2.624	23
2.658	22
2.693	22
2.724	23
2.75	20
2.776	30
2.802	26
2.827	26
2.859	23
2.894	23
2.924	23
2.959	23
2.99	20
3.024	23
3.059	23
3.094	23
3.124	23
3.159	23
3.194	23
3.224	23
3.259	23
3.289	23
3.324	23
3.359	23
3.394	23
3.42	20
3.459	23
3.494	23
3.524	23
3.559	23
3.594	23
3.624	23
3.659	23
3.694	23
3.724	23
3.759	23
3.794	23
3.824	23
3.85	20
3.875	34
3.9	29
3.927	26
3.959	23
3.994	23
4.02	20
4.059	23
4.094	23
4.124	23
4.159	23
4.185	20
4.212	31
4.239	33
4.265	29
4.294	23
4.324	23
4.359	23
4.394	23
4.423	22
4.459	23
4.488	22
4.519	23
4.544	28
4.569	28
4.594	23
4.624	23
4.659	23
4.694	23
4.724	23
4.75	20
4.794	23
4.824	23
4.859	23
4.894	23
4.92	20
4.959	23
4.994	23
5.023	22
5.059	23
5.087	20
5.124	23
5.159	23
5.194	23
5.224	23
5.253	20
5.294	23
5.324	23
5.359	23
5.394	23
5.424	23
5.459	23
5.494	23
5.524	23
5.558	22
5.593	22
5.624	23
5.658	22
5.685	20
5.711	30
5.737	31
5.764	28
5.793	22
5.824	23
5.855	20
5.894	23
5.924	23
5.959	23
5.994	23
6.024	23
6.059	23
6.084	23
6.11	29
6.137	31
6.162	26
6.194	23
6.224	23
6.259	23
6.294	23
6.324	23
6.359	23
6.394	23
6.424	23
6.454	23
6.485	20
6.51	29
6.537	31
6.566	30
6.594	23
6.624	23
6.659	23
6.693	22
6.723	22
6.753	20
6.794	23
6.824	23
6.859	23
6.889	23
6.924	23
6.959	23
6.994	23
7.024	23
7.059	23
7.094	23
7.124	23
7.159	23
7.185	20
7.21	29
7.237	31
7.262	26
7.294	23
7.324	23
7.359	23
7.394	23
7.424	23
7.453	20
7.494	23
7.524	23
7.559	23
7.594	23
7.624	23
7.659	23
7.694	23
7.72	20
7.759	23
7.794	23
7.824	23
7.859	23
7.894	23
7.924	23
7.959	23
7.99	20
8.024	23
8.059	23
8.094	23
8.124	23
8.159	23
8.194	23
8.224	23
8.259	23
8.294	23
8.324	23
8.35	20
8.379	23
8.405	29
8.431	25
8.458	22
8.493	22
8.527	26
8.553	22
8.594	23
8.624	23
8.659	23
8.694	23
8.72	20
8.759	23
8.794	23
8.824	23
8.859	23
8.893	22
8.923	22
8.958	22
8.993	22
9.023	22
9.058	22
9.093	22
9.123	22
9.158	22
9.193	22
9.223	22
9.258	22
9.293	22
9.323	22
9.358	22
9.393	22
9.423	22
9.459	23
9.493	22
9.523	22
9.553	22
9.594	23
9.624	23
9.659	23
9.693	22
9.723	22
9.75	20
9.794	23
9.823	22
9.858	22
9.894	23
9.924	23
9.959	23
9.985	20
10.024	23
10.059	23
10.094	23
10.124	23
10.159	23
10.194	23
10.22	20
10.258	22
10.293	22
10.324	23
10.359	23
10.393	22
10.423	22
10.45	20
10.493	22
10.523	22
10.558	22
10.593	22
10.624	23
10.665	24
10.694	23
10.723	22
10.758	22
10.793	22
10.824	23
10.858	22
10.894	23
10.924	23
10.958	22
10.993	22
11.018	22
11.059	23
11.093	22
11.123	22
11.158	22
11.194	23
11.224	23
11.253	20
11.293	22
11.323	22
11.348	22
11.378	22
11.404	28
11.429	28
11.458	22
11.493	22
11.523	22
11.559	23
11.594	23
11.623	22
11.661	25
11.693	22
11.718	22
11.758	22
11.784	23
11.824	23
11.859	23
11.894	23
11.924	23
11.962	26
11.994	23
12.024	23
12.055	20
12.094	23
12.124	23
12.159	23
12.194	23
12.224	23
12.259	23
12.293	22
12.323	22
12.358	22
12.393	22
12.423	22
12.458	22
12.494	23
12.524	23
12.558	22
12.593	22
12.624	23
12.653	22
12.693	22
12.723	22
12.758	22
12.785	20
12.818	22
12.859	23
12.894	23
12.924	23
12.959	23
12.994	23
13.024	23
13.054	23
13.094	23
13.124	23
13.15	20
13.194	23
13.224	23
13.259	23
13.294	23
13.324	23
13.359	23
13.393	22
13.423	22
13.459	23
13.494	23
13.523	22
13.558	22
13.593	22
13.623	22
13.658	22
13.683	22
13.723	22
13.764	23
13.794	23
13.824	23
13.859	23
13.894	23
13.924	23
13.953	20
13.994	23
14.024	23
14.059	23
14.094	23
14.124	23
14.159	23
14.194	23
14.227	26
14.259	23
14.285	20
14.314	23
14.359	23
14.394	23
14.424	23
14.459	23
14.494	23
14.524	23
14.558	22
14.593	22
14.627	26
14.653	22
14.694	23
14.724	23
14.759	23
14.794	23
14.824	23
14.859	23
14.894	23
14.919	23
14.959	23
14.994	23
15.024	23
15.059	23
15.094	23
15.119	23
15.159	23
15.194	23
15.224	23
15.259	23
15.294	23
15.324	23
15.362	26
15.394	23
15.424	23
15.459	23
15.494	23
15.524	23
15.559	23
15.594	23
15.624	23
15.65	20
15.693	22
15.718	22
15.755	20
15.793	22
15.827	26
15.859	23
15.894	23
15.924	23
15.965	24
15.994	23
16.024	23
16.058	22
16.093	22
16.124	23
16.159	23
16.194	23
16.224	23
16.259	23
16.294	23
16.324	23
16.359	23
16.394	23
16.424	23
16.459	23
16.494	23
16.524	23
16.559	23
16.594	23
16.624	23
16.659	23
16.694	23
16.724	23
16.759	23
16.785	20
16.823	22
16.858	22
16.89	20
16.923	22
16.958	22
16.993	22
17.023	22
17.059	23
17.094	23
17.124	23
17.159	23
17.194	23
17.224	23
17.254	23
17.293	22
17.32	20
17.359	23
17.394	23
17.424	23
17.459	23
17.494	23
17.524	23
17.549	23
17.593	22
17.619	23
17.65	20
17.694	23
17.724	23
17.759	23
17.794	23
17.824	23
17.859	23
17.894	23
17.924	23
17.962	26
17.994	23
18.023	22
18.058	22
18.09	20
18.124	23
18.158	22
18.193	22
18.224	23
18.259	23
18.294	23
18.327	26
18.359	23
18.394	23
18.42	20
18.459	23
18.494	23
18.523	22
18.558	22
18.594	23
18.624	23
18.658	22
18.693	22
18.723	22
18.758	22
18.794	23
18.827	26
18.859	23
18.894	23
18.923	22
18.95	20
18.993	22
19.023	22
19.058	22
19.094	23
19.123	22
19.153	20
19.194	23
19.224	23
19.254	23
19.293	22
19.326	25
19.359	23
19.394	23
19.424	23
19.45	20
19.494	23
19.524	23
19.55	20
19.579	23
19.606	25
19.633	27
19.659	23
19.694	23
19.724	23
19.75	20
19.794	23
19.824	23
19.85	20
19.894	23
19.924	23
19.95	20
19.979	23
20.007	26
20.034	28
20.059	23
20.094	23
20.119	23
20.15	20
20.193	22
20.224	23
20.25	20
20.294	23
20.324	23
20.35	20
20.394	23
20.424	23
20.45	20
20.494	23
20.524	23
20.553	20
20.594	23
20.624	23
20.655	20
20.694	23
20.724	23
20.755	20
20.794	23
20.824	23
20.855	20
20.894	23
20.924	23
20.955	20
20.993	22
21.024	23
21.059	23
21.094	23
21.123	22
21.158	22
21.194	23
21.224	23
21.249	23
21.294	23
21.324	23
21.359	23
21.394	23
21.419	23
21.459	23
21.494	23
21.524	23
21.559	23
21.585	20
21.61	29
21.636	25
21.662	26
21.69	20
21.724	23
21.759	23
21.794	23
21.824	23
21.849	23
21.884	23
21.923	22
21.953	22
21.983	22
22.008	23
22.034	28
22.061	25
22.093	22
22.123	22
22.158	22
22.196	25
22.223	22
22.258	22
22.293	22
22.323	22
22.359	23
22.394	23
22.424	23
22.459	23
22.494	23
22.519	23
22.559	23
22.594	23
22.624	23
22.659	23
22.694	23
22.724	23
22.759	23
22.784	23
22.81	29
22.837	31
22.862	26
22.894	23
22.923	22
22.958	22
22.993	22
23.023	22
23.058	22
23.083	22
23.108	32
23.135	29
23.161	25
23.19	20
23.224	23
23.258	22
23.285	20
23.324	23
23.359	23
23.394	23
23.424	23
23.459	23
23.494	23
23.524	23
23.554	23
23.594	23
23.624	23
23.659	23
23.694	23
23.724	23
23.758	22
23.793	22
23.824	23
23.853	20
23.894	23
23.919	23
23.945	20
23.972	31
23.997	26
24.024	23
24.059	23
24.094	23
24.124	23
24.159	23
24.194	23
24.224	23
24.259	23
24.294	23
24.327	26
24.359	23
24.394	23
24.424	23
24.459	23
24.485	20
24.524	23
24.559	23
24.597	26
24.624	23
24.659	23
24.694	23
24.724	23
24.753	20
24.779	23
24.804	28
24.83	29
24.859	23
24.894	23
24.924	23
24.959	23
24.994	23
25.024	23
25.059	23
25.094	23
25.124	23
25.159	23
25.193	22
25.223	22
25.259	23
25.29	20
25.324	23
25.359	23
25.394	23
25.424	23
25.459	23
25.494	23
25.519	23
25.545	20
25.57	29
25.597	26
25.624	23
25.659	23
25.694	23
25.719	23
25.759	23
25.785	20
25.812	31
25.838	32
25.864	28
25.893	22
25.924	23
25.959	23
25.994	23
26.024	23
26.049	23
26.076	30
26.102	26
26.127	26
26.159	23
26.185	20
26.212	31
26.24	34
26.265	29
26.294	23
26.324	23
26.359	23
26.394	23
26.427	26
26.459	23
26.494	23
26.524	23
26.559	23
26.585	20
26.612	31
26.637	31
26.662	26
26.694	23
26.724	23
26.759	23
26.794	23
26.824	23
26.859	23
26.889	23
26.915	34
26.941	35
26.968	32
26.994	23
27.024	23
27.059	23
27.094	23
27.124	23
27.159	23
27.194	23
27.224	23
27.259	23
27.285	20
27.311	35
27.337	31
27.362	26
27.394	23
27.424	23
27.459	23
27.494	23
27.524	23
27.559	23
27.585	20
27.613	32
27.639	33
27.664	28
27.694	23
27.724	23
27.749	23
27.776	30
27.806	30
27.833	27
27.859	23
27.885	20
27.911	30
27.937	31
27.964	28
27.993	22
28.024	23
28.058	22
28.093	22
28.118	22
28.158	22
28.193	22
28.224	23
28.259	23
28.294	23
28.324	23
28.359	23
28.394	23
28.424	23
28.449	23
28.474	28
28.5	29
28.527	26
28.559	23
28.594	23
28.624	23
28.649	23
28.693	22
28.723	22
28.759	23
28.794	23
28.824	23
28.854	23
28.894	23
28.924	23
28.953	20
28.994	23
29.024	23
29.059	23
29.094	23
29.124	23
29.159	23
29.194	23
29.22	20
29.259	23
29.294	23
29.324	23
29.359	23
29.394	23
29.424	23
29.459	23
29.49	20
29.524	23
29.559	23
29.594	23
29.624	23
29.659	23
29.694	23
29.724	23
29.759	23
29.793	22
29.824	23
29.85	20
29.876	30
29.901	30
29.927	26
29.959	23
29.984	23
30.01	29
30.037	31
30.062	26
30.094	23
30.12	20
30.159	23
30.194	23
30.224	23
30.259	23
30.294	23
30.324	23
30.359	23
30.39	20
30.423	22
30.459	23
30.493	22
30.523	22
30.559	23
30.593	22
30.623	22
30.659	23
30.694	23
30.724	23
30.75	20
30.776	30
30.804	28
30.83	29
30.859	23
30.894	23
30.924	23
30.959	23
30.994	23
31.02	20
31.059	23
31.094	23
31.124	23
31.149	23
31.176	30
31.202	26
31.227	26
31.258	22
31.285	20
31.312	31
31.339	33
31.365	29
31.393	22
31.424	23
31.455	20
31.48	24
31.505	29
31.531	30
31.558	22
31.593	22
31.624	23
31.658	22
31.693	22
31.724	23
31.759	23
31.794	23
31.824	23
31.858	22
31.893	22
31.923	22
31.958	22
31.993	22
32.023	22
32.05	20
32.093	22
32.123	22
32.158	22
32.194	23
32.223	22
32.258	22
32.294	23
32.32	20
32.359	23
32.394	23
32.424	23
32.459	23
32.494	23
32.524	23
32.559	23
32.594	23
32.624	23
32.659	23
32.69	20
32.724	23
32.759	23
32.785	20
32.81	29
32.837	31
32.862	26
32.894	23
32.924	23
32.958	22
32.993	22
33.024	23
33.059	23
33.094	23
33.124	23
33.159	23
33.194	23
33.224	23
33.25	20
33.278	32
33.303	27
33.33	29
33.359	23
33.393	22
33.424	23
33.459	23
33.494	23
33.524	23
33.558	22
33.594	23
33.624	23
33.658	22
33.685	20
33.711	30
33.738	32
33.764	28
33.794	23
33.823	22
33.853	20
33.894	23
33.924	23
33.962	26
33.994	23
34.02	20
34.059	23
34.094	23
34.124	23
34.159	23
34.19	20
34.224	23
34.259	23
34.294	23
34.324	23
34.349	23
34.374	28
34.4	29
34.427	26
34.462	26
34.493	22
34.523	22
34.559	23
34.593	22
34.623	22
34.659	23
34.694	23
34.724	23
34.759	23
34.794	23
34.824	23
34.859	23
34.885	20
34.924	23
34.959	23
34.994	23
35.024	23
35.059	23
35.094	23
35.124	23
35.149	23
35.194	23
35.224	23
35.259	23
35.293	22
35.323	22
35.359	23
35.394	23
35.423	22
35.459	23
35.497	26
35.524	23
35.558	22
35.593	22
35.623	22
35.659	23
35.694	23
35.724	23
35.759	23
35.794	23
35.824	23
35.859	23
35.894	23
35.924	23
35.959	23
35.985	20
36.024	23
36.059	23
36.094	23
36.124	23
36.159	23
36.194	23
36.224	23
36.259	23
36.294	23
36.324	23
36.359	23
36.394	23
36.424	23
36.458	22
36.494	23
36.524	23
36.559	23
36.594	23
36.624	23
36.659	23
36.694	23
36.724	23
36.75	20
36.794	23
36.824	23
36.855	20
36.897	26
36.923	22
36.958	22
36.993	22
37.023	22
37.059	23
37.094	23
37.124	23
37.158	22
37.185	20
37.224	23
37.258	22
37.294	23
37.324	23
37.359	23
37.394	23
37.424	23
37.459	23
37.493	22
37.523	22
37.559	23
37.594	23
37.624	23
37.659	23
37.694	23
37.724	23
37.759	23
37.794	23
37.824	23
37.853	20
37.884	23
37.924	23
37.959	23
37.994	23
38.024	23
38.059	23
38.094	23
38.124	23
38.159	23
38.19	20
38.224	23
38.259	23
38.294	23
38.324	23
38.354	23
38.394	23
38.424	23
38.459	23
38.494	23
38.52	20
38.558	22
38.593	22
38.624	23
38.659	23
38.694	23
38.724	23
38.754	23
38.794	23
38.824	23
38.85	20
38.894	23
38.923	22
38.958	22
38.994	23
39.024	23
39.054	23
39.093	22
39.123	22
39.158	22
39.196	25
39.223	22
39.259	23
39.29	20
39.324	23
39.359	23
39.394	23
39.424	23
39.459	23
39.494	23
39.524	23
39.559	23
39.594	23
39.62	20
39.659	23
39.697	26
39.724	23
39.759	23
39.794	23
39.823	22
39.858	22
39.894	23
39.924	23
39.95	20
39.979	23
40.006	25
40.033	27
40.059	23
40.094	23
40.124	23
40.149	23
40.194	23
40.224	23
40.259	23
40.294	23
40.324	23
40.359	23
40.385	20
40.424	23
40.449	23
40.493	22
40.523	22
40.559	23
40.594	23
40.624	23
40.659	23
40.694	23
40.724	23
40.759	23
40.794	23
40.823	22
40.859	23
40.893	22
40.924	23
40.959	23
40.994	23
41.024	23
41.062	26
41.097	26
41.124	23
41.159	23
41.194	23
41.223	22
41.258	22
41.294	23
41.324	23
41.359	23
41.394	23
41.423	22
41.459	23
41.494	23
41.523	22
41.559	23
41.594	23
41.624	23
41.659	23
41.694	23
41.723	22
41.758	22
41.793	22
41.823	22
41.858	22
41.893	22
41.923	22
41.958	22
41.993	22
42.023	22
42.058	22
42.093	22
42.123	22
42.158	22
42.193	22
42.223	22
42.249	23
42.274	28
42.3	29
42.33	29
42.359	23
42.389	23
42.42	20
42.458	22
42.493	22
42.524	23
42.558	22
42.593	22
42.618	22
42.658	22
42.693	22
42.723	22
42.758	22
42.793	22
42.823	22
42.853	22
42.894	23
42.924	23
42.959	23
42.984	23
43.024	23
43.059	23
43.085	20
43.124	23
43.159	23
43.194	23
43.223	22
43.258	22
43.283	22
43.308	22
43.335	29
43.361	25
43.394	23
43.424	23
43.459	23
43.494	23
43.524	23
43.549	23
43.575	20
43.6	29
43.627	26
43.659	23
43.694	23
43.724	23
43.759	23
43.794	23
43.824	23
43.859	23
43.893	22
43.923	22
43.959	23
43.99	20
44.023	22
44.058	22
44.094	23
44.124	23
44.159	23
44.194	23
44.224	23
44.259	23
44.294	23
44.32	20
44.359	23
44.393	22
44.423	22
44.459	23
44.494	23
44.523	22
44.559	23
44.594	23
44.623	22
44.65	20
44.694	23
44.723	22
44.758	22
44.793	22
44.823	22
44.858	22
44.894	23
44.924	23
44.954	23
44.993	22
45.023	22
45.059	23
45.094	23
45.123	22
45.159	23
45.194	23
45.223	22
45.259	23
45.294	23
45.323	22
45.358	22
45.394	23
45.419	23
45.458	22
45.494	23
45.523	22
45.558	22
45.593	22
45.623	22
45.658	22
45.694	23
45.724	23
45.759	23
45.794	23
45.824	23
45.859	23
45.894	23
45.923	22
45.958	22
45.993	22
46.023	22
46.055	20
46.093	22
46.124	23
46.15	20
46.193	22
46.224	23
46.259	23
46.293	22
46.323	22
46.359	23
46.394	23
46.424	23
46.458	22
46.493	22
46.523	22
46.559	23
46.594	23
46.623	22
46.658	22
46.693	22
46.724	23
46.759	23
46.793	22
46.823	22
46.859	23
46.894	23
46.924	23
46.959	23
46.994	23
47.024	23
47.059	23
47.094	23
47.124	23
47.159	23
47.194	23
47.223	22
47.258	22
47.283	22
47.323	22
47.358	22
47.383	22
47.408	27
47.435	29
47.461	25
47.493	22
47.523	22
47.55	20
47.593	22
47.623	22
47.653	20
47.693	22
47.723	22
47.755	20
47.793	22
47.823	22
47.858	22
47.893	22
47.924	23
47.958	22
47.993	22
48.024	23
48.059	23
48.093	22
48.124	23
48.159	23
48.193	22
48.223	22
48.258	22
48.294	23
48.324	23
48.359	23
48.394	23
48.424	23
48.459	23
48.494	23
48.524	23
48.559	23
48.594	23
48.624	23
48.659	23
48.694	23
48.724	23
48.759	23
48.794	23
48.824	23
48.853	20
48.894	23
48.924	23
48.959	23
48.994	23
49.024	23
49.059	23
49.094	23
49.124	23
49.159	23
49.194	23
49.224	23
49.259	23
49.294	23
49.324	23
49.359	23
49.393	22
49.423	22
49.458	22
49.485	20
49.524	23
49.559	23
49.594	23
49.623	22
49.659	23
49.694	23
49.723	22
49.758	22
49.794	23
49.824	23
49.859	23
49.893	22
49.923	22
49.959	23
49.994	23
50.023	22
50.059	23
50.094	23
50.123	22
50.158	22
50.194	23
50.224	23
50.258	22
50.294	23
50.324	23
50.359	23
50.394	23
50.424	23
50.459	23
50.494	23
50.524	23
50.558	22
50.593	22
50.624	23
50.661	25
50.693	22
50.724	23
50.753	22
50.78	20
50.805	29
50.832	26
50.858	22
50.893	22
50.923	22
50.959	23
50.993	22
51.023	22
51.061	25
51.094	23
51.124	23
51.158	22
51.193	22
51.223	22
51.258	22
51.293	22
51.324	23
51.358	22
51.394	23
51.424	23
51.459	23
51.494	23
51.524	23
51.559	23
51.594	23
51.624	23
51.659	23
51.694	23
51.724	23
51.759	23
51.794	23
51.824	23
51.859	23
51.884	23
51.924	23
51.959	23
51.986	20
52.024	23
52.059	23
52.09	20
52.124	23
52.159	23
52.194	23
52.224	23
52.259	23
52.294	23
52.324	23
52.359	23
52.394	23
52.424	23
52.459	23
52.494	23
52.524	23
52.559	23
52.594	23
52.624	23
52.659	23
52.694	23
52.724	23
52.759	23
52.794	23
52.824	23
52.855	20
52.894	23
52.924	23
52.959	23
52.994	23
53.024	23
53.058	22
53.093	22
53.124	23
53.158	22
53.185	20
53.224	23
53.259	23
53.293	22
53.323	22
53.359	23
53.394	23
53.424	23
53.458	22
53.493	22
53.524	23
53.562	26
53.593	22
53.623	22
53.659	23
53.694	23
53.724	23
53.759	23
53.794	23
53.824	23
53.859	23
53.894	23
53.924	23
53.953	20
53.993	22
54.024	23
54.053	22
54.093	22
54.123	22
54.159	23
54.193	22
54.223	22
54.259	23
54.294	23
54.324	23
54.359	23
54.385	20
54.424	23
54.459	23
54.49	20
54.524	23
54.559	23
54.594	23
54.623	22
54.659	23
54.694	23
54.724	23
54.759	23
54.794	23
54.824	23
54.859	23
54.894	23
54.924	23
54.959	23
54.99	20
55.024	23
55.059	23
55.085	20
55.123	22
55.159	23
55.194	23
55.224	23
55.259	23
55.294	23
55.324	23
55.358	22
55.394	23
55.424	23
55.459	23
55.494	23
55.524	23
55.559	23
55.594	23
55.624	23
55.655	20
55.694	23
55.724	23
55.75	20
55.794	23
55.824	23
55.859	23
55.894	23
55.923	22
55.958	22
55.993	22
56.023	22
56.058	22
56.093	22
56.124	23
56.158	22
56.194	23
56.224	23
56.258	22
56.294	23
56.32	20
56.359	23
56.394	23
56.424	23
56.459	23
56.494	23
56.524	23
56.559	23
56.584	23
56.609	28
56.635	29
56.662	26
56.694	23
56.723	22
56.758	22
56.794	23
56.823	22
56.858	22
56.893	22
56.923	22
56.959	23
56.993	22
57.023	22
57.059	23
57.093	22
57.123	22
57.159	23
57.193	22
57.223	22
57.259	23
57.294	23
57.323	22
57.359	23
57.393	22
57.424	23
57.459	23
57.493	22
57.523	22
57.559	23
57.594	23
57.624	23
57.658	22
57.693	22
57.723	22
57.759	23
57.794	23
57.823	22
57.858	22
57.893	22
57.923	22
57.959	23
57.993	22
58.023	22
58.053	22
58.083	22
58.109	28
58.136	30
58.161	25
58.194	23
58.224	23
58.258	22
58.293	22
58.323	22
58.359	23
58.394	23
58.419	23
58.458	22
58.493	22
58.524	23
58.562	26
58.594	23
58.624	23
58.659	23
58.694	23
58.723	22
58.759	23
58.794	23
58.823	22
58.858	22
58.893	22
58.923	22
58.958	22
58.993	22
59.023	22
59.059	23
59.093	22
59.123	22
59.159	23
59.194	23
59.223	22
59.259	23
59.294	23
59.324	23
59.359	23
59.394	23
59.424	23
59.459	23
59.493	22
59.523	22
59.559	23
59.593	22
59.623	22
59.659	23
59.693	22
59.723	22
59.759	23
59.786	25
59.823	22
59.859	23
59.894	23
59.924	23
59.959	23
59.994	23
60.023	22
60.059	23
60.094	23
60.124	23
60.159	23
60.194	23
60.224	23
60.259	23
60.294	23
60.324	23
60.359	23
60.394	23
60.424	23
60.449	23
60.475	29
60.5	29
60.527	26
60.559	23
60.59	20
60.624	23
60.659	23
60.685	20
60.719	23
60.759	23
60.794	23
60.824	23
60.859	23
60.894	23
60.923	22
60.959	23
60.994	23
61.024	23
61.05	20
61.077	31
61.103	27
61.13	29
61.159	23
61.193	22
61.223	22
61.259	23
61.293	22
61.319	20
61.358	22
61.394	23
61.424	23
61.459	23
61.49	20
61.524	23
61.558	22
61.593	22
61.623	22
61.658	22
61.693	22
61.723	22
61.753	20
61.794	23
61.823	22
61.858	22
61.893	22
61.923	22
61.959	23
61.993	22
62.02	20
62.059	23
62.093	22
62.123	22
62.159	23
62.194	23
62.223	22
62.259	23
62.294	23
62.323	22
62.358	22
62.394	23
62.424	23
62.459	23
62.494	23
62.523	22
62.559	23
62.594	23
62.624	23
62.659	23
62.694	23
62.724	23
62.758	22
62.793	22
62.823	22
62.858	22
62.893	22
62.919	20
62.958	22
62.993	22
63.023	22
63.058	22
63.093	22
63.123	22
63.158	22
63.193	22
63.223	22
63.258	22
63.293	22
63.323	22
63.358	22
63.393	22
63.423	22
63.458	22
63.483	22
63.523	22
63.558	22
63.593	22
63.623	22
63.658	22
63.693	22
63.723	22
63.758	22
63.793	22
63.823	22
63.858	22
63.893	22
63.923	22
63.955	20
63.993	22
64.023	22
64.059	23
64.094	23
64.123	22
64.158	22
64.194	23
64.224	23
64.259	23
64.294	23
64.324	23
64.359	23
64.394	23
64.424	23
64.459	23
64.494	23
64.524	23
64.553	20
64.594	23
64.624	23
64.659	23
64.694	23
64.724	23
64.759	23
64.786	20
64.823	22
64.858	22
64.893	22
64.923	22
64.958	22
64.993	22
65.019	20
65.058	22
65.093	22
65.123	22
65.158	22
65.193	22
65.223	22
65.25	20
65.293	22
65.323	22
65.358	22
65.394	23
65.424	23
65.459	23
65.485	20
65.524	23
65.559	23
65.594	23
65.624	23
65.659	23
65.694	23
65.723	22
65.759	23
65.794	23
65.823	22
65.858	22
65.894	23
65.924	23
65.955	20
65.994	23
66.024	23
66.059	23
66.094	23
66.124	23
66.159	23
66.185	20
66.224	23
66.259	23
66.294	23
66.324	23
66.359	23
66.394	23
66.424	23
66.459	23
66.494	23
66.524	23
66.558	22
66.593	22
66.623	22
66.659	23
66.693	22
66.723	22
66.753	22
66.794	23
66.824	23
66.859	23
66.894	23
66.924	23
66.955	20
66.994	23
67.024	23
67.059	23
67.094	23
67.124	23
67.159	23
67.194	23
67.224	23
67.259	23
67.285	20
67.324	23
67.359	23
67.384	23
67.424	23
67.459	23
67.497	26
67.524	23
67.558	22
67.593	22
67.623	22
67.658	22
67.693	22
67.723	22
67.758	22
67.793	22
67.823	22
67.858	22
67.893	22
67.923	22
67.959	23
67.994	23
68.023	22
68.055	20
68.094	23
68.124	23
68.158	22
68.193	22
68.224	23
68.259	23
68.285	20
68.323	22
68.359	23
68.394	23
68.424	23
68.459	23
68.494	23
68.524	23
68.559	23
68.594	23
68.624	23
68.659	23
68.694	23
68.724	23
68.75	20
68.784	23
68.824	23
68.859	23
68.894	23
68.924	23
68.958	22
68.993	22
69.024	23
69.059	23
69.09	20
69.123	22
69.159	23
69.194	23
69.224	23
69.259	23
69.294	23
69.323	22
69.358	22
69.394	23
69.424	23
69.459	23
69.494	23
69.519	20
69.559	23
69.594	23
69.624	23
69.659	23
69.697	26
69.724	23
69.759	23
69.794	23
69.824	23
69.859	23
69.893	22
69.923	22
69.958	22
69.993	22
70.023	22
70.058	22
70.093	22
70.123	22
70.153	20
70.193	22
70.223	22
70.258	22
70.293	22
70.323	22
70.359	23
70.394	23
70.424	23
70.459	23
70.494	23
70.524	23
70.559	23
70.594	23
70.624	23
70.659	23
70.694	23
70.724	23
70.759	23
70.794	23
70.824	23
70.859	23
70.894	23
70.924	23
70.959	23
70.994	23
71.024	23
71.059	23
71.094	23
71.124	23
71.159	23
71.19	20
71.224	23
71.259	23
71.294	23
71.323	22
71.358	22
71.393	22
71.424	23
71.459	23
71.494	23
71.524	23
71.559	23
71.594	23
71.624	23
71.659	23
71.694	23
71.724	23
71.759	23
71.794	23
71.824	23
71.853	20
71.894	23
71.923	22
71.958	22
71.994	23
72.024	23
72.058	22
72.093	22
72.124	23
72.159	23
72.194	23
72.224	23
72.259	23
72.29	20
72.324	23
72.358	22
72.393	22
72.418	22
72.459	23
72.493	22
72.523	22
72.558	22
72.593	22
72.623	22
72.653	22
72.694	23
72.724	23
72.758	22
72.793	22
72.823	22
72.858	22
72.894	23
72.924	23
72.959	23
72.994	23
73.024	23
73.058	22
73.09	20
73.124	23
73.159	23
73.194	23
73.224	23
73.259	23
73.294	23
73.319	20
73.359	23
73.393	22
73.423	22
73.459	23
73.494	23
73.523	22
73.55	20
73.594	23
73.623	22
73.658	22
73.697	26
73.724	23
73.758	22
73.785	20
73.823	22
73.858	22
73.894	23
73.924	23
73.959	23
73.994	23
74.024	23
74.058	22
74.093	22
74.123	22
74.159	23
74.193	22
74.223	22
74.259	23
74.294	23
74.323	22
74.358	22
74.394	23
74.424	23
74.459	23
74.494	23
74.524	23
74.559	23
74.594	23
74.624	23
74.659	23
74.694	23
74.724	23
74.759	23
74.794	23
74.824	23
74.859	23
74.894	23
74.924	23
74.959	23
74.994	23
75.024	23
75.053	20
75.094	23
75.124	23
75.159	23
75.194	23
75.224	23
75.259	23
75.285	20
75.323	22
75.358	22
75.394	23
75.424	23
75.459	23
75.494	23
75.524	23
75.559	23
75.594	23
75.624	23
75.659	23
75.694	23
75.724	23
75.759	23
75.793	22
75.823	22
75.855	20
75.894	23
75.924	23
75.959	23
75.994	23
76.024	23
76.059	23
76.084	23
76.124	23
76.159	23
76.185	20
76.223	22
76.254	23
76.294	23
76.324	23
76.354	23
76.394	23
76.424	23
76.458	22
76.493	22
76.524	23
76.559	23
76.593	22
76.623	22
76.659	23
76.694	23
76.724	23
76.759	23
76.794	23
76.824	23
76.859	23
76.893	22
76.923	22
76.953	20
76.994	23
77.023	22
77.058	22
77.094	23
77.124	23
77.159	23
77.194	23
77.224	23
77.259	23
77.286	20
77.323	22
77.358	22
77.394	23
77.424	23
77.459	23
77.494	23
77.524	23
77.559	23
77.594	23
77.624	23
77.659	23
77.694	23
77.724	23
77.759	23
77.793	22
77.823	22
77.859	23
77.894	23
77.924	23
77.959	23
77.994	23
78.024	23
78.059	23
78.085	20
78.124	23
78.159	23
78.194	23
78.224	23
78.259	23
78.294	23
78.323	22
78.358	22
78.393	22
78.423	22
78.458	22
78.496	25
78.523	22
78.558	22
78.593	22
78.623	22
78.658	22
78.693	22
78.726	25
78.758	22
78.793	22
78.823	22
78.859	23
78.894	23
78.924	23
78.959	23
78.993	22
79.023	22
79.061	25
79.093	22
79.123	22
79.159	23
79.194	23
79.223	22
79.258	22
79.293	22
79.323	22
79.358	22
79.393	22
79.424	23
79.459	23
79.493	22
79.523	22
79.555	20
79.583	22
79.624	23
79.659	23
79.693	22
79.723	22
79.759	23
79.785	20
79.823	22
79.858	22
79.893	22
79.924	23
79.959	23
79.994	23
80.02	20
80.059	23
80.094	23
80.124	23
80.159	23
80.194	23
80.224	23
80.25	20
80.293	22
80.324	23
80.359	23
80.394	23
80.424	23
80.458	22
80.493	22
80.518	22
80.558	22
80.59	20
80.623	22
80.658	22
80.693	22
80.724	23
80.759	23
80.794	23
80.824	23
80.854	23
80.894	23
80.924	23
80.962	26
80.994	23
81.024	23
81.059	23
81.094	23
81.124	23
81.159	23
81.194	23
81.224	23
81.258	22
81.294	23
81.324	23
81.359	23
81.394	23
81.424	23
81.459	23
81.49	20
81.524	23
81.559	23
81.585	20
81.623	22
81.659	23
81.694	23
81.723	22
81.754	23
81.794	23
81.824	23
81.859	23
81.894	23
81.924	23
81.953	20
81.984	23
82.01	29
82.036	30
82.062	26
82.094	23
82.124	23
82.159	23
82.194	23
82.224	23
82.254	23
82.294	23
82.324	23
82.359	23
82.394	23
82.42	20
82.454	23
82.494	23
82.524	23
82.559	23
82.584	23
82.611	30
82.637	31
82.662	26
82.69	20
82.724	23
82.759	23
82.789	23
82.824	23
82.849	23
82.876	30
82.903	27
82.93	29
82.959	23
82.994	23
83.024	23
83.059	23
83.094	23
83.124	23
83.159	23
83.194	23
83.224	23
83.259	23
83.294	23
83.324	23
83.359	23
83.384	23
83.409	33
83.436	30
83.462	26
83.494	23
83.519	23
83.545	20
83.572	31
83.597	26
83.624	23
83.659	23
83.694	23
83.724	23
83.759	23
83.784	23
83.811	30
83.836	30
83.862	26
83.894	23
83.923	22
83.949	23
83.976	30
84.001	30
84.026	25
84.059	23
84.094	23
84.123	22
84.159	23
84.194	23
84.223	22
84.249	23
84.274	33
84.3	29
84.327	26
84.359	23
84.394	23
84.424	23
84.459	23
84.485	20
84.51	34
84.536	30
84.565	29
84.594	23
84.624	23
84.659	23
84.694	23
84.724	23
84.759	23
84.794	23
84.824	23
84.859	23
84.885	20
84.91	34
84.937	31
84.962	26
84.994	23
85.024	23
85.059	23
85.094	23
85.12	20
85.159	23
85.185	34
85.21	34
85.237	31
85.262	26
85.297	26
85.324	23
85.359	23
85.394	23
85.424	23
85.459	23
85.486	20
85.514	33
85.541	35
85.566	26
85.594	23
85.624	23
85.659	23
85.694	23
85.724	23
85.759	23
85.794	23
85.824	23
85.859	23
85.894	23
85.924	23
85.959	23
85.984	38
86.01	34
86.037	31
86.062	26
86.094	23
86.124	23
86.159	23
86.194	23
86.224	23
86.254	23
86.279	33
86.304	28
86.33	29
86.355	20
86.394	23
86.424	23
86.459	23
86.494	23
86.524	23
86.559	23
86.594	23
86.624	23
86.655	20
86.694	23
86.719	23
86.759	23
86.794	23
86.819	23
86.858	22
86.894	23
86.924	23
86.954	23
86.994	23
87.023	22
87.058	22
87.094	23
87.119	20
87.158	22
87.194	23
87.224	23
87.259	23
87.297	26
87.324	23
87.359	23
87.394	23
87.423	22
87.458	22
87.494	23
87.524	23
87.559	23
87.594	23
87.624	23
87.654	23
87.679	23
87.706	30
87.733	27
87.759	23
87.794	23
87.824	23
87.849	23
87.874	28
87.9	29
87.927	26
87.954	23
87.994	23
88.024	23
88.059	23
88.094	23
88.124	23
88.158	22
88.194	23
88.219	20
88.254	23
88.294	23
88.324	23
88.359	23
88.394	23
88.423	22
88.459	23
88.49	20
88.524	23
88.559	23
88.585	20
88.624	23
88.659	23
88.694	23
88.723	22
88.758	22
88.794	23
88.824	23
88.859	23
88.893	22
88.923	22
88.959	23
88.997	26
89.026	25
89.058	22
89.094	23
89.123	22
89.158	22
89.193	22
89.223	22
89.258	22
89.294	23
89.323	22
89.358	22
89.394	23
89.424	23
89.458	22
89.485	20
89.524	23
89.554	23
89.585	20
89.624	23
89.658	22
89.685	20
89.724	23
89.759	23
89.785	20
89.824	23
89.859	23
89.885	20
89.923	22
89.959	23
89.994	23
90.024	23
90.058	22
90.094	23
90.123	22
90.158	22
90.194	23
90.223	22
90.258	22
90.293	22
90.323	22
90.358	22
90.396	25
90.423	22
90.455	20
90.494	23
90.519	23
90.55	20
90.583	22
90.608	27
90.635	29
90.661	25
90.693	22
90.718	22
90.758	22
90.793	22
90.823	22
90.859	23
90.894	23
90.924	23
90.954	23
90.994	23
91.024	23
91.059	23
91.094	23
91.119	20
91.154	23
91.179	23
91.206	30
91.233	27
91.258	22
91.293	22
91.323	22
91.358	22
91.394	23
91.424	23
91.458	22
91.485	20
91.523	22
91.559	23
91.594	23
91.623	22
91.659	23
91.694	23
91.723	22
91.758	22
91.793	22
91.823	22
91.859	23
91.894	23
91.924	23
91.955	20
91.994	23
92.024	23
92.049	23
92.094	23
92.124	23
92.149	23
92.194	23
92.224	23
92.262	26
92.294	23
92.324	23
92.359	23
92.394	23
92.424	23
92.45	20
92.494	23
92.524	23
92.552	20
92.594	23
92.624	23
92.659	23
92.694	23
92.719	23
92.759	23
92.794	23
92.824	23
92.858	22
92.893	22
92.923	22
92.958	22
92.99	20
93.026	25
93.058	22
93.093	22
93.123	22
93.158	22
93.194	23
93.224	23
93.258	22
93.293	22
93.324	23
93.359	23
93.394	23
93.419	23
93.449	23
93.494	23
93.524	23
93.552	20
93.594	23
93.624	23
93.649	23
93.694	23
93.724	23
93.759	23
93.794	23
93.824	23
93.849	23
93.885	20
93.924	23
93.959	23
93.994	23
94.024	23
94.059	23
94.094	23
94.124	23
94.154	23
94.194	23
94.223	22
94.259	23
94.293	22
94.319	20
94.358	22
94.393	22
94.423	22
94.459	23
94.494	23
94.524	23
94.549	23
94.594	23
94.624	23
94.659	23
94.694	23
94.724	23
94.759	23
94.784	23
94.823	22
94.848	22
94.873	27
94.9	24
94.927	26
94.959	23
94.984	23
95.024	23
95.055	20
95.094	23
95.124	23
95.159	23
95.184	23
95.224	23
95.259	23
95.294	23
95.324	23
95.359	23
95.394	23
95.424	23
95.459	23
95.494	23
95.524	23
95.559	23
95.593	22
95.623	22
95.659	23
95.685	20
95.714	23
95.749	23
95.784	23
95.824	23
95.854	23
95.894	23
95.919	23
95.958	22
95.993	22
96.024	23
96.058	22
96.093	22
96.124	23
96.159	23
96.194	23
96.224	23
96.249	23
96.279	23
96.304	28
96.331	30
96.359	23
96.394	23
96.419	20
96.458	22
96.494	23
96.519	20
96.558	22
96.594	23
96.619	20
96.658	22
96.693	22
96.719	20
96.759	23
96.797	26
96.824	23
96.859	23
96.892	26
96.924	23
96.959	23
96.994	23
97.024	23
97.059	23
97.097	26
97.124	23
97.159	23
97.194	23
97.224	23
97.259	23
97.285	20
97.324	23
97.359	23
97.394	23
97.424	23
97.459	23
97.494	23
97.524	23
97.559	23
97.594	23
97.624	23
97.659	23
97.694	23
97.724	23
97.759	23
97.794	23
97.824	23
97.862	26
97.894	23
97.924	23
97.952	26
97.994	23
98.024	23
98.059	23
98.094	23
98.124	23
98.154	23
98.194	23
98.224	23
98.254	23
98.294	23
98.324	23
98.359	23
98.394	23
98.424	23
98.459	23
98.494	23
98.524	23
98.552	20
98.594	23
98.624	23
98.659	23
98.694	23
98.724	23
98.759	23
98.794	23
98.819	20
98.859	23
98.897	26
98.923	22
98.959	23
98.994	23
99.023	22
99.049	23
99.076	30
99.104	28
99.13	29
99.159	23
99.194	23
99.224	23
99.258	22
99.293	22
99.323	22
99.359	23
99.393	22
99.424	23
99.45	20
99.493	22
99.523	22
99.559	23
99.594	23
99.624	23
99.659	23
99.694	23
99.723	22
99.758	22
99.783	22
99.818	22
99.858	22
99.893	22
99.923	22
99.959	23
99.993	22
100.023	22
100.059	23
100.094	23
100.123	22
100.158	22
100.193	22
100.223	22
100.258	22
100.283	22
100.323	22
100.358	22
100.393	22
100.423	22
100.459	23
100.494	23
100.524	23
100.559	23
100.594	23
100.624	23
100.659	23
100.694	23
100.724	23
100.759	23
100.794	23
100.819	23
100.858	22
100.884	23
100.91	20
100.961	25
100.993	22
101.023	22
101.058	22
101.093	22
101.119	20
101.158	22
101.193	22
101.223	22
101.258	22
101.293	22
101.323	22
101.358	22
101.383	22
101.423	22
101.458	22
101.494	23
101.524	23
101.549	23
101.593	22
101.626	25
101.659	23
101.694	23
101.723	22
101.758	22
101.785	20
101.823	22
101.858	22
101.893	22
101.924	23
101.958	22
101.993	22
102.019	20
102.058	22
102.094	23
102.124	23
102.158	22
102.193	22
102.223	22
102.258	22
102.293	22
102.323	22
102.358	22
102.393	22
102.423	22
102.458	22
102.493	22
102.523	22
102.558	22
102.593	22
102.623	22
102.658	22
102.693	22
102.723	22
102.758	22
102.793	22
102.818	22
102.858	22
102.894	23
102.923	22
102.958	22
102.994	23
103.027	26
103.058	22
103.093	22
103.119	20
103.159	23
103.196	25
103.223	22
103.258	22
103.296	25
103.323	22
103.358	22
103.383	22
103.423	22
103.459	23
103.494	23
103.523	22
103.558	22
103.59	20
103.624	23
103.659	23
103.694	23
103.726	25
103.758	22
103.794	23
103.819	20
103.849	23
103.893	22
103.923	22
103.958	22
103.993	22
104.023	22
104.05	20
104.093	22
104.123	22
104.158	22
104.193	22
104.223	22
104.259	23
104.294	23
104.324	23
104.359	23
104.394	23
104.424	23
104.459	23
104.497	26
104.524	23
104.558	22
104.593	22
104.624	23
104.659	23
104.694	23
104.724	23
104.759	23
104.794	23
104.824	23
104.859	23
104.894	23
104.924	23
104.958	22
104.994	23
105.024	23
105.058	22
105.085	20
105.124	23
105.159	23
105.194	23
105.224	23
105.259	23
105.294	23
105.327	26
105.361	25
105.394	23
105.424	23
105.459	23
105.489	23
105.524	23
105.559	23
105.594	23
105.624	23
105.659	23
105.697	26
105.724	23
105.759	23
105.794	23
105.819	23
105.859	23
105.885	20
105.911	30
105.938	32
105.966	30
105.994	23
106.023	22
106.059	23
106.094	23
106.123	22
106.15	20
106.176	30
106.202	26
106.229	28
106.259	23
106.293	22
106.319	20
106.359	23
106.394	23
106.424	23
106.459	23
106.49	20
106.524	23
106.559	23
106.589	23
106.624	23
106.659	23
106.689	23
106.727	26
106.759	23
106.794	23
106.824	23
106.858	22
106.893	22
106.924	23
106.958	22
106.994	23
107.024	23
107.058	22
107.084	23
107.11	29
107.137	31
107.162	26
107.194	23
107.224	23
107.255	20
107.284	23
107.31	29
107.337	31
107.362	26
107.393	22
107.423	22
107.453	22
107.493	22
107.523	22
107.559	23
107.594	23
107.624	23
107.659	23
107.694	23
107.724	23
107.759	23
107.794	23
107.824	23
107.85	20
107.894	23
107.924	23
107.959	23
107.997	26
108.024	23
108.059	23
108.094	23
108.124	23
108.159	23
108.194	23
108.224	23
108.259	23
108.294	23
108.324	23
108.359	23
108.389	23
108.424	23
108.459	23
108.494	23
108.524	23
108.555	20
108.594	23
108.624	23
108.659	23
108.694	23
108.724	23
108.759	23
108.794	23
108.824	23
108.849	23
108.874	33
108.9	29
108.927	26
108.959	23
108.993	22
109.023	22
109.059	23
109.085	20
109.111	30
109.137	31
109.162	26
109.193	22
109.224	23
109.255	20
109.294	23
109.324	23
109.359	23
109.394	23
109.424	23
109.459	23
109.493	22
109.524	23
109.558	22
109.594	23
109.624	23
109.659	23
109.694	23
109.724	23
109.759	23
109.794	23
109.823	22
109.85	20
109.876	30
109.904	28
109.931	30
109.959	23
109.994	23
110.019	20
110.049	23
110.076	30
110.104	28
110.13	29
110.159	23
110.19	20
110.223	22
110.258	22
110.294	23
110.324	23
110.358	22
110.394	23
110.424	23
110.459	23
110.494	23
110.524	23
110.559	23
110.594	23
110.624	23
110.659	23
110.694	23
110.724	23
110.759	23
110.785	20
110.81	29
110.837	31
110.862	26
110.894	23
110.923	22
110.955	20
110.993	22
111.023	22
111.059	23
111.093	22
111.123	22
111.159	23
111.194	23
111.224	23
111.259	23
111.294	23
111.319	23
111.359	23
111.393	22
111.423	22
111.459	23
111.494	23
111.523	22
111.55	20
111.576	30
111.602	26
111.629	28
111.659	23
111.693	22
111.719	20
111.753	22
111.784	23
111.811	30
111.838	32
111.866	30
111.894	23
111.924	23
111.949	23
111.975	29
112	29
112.027	26
112.059	23
112.094	23
112.124	23
112.159	23
112.194	23
112.224	23
112.258	22
112.294	23
112.324	23
112.349	23
112.394	23
112.424	23
112.458	22
112.485	20
112.523	22
112.558	22
112.593	22
112.624	23
112.658	22
112.693	22
112.724	23
112.755	20
112.794	23
112.824	23
112.859	23
112.894	23
112.923	22
112.958	22
112.994	23
113.023	22
113.058	22
113.093	22
113.123	22
113.158	22
113.193	22
113.223	22
113.259	23
113.293	22
113.323	22
113.353	22
113.394	23
113.427	26
113.459	23
113.494	23
113.524	23
113.559	23
113.594	23
113.62	20
113.659	23
113.694	23
113.727	26
113.759	23
113.794	23
113.819	23
113.859	23
113.894	23
113.924	23
113.959	23
113.994	23
114.024	23
114.059	23
114.09	20
114.124	23
114.159	23
114.193	22
114.223	22
114.258	22
114.294	23
114.324	23
114.359	23
114.394	23
114.424	23
114.45	20
114.477	31
114.504	28
114.531	30
114.558	22
114.594	23
114.624	23
114.659	23
114.694	23
114.719	20
114.746	35
114.772	31
114.797	26
114.824	23
114.858	22
114.89	20
114.924	23
114.959	23
114.994	23
115.024	23
115.058	22
115.094	23
115.124	23
115.159	23
115.194	23
115.219	20
115.259	23
115.289	23
115.324	23
115.359	23
115.394	23
115.424	23
115.455	20
115.494	23
115.523	22
115.558	22
115.583	22
115.611	30
115.638	32
115.665	29
115.694	23
115.724	23
115.749	23
115.775	34
115.8	29
115.827	26
115.859	23
115.894	23
115.919	23
115.959	23
115.985	20
116.013	32
116.039	33
116.065	29
116.094	23
116.124	23
116.159	23
116.194	23
116.224	23
116.259	23
116.285	20
116.312	31
116.337	31
116.362	26
116.394	23
116.419	23
116.444	29
116.471	30
116.497	26
116.524	23
116.559	23
116.585	20
116.612	31
116.639	33
116.665	29
116.694	23
116.724	23
116.758	22
116.789	23
116.824	23
116.859	23
116.885	20
116.924	23
116.959	23
116.989	23
117.024	23
117.049	23
117.075	34
117.102	31
117.127	26
117.159	23
117.195	29
117.224	23
117.25	29
117.275	34
117.301	30
117.327	26
117.358	22
117.389	23
117.423	22
117.458	22
117.489	23
117.524	23
117.559	23
117.585	20
117.624	23
117.659	23
117.689	23
117.724	23
117.759	23
117.789	23
117.824	23
117.859	23
117.889	23
117.914	23
117.939	28
117.965	29
117.995	29
118.024	23
118.059	23
118.092	26
118.124	23
118.152	20
118.178	32
118.204	28
118.23	29
118.259	23
118.289	23
118.319	20
118.359	23
118.389	23
118.424	23
118.459	23
118.489	23
118.524	23
118.559	23
118.585	20
118.624	23
118.659	23
118.689	23
118.724	23
118.762	26
118.789	23
118.824	23
118.852	20
118.889	23
118.924	23
118.959	23
118.989	23
119.024	23
119.059	23
119.089	23
119.119	20
119.159	23
119.189	23
119.227	26
119.259	23
119.289	23
119.324	23
119.359	23
119.389	23
119.424	23
119.459	23
119.489	23
119.524	23
119.559	23
119.589	23
119.619	23
119.659	23
119.689	23
119.724	23
119.75	20
119.775	29
119.802	31
119.827	26
119.859	23
119.889	23
119.924	23
119.959	23
119.989	23
120.019	20
120.059	23
120.089	23
120.124	23
120.162	26
120.189	23
120.224	23
120.258	22
120.289	23
120.324	23
120.359	23
120.385	20
120.424	23
120.449	23
120.48	20
120.524	23
120.558	22
120.588	22
120.623	22
120.659	23
120.689	23
120.723	22
120.759	23
120.789	23
120.823	22
120.858	22
120.888	22
120.924	23
120.955	20
120.989	23
121.024	23
121.052	20
121.089	23
121.114	23
121.15	20
121.189	23
121.224	23
121.25	20
121.289	23
121.314	23
121.35	20
121.376	25
121.424	23
121.45	20
121.475	29
121.502	26
121.527	26
121.559	23
121.584	23
121.624	23
121.65	20
121.689	23
121.724	23
121.75	20
121.788	22
121.823	22
121.852	20
121.889	23
121.924	23
121.955	20
121.989	23
122.024	23
122.059	23
122.088	22
122.123	22
122.159	23
122.189	23
122.224	23
122.249	23
122.275	20
122.301	25
122.327	26
122.358	22
122.388	22
122.423	22
122.458	22
122.488	22
122.523	22
122.558	22
122.588	22
122.626	25
122.658	22
122.688	22
122.715	20
122.758	22
122.788	22
122.823	22
122.858	22
122.888	22
122.924	23
122.959	23
122.988	22
123.023	22
123.058	22
123.088	22
123.123	22
123.159	23
123.189	23
123.223	22
123.258	22
123.289	23
123.324	23
123.359	23
123.389	23
123.424	23
123.459	23
123.488	22
123.523	22
123.559	23
123.589	23
123.624	23
123.65	20
123.689	23
123.723	22
123.758	22
123.788	22
123.824	23
123.859	23
123.889	23
123.924	23
123.959	23
123.989	23
124.024	23
124.058	22
124.088	22
124.12	20
124.159	23
124.188	22
124.223	22
124.259	23
124.289	23
124.314	23
124.35	20
124.388	22
124.423	22
124.458	22
124.488	22
124.523	22
124.559	23
124.589	23
124.623	22
124.658	22
124.688	22
124.718	22
124.759	23
124.789	23
124.823	22
124.858	22
124.888	22
124.924	23
124.959	23
124.988	22
125.023	22
125.059	23
125.089	23
125.123	22
125.155	20
125.188	22
125.223	22
125.258	22
125.288	22
125.324	23
125.359	23
125.385	20
125.423	22
125.458	22
125.489	23
125.524	23
125.559	23
125.589	23
125.619	20
125.659	23
125.689	23
125.724	23
125.759	23
125.789	23
125.823	22
125.85	20
125.889	23
125.918	22
125.959	23
125.989	23
126.024	23
126.059	23
126.089	23
126.123	22
126.159	23
126.189	23
126.224	23
126.259	23
126.289	23
126.324	23
126.359	23
126.389	23
126.424	23
126.459	23
126.489	23
126.524	23
126.559	23
126.589	23
126.624	23
126.659	23
126.689	23
126.724	23
126.759	23
126.789	23
126.815	20
126.859	23
126.889	23
126.919	20
126.958	22
126.989	23
127.023	22
127.058	22
127.088	22
127.123	22
127.158	22
127.188	22
127.223	22
127.258	22
127.288	22
127.323	22
127.359	23
127.389	23
127.424	23
127.459	23
127.489	23
127.524	23
127.55	20
127.589	23
127.624	23
127.655	20
127.689	23
127.724	23
127.759	23
127.789	23
127.824	23
127.858	22
127.888	22
127.924	23
127.959	23
127.988	22
128.023	22
128.058	22
128.085	20
128.123	22
128.158	22
128.188	22
128.223	22
128.258	22
128.289	23
128.324	23
128.359	23
128.389	23
128.414	23
128.459	23
128.489	23
128.524	23
128.559	23
128.589	23
128.627	26
128.655	20
128.688	22
128.724	23
128.759	23
128.789	23
128.824	23
128.858	22
128.885	20
128.923	22
128.958	22
128.988	22
129.023	22
129.059	23
129.089	23
129.115	20
129.158	22
129.188	22
129.223	22
129.258	22
129.288	22
129.324	23
129.358	22
129.388	22
129.423	22
129.458	22
129.489	23
129.524	23
129.558	22
129.588	22
129.623	22
129.658	22
129.688	22
129.724	23
129.759	23
129.789	23
129.824	23
129.859	23
129.888	22
129.924	23
129.959	23
129.989	23
130.024	23
130.05	20
130.089	23
130.123	22
130.158	22
130.189	23
130.224	23
130.258	22
130.288	22
130.324	23
130.359	23
130.389	23
130.424	23
130.458	22
130.488	22
130.518	22
130.558	22
130.588	22
130.624	23
130.659	23
130.688	22
130.723	22
130.759	23
130.789	23
130.823	22
130.858	22
130.888	22
130.923	22
130.958	22
130.988	22
131.023	22
131.058	22
131.088	22
131.123	22
131.158	22
131.191	25
131.223	22
131.248	22
131.288	22
131.323	22
131.35	20
131.388	22
131.423	22
131.459	23
131.489	23
131.524	23
131.559	23
131.589	23
131.624	23
131.659	23
131.689	23
131.724	23
131.759	23
131.789	23
131.824	23
131.859	23
131.889	23
131.924	23
131.959	23
131.989	23
132.024	23
132.059	23
132.089	23
132.124	23
132.159	23
132.189	23
132.214	23
132.258	22
132.289	23
132.324	23
132.359	23
132.385	20
132.423	22
132.459	23
132.489	23
132.523	22
132.559	23
132.589	23
132.623	22
132.658	22
132.689	23
132.724	23
132.759	23
132.789	23
132.824	23
132.859	23
132.889	23
132.915	20
132.958	22
132.989	23
133.019	20
133.058	22
133.089	23
133.124	23
133.158	22
133.188	22
133.224	23
133.258	22
133.288	22
133.323	22
133.358	22
133.388	22
133.424	23
133.459	23
133.488	22
133.524	23
133.559	23
133.588	22
133.623	22
133.65	20
133.688	22
133.724	23
133.752	20
133.788	22
133.823	22
133.855	20
133.888	22
133.924	23
133.958	22
133.988	22
134.018	22
134.059	23
134.092	26
134.124	23
134.159	23
134.184	23
134.224	23
134.259	23
134.289	23
134.324	23
134.359	23
134.389	23
134.424	23
134.459	23
134.489	23
134.524	23
134.559	23
134.589	23
134.624	23
134.649	23
134.68	20
134.718	22
134.758	22
134.785	20
134.823	22
134.858	22
134.888	22
134.924	23
134.959	23
134.989	23
135.024	23
135.059	23
135.089	23
135.124	23
135.159	23
135.189	23
135.219	20
135.259	23
135.289	23
135.324	23
135.359	23
135.389	23
135.424	23
135.459	23
135.489	23
135.523	22
135.558	22
135.589	23
135.624	23
135.659	23
135.689	23
135.724	23
135.759	23
135.789	23
135.824	23
135.858	22
135.888	22
135.923	22
135.958	22
135.988	22
136.019	20
136.059	23
136.089	23
136.123	22
136.158	22
136.189	23
136.224	23
136.258	22
136.288	22
136.324	23
136.35	20
136.389	23
136.424	23
136.459	23
136.489	23
136.524	23
136.559	23
136.589	23
136.624	23
136.659	23
136.689	23
136.723	22
136.758	22
136.789	23
136.824	23
136.859	23
136.889	23
136.923	22
136.958	22
136.988	22
137.023	22
137.058	22
137.088	22
137.12	20
137.161	25
137.188	22
137.223	22
137.258	22
137.288	22
137.323	22
137.35	20
137.389	23
137.414	23
137.458	22
137.489	23
137.524	23
137.558	22
137.588	22
137.623	22
137.658	22
137.688	22
137.723	22
137.758	22
137.788	22
137.815	20
137.859	23
137.889	23
137.924	23
137.959	23
137.989	23
138.024	23
138.052	20
138.089	23
138.124	23
138.159	23
138.189	23
138.224	23
138.259	23
138.289	23
138.324	23
138.359	23
138.389	23
138.424	23
138.459	23
138.489	23
138.524	23
138.559	23
138.589	23
138.624	23
138.659	23
138.689	23
138.724	23
138.752	20
138.789	23
138.824	23
138.859	23
138.889	23
138.924	23
138.959	23
138.989	23
139.024	23
139.058	22
139.085	20
139.124	23
139.159	23
139.189	23
139.224	23
139.259	23
139.289	23
139.314	23
139.344	23
139.37	24
139.397	26
139.424	23
139.459	23
139.489	23
139.523	22
139.558	22
139.588	22
139.623	22
139.658	22
139.688	22
139.723	22
139.755	20
139.788	22
139.823	22
139.858	22
139.889	23
139.924	23
139.958	22
139.988	22
140.024	23
140.058	22
140.088	22
140.124	23
140.159	23
140.188	22
140.223	22
140.259	23
140.289	23
140.324	23
140.35	20
140.388	22
140.423	22
140.459	23
140.489	23
140.524	23
140.559	23
140.589	23
140.624	23
140.659	23
140.689	23
140.724	23
140.759	23
140.789	23
140.824	23
140.859	23
140.889	23
140.924	23
140.959	23
140.989	23
141.024	23
141.059	23
141.089	23
141.124	23
141.159	23
141.189	23
141.224	23
141.259	23
141.284	23
141.323	22
141.358	22
141.389	23
141.423	22
141.458	22
141.491	25
141.523	22
141.558	22
141.588	22
141.615	20
141.658	22
141.688	22
141.724	23
141.758	22
141.788	22
141.824	23
141.859	23
141.888	22
141.924	23
141.952	20
141.989	23
142.024	23
142.059	23
142.089	23
142.124	23
142.159	23
142.185	20
142.224	23
142.259	23
142.289	23
142.324	23
142.359	23
142.389	23
142.419	20
142.458	22
142.488	22
142.523	22
142.558	22
142.588	22
142.623	22
142.65	20
142.678	22
142.723	22
142.758	22
142.788	22
142.823	22
142.858	22
142.885	20
142.926	25
142.958	22
142.988	22
143.023	22
143.058	22
143.088	22
143.115	20
143.158	22
143.188	22
143.224	23
143.259	23
143.289	23
143.324	23
143.359	23
143.389	23
143.424	23
143.459	23
143.489	23
143.524	23
143.559	23
143.589	23
143.624	23
143.659	23
143.689	23
143.724	23
143.759	23
143.789	23
143.814	23
143.858	22
143.888	22
143.919	20
143.958	22
143.988	22
144.023	22
144.059	23
144.088	22
144.124	23
144.159	23
144.188	22
144.224	23
144.262	26
144.288	22
144.323	22
144.35	20
144.389	23
144.424	23
144.45	20
144.489	23
144.524	23
144.55	20
144.589	23
144.624	23
144.65	20
144.675	29
144.702	31
144.727	26
144.759	23
144.789	23
144.824	23
144.859	23
144.888	22
144.924	23
144.958	22
144.988	22
145.024	23
145.059	23
145.088	22
145.119	20
145.158	22
145.188	22
145.224	23
145.259	23
145.289	23
145.324	23
145.359	23
145.389	23
145.424	23
145.459	23
145.489	23
145.524	23
145.559	23
145.589	23
145.624	23
145.659	23
145.689	23
145.724	23
145.759	23
145.789	23
145.824	23
145.859	23
145.889	23
145.919	23
145.959	23
145.989	23
146.024	23
146.05	20
146.077	31
146.103	32
146.13	29
146.159	23
146.189	23
146.224	23
146.259	23
146.284	23
146.324	23
146.359	23
146.384	23
146.409	33
146.436	30
146.462	26
146.489	23
146.524	23
146.559	23
146.589	23
146.624	23
146.659	23
146.689	23
146.724	23
146.759	23
146.789	23
146.824	23
146.859	23
146.889	23
146.92	20
146.959	23
146.989	23
147.024	23
147.059	23
147.089	23
147.124	23
147.159	23
147.189	23
147.219	23
147.259	23
147.289	23
147.324	23
147.359	23
147.389	23
147.424	23
147.459	23
147.489	23
147.52	20
147.558	22
147.589	23
147.624	23
147.658	22
147.689	23
147.723	22
147.752	20
147.789	23
147.823	22
147.858	22
147.888	22
147.924	23
147.958	22
147.988	22
148.024	23
148.058	22
148.088	22
148.124	23
148.152	20
148.189	23
148.224	23
148.259	23
148.289	23
148.319	20
148.359	23
148.389	23
148.424	23
148.459	23
148.489	23
148.524	23
148.559	23
148.589	23
148.624	23
148.659	23
148.689	23
148.724	23
148.759	23
148.792	26
148.819	23
148.845	29
148.87	29
148.895	29
148.924	23
148.959	23
148.984	23
149.024	23
149.059	23
149.089	23
149.119	20
149.154	23
149.189	23
149.224	23
149.259	23
149.289	23
149.324	23
149.359	23
149.391	25
149.424	23
149.459	23
149.489	23
149.524	23
149.559	23
149.589	23
149.624	23
149.662	26
149.689	23
149.724	23
149.75	20
149.775	29
149.802	31
149.827	26
149.859	23
149.889	23
149.924	23
149.959	23
149.989	23
150.02	20
150.059	23
150.089	23
150.124	23
150.159	23
150.189	23
150.224	23
150.259	23
150.289	23
150.324	23
150.359	23
150.389	23
150.424	23
150.459	23
150.489	23
150.524	23
150.559	23
150.589	23
150.624	23
150.65	20
150.676	30
150.702	31
150.727	26
150.759	23
150.788	22
150.823	22
150.858	22
150.888	22
150.918	20
150.959	23
150.989	23
151.024	23
151.059	23
151.089	23
151.124	23
151.159	23
151.189	23
151.224	23
151.249	23
151.277	31
151.304	33
151.33	29
151.359	23
151.389	23
151.419	23
151.459	23
151.489	23
151.524	23
151.559	23
151.589	23
151.624	23
151.659	23
151.689	23
151.724	23
151.75	20
151.775	34
151.802	31
151.827	26
151.859	23
151.889	23
151.927	26
151.959	23
151.989	23
152.023	22
152.059	23
152.089	23
152.124	23
152.15	20
152.177	31
152.204	33
152.23	29
152.259	23
152.289	23
152.324	23
152.359	23
152.389	23
152.424	23
152.454	23
152.489	23
152.524	23
152.55	20
152.577	31
152.604	33
152.63	29
152.659	23
152.689	23
152.724	23
152.759	23
152.789	23
152.824	23
152.859	23
152.889	23
152.924	23
152.95	20
152.975	34
153.001	30
153.027	26
153.059	23
153.089	23
153.124	23
153.159	23
153.189	23
153.224	23
153.259	23
153.289	23
153.324	23
153.35	20
153.375	34
153.402	31
153.427	26
153.459	23
153.489	23
153.524	23
153.559	23
153.589	23
153.624	23
153.659	23
153.689	23
153.724	23
153.75	20
153.777	31
153.804	33
153.83	29
153.859	23
153.889	23
153.924	23
153.959	23
153.989	23
154.024	23
154.059	23
154.089	23
154.124	23
154.15	20
154.176	30
154.202	31
154.227	26
154.259	23
154.289	23
154.323	22
154.359	23
154.388	22
154.424	23
154.459	23
154.489	23
154.524	23
154.558	22
154.588	22
154.624	23
154.658	22
154.689	23
154.723	22
154.758	22
154.789	23
154.815	20
154.841	30
154.867	26
154.894	28
154.924	23
154.959	23
154.985	20
155.024	23
155.059	23
155.089	23
155.124	23
155.155	20
155.181	25
155.208	32
155.233	27
155.259	23
155.289	23
155.324	23
155.359	23
155.389	23
155.424	23
155.459	23
155.489	23
155.524	23
155.559	23
155.589	23
155.624	23
155.65	20
155.675	34
155.702	31
155.727	26
155.759	23
155.789	23
155.824	23
155.859	23
155.889	23
155.924	23
155.949	38
155.974	33
156.002	31
156.027	26
156.059	23
156.089	23
156.12	20
156.145	34
156.172	31
156.198	32
156.224	23
156.259	23
156.289	23
156.324	23
156.359	23
156.389	23
156.418	20
156.444	33
156.472	31
156.498	27
156.524	23
156.559	23
156.589	23
156.624	23
156.649	23
156.677	31
156.704	33
156.73	29
156.758	22
156.788	22
156.824	23
156.859	23
156.889	23
156.924	23
156.959	23
156.988	22
157.02	20
157.059	23
157.089	23
157.127	26
157.159	23
157.189	23
157.224	23
157.252	20
157.277	31
157.304	33
157.33	29
157.359	23
157.389	23
157.424	23
157.449	23
157.474	33
157.499	28
157.526	25
157.558	22
157.589	23
157.624	23
157.65	20
157.676	30
157.703	32
157.73	29
157.758	22
157.788	22
157.815	20
157.841	30
157.869	28
157.895	29
157.923	22
157.959	23
157.985	20
158.023	22
158.049	23
158.074	33
158.101	30
158.127	26
158.159	23
158.189	23
158.224	23
158.259	23
158.291	25
158.318	20
158.344	28
158.371	30
158.398	27
158.424	23
158.459	23
158.485	20
158.524	23
158.559	23
158.589	23
158.624	23
158.652	20
158.677	31
158.704	33
158.73	29
158.759	23
158.789	23
158.818	20
158.843	32
158.868	27
158.895	29
158.923	22
158.959	23
158.989	23
159.023	22
159.059	23
159.089	23
159.123	22
159.159	23
159.188	22
159.22	20
159.259	23
159.288	22
159.323	22
159.359	23
159.389	23
159.424	23
159.454	23
159.48	24
159.507	31
159.533	27
159.559	23
159.589	23
159.624	23
159.654	23
159.689	23
159.724	23
159.759	23
159.789	23
159.824	23
159.859	23
159.889	23
159.924	23
159.959	23
159.989	23
160.024	23
160.05	20
160.076	35
160.101	30
160.126	25
160.159	23
160.189	23
160.224	23
160.259	23
160.284	38
160.31	39
160.337	31
160.362	26
160.392	26
160.424	23
160.451	35
160.479	38
160.505	34
160.53	29
160.559	23
160.585	20
160.612	36
160.637	31
160.662	26
160.689	23
160.727	26
160.759	23
160.789	23
160.824	23
160.849	38
160.874	33
160.901	30
160.927	26
160.959	23
160.989	23
161.024	23
161.059	23
161.089	23
161.124	23
161.159	23
161.189	23
161.215	20
161.242	36
161.268	32
161.295	29
161.324	23
161.359	23
161.389	23
161.42	20
161.445	34
161.471	30
161.498	32
161.523	22
161.559	23
161.589	23
161.624	23
161.659	23
161.689	23
161.724	23
161.759	23
161.789	23
161.824	23
161.859	23
161.889	23
161.914	23
161.94	34
161.965	29
161.992	26
162.024	23
162.059	23
162.089	23
162.124	23
162.159	23
162.189	23
162.215	20
162.24	34
162.265	29
162.292	26
162.324	23
162.359	23
162.388	22
162.424	23
162.459	23
162.488	22
162.518	20
162.544	33
162.569	28
162.594	28
162.627	26
162.659	23
162.689	23
162.724	23
162.755	20
162.789	23
162.827	26
162.859	23
162.889	23
162.924	23
162.959	23
162.989	23
163.014	23
163.039	28
163.065	29
163.092	26
163.124	23
163.159	23
163.189	23
163.224	23
163.249	23
163.275	29
163.302	31
163.327	26
163.359	23
163.389	23
163.424	23
163.459	23
163.489	23
163.515	20
163.541	30
163.569	28
163.595	29
163.627	26
163.659	23
163.689	23
163.724	23
163.759	23
163.785	20
163.824	23
163.859	23
163.889	23
163.924	23
163.959	23
163.989	23
164.024	23
164.055	20
164.089	23
164.124	23
164.159	23
164.189	23
164.224	23
164.259	23
164.289	23
164.324	23
164.359	23
164.389	23
164.415	20
164.443	32
164.468	27
164.495	29
164.524	23
164.559	23
164.589	23
164.624	23
164.659	23
164.685	20
164.724	23
164.759	23
164.789	23
164.824	23
164.859	23
164.889	23
164.924	23
164.959	23
164.989	23
165.024	23
165.059	23
165.089	23
165.115	20
165.142	31
165.168	27
165.195	29
165.224	23
165.258	22
165.285	20
165.323	22
165.358	22
165.388	22
165.423	22
165.458	22
165.488	22
165.523	22
165.558	22
165.588	22
165.618	20
165.658	22
165.688	22
165.723	22
165.758	22
165.785	20
165.823	22
165.858	22
165.888	22
165.923	22
165.952	20
165.988	22
166.023	22
166.058	22
166.088	22
166.118	20
166.158	22
166.188	22
166.223	22
166.258	22
166.288	22
166.323	22
166.358	22
166.388	22
166.426	25
166.458	22
166.488	22
166.523	22
166.548	22
166.573	32
166.6	29
166.626	25
166.658	22
166.688	22
166.715	20
166.741	30
166.767	26
166.794	28
166.823	22
166.858	22
166.885	20
166.923	22
166.958	22
166.988	22
167.023	22
167.052	20
167.088	22
167.123	22
167.158	22
167.188	22
167.218	20
167.258	22
167.288	22
167.323	22
167.358	22
167.385	20
167.423	22
167.458	22
167.488	22
167.523	22
167.555	20
167.588	22
167.624	23
167.659	23
167.689	23
167.724	23
167.759	23
167.789	23
167.824	23
167.859	23
167.889	23
167.924	23
167.959	23
167.989	23
168.024	23
168.059	23
168.089	23
168.124	23
168.15	20
168.177	31
168.204	33
168.23	29
168.259	23
168.289	23
168.318	20
168.345	34
168.37	29
168.397	26
168.423	22
168.458	22
168.488	22
168.523	22
168.558	22
168.583	22
168.623	22
168.653	22
168.688	22
168.723	22
168.753	22
168.788	22
168.824	23
168.859	23
168.889	23
168.915	20
168.941	30
168.966	30
168.992	26
169.024	23
169.059	23
169.085	20
169.124	23
169.159	23
169.189	23
169.224	23
169.252	20
169.289	23
169.324	23
169.359	23
169.389	23
169.418	20
169.458	22
169.488	22
169.523	22
169.558	22
169.585	20
169.623	22
169.658	22
169.688	22
169.723	22
169.755	20
169.788	22
169.824	23
169.859	23
169.889	23
169.924	23
169.959	23
169.989	23
170.024	23
170.059	23
170.089	23
170.124	23
170.159	23
170.189	23
170.224	23
170.259	23
170.289	23
170.324	23
170.35	20
170.377	31
170.404	33
170.43	29
170.459	23
170.489	23
170.518	20
170.559	23
170.589	23
170.624	23
170.659	23
170.689	23
170.724	23
170.759	23
170.789	23
170.824	23
170.859	23
170.889	23
170.924	23
170.959	23
170.989	23
171.024	23
171.059	23
171.089	23
171.115	20
171.142	31
171.167	26
171.194	28
171.223	22
171.258	22
171.285	20
171.324	23
171.358	22
171.388	22
171.423	22
171.452	20
171.488	22
171.523	22
171.558	22
171.588	22
171.618	20
171.658	22
171.688	22
171.723	22
171.758	22
171.785	20
171.823	22
171.858	22
171.888	22
171.923	22
171.952	20
171.988	22
172.023	22
172.058	22
172.088	22
172.113	22
172.138	32
172.164	28
172.191	25
172.218	22
172.258	22
172.285	20
172.323	22
172.358	22
172.388	22
172.423	22
172.455	20
172.488	22
172.523	22
172.558	22
172.588	22
172.623	22
172.658	22
172.688	22
172.723	22
172.758	22
172.788	22
172.823	22
172.858	22
172.888	22
172.923	22
172.958	22
172.988	22
173.023	22
173.05	20
173.076	30
173.103	32
173.129	28
173.158	22
173.188	22
173.218	20
173.244	23
173.27	29
173.297	26
173.326	25
173.358	22
173.385	20
173.424	23
173.459	23
173.489	23
173.524	23
173.554	23
173.589	23
173.624	23
173.659	23
173.689	23
173.718	20
173.759	23
173.789	23
173.824	23
173.859	23
173.885	20
173.924	23
173.959	23
173.989	23
174.024	23
174.052	20
174.089	23
174.124	23
174.158	22
174.188	22
174.218	20
174.258	22
174.288	22
174.323	22
174.358	22
174.388	22
174.423	22
174.458	22
174.488	22
174.523	22
174.558	22
174.588	22
174.623	22
174.658	22
174.688	22
174.724	23
174.759	23
174.789	23
174.815	20
174.842	31
174.868	27
174.895	29
174.924	23
174.959	23
174.985	20
175.024	23
175.059	23
175.089	23
175.124	23
175.155	20
175.189	23
175.214	23
175.239	33
175.264	28
175.291	25
175.323	22
175.358	22
175.388	22
175.423	22
175.458	22
175.488	22
175.523	22
175.558	22
175.588	22
175.618	22
175.661	25
175.688	22
175.723	22
175.75	20
175.776	30
175.803	32
175.829	28
175.858	22
175.888	22
175.923	22
175.958	22
175.988	22
176.023	22
176.058	22
176.085	20
176.123	22
176.158	22
176.188	22
176.223	22
176.252	20
176.279	33
176.306	30
176.332	26
176.358	22
176.388	22
176.418	20
176.458	22
176.488	22
176.523	22
176.553	22
176.585	20
176.623	22
176.658	22
176.688	22
176.723	22
176.755	20
176.788	22
176.823	22
176.858	22
176.888	22
176.923	22
176.958	22
176.988	22
177.023	22
177.058	22
177.088	22
177.123	22
177.158	22
177.188	22
177.223	22
177.258	22
177.288	22
177.323	22
177.35	20
177.376	30
177.403	32
177.429	28
177.458	22
177.488	22
177.518	20
177.558	22
177.588	22
177.623	22
177.658	22
177.688	22
177.723	22
177.758	22
177.788	22
177.823	22
177.858	22
177.888	22
177.923	22
177.958	22
177.988	22
178.023	22
178.058	22
178.088	22
178.115	20
178.141	30
178.167	26
178.194	28
178.223	22
178.258	22
178.285	20
178.323	22
178.358	22
178.388	22
178.423	22
178.452	20
178.488	22
178.523	22
178.558	22
178.588	22
178.618	20
178.658	22
178.688	22
178.723	22
178.758	22
178.785	20
178.823	22
178.858	22
178.888	22
178.923	22
178.948	22
178.973	32
179	29
179.026	25
179.058	22
179.088	22
179.123	22
179.158	22
179.188	22
179.223	22
179.258	22
179.288	22
179.323	22
179.358	22
179.388	22
179.423	22
179.458	22
179.488	22
179.523	22
179.55	20
179.576	30
179.603	32
179.629	28
179.658	22
179.688	22
179.718	20
179.758	22
179.788	22
179.823	22
179.858	22
179.885	20
179.923	22
179.953	22
179.988	22
180.023	22
180.052	20
180.088	22
180.123	22
180.158	22
180.188	22
180.218	20
180.258	22
180.288	22
180.323	22
180.358	22
180.385	20
180.423	22
180.458	22
180.488	22
180.523	22
180.555	20
180.588	22
180.624	23
180.659	23
180.689	23
180.724	23
180.759	23
180.789	23
180.824	23
180.859	23
180.889	23
180.924	23
180.959	23
180.989	23
181.024	23
181.059	23
181.089	23
181.124	23
181.15	20
181.177	31
181.204	33
181.23	29
181.258	22
181.288	22
181.318	20
181.358	22
181.388	22
181.423	22
181.458	22
181.488	22
181.526	25
181.558	22
181.583	22
181.623	22
181.652	20
181.691	25
181.723	22
181.758	22
181.788	22
181.818	20
181.858	22
181.888	22
181.923	22
181.958	22
181.985	20
182.023	22
182.058	22
182.088	22
182.123	22
182.152	20
182.188	22
182.223	22
182.258	22
182.288	22
182.318	20
182.361	25
182.388	22
182.423	22
182.458	22
182.483	22
182.513	22
182.538	32
182.564	28
182.591	25
182.626	25
182.658	22
182.688	22
182.723	22
182.758	22
182.788	22
182.823	22
182.858	22
182.888	22
182.915	20
182.941	30
182.967	26
182.994	28
183.023	22
183.058	22
183.085	20
183.123	22
183.158	22
183.188	22
183.223	22
183.252	20
183.288	22
183.323	22
183.358	22
183.388	22
183.418	20
183.448	22
183.473	32
183.5	29
183.526	25
183.558	22
183.588	22
183.623	22
183.658	22
183.688	22
183.723	22
183.758	22
183.788	22
183.823	22
183.858	22
183.888	22
183.923	22
183.958	22
183.988	22
184.015	20
184.041	30
184.067	26
184.097	26
184.123	22
184.158	22
184.185	20
184.223	22
184.258	22
184.288	22
184.323	22
184.355	20
184.389	23
184.424	23
184.459	23
184.489	23
184.523	22
184.549	23
184.576	30
184.603	32
184.629	28
184.658	22
184.688	22
184.723	22
184.758	22
184.788	22
184.818	22
184.858	22
184.888	22
184.918	22
184.95	20
184.976	30
185.002	31
185.027	26
185.059	23
185.089	23
185.118	20
185.159	23
185.192	26
185.223	22
185.259	23
185.285	20
185.324	23
185.359	23
185.389	23
185.424	23
185.455	20
185.489	23
185.514	23
185.541	30
185.566	30
185.592	26
185.624	23
185.659	23
185.689	23
185.724	23
185.759	23
185.789	23
185.824	23
185.858	22
185.888	22
185.913	22
185.938	32
185.964	28
185.991	25
186.023	22
186.05	20
186.076	30
186.103	32
186.129	28
186.158	22
186.188	22
186.218	20
186.258	22
186.288	22
186.323	22
186.358	22
186.388	22
186.423	22
186.458	22
186.488	22
186.523	22
186.558	22
186.588	22
186.623	22
186.658	22
186.688	22
186.723	22
186.758	22
186.788	22
186.815	20
186.841	30
186.867	26
186.894	28
186.923	22
186.959	23
186.985	20
187.024	23
187.059	23
187.089	23
187.124	23
187.155	20
187.189	23
187.224	23
187.259	23
187.289	23
187.319	23
187.358	22
187.391	25
187.423	22
187.458	22
187.488	22
187.523	22
187.558	22
187.588	22
187.623	22
187.648	22
187.673	32
187.7	29
187.726	25
187.758	22
187.788	22
187.823	22
187.858	22
187.888	22
187.918	20
187.953	22
187.991	25
188.023	22
188.059	23
188.085	20
188.124	23
188.159	23
188.189	23
188.224	23
188.251	20
188.276	30
188.302	31
188.327	26
188.359	23
188.389	23
188.418	20
188.458	22
188.488	22
188.523	22
188.558	22
188.585	20
188.623	22
188.658	22
188.688	22
188.723	22
188.755	20
188.788	22
188.823	22
188.858	22
188.888	22
188.923	22
188.958	22
188.988	22
189.023	22
189.058	22
189.088	22
189.123	22
189.158	22
189.188	22
189.223	22
189.258	22
189.288	22
189.323	22
189.35	20
189.376	30
189.403	32
189.429	28
189.458	22
189.488	22
189.518	20
189.558	22
189.588	22
189.623	22
189.658	22
189.688	22
189.723	22
189.758	22
189.788	22
189.823	22
189.858	22
189.891	25
189.923	22
189.958	22
189.988	22
190.023	22
190.048	22
190.073	32
190.1	29
190.126	25
190.158	22
190.188	22
190.223	22
190.258	22
190.285	20
190.323	22
190.358	22
190.388	22
190.423	22
190.455	20
190.491	25
190.523	22
190.558	22
190.588	22
190.623	22
190.653	22
190.688	22
190.724	23
190.759	23
190.784	23
190.824	23
190.859	23
190.889	23
190.924	23
190.959	23
190.989	23
191.024	23
191.05	20
191.076	30
191.102	31
191.129	28
191.158	22
191.183	22
191.218	20
191.244	33
191.269	28
191.296	30
191.324	23
191.359	23
191.385	20
191.424	23
191.459	23
191.489	23
191.523	22
191.555	20
191.583	22
191.623	22
191.658	22
191.688	22
191.723	22
191.758	22
191.788	22
191.823	22
191.858	22
191.888	22
191.923	22
191.958	22
191.988	22
192.023	22
192.058	22
192.088	22
192.123	22
192.15	20
192.176	30
192.203	32
192.229	28
192.258	22
192.288	22
192.32	20
192.358	22
192.388	22
192.423	22
192.458	22
192.488	22
192.523	22
192.558	22
192.588	22
192.624	23
192.658	22
192.688	22
192.723	22
192.758	22
192.788	22
192.824	23
192.853	22
192.889	23
192.915	20
192.941	30
192.967	26
192.994	28
193.023	22
193.058	22
193.085	20
193.123	22
193.158	22
193.188	22
193.223	22
193.255	20
193.288	22
193.323	22
193.358	22
193.388	22
193.423	22
193.458	22
193.488	22
193.523	22
193.558	22
193.588	22
193.626	25
193.658	22
193.688	22
193.723	22
193.758	22
193.788	22
193.826	25
193.858	22
193.888	22
193.923	22
193.958	22
193.988	22
194.018	20
194.058	22
194.088	22
194.123	22
194.158	22
194.188	22
194.223	22
194.258	22
194.288	22
194.323	22
194.358	22
194.388	22
194.423	22
194.458	22
194.488	22
194.523	22
194.558	22
194.588	22
194.615	20
194.641	30
194.667	26
194.694	28
194.723	22
194.758	22
194.785	20
194.823	22
194.858	22
194.888	22
194.924	23
194.955	20
194.989	23
195.024	23
195.059	23
195.089	23
195.114	23
195.139	33
195.164	28
195.191	25
195.223	22
195.258	22
195.288	22
195.323	22
195.358	22
195.388	22
195.424	23
195.459	23
195.489	23
195.524	23
195.55	20
195.577	31
195.604	33
195.63	29
195.659	23
195.689	23
195.718	20
195.759	23
195.789	23
195.824	23
195.859	23
195.889	23
195.924	23
195.958	22
195.988	22
196.023	22
196.058	22
196.088	22
196.123	22
196.159	23
196.189	23
196.224	23
196.258	22
196.288	22
196.315	20
196.341	30
196.367	26
196.394	28
196.423	22
196.458	22
196.485	20
196.518	22
196.558	22
196.588	22
196.623	22
196.651	20
196.676	30
196.703	32
196.729	28
196.758	22
196.788	22
196.818	20
196.858	22
196.888	22
196.923	22
196.958	22
196.985	20
197.023	22
197.058	22
197.088	22
197.123	22
197.155	20
197.188	22
197.223	22
197.258	22
197.288	22
197.323	22
197.358	22
197.388	22
197.423	22
197.458	22
197.488	22
197.523	22
197.558	22
197.588	22
197.623	22
197.658	22
197.688	22
197.723	22
197.75	20
197.776	30
197.803	32
197.829	28
197.858	22
197.888	22
197.918	20
197.958	22
197.988	22
198.013	22
198.038	32
198.064	28
198.091	25
198.123	22
198.158	22
198.183	22
198.218	22
198.244	28
198.269	28
198.296	30
198.324	23
198.359	23
198.389	23
198.423	22
198.458	22
198.488	22
198.515	20
198.541	30
198.567	26
198.594	28
198.623	22
198.658	22
198.685	20
198.726	25
198.758	22
198.788	22
198.824	23
198.855	20
198.889	23
198.924	23
198.959	23
198.989	23
199.024	23
199.058	22
199.088	22
199.123	22
199.158	22
199.188	22
199.223	22
199.258	22
199.288	22
199.323	22
199.358	22
199.388	22
199.423	22
199.45	20
199.476	30
199.503	32
199.532	26
199.558	22
199.591	25
199.618	20
199.644	28
199.67	29
199.697	26
199.723	22
199.753	22
199.785	20
199.818	22
199.844	33
199.869	28
199.896	30
199.924	23
199.951	20
199.976	30
200.002	31
200.027	26
200.059	23
200.089	23
200.118	20
200.159	23
200.189	23
200.224	23
200.259	23
200.285	20
200.324	23
200.359	23
200.389	23
200.424	23
200.455	20
200.488	22
200.523	22
200.558	22
200.588	22
200.623	22
200.648	22
200.673	32
200.7	29
200.726	25
200.758	22
200.788	22
200.823	22
200.858	22
200.888	22
200.923	22
200.958	22
200.988	22
201.023	22
201.05	20
201.076	30
201.103	32
201.129	28
201.158	22
201.188	22
201.22	20
201.258	22
201.288	22
201.323	22
201.358	22
201.388	22
201.423	22
201.458	22
201.488	22
201.523	22
201.548	22
201.574	33
201.6	29
201.626	25
201.658	22
201.688	22
201.723	22
201.758	22
201.788	22
201.815	20
201.841	30
201.867	26
201.894	28
201.923	22
201.958	22
201.985	20
202.023	22
202.058	22
202.088	22
202.123	22
202.155	20
202.188	22
202.213	22
202.238	32
202.264	28
202.291	25
202.323	22
202.358	22
202.388	22
202.423	22
202.458	22
202.488	22
202.523	22
202.558	22
202.588	22
202.623	22
202.658	22
202.688	22
202.723	22
202.75	20
202.776	30
202.803	32
202.829	28
202.858	22
202.888	22
202.918	20
202.958	22
202.988	22
203.023	22
203.058	22
203.085	20
203.123	22
203.158	22
203.191	25
203.223	22
203.255	20
203.288	22
203.324	23
203.359	23
203.389	23
203.414	23
203.439	33
203.464	28
203.491	25
203.523	22
203.558	22
203.588	22
203.623	22
203.658	22
203.688	22
203.723	22
203.758	22
203.788	22
203.823	22
203.85	20
203.876	30
203.903	32
203.929	28
203.958	22
203.988	22
204.018	20
204.058	22
204.088	22
204.123	22
204.158	22
204.185	20
204.223	22
204.258	22
204.288	22
204.323	22
204.355	20
204.388	22
204.413	22
204.438	32
204.464	28
204.491	25
204.523	22
204.558	22
204.588	22
204.623	22
204.658	22
204.688	22
204.723	22
204.758	22
204.791	25
204.823	22
204.858	22
204.888	22
204.923	22
204.95	20
204.976	30
205.003	32
205.029	28
205.058	22
205.088	22
205.118	20
205.158	22
205.188	22
205.223	22
205.258	22
205.285	20
205.323	22
205.358	22
205.388	22
205.426	25
205.455	20
205.488	22
205.523	22
205.558	22
205.588	22
205.623	22
205.658	22
205.688	22
205.723	22
205.758	22
205.788	22
205.823	22
205.858	22
205.888	22
205.926	25
205.958	22
205.988	22
206.023	22
206.05	20
206.076	30
206.103	32
206.129	28
206.158	22
206.188	22
206.218	20
206.258	22
206.288	22
206.323	22
206.358	22
206.385	20
206.423	22
206.458	22
206.488	22
206.523	22
206.555	20
206.588	22
206.623	22
206.658	22
206.688	22
206.723	22
206.758	22
206.788	22
206.823	22
206.853	22
206.888	22
206.923	22
206.958	22
206.988	22
207.023	22
207.058	22
207.088	22
207.123	22
207.15	20
207.176	30
207.203	32
207.229	28
207.258	22
207.288	22
207.318	20
207.358	22
207.388	22
207.423	22
207.458	22
207.485	20
207.523	22
207.558	22
207.588	22
207.623	22
207.655	20
207.688	22
207.723	22
207.758	22
207.788	22
207.823	22
207.858	22
207.888	22
207.923	22
207.958	22
207.988	22
208.023	22
208.058	22
208.088	22
208.123	22
208.148	22
208.173	32
208.2	29
208.226	25
208.258	22
208.288	22
208.323	22
208.358	22
208.388	22
208.418	20
208.458	22
208.488	22
208.523	22
208.558	22
208.591	25
208.626	25
208.658	22
208.688	22
208.723	22
208.758	22
208.788	22
208.823	22
208.858	22
208.888	22
208.923	22
208.958	22
208.988	22
209.015	20
209.041	30
209.067	26
209.094	28
209.123	22
209.158	22
209.185	20
209.223	22
209.258	22
209.288	22
209.323	22
209.355	20
209.388	22
209.426	25
209.458	22
209.488	22
209.523	22
209.558	22
209.588	22
209.613	22
209.638	32
209.664	28
209.691	25
209.723	22
209.758	22
209.788	22
209.823	22
209.858	22
209.888	22
209.923	22
209.95	20
209.976	30
210.003	32
210.029	28
210.058	22
210.088	22
210.118	20
210.158	22
210.188	22
210.223	22
210.248	22
210.273	32
210.3	29
210.327	26
210.359	23
210.389	23
210.423	22
210.449	23
210.476	30
210.503	32
210.529	28
210.558	22
210.588	22
210.623	22
210.658	22
210.688	22
210.723	22
210.758	22
210.788	22
210.823	22
210.858	22
210.888	22
210.923	22
210.958	22
210.988	22
211.023	22
211.05	20
211.076	30
211.103	32
211.129	28
211.158	22
211.188	22
211.218	20
211.258	22
211.288	22
211.323	22
211.358	22
211.385	20
211.423	22
211.448	22
211.473	32
211.5	29
211.526	25
211.555	20
211.588	22
211.623	22
211.658	22
211.688	22
211.723	22
211.758	22
211.788	22
211.823	22
211.858	22
211.888	22
211.923	22
211.958	22
211.988	22
212.023	22
212.058	22
212.083	22
212.124	23
212.15	20
212.176	30
212.203	32
212.231	30
212.259	23
212.289	23
212.318	20
212.358	22
212.388	22
212.423	22
212.448	22
212.473	32
212.5	29
212.526	25
212.559	23
212.589	23
212.614	23
212.641	30
212.666	30
212.692	26
212.724	23
212.759	23
212.789	23
212.824	23
212.859	23
212.889	23
212.924	23
212.959	23
212.989	23
213.023	22
213.058	22
213.088	22
213.123	22
213.158	22
213.183	22
213.223	22
213.25	20
213.276	30
213.303	32
213.331	30
213.359	23
213.389	23
213.418	20
213.459	23
213.489	23
213.524	23
213.559	23
213.585	20
213.624	23
213.658	22
213.688	22
213.723	22
213.755	20
213.788	22
213.823	22
213.858	22
213.888	22
213.923	22
213.958	22
213.988	22
214.023	22
214.059	23
214.089	23
214.124	23
214.159	23
214.189	23
214.224	23
214.259	23
214.289	23
214.324	23
214.35	20
214.376	30
214.402	31
214.427	26
214.459	23
214.489	23
214.514	23
214.541	30
214.566	30
214.592	26
214.624	23
214.659	23
214.689	23
214.724	23
214.759	23
214.789	23
214.824	23
214.859	23
214.889	23
214.924	23
214.959	23
214.989	23
215.024	23
215.062	26
215.089	23
215.115	20
215.141	30
215.166	30
215.192	26
215.224	23
215.258	22
215.285	20
215.323	22
215.359	23
215.389	23
215.424	23
215.455	20
215.489	23
215.524	23
215.559	23
215.589	23
215.624	23
215.658	22
215.688	22
215.723	22
215.758	22
215.788	22
215.823	22
215.858	22
215.888	22
215.923	22
215.958	22
215.988	22
216.023	22
216.05	20
216.076	30
216.103	32
216.129	28
216.158	22
216.188	22
216.22	20
216.258	22
216.288	22
216.323	22
216.358	22
216.388	22
216.423	22
216.458	22
216.488	22
216.518	22
216.558	22
216.588	22
216.623	22
216.658	22
216.688	22
216.723	22
216.758	22
216.788	22
216.815	20
216.841	30
216.867	26
216.894	28
216.923	22
216.948	22
216.973	32
217	29
217.026	25
217.058	22
217.088	22
217.123	22
217.155	20
217.188	22
217.223	22
217.258	22
217.288	22
217.323	22
217.358	22
217.388	22
217.423	22
217.458	22
217.488	22
217.523	22
217.558	22
217.588	22
217.623	22
217.658	22
217.688	22
217.724	23
217.75	20
217.777	31
217.804	33
217.83	29
217.859	23
217.889	23
217.918	20
217.959	23
217.989	23
218.024	23
218.059	23
218.089	23
218.124	23
218.159	23
218.189	23
218.224	23
218.259	23
218.289	23
218.327	26
218.359	23
218.389	23
218.424	23
218.459	23
218.489	23
218.515	20
218.542	31
218.568	27
218.595	29
218.624	23
218.659	23
218.684	20
218.724	23
218.759	23
218.789	23
218.824	23
218.855	20
218.889	23
218.924	23
218.959	23
218.989	23
219.019	23
219.049	23
219.076	30
219.103	32
219.129	28
219.158	22
219.188	22
219.223	22
219.258	22
219.291	25
219.323	22
219.359	23
219.389	23
219.424	23
219.45	20
219.476	30
219.502	31
219.527	26
219.559	23
219.589	23
219.618	20
219.659	23
219.684	23
219.727	26
219.759	23
219.784	20
219.824	23
219.859	23
219.889	23
219.924	23
219.95	20
219.976	30
220.002	31
220.031	30
220.059	23
220.089	23
220.124	23
220.159	23
220.189	23
220.224	23
220.259	23
220.284	20
220.324	23
220.358	22
220.388	22
220.423	22
220.455	20
220.488	22
220.523	22
220.561	25
220.588	22
220.623	22
220.653	22
220.688	22
220.723	22
220.758	22
220.788	22
220.823	22
220.858	22
220.888	22
220.923	22
220.958	22
220.988	22
221.023	22
221.05	20
221.076	30
221.103	32
221.129	28
221.158	22
221.188	22
221.218	20
221.258	22
221.288	22
221.323	22
221.358	22
221.388	22
221.423	22
221.458	22
221.488	22
221.523	22
221.558	22
221.588	22
221.623	22
221.658	22
221.688	22
221.723	22
221.758	22
221.788	22
221.815	20
221.841	30
221.867	26
221.894	28
221.923	22
221.958	22
221.984	20
222.018	22
222.053	22
222.088	22
222.123	22
222.155	20
222.188	22
222.223	22
222.258	22
222.288	22
222.323	22
222.358	22
222.388	22
222.418	22
222.458	22
222.488	22
222.523	22
222.558	22
222.588	22
222.623	22
222.658	22
222.688	22
222.723	22
222.75	20
222.776	30
222.803	32
222.829	28
222.858	22
222.888	22
222.918	20
222.958	22
222.988	22
223.023	22
223.058	22
223.084	20
223.123	22
223.158	22
223.188	22
223.223	22
223.255	20
223.288	22
223.323	22
223.359	23
223.389	23
223.424	23
223.459	23
223.489	23
223.524	23
223.559	23
223.589	23
223.627	26
223.654	23
223.68	29
223.707	31
223.732	26
223.758	22
223.788	22
223.826	25
223.858	22
223.888	22
223.918	22
223.958	22
223.988	22
224.018	20
224.044	33
224.07	29
224.097	26
224.123	22
224.158	22
224.184	20
224.223	22
224.258	22
224.288	22
224.323	22
224.35	20
224.376	30
224.403	32
224.429	28
224.458	22
224.488	22
224.518	20
224.558	22
224.588	22
224.623	22
224.658	22
224.684	20
224.723	22
224.758	22
224.788	22
224.823	22
224.855	20
224.888	22
224.923	22
224.958	22
224.988	22
225.023	22
225.059	23
225.089	23
225.119	23
225.145	24
225.17	29
225.197	26
225.223	22
225.258	22
225.288	22
225.323	22
225.358	22
225.388	22
225.423	22
225.45	20
225.476	30
225.503	32
225.529	28
225.558	22
225.588	22
225.618	20
225.658	22
225.688	22
225.723	22
225.748	22
225.773	32
225.8	29
225.827	26
225.853	22
225.889	23
225.924	23
225.95	20
225.976	30
226.002	31
226.027	26
226.059	23
226.089	23
226.118	20
226.144	33
226.169	28
226.196	30
226.224	23
226.259	23
226.284	20
226.323	22
226.358	22
226.388	22
226.423	22
226.455	20
226.488	22
226.523	22
226.558	22
226.588	22
226.623	22
226.658	22
226.688	22
226.723	22
226.758	22
226.788	22
226.823	22
226.858	22
226.883	22
226.923	22
226.958	22
226.988	22
227.023	22
227.05	20
227.076	30
227.103	32
227.129	28
227.158	22
227.188	22
227.22	20
227.258	22
227.288	22
227.323	22
227.358	22
227.388	22
227.423	22
227.458	22
227.488	22
227.523	22
227.559	23
227.589	23
227.624	23
227.659	23
227.689	23
227.724	23
227.759	23
227.789	23
227.815	20
227.842	31
227.867	26
227.894	28
227.924	23
227.958	22
227.984	20
228.023	22
228.058	22
228.088	22
228.123	22
228.158	22
228.183	22
228.223	22
228.258	22
228.288	22
228.323	22
228.358	22
228.388	22
228.423	22
228.458	22
228.488	22
228.523	22
228.558	22
228.588	22
228.623	22
228.658	22
228.688	22
228.723	22
228.75	20
228.776	30
228.803	32
228.829	28
228.858	22
228.888	22
228.918	20
228.958	22
228.988	22
229.026	25
229.053	22
229.079	28
229.123	22
229.158	22
229.188	22
229.223	22
229.255	20
229.283	22
229.323	22
229.359	23
229.389	23
229.424	23
229.459	23
229.489	23
229.514	23
229.541	30
229.566	30
229.592	26
229.624	23
229.659	23
229.689	23
229.724	23
229.759	23
229.789	23
229.819	23
229.844	23
229.869	28
229.896	30
229.924	23
229.959	23
229.989	23
230.018	20
230.059	23
230.089	23
230.124	23
230.159	23
230.184	20
230.223	22
230.258	22
230.288	22
230.323	22
230.355	20
230.388	22
230.423	22
230.458	22
230.488	22
230.523	22
230.558	22
230.588	22
230.623	22
230.658	22
230.688	22
230.723	22
230.758	22
230.788	22
230.823	22
230.859	23
230.889	23
230.924	23
230.95	20
230.976	30
231.003	32
231.029	28
231.058	22
231.088	22
231.123	22
231.158	22
231.188	22
231.223	22
231.258	22
231.284	20
231.323	22
231.358	22
231.388	22
231.423	22
231.45	20
231.476	30
231.503	32
231.529	28
231.558	22
231.588	22
231.618	20
231.658	22
231.688	22
231.723	22
231.758	22
231.784	20
231.823	22
231.858	22
231.888	22
231.923	22
231.955	20
231.988	22
232.023	22
232.058	22
232.088	22
232.123	22
232.158	22
232.188	22
232.224	23
232.259	23
232.289	23
232.324	23
232.359	23
232.389	23
232.414	23
232.439	33
232.465	29
232.492	26
232.523	22
232.55	20
232.576	30
232.603	32
232.629	28
232.658	22
232.688	22
232.718	20
232.758	22
232.788	22
232.826	25
232.858	22
232.888	22
232.923	22
232.958	22
232.988	22
233.023	22
233.058	22
233.088	22
233.123	22
233.158	22
233.188	22
233.223	22
233.258	22
233.283	22
233.315	20
233.341	30
233.367	26
233.394	28
233.423	22
233.458	22
233.484	20
233.523	22
233.558	22
233.588	22
233.623	22
233.655	20
233.688	22
233.723	22
233.758	22
233.788	22
233.818	22
233.858	22
233.888	22
233.923	22
233.958	22
233.988	22
234.023	22
234.061	25
234.088	22
234.123	22
234.158	22
234.188	22
234.223	22
234.25	20
234.276	30
234.303	32
234.329	28
234.358	22
234.388	22
234.418	20
234.458	22
234.488	22
234.523	22
234.558	22
234.583	22
234.623	22
234.658	22
234.688	22
234.723	22
234.755	20
234.788	22
234.823	22
234.858	22
234.888	22
234.923	22
234.958	22
234.988	22
235.023	22
235.058	22
235.088	22
235.123	22
235.159	23
235.189	23
235.224	23
235.259	23
235.289	23
235.324	23
235.35	20
235.377	31
235.404	33
235.43	29
235.459	23
235.489	23
235.514	23
235.539	33
235.564	28
235.591	25
235.624	23
235.659	23
235.689	23
235.724	23
235.759	23
235.789	23
235.823	22
235.858	22
235.888	22
235.923	22
235.958	22
235.988	22
236.023	22
236.058	22
236.088	22
236.115	20
236.141	30
236.167	26
236.194	28
236.223	22
236.258	22
236.284	20
236.323	22
236.358	22
236.388	22
236.423	22
236.455	20
236.488	22
236.523	22
236.559	23
236.589	23
236.624	23
236.659	23
236.689	23
236.719	23
236.761	25
236.788	22
236.823	22
236.858	22
236.888	22
236.923	22
236.958	22
236.991	25
237.023	22
237.05	20
237.076	30
237.103	32
237.129	28
237.158	22
237.188	22
237.218	20
237.258	22
237.288	22
237.318	22
237.359	23
237.384	20
237.409	28
237.434	28
237.459	23
237.489	23
237.527	26
237.559	23
237.589	23
237.624	23
237.659	23
237.689	23
237.714	23
237.74	29
237.765	29
237.792	26
237.824	23
237.859	23
237.889	23
237.924	23
237.951	20
237.976	30
238.002	31
238.027	26
238.059	23
238.089	23
238.124	23
238.159	23
238.189	23
238.224	23
238.259	23
238.284	20
238.309	28
238.334	28
238.359	23
238.389	23
238.419	23
238.455	20
238.489	23
238.524	23
238.559	23
238.589	23
238.624	23
238.659	23
238.689	23
238.724	23
238.759	23
238.789	23
238.824	23
238.859	23
238.889	23
238.924	23
238.959	23
238.989	23
239.024	23
239.05	20
239.076	30
239.103	32
239.129	28
239.158	22
239.188	22
239.213	22
239.238	32
239.264	28
239.291	25
239.323	22
239.358	22
239.383	22
239.423	22
239.461	25
239.488	22
239.523	22
239.558	22
239.588	22
239.623	22
239.658	22
239.688	22
239.723	22
239.758	22
239.788	22
239.815	20
239.841	30
239.867	26
239.894	28
239.923	22
239.958	22
239.984	20
240.023	22
240.058	22
240.088	22
240.123	22
240.155	20
240.188	22
240.223	22
240.248	22
240.273	32
240.3	29
240.326	25
240.358	22
240.388	22
240.423	22
240.458	22
240.488	22
240.523	22
240.558	22
240.588	22
240.623	22
240.658	22
240.688	22
240.723	22
240.758	22
240.788	22
240.823	22
240.858	22
240.888	22
240.918	20
240.958	22
240.988	22
241.023	22
241.058	22
241.088	22
241.123	22
241.148	22
241.173	32
241.2	29
241.226	25
241.258	22
241.288	22
241.323	22
241.358	22
241.388	22
241.423	22
241.458	22
241.488	22
241.515	20
241.541	30
241.567	26
241.592	26
241.623	22
241.658	22
241.683	22
241.713	22
241.741	30
241.766	30
241.792	26
241.824	23
241.85	20
241.876	30
241.902	31
241.927	26
241.959	23
241.989	23
242.015	20
242.041	30
242.066	30
242.092	26
242.124	23
242.159	23
242.184	20
242.224	23
242.259	23
242.289	23
242.324	23
242.355	20
242.389	23
242.424	23
242.459	23
242.489	23
242.524	23
242.558	22
242.588	22
242.623	22
242.658	22
242.688	22
242.718	22
242.744	33
242.77	29
242.797	26
242.823	22
242.858	22
242.888	22
242.918	22
242.95	20
242.976	30
243.003	32
243.029	28
243.058	22
243.088	22
243.118	20
243.158	22
243.188	22
243.218	22
243.261	25
243.288	22
243.323	22
243.359	23
243.389	23
243.424	23
243.459	23
243.489	23
243.524	23
243.559	23
243.584	23
243.624	23
243.659	23
243.689	23
243.724	23
243.758	22
243.788	22
243.823	22
243.858	22
243.884	20
243.926	25
243.958	22
243.988	22
244.023	22
244.055	20
244.088	22
244.123	22
244.161	25
244.188	22
244.223	22
244.253	22
244.288	22
244.324	23
244.358	22
244.388	22
244.424	23
244.459	23
244.489	23
244.523	22
244.558	22
244.588	22
244.623	22
244.65	20
244.676	30
244.703	32
244.729	28
244.758	22
244.788	22
244.818	20
244.858	22
244.888	22
244.923	22
244.958	22
244.988	22
245.023	22
245.058	22
245.088	22
245.123	22
245.158	22
245.188	22
245.223	22
245.258	22
245.288	22
245.324	23
245.359	23
245.389	23
245.415	20
245.442	31
245.468	27
245.495	29
245.524	23
245.559	23
245.584	20
245.624	23
245.659	23
245.689	23
245.724	23
245.755	20
245.789	23
245.824	23
245.859	23
245.889	23
245.924	23
245.959	23
245.989	23
246.024	23
246.059	23
246.089	23
246.114	23
246.139	33
246.164	28
246.191	25
246.223	22
246.258	22
246.288	22
246.323	22
246.35	20
246.376	30
246.403	32
246.429	28
246.458	22
246.488	22
246.518	20
246.548	22
246.573	32
246.6	29
246.626	25
246.658	22
246.684	20
246.723	22
246.761	25
246.788	22
246.823	22
246.855	20
246.888	22
246.918	22
246.958	22
246.988	22
247.023	22
247.058	22
247.088	22
247.123	22
247.158	22
247.188	22
247.223	22
247.258	22
247.288	22
247.313	22
247.338	32
247.364	28
247.391	25
247.423	22
247.45	20
247.476	30
247.503	32
247.529	28
247.558	22
247.588	22
247.618	20
247.658	22
247.688	22
247.723	22
247.758	22
247.788	22
247.823	22
247.858	22
247.888	22
247.923	22
247.958	22
247.988	22
248.023	22
248.053	22
248.088	22
248.123	22
248.158	22
248.188	22
248.215	20
248.241	30
248.267	26
248.294	28
248.323	22
248.348	22
248.373	32
248.4	29
248.426	25
248.458	22
248.488	22
248.523	22
248.555	20
248.588	22
248.623	22
248.658	22
248.688	22
248.723	22
248.758	22
248.788	22
248.823	22
248.858	22
248.888	22
248.923	22
248.958	22
248.988	22
249.023	22
249.059	23
249.089	23
249.114	23
249.141	30
249.166	30
249.192	26
249.224	23
249.259	23
249.289	23
249.318	20
249.359	23
249.389	23
249.423	22
249.458	22
249.483	22
249.524	23
249.559	23
249.589	23
249.624	23
249.655	20
249.689	23
249.724	23
249.759	23
249.789	23
249.824	23
249.858	22
249.888	22
249.923	22
249.958	22
249.988	22
250.023	22
250.058	22
250.088	22
250.123	22
250.158	22
250.188	22
250.223	22
250.25	20
250.277	31
250.304	33
250.33	29
250.359	23
250.389	23
250.42	20
250.459	23
250.489	23
250.524	23
250.559	23
250.592	26
250.624	23
250.658	22
250.691	25
250.723	22
250.758	22
250.788	22
250.823	22
250.848	22
250.873	32
250.9	29
250.926	25
250.958	22
250.988	22
251.015	20
251.041	30
251.067	26
251.094	28
251.124	23
251.159	23
251.184	20
251.224	23
251.259	23
251.289	23
251.324	23
251.35	20
251.376	30
251.402	31
251.427	26
251.459	23
251.489	23
251.517	20
251.559	23
251.589	23
251.619	23
251.659	23
251.684	20
251.723	22
251.758	22
251.788	22
251.823	22
251.855	20
251.888	22
251.923	22
251.961	25
251.988	22
252.023	22
252.058	22
252.088	22
252.123	22
252.161	25
252.188	22
252.223	22
252.248	22
252.273	32
252.3	29
252.326	25
252.359	23
252.389	23
252.424	23
252.45	20
252.476	30
252.503	32
252.529	28
252.558	22
252.583	22
252.617	20
252.658	22
252.688	22
252.723	22
252.758	22
252.784	20
252.809	28
252.835	29
252.862	26
252.889	23
252.924	23
252.955	20
252.989	23
253.024	23
253.058	22
253.088	22
253.123	22
253.153	22
253.188	22
253.223	22
253.258	22
253.288	22
253.323	22
253.358	22
253.388	22
253.423	22
253.448	22
253.473	32
253.5	29
253.526	25
253.558	22
253.588	22
253.613	22
253.638	32
253.666	30
253.692	26
253.717	20
253.744	28
253.769	28
253.796	30
253.824	23
253.859	23
253.884	20
253.924	23
253.959	23
253.984	23
254.024	23
254.055	20
254.089	23
254.124	23
254.159	23
254.189	23
254.224	23
254.259	23
254.289	23
254.324	23
254.359	23
254.389	23
254.424	23
254.459	23
254.489	23
254.524	23
254.559	23
254.589	23
254.624	23
254.65	20
254.676	30
254.702	31
254.727	26
254.758	22
254.788	22
254.82	20
254.858	22
254.888	22
254.923	22
254.958	22
254.988	22
255.023	22
255.058	22
255.088	22
255.123	22
255.159	23
255.189	23
255.224	23
255.258	22
255.288	22
255.323	22
255.358	22
255.388	22
255.415	20
255.441	30
255.467	26
255.494	28
255.523	22
255.558	22
255.584	20
255.623	22
255.658	22
255.688	22
255.723	22
255.755	20
255.788	22
255.823	22
255.858	22
255.888	22
255.923	22
255.958	22
255.988	22
256.023	22
256.058	22
256.088	22
256.123	22
256.158	22
256.188	22
256.223	22
256.258	22
256.288	22
256.323	22
256.35	20
256.376	30
256.406	30
256.432	26
256.458	22
256.488	22
256.52	20
256.558	22
256.588	22
256.623	22
256.648	22
256.673	32
256.7	29
256.726	25
256.758	22
256.788	22
256.824	23
256.859	23
256.889	23
256.924	23
256.959	23
256.989	23
257.023	22
257.049	23
257.076	30
257.103	32
257.131	30
257.158	22
257.188	22
257.223	22
257.258	22
257.284	20
257.323	22
257.358	22
257.388	22
257.423	22
257.455	20
257.488	22
257.523	22
257.558	22
257.588	22
257.623	22
257.658	22
257.688	22
257.718	22
257.758	22
257.788	22
257.818	22
257.844	33
257.87	29
257.897	26
257.923	22
257.958	22
257.988	22
258.024	23
258.05	20
258.076	30
258.102	31
258.127	26
258.159	23
258.189	23
258.214	23
258.241	30
258.266	30
258.292	26
258.324	23
258.359	23
258.384	20
258.424	23
258.459	23
258.489	23
258.524	23
258.55	20
258.576	30
258.602	31
258.627	26
258.659	23
258.689	23
258.717	20
258.759	23
258.789	23
258.824	23
258.858	22
258.884	20
258.923	22
258.958	22
258.988	22
259.023	22
259.055	20
259.089	23
259.124	23
259.159	23
259.189	23
259.224	23
259.259	23
259.289	23
259.324	23
259.359	23
259.389	23
259.414	23
259.439	33
259.465	29
259.492	26
259.524	23
259.559	23
259.589	23
259.624	23
259.65	20
259.677	31
259.704	33
259.73	29
259.759	23
259.784	23
259.82	20
259.858	22
259.888	22
259.923	22
259.958	22
259.988	22
260.023	22
260.058	22
260.088	22
260.123	22
260.158	22
260.188	22
260.223	22
260.258	22
260.288	22
260.323	22
260.358	22
260.388	22
260.415	20
260.441	30
260.468	27
260.495	29
260.524	23
260.559	23
260.584	20
260.624	23
260.659	23
260.689	23
260.724	23
260.755	20
260.789	23
260.824	23
260.859	23
260.889	23
260.924	23
260.959	23
260.989	23
261.024	23
261.059	23
261.089	23
261.124	23
261.159	23
261.189	23
261.224	23
261.259	23
261.289	23
261.323	22
261.35	20
261.376	30
261.403	32
261.429	28
261.458	22
261.488	22
261.517	20
261.558	22
261.588	22
261.623	22
261.658	22
261.684	20
261.723	22
261.758	22
261.791	25
261.823	22
261.85	20
261.876	30
261.903	32
261.934	28
261.959	23
261.989	23
262.017	20
262.059	23
262.089	23
262.124	23
262.159	23
262.189	23
262.224	23
262.259	23
262.289	23
262.323	22
262.35	20
262.376	30
262.403	32
262.429	28
262.458	22
262.488	22
262.517	20
262.558	22
262.588	22
262.623	22
262.658	22
262.684	20
262.723	22
262.758	22
262.788	22
262.823	22
262.855	20
262.888	22
262.923	22
262.958	22
262.988	22
263.023	22
263.058	22
263.088	22
263.123	22
263.158	22
263.188	22
263.223	22
263.258	22
263.288	22
263.323	22
263.358	22
263.388	22
263.423	22
263.45	20
263.477	31
263.504	33
263.53	29
263.559	23
263.589	23
263.62	20
263.659	23
263.689	23
263.724	23
263.759	23
263.789	23
263.824	23
263.859	23
263.889	23
263.919	23
263.958	22
263.988	22
264.023	22
264.058	22
264.088	22
264.123	22
264.153	22
264.179	28
264.206	30
264.232	26
264.258	22
264.288	22
264.323	22
264.358	22
264.384	20
264.418	22
264.459	23
264.489	23
264.524	23
264.55	20
264.576	30
264.602	31
264.627	26
264.659	23
264.689	23
264.717	20
264.759	23
264.789	23
264.824	23
264.859	23
264.884	20
264.924	23
264.958	22
264.988	22
265.023	22
265.055	20
265.088	22
265.118	22
265.158	22
265.188	22
265.223	22
265.258	22
265.288	22
265.313	22
265.338	32
265.364	28
265.391	25
265.423	22
265.458	22
265.488	22
265.523	22
265.558	22
265.588	22
265.623	22
265.65	20
265.676	30
265.703	32
265.729	28
265.758	22
265.788	22
265.82	20
265.853	22
265.888	22
265.923	22
265.958	22
265.988	22
266.023	22
266.058	22
266.088	22
266.123	22
266.158	22
266.188	22
266.223	22
266.258	22
266.288	22
266.323	22
266.359	23
266.389	23
266.415	20
266.442	31
266.468	27
266.495	29
266.524	23
266.559	23
266.584	20
266.624	23
266.659	23
266.689	23
266.724	23
266.755	20
266.795	29
266.824	23
266.858	22
266.888	22
266.923	22
266.958	22
266.988	22
267.023	22
267.058	22
267.088	22
267.123	22
267.158	22
267.188	22
267.223	22
267.258	22
267.291	25
267.323	22
267.35	20
267.388	22
267.423	22
267.458	22
267.488	22
267.523	22
267.558	22
267.588	22
267.623	22
267.658	22
267.684	20
267.723	22
267.758	22
267.788	22
267.823	22
267.855	20
267.888	22
267.923	22
267.958	22
267.988	22
268.023	22
268.058	22
268.088	22
268.123	22
268.158	22
268.188	22
268.218	22
268.258	22
268.288	22
268.323	22
268.348	22
268.373	32
268.4	29
268.426	25
268.461	25
268.488	22
268.523	22
268.558	22
268.588	22
268.617	20
268.658	22
268.688	22
268.723	22
268.748	22
268.773	32
268.8	29
268.827	26
268.859	23
268.889	23
268.924	23
268.955	20
268.989	23
269.024	23
269.059	23
269.089	23
269.123	22
269.158	22
269.188	22
269.223	22
269.258	22
269.288	22
269.323	22
269.358	22
269.388	22
269.423	22
269.458	22
269.488	22
269.523	22
269.55	20
269.576	30
269.603	32
269.629	28
269.658	22
269.688	22
269.72	20
269.758	22
269.788	22
269.823	22
269.858	22
269.888	22
269.923	22
269.958	22
269.983	22
270.023	22
270.058	22
270.088	22
270.123	22
270.158	22
270.188	22
270.223	22
270.258	22
270.288	22
270.315	20
270.341	30
270.367	26
270.394	28
270.423	22
270.458	22
270.484	20
270.509	28
270.535	29
270.561	25
270.588	22
270.618	22
270.655	20
270.688	22
270.723	22
270.758	22
270.783	22
270.823	22
270.858	22
270.888	22
270.923	22
270.961	25
270.988	22
271.023	22
271.058	22
271.088	22
271.123	22
271.158	22
271.188	22
271.223	22
271.25	20
271.276	30
271.303	32
271.329	28
271.358	22
271.388	22
271.417	20
271.458	22
271.488	22
271.523	22
271.558	22
271.584	20
271.623	22
271.658	22
271.688	22
271.723	22
271.755	20
271.788	22
271.824	23
271.858	22
271.888	22
271.923	22
271.948	22
271.973	32
272	29
272.026	25
272.058	22
272.088	22
272.123	22
272.158	22
272.188	22
272.223	22
272.258	22
272.288	22
272.323	22
272.35	20
272.376	30
272.403	32
272.429	28
272.458	22
272.488	22
272.517	20
272.558	22
272.588	22
272.623	22
272.658	22
272.684	20
272.723	22
272.758	22
272.788	22
272.823	22
272.855	20
272.888	22
272.923	22
272.959	23
272.989	23
273.027	26
273.059	23
273.089	23
273.124	23
273.158	22
273.188	22
273.223	22
273.258	22
273.288	22
273.323	22
273.358	22
273.388	22
273.418	22
273.45	20
273.476	30
273.503	32
273.529	28
273.558	22
273.588	22
273.617	20
273.658	22
273.688	22
273.723	22
273.759	23
273.789	23
273.824	23
273.859	23
273.889	23
273.924	23
273.95	20
273.976	30
274.002	31
274.027	26
274.059	23
274.089	23
274.117	20
274.158	22
274.188	22
274.223	22
274.258	22
274.284	20
274.323	22
274.358	22
274.388	22
274.423	22
274.455	20
274.488	22
274.523	22
274.558	22
274.588	22
274.623	22
274.661	25
274.688	22
274.723	22
274.758	22
274.788	22
274.823	22
274.858	22
274.888	22
274.923	22
274.958	22
274.983	22
275.023	22
275.05	20
275.076	30
275.103	32
275.129	28
275.158	22
275.188	22
275.217	20
275.258	22
275.288	22
275.323	22
275.358	22
275.384	20
275.423	22
275.458	22
275.488	22
275.523	22
275.555	20
275.588	22
275.623	22
275.658	22
275.688	22
275.723	22
275.758	22
275.788	22
275.826	25
275.859	23
275.889	23
275.923	22
275.949	23
275.976	30
276.003	32
276.029	28
276.058	22
276.083	22
276.123	22
276.15	20
276.176	30
276.203	32
276.229	28
276.258	22
276.288	22
276.317	20
276.358	22
276.388	22
276.423	22
276.458	22
276.484	20
276.523	22
276.558	22
276.588	22
276.623	22
276.655	20
276.688	22
276.723	22
276.758	22
276.788	22
276.823	22
276.858	22
276.888	22
276.923	22
276.958	22
276.988	22
277.024	23
277.059	23
277.089	23
277.114	23
277.139	33
277.165	29
277.192	26
277.224	23
277.25	20
277.277	31
277.304	33
277.33	29
277.359	23
277.389	23
277.42	20
277.459	23
277.492	26
277.524	23
277.558	22
277.588	22
277.623	22
277.658	22
277.688	22
277.723	22
277.753	22
277.788	22
277.823	22
277.858	22
277.888	22
277.923	22
277.948	22
277.973	32
278	29
278.026	25
278.058	22
278.088	22
278.123	22
278.161	25
278.188	22
278.223	22
278.253	22
278.279	23
278.306	30
278.332	26
278.358	22
278.388	22
278.423	22
278.458	22
278.488	22
278.517	20
278.558	22
278.588	22
278.623	22
278.658	22
278.684	20
278.723	22
278.758	22
278.788	22
278.823	22
278.855	20
278.883	22
278.923	22
278.958	22
278.988	22
279.023	22
279.058	22
279.088	22
279.126	25
279.158	22
279.188	22
279.223	22
279.253	22
279.28	20
279.323	22
279.358	22
279.388	22
279.423	22
279.45	20
279.476	30
279.503	32
279.529	28
279.558	22
279.588	22
279.62	20
279.658	22
279.688	22
279.723	22
279.758	22
279.788	22
279.823	22
279.858	22
279.888	22
279.923	22
279.958	22
279.988	22
280.023	22
280.058	22
280.088	22
280.123	22
280.158	22
280.188	22
280.215	20
280.241	30
280.267	26
280.294	28
280.323	22
280.358	22
280.384	20
280.423	22
280.458	22
280.488	22
280.526	25
280.555	20
280.588	22
280.623	22
280.658	22
280.688	22
280.723	22
280.758	22
280.788	22
280.823	22
280.858	22
280.888	22
280.923	22
280.958	22
280.983	22
281.023	22
281.058	22
281.088	22
281.123	22
281.15	20
281.176	30
281.203	32
281.229	28
281.258	22
281.288	22
281.317	20
281.358	22
281.388	22
281.423	22
281.458	22
281.484	20
281.523	22
281.558	22
281.588	22
281.623	22
281.655	20
281.688	22
281.723	22
281.758	22
281.788	22
281.823	22
281.858	22
281.888	22
281.923	22
281.958	22
281.988	22
282.023	22
282.058	22
282.088	22
282.123	22
282.158	22
282.188	22
282.223	22
282.25	20
282.276	30
282.303	32
282.329	28
282.358	22
282.388	22
282.418	22
282.459	23
282.489	23
282.524	23
282.559	23
282.589	23
282.623	22
282.658	22
282.688	22
282.723	22
282.758	22
282.788	22
282.823	22
282.861	25
282.888	22
282.923	22
282.958	22
282.988	22
283.015	20
283.041	30
283.067	26
283.094	28
283.123	22
283.158	22
283.188	22
283.223	22
283.258	22
283.288	22
283.323	22
283.351	20
283.376	30
283.403	32
283.429	28
283.456	25
283.488	22
283.517	20
283.548	22
283.574	28
283.6	29
283.626	25
283.653	22
283.684	20
283.709	33
283.735	29
283.761	30
283.789	23
283.824	23
283.854	23
283.889	23
283.923	22
283.953	22
283.988	22
284.02	20
284.053	22
284.088	22
284.123	22
284.153	22
284.183	22
284.223	22
284.253	22
284.288	22
284.323	22
284.353	22
284.388	22
284.423	22
284.453	22
284.483	22
284.523	22
284.556	25
284.588	22
284.615	20
284.641	30
284.668	32
284.694	28
284.723	22
284.753	22
284.784	20
284.823	22
284.853	22
284.888	22
284.923	22
284.953	22
284.988	22
285.023	22
285.053	22
285.088	22
285.123	22
285.153	22
285.188	22
285.223	22
285.253	22
285.288	22
285.323	22
285.353	22
285.38	20
285.406	30
285.432	26
285.459	28
285.488	22
285.523	22
285.548	22
285.588	22
285.623	22
285.653	22
285.688	22
285.72	20
285.753	22
285.788	22
285.823	22
285.853	22
285.888	22
285.923	22
285.953	22
285.988	22
286.023	22
286.053	22
286.088	22
286.123	22
286.153	22
286.188	22
286.223	22
286.253	22
286.288	22
286.315	20
286.341	30
286.368	32
286.394	28
286.423	22
286.453	22
286.483	22
286.523	22
286.553	22
286.578	22
286.603	32
286.629	28
286.656	25
286.688	22
286.723	22
286.753	22
286.788	22
286.823	22
286.853	22
286.888	22
286.923	22
286.953	22
286.988	22
287.023	22
287.053	22
287.08	20
287.106	30
287.132	26
287.159	28
287.188	22
287.223	22
287.25	20
287.288	22
287.313	22
287.338	32
287.365	29
287.391	25
287.417	20
287.453	22
287.488	22
287.523	22
287.548	22
287.588	22
287.623	22
287.656	25
287.688	22
287.723	22
287.756	25
287.788	22
287.823	22
287.853	22
287.888	22
287.923	22
287.953	22
287.988	22
288.026	25
288.053	22
288.088	22
288.124	23
288.153	22
288.18	20
288.206	30
288.232	26
288.257	26
288.289	23
288.324	23
288.35	20
288.389	23
288.424	23
288.453	22
288.488	22
288.517	20
288.553	22
288.588	22
288.623	22
288.653	22
288.684	20
288.723	22
288.753	22
288.788	22
288.823	22
288.853	22
288.888	22
288.913	22
288.938	32
288.965	29
288.991	25
289.023	22
289.053	22
289.088	22
289.123	22
289.153	22
289.191	25
289.218	22
289.254	23
289.289	23
289.324	23
289.354	23
289.389	23
289.424	23
289.45	20
289.492	26
289.524	23
289.554	23
289.589	23
289.617	20
289.654	23
289.689	23
289.724	23
289.754	23
289.779	23
289.806	30
289.831	30
289.857	26
289.889	23
289.924	23
289.954	23
289.989	23
290.024	23
290.054	23
290.089	23
290.115	20
290.141	30
290.167	31
290.192	26
290.224	23
290.254	23
290.284	20
290.324	23
290.353	22
290.388	22
290.423	22
290.453	22
290.488	22
290.523	22
290.553	22
290.588	22
290.623	22
290.653	22
290.688	22
290.723	22
290.753	22
290.788	22
290.823	22
290.854	23
290.88	20
290.907	31
290.933	27
290.96	29
290.989	23
291.024	23
291.05	20
291.089	23
291.124	23
291.154	23
291.189	23
291.22	20
291.254	23
291.289	23
291.324	23
291.354	23
291.389	23
291.414	23
291.439	33
291.465	29
291.491	25
291.523	22
291.553	22
291.588	22
291.623	22
291.648	22
291.688	22
291.723	22
291.753	22
291.788	22
291.815	20
291.841	30
291.868	32
291.894	28
291.923	22
291.953	22
291.984	20
292.023	22
292.053	22
292.088	22
292.123	22
292.153	22
292.188	22
292.223	22
292.253	22
292.288	22
292.323	22
292.353	22
292.388	22
292.423	22
292.453	22
292.488	22
292.523	22
292.553	22
292.58	20
292.606	30
292.632	26
292.657	26
292.689	23
292.724	23
292.75	20
292.789	23
292.824	23
292.854	23
292.889	23
292.92	20
292.954	23
292.989	23
293.024	23
293.054	23
293.089	23
293.124	23
293.154	23
293.189	23
293.224	23
293.254	23
293.289	23
293.324	23
293.354	23
293.389	23
293.424	23
293.454	23
293.489	23
293.515	20
293.542	31
293.569	33
293.595	29
293.624	23
293.654	23
293.684	20
293.724	23
293.754	23
293.789	23
293.824	23
293.854	23
293.889	23
293.924	23
293.954	23
293.989	23
294.024	23
294.054	23
294.089	23
294.124	23
294.154	23
294.189	23
294.224	23
294.254	23
294.28	20
294.307	31
294.333	27
294.36	29
294.389	23
294.424	23
294.45	20
294.489	23
294.524	23
294.554	23
294.589	23
294.617	20
294.642	31
294.669	33
294.695	29
294.724	23
294.754	23
294.784	20
294.824	23
294.854	23
294.889	23
294.924	23
294.954	23
294.989	23
295.014	23
295.039	33
295.065	29
295.091	25
295.123	22
295.153	22
295.188	22
295.213	22
295.238	32
295.265	29
295.291	25
295.323	22
295.353	22
295.38	20
295.406	30
295.432	26
295.459	28
295.488	22
295.523	22
295.55	20
295.588	22
295.623	22
295.653	22
295.688	22
295.717	20
295.753	22
295.778	22
295.803	32
295.829	28
295.856	25
295.884	20
295.923	22
295.953	22
295.988	22
296.023	22
296.053	22
296.091	25
296.123	22
296.156	25
296.188	22
296.226	25
296.253	22
296.288	22
296.313	22
296.338	32
296.364	28
296.389	23
296.424	23
296.454	23
296.48	20
296.506	30
296.531	30
296.557	26
296.589	23
296.614	23
296.641	30
296.667	31
296.692	26
296.724	23
296.754	23
296.789	23
296.815	20
296.841	30
296.867	31
296.892	26
296.924	23
296.954	23
296.984	20
297.024	23
297.054	23
297.089	23
297.124	23
297.154	23
297.189	23
297.223	22
297.253	22
297.288	22
297.323	22
297.353	22
297.388	22
297.423	22
297.453	22
297.488	22
297.523	22
297.554	23
297.58	20
297.607	31
297.633	27
297.659	28
297.688	22
297.723	22
297.75	20
297.788	22
297.823	22
297.853	22
297.888	22
297.92	20
297.953	22
297.988	22
298.023	22
298.053	22
298.088	22
298.123	22
298.153	22
298.188	22
298.223	22
298.253	22
298.288	22
298.323	22
298.353	22
298.388	22
298.423	22
298.453	22
298.483	22
298.515	20
298.541	30
298.568	32
298.594	28
298.623	22
298.653	22
298.684	20
298.723	22
298.753	22
298.788	22
298.823	22
298.853	22
298.888	22
298.923	22
298.953	22
298.983	22
299.023	22
299.053	22
299.078	22
299.103	32
299.129	28
299.156	25
299.188	22
299.223	22
299.253	22
299.28	20
299.306	30
299.332	26
299.359	28
299.388	22
299.423	22
299.45	20
299.488	22
299.523	22
299.553	22
299.588	22
299.617	20
299.653	22
299.688	22
299.723	22
299.753	22
299.784	20
299.823	22
299.853	22
299.888	22
299.923	22
299.953	22
299.988	22
300.023	22
300.053	22
300.088	22
300.123	22
300.153	22
300.188	22
300.223	22
300.254	23
300.289	23
300.324	23
300.354	23
300.38	20
300.407	31
300.433	27
300.46	29
300.489	23
300.524	23
300.55	20
300.589	23
300.624	23
300.654	23
300.689	23
300.72	20
300.754	23
300.789	23
300.824	23
300.854	23
300.889	23
300.924	23
300.954	23
300.989	23
301.024	23
301.054	23
301.089	23
301.124	23
301.154	23
301.189	23
301.224	23
301.254	23
301.289	23
301.315	20
301.342	31
301.369	33
301.395	29
301.424	23
301.454	23
301.484	20
301.524	23
301.554	23
301.589	23
301.624	23
301.654	23
301.689	23
301.724	23
301.754	23
301.789	23
301.824	23
301.854	23
301.889	23
301.924	23
301.954	23
301.989	23
302.024	23
302.054	23
302.08	20
302.107	31
302.133	27
302.16	29
302.189	23
302.224	23
302.25	20
302.289	23
302.314	23
302.339	33
302.365	29
302.391	25
302.417	20
302.442	31
302.469	33
302.495	29
302.524	23
302.554	23
302.584	20
302.624	23
302.654	23
302.689	23
302.724	23
302.754	23
302.789	23
302.823	22
302.853	22
302.888	22
302.923	22
302.953	22
302.988	22
303.023	22
303.053	22
303.088	22
303.123	22
303.153	22
303.18	20
303.206	30
303.232	26
303.259	28
303.288	22
303.323	22
303.35	20
303.389	23
303.424	23
303.454	23
303.489	23
303.52	20
303.553	22
303.588	22
303.623	22
303.653	22
303.688	22
303.723	22
303.753	22
303.788	22
303.823	22
303.853	22
303.888	22
303.923	22
303.953	22
303.988	22
304.023	22
304.053	22
304.088	22
304.115	20
304.141	30
304.168	32
304.194	28
304.223	22
304.253	22
304.284	20
304.323	22
304.353	22
304.388	22
304.423	22
304.453	22
304.488	22
304.523	22
304.553	22
304.588	22
304.623	22
304.653	22
304.688	22
304.723	22
304.753	22
304.788	22
304.823	22
304.853	22
304.88	20
304.906	30
304.932	26
304.959	28
304.988	22
305.023	22
305.05	20
305.088	22
305.124	23
305.154	23
305.189	23
305.22	20
305.253	22
305.288	22
305.323	22
305.353	22
305.388	22
305.423	22
305.453	22
305.488	22
305.523	22
305.554	23
305.589	23
305.624	23
305.654	23
305.689	23
305.724	23
305.749	23
305.789	23
305.815	20
305.841	30
305.868	32
305.894	28
305.923	22
305.953	22
305.978	22
306.003	32
306.029	28
306.056	25
306.088	22
306.123	22
306.153	22
306.188	22
306.223	22
306.253	22
306.288	22
306.323	22
306.353	22
306.388	22
306.413	22
306.438	32
306.465	29
306.491	25
306.523	22
306.548	22
306.58	20
306.606	30
306.632	26
306.659	28
306.688	22
306.713	22
306.738	32
306.765	29
306.791	25
306.823	22
306.853	22
306.888	22
306.917	20
306.944	28
306.971	30
306.997	26
307.023	22
307.053	22
307.084	20
307.123	22
307.153	22
307.188	22
307.223	22
307.253	22
307.288	22
307.323	22
307.353	22
307.388	22
307.423	22
307.453	22
307.488	22
307.523	22
307.553	22
307.588	22
307.623	22
307.648	22
307.68	20
307.706	30
307.732	26
307.759	28
307.788	22
307.823	22
307.85	20
307.888	22
307.923	22
307.953	22
307.991	25
308.02	20
308.053	22
308.088	22
308.123	22
308.153	22
308.188	22
308.223	22
308.253	22
308.288	22
308.323	22
308.353	22
308.388	22
308.423	22
308.453	22
308.488	22
308.523	22
308.553	22
308.588	22
308.615	20
308.641	30
308.668	32
308.694	28
308.724	23
308.754	23
308.784	20
308.824	23
308.854	23
308.889	23
308.924	23
308.954	23
308.989	23
309.024	23
309.054	23
309.089	23
309.124	23
309.154	23
309.189	23
309.224	23
309.254	23
309.289	23
309.324	23
309.354	23
309.38	20
309.407	31
309.433	27
309.46	29
309.489	23
309.524	23
309.55	20
309.589	23
309.624	23
309.654	23
309.689	23
309.717	20
309.742	31
309.769	33
309.795	29
309.824	23
309.854	23
309.884	20
309.924	23
309.954	23
309.989	23
