0.035	500
0.063	500
0.113	500
0.138	1489.14
0.168	1489.14
0.203	3046.77
0.237	3046.77
0.272	3107.7
0.302	3046.77
0.337	2985.83
0.372	2924.9
0.402	2985.83
0.437	3046.77
0.472	3107.7
0.502	3107.7
0.537	3168.64
0.572	3229.57
0.602	3290.51
0.637	3351.45
0.672	3290.51
0.702	3351.45
0.737	3412.38
0.772	3351.45
0.802	3412.38
0.837	3351.45
0.867	3412.38
0.902	3473.32
0.937	3534.25
0.972	3534.25
1.002	3595.19
1.037	3656.12
1.072	3595.19
1.102	3656.12
1.137	3717.06
1.172	3656.12
1.202	3717.06
1.237	3777.99
1.272	3838.93
1.302	3960.8
1.337	4021.74
1.372	4082.67
1.402	4143.6
1.437	4204.54
1.472	4143.6
1.502	4204.54
1.537	4265.48
1.572	4204.54
1.597	4143.6
1.622	4204.54
1.647	4143.6
1.672	4204.54
1.697	4204.54
1.727	4265.48
1.757	4204.54
1.782	4326.41
1.807	4265.48
1.837	4326.41
1.862	4265.48
1.892	4204.54
1.917	4204.54
1.942	4143.6
1.972	4204.54
1.997	4265.48
2.022	4265.48
2.047	4326.41
2.072	4387.35
2.102	4448.28
2.132	4509.22
2.172	4570.15
2.197	4509.22
2.222	4570.15
2.272	4509.22
2.302	4448.28
2.327	4509.22
2.372	4448.28
2.402	4448.28
2.427	4509.22
2.472	4570.15
2.502	4509.22
2.537	4570.15
2.572	4570.15
2.602	4570.15
2.637	4570.15
2.667	4509.22
2.697	4448.28
2.737	4509.22
2.772	4448.28
2.797	4387.35
2.837	4448.28
2.872	4509.22
2.897	4448.28
2.937	4509.22
2.962	4570.15
3.002	4509.22
3.037	4570.15
3.072	4509.22
3.102	4570.15
3.137	4509.22
3.172	4509.22
3.202	4570.15
3.237	4570.15
3.272	4509.22
3.302	4570.15
3.337	4509.22
3.372	4448.28
3.402	4448.28
3.427	4509.22
3.457	4570.15
3.482	4509.22
3.507	4570.15
3.537	4570.15
3.572	4509.22
3.602	4448.28
3.637	4570.15
3.672	4570.15
3.702	4509.22
3.727	4448.28
3.752	4509.22
3.777	4448.28
3.802	4448.28
3.827	4448.28
3.852	4448.28
3.877	4509.22
3.902	4448.28
3.927	4509.22
3.962	4448.28
3.987	4387.35
4.012	4387.35
4.037	4448.28
4.072	4387.35
4.102	4387.35
4.127	4448.28
4.172	4448.28
4.202	4387.35
4.227	4448.28
4.272	4570.15
4.302	4570.15
4.332	3628.51
4.372	4570.15
4.402	4509.22
4.432	4570.15
4.472	4570.15
4.502	4570.15
4.527	4509.22
4.572	4509.22
4.602	4570.15
4.637	4509.22
4.672	4448.28
4.702	4509.22
4.737	4570.15
4.772	4509.22
4.802	4570.15
4.837	4570.15
4.872	4570.15
4.902	4509.22
4.937	4570.15
4.972	4509.22
5.002	4570.15
5.037	4570.15
5.072	4509.22
5.102	4448.28
5.137	4509.22
5.172	4570.15
5.202	4509.22
5.237	4570.15
5.272	4570.15
5.302	4570.15
5.337	4570.15
5.372	4570.15
5.402	4509.22
5.437	4448.28
5.472	4509.22
5.502	4448.28
5.537	4387.35
5.572	4326.41
5.597	4265.48
5.637	4326.41
5.667	4265.48
5.692	4387.35
5.722	4326.41
5.747	4387.35
5.772	4448.28
5.802	4387.35
5.837	4326.41
5.862	4265.48
5.897	4265.48
5.922	4326.41
5.947	4265.48
5.972	4326.41
5.997	4387.35
6.022	4387.35
6.047	4326.41
6.072	4448.28
6.102	4387.35
6.127	4326.41
6.172	4387.35
6.197	4326.41
6.222	4265.48
6.272	4265.48
6.302	4326.41
6.327	4448.28
6.372	4387.35
6.402	4326.41
6.427	3456.06
6.472	4448.28
6.502	4387.35
6.527	4448.28
6.552	4448.28
6.577	4387.35
6.602	4448.28
6.627	4387.35
6.672	4387.35
6.702	4448.28
6.737	4387.35
6.767	4326.41
6.802	4265.48
6.837	4326.41
6.872	4326.41
6.902	4387.35
6.937	4326.41
6.972	4326.41
7.002	4387.35
7.037	4448.28
7.072	4387.35
7.102	4448.28
7.137	4509.22
7.172	4570.15
7.202	4509.22
7.237	4570.15
7.272	4509.22
7.302	4570.15
7.337	4509.22
7.372	4570.15
7.397	4509.22
7.427	4448.28
7.462	4387.35
7.492	4509.22
7.537	4570.15
7.572	4509.22
7.597	4570.15
7.627	4570.15
7.652	4570.15
7.677	4509.22
7.702	4448.28
7.737	4448.28
7.762	4509.22
7.787	4570.15
7.812	4509.22
7.837	4570.15
7.872	4509.22
7.902	4570.15
7.927	4509.22
7.962	4570.15
7.987	4570.15
8.012	4570.15
8.037	4509.22
8.072	4448.28
8.102	4509.22
8.127	4448.28
8.172	4570.15
8.202	4570.15
8.227	4570.15
8.272	4509.22
8.302	4570.15
8.327	4509.22
8.372	4570.15
8.402	4509.22
8.427	4570.15
8.467	4570.15
8.502	4509.22
8.527	3469.98
8.552	4448.28
8.577	4509.22
8.602	4570.15
8.632	4570.15
8.672	4509.22
8.702	4570.15
8.737	4570.15
8.772	4509.22
8.802	4570.15
8.837	4570.15
8.872	4570.15
8.902	4570.15
8.937	4509.22
8.972	4509.22
9.002	4509.22
9.037	4570.15
9.072	4509.22
9.102	4509.22
9.137	4570.15
9.162	4509.22
9.202	4570.15
9.237	4570.15
9.272	4509.22
9.302	4570.15
9.337	4570.15
9.372	4509.22
9.402	4570.15
9.437	4570.15
9.472	4509.22
9.502	4448.28
9.537	4448.28
9.572	4509.22
9.602	4570.15
9.632	4509.22
9.657	4448.28
9.682	4448.28
9.707	4387.35
9.737	4448.28
9.772	4387.35
9.797	4448.28
9.827	4509.22
9.852	4570.15
9.877	4509.22
9.902	4570.15
9.927	4509.22
9.952	4509.22
9.977	4570.15
10.002	4509.22
10.027	4448.28
10.052	4387.35
10.077	4387.35
10.102	4509.22
10.127	4448.28
10.152	4509.22
10.177	4448.28
10.202	4387.35
10.227	4387.35
10.252	4448.28
10.277	4387.35
10.302	4326.41
10.327	4326.41
10.372	4387.35
10.402	4326.41
10.427	4265.48
10.472	4448.28
10.502	4509.22
10.527	4570.15
10.572	4509.22
10.602	4570.15
10.627	3531.63
10.672	4570.15
10.702	4570.15
10.727	4570.15
10.772	4509.22
10.802	4570.15
10.837	4509.22
10.872	4448.28
10.902	4509.22
10.937	4570.15
10.972	4570.15
11.002	4509.22
11.037	4570.15
11.072	4509.22
11.102	4570.15
11.137	4570.15
11.172	4509.22
11.202	4570.15
11.237	4570.15
11.272	4509.22
11.302	4448.28
11.337	4509.22
11.372	4570.15
11.402	4509.22
11.437	4448.28
11.472	4448.28
11.502	4570.15
11.537	4509.22
11.572	4448.28
11.602	4509.22
11.637	4448.28
11.672	4509.22
11.697	4448.28
11.722	4387.35
11.747	4448.28
11.772	4509.22
11.802	4448.28
11.837	4448.28
11.862	4448.28
11.887	4387.35
11.912	4448.28
11.937	4387.35
11.967	4448.28
11.992	4387.35
12.017	4509.22
12.042	4509.22
12.072	4448.28
12.102	4387.35
12.127	4326.41
12.172	4326.41
12.202	4448.28
12.227	4448.28
12.272	4326.41
12.302	4387.35
12.327	4326.41
12.352	4265.48
12.377	4326.41
12.402	4326.41
12.427	4265.48
12.452	4265.48
12.477	4326.41
12.502	4387.35
12.527	4387.35
12.552	4326.41
12.577	4387.35
12.602	4326.41
12.632	4265.48
12.672	4448.28
12.702	4509.22
12.727	3597.21
12.772	4509.22
12.802	4570.15
12.832	4509.22
12.872	4448.28
12.902	4448.28
12.932	4448.28
12.967	4509.22
13.002	4448.28
13.037	4387.35
13.072	4326.41
13.102	4387.35
13.137	4448.28
13.172	4509.22
13.202	4570.15
13.237	4509.22
13.272	4570.15
13.297	4570.15
13.337	4570.15
13.372	4509.22
13.402	4448.28
13.437	4509.22
13.472	4448.28
13.502	4509.22
13.537	4570.15
13.572	4570.15
13.602	4509.22
13.637	4570.15
13.662	4570.15
13.687	4509.22
13.712	4448.28
13.737	4509.22
13.762	4448.28
13.802	4387.35
13.827	4509.22
13.852	4448.28
13.877	4448.28
13.902	4509.22
13.927	4448.28
13.962	4387.35
13.987	4448.28
14.012	4509.22
14.037	4448.28
14.062	4448.28
14.097	4509.22
14.122	4509.22
14.147	4570.15
14.172	4570.15
14.197	4570.15
14.222	4570.15
14.247	4509.22
14.272	4570.15
14.302	4570.15
14.327	4509.22
14.362	4570.15
14.402	4570.15
14.427	4570.15
14.452	4509.22
14.477	4448.28
14.502	4387.35
14.537	4326.41
14.562	4387.35
14.602	4509.22
14.637	4509.22
14.662	4509.22
14.702	4509.22
14.737	4509.22
14.762	4570.15
14.802	4570.15
14.837	3534.73
14.872	4570.15
14.902	4570.15
14.937	4570.15
14.972	4509.22
15.002	4448.28
15.037	4509.22
15.072	4448.28
15.102	4448.28
15.137	4387.35
15.172	4326.41
15.202	4387.35
15.237	4326.41
15.272	4387.35
15.302	4326.41
15.337	4387.35
15.372	4326.41
15.402	4326.41
15.437	4326.41
15.472	4387.35
15.502	4387.35
15.537	4265.48
15.572	4265.48
15.602	4326.41
15.637	4387.35
15.672	4326.41
15.702	4387.35
15.737	4448.28
15.772	4387.35
15.802	4387.35
15.832	4448.28
15.862	4509.22
15.892	4448.28
15.922	4509.22
15.947	4448.28
15.972	4387.35
16.002	4387.35
16.027	4448.28
16.057	4387.35
16.082	4387.35
16.107	4448.28
16.137	4509.22
16.162	4448.28
16.192	4509.22
16.222	4448.28
16.247	4509.22
16.272	4448.28
16.302	4509.22
16.337	4570.15
16.362	4509.22
16.387	4570.15
16.437	4509.22
16.462	4570.15
16.487	4570.15
16.537	4509.22
16.562	4509.22
16.587	4570.15
16.637	4570.15
16.662	4570.15
16.687	4570.15
16.737	4509.22
16.767	4570.15
16.792	4509.22
16.837	4509.22
16.867	4570.15
16.892	4570.15
16.937	4570.15
16.967	4570.15
17.002	4570.15
17.037	4509.22
17.067	4570.15
17.102	4570.15
17.137	4509.22
17.167	4509.22
17.202	4448.28
17.237	4387.35
17.267	4448.28
17.302	4448.28
17.337	4387.35
17.367	4326.41
17.402	4265.48
17.437	4326.41
17.467	4387.35
17.502	4448.28
17.537	4509.22
17.567	4509.22
17.602	4570.15
17.637	4448.28
17.667	4509.22
17.702	4570.15
17.737	4509.22
17.767	4570.15
17.802	4570.15
17.837	4509.22
17.867	4570.15
17.902	4570.15
17.927	4570.15
17.952	4509.22
17.977	4570.15
18.002	4570.15
18.027	4509.22
18.052	4570.15
18.077	4570.15
18.102	4570.15
18.137	4509.22
18.162	4509.22
18.187	4570.15
18.212	4570.15
18.237	4509.22
18.262	4570.15
18.287	4509.22
18.312	4570.15
18.337	4570.15
18.362	4509.22
18.387	4509.22
18.412	4570.15
18.437	4570.15
18.462	4509.22
18.487	4570.15
18.512	4509.22
18.537	4509.22
18.562	4570.15
18.587	4570.15
18.622	4509.22
18.652	4570.15
18.677	4509.22
18.702	4570.15
18.737	4509.22
18.762	4509.22
18.787	4448.28
18.837	4448.28
18.862	4448.28
18.887	4509.22
18.937	4570.15
18.967	4570.15
19.002	4570.15
19.037	4570.15
19.067	4509.22
19.102	4570.15
19.137	4509.22
19.167	4570.15
19.202	4570.15
19.237	4509.22
19.267	4509.22
19.302	4448.28
19.337	4387.35
19.367	4448.28
19.402	4387.35
19.432	4448.28
19.467	4387.35
19.502	4448.28
19.537	4448.28
19.567	4387.35
19.602	4448.28
19.637	4387.35
19.667	4326.41
19.702	4387.35
19.727	4387.35
19.767	4448.28
19.802	4570.15
19.837	4509.22
19.867	4570.15
19.892	4509.22
19.922	4570.15
19.947	4570.15
19.972	4509.22
20.002	4570.15
20.032	4570.15
20.057	4570.15
20.087	4570.15
20.112	4570.15
20.137	4570.15
20.167	4570.15
20.192	4570.15
20.217	4509.22
20.242	4509.22
20.267	4570.15
20.292	4570.15
20.317	4509.22
20.342	4570.15
20.367	4570.15
20.392	4570.15
20.422	4509.22
20.447	4448.28
20.472	4570.15
20.502	4509.22
20.532	4570.15
20.562	4509.22
20.587	4570.15
20.612	4570.15
20.637	4570.15
20.662	4570.15
20.687	4509.22
20.712	4570.15
20.737	4570.15
20.762	4509.22
20.787	4570.15
20.812	4570.15
20.837	4570.15
20.862	4509.22
20.887	4570.15
20.912	4509.22
20.937	4448.28
20.962	4509.22
20.987	4509.22
21.037	4509.22
21.067	4448.28
21.102	4387.35
21.137	3397.03
21.167	4387.35
21.202	4448.28
21.237	4509.22
21.267	4448.28
21.302	4509.22
21.337	4570.15
21.367	4570.15
21.402	4509.22
21.437	4448.28
21.467	4509.22
21.502	4570.15
21.537	4570.15
21.567	4570.15
21.602	4509.22
21.637	4448.28
21.667	4387.35
21.702	4448.28
21.737	4509.22
21.767	4448.28
21.802	4509.22
21.837	4570.15
21.867	4570.15
21.902	4570.15
21.937	4509.22
21.967	4570.15
22.002	4509.22
22.037	4448.28
22.067	4509.22
22.102	4448.28
22.127	4509.22
22.152	4509.22
22.177	4448.28
22.202	4509.22
22.227	4448.28
22.252	4448.28
22.277	4509.22
22.302	4570.15
22.327	4509.22
22.357	4509.22
22.382	4570.15
22.407	4570.15
22.432	4570.15
22.467	4570.15
22.502	4570.15
22.527	4509.22
22.552	4509.22
22.577	4509.22
22.602	4570.15
22.627	4509.22
22.652	4570.15
22.682	4509.22
22.707	4570.15
22.732	4570.15
22.762	4509.22
22.792	4448.28
22.822	4570.15
22.847	4509.22
22.872	4448.28
22.902	4509.22
22.927	4448.28
22.952	4448.28
22.982	4509.22
23.007	4448.28
23.032	4387.35
23.057	4509.22
23.102	4570.15
23.137	4570.15
23.162	4509.22
23.202	4448.28
23.237	3481.17
23.262	3481.17
23.302	3481.17
23.337	4570.15
23.367	4570.15
23.402	4509.22
23.437	4509.22
23.467	4448.28
23.502	4387.35
23.537	4448.28
23.567	4509.22
23.602	4509.22
23.627	4448.28
23.667	4509.22
23.702	4570.15
23.737	4570.15
23.767	4509.22
23.802	4570.15
23.837	4570.15
23.867	4509.22
23.902	4570.15
23.937	4509.22
23.967	4570.15
24.002	4509.22
24.037	4448.28
24.067	4509.22
24.102	4448.28
24.137	4448.28
24.167	4509.22
24.202	4570.15
24.237	4509.22
24.262	4570.15
24.287	4570.15
24.312	4509.22
24.337	4570.15
24.362	4509.22
24.387	4570.15
24.412	4570.15
24.437	4509.22
24.462	4448.28
24.492	4509.22
24.527	4448.28
24.552	4387.35
24.577	4326.41
24.602	4387.35
24.637	4387.35
24.662	4387.35
24.687	4448.28
24.712	4509.22
24.737	4448.28
24.762	4387.35
24.787	4448.28
24.812	4448.28
24.837	4509.22
24.862	4570.15
24.887	4570.15
24.912	4570.15
24.937	4570.15
24.967	4570.15
24.992	4570.15
25.017	4509.22
25.042	4448.28
25.067	4509.22
25.092	4509.22
25.117	4570.15
25.142	4570.15
25.167	4570.15
25.202	4509.22
25.237	4509.22
25.267	4570.15
25.302	4509.22
25.337	3570.43
25.367	3570.43
25.402	4509.22
25.437	4570.15
25.467	4570.15
25.502	4509.22
25.537	4570.15
25.567	4509.22
25.602	4570.15
25.637	4570.15
25.667	4509.22
25.702	4448.28
25.737	4509.22
25.767	4448.28
25.802	4387.35
25.837	4326.41
25.867	4387.35
25.902	4326.41
25.937	4265.48
25.967	4326.41
26.002	4265.48
26.037	4204.54
26.067	4326.41
26.102	4265.48
26.137	4326.41
26.167	4265.48
26.202	4326.41
26.237	4326.41
26.267	4387.35
26.302	4326.41
26.327	4326.41
26.357	4387.35
26.387	4448.28
26.412	4448.28
26.437	4387.35
26.462	4326.41
26.502	4387.35
26.537	4387.35
26.562	4326.41
26.597	4387.35
26.622	4448.28
26.647	4509.22
26.672	4448.28
26.702	4387.35
26.737	4448.28
26.762	4509.22
26.787	4509.22
26.837	4448.28
26.862	4509.22
26.887	4448.28
26.912	4509.22
26.937	4448.28
26.962	4509.22
26.987	4509.22
27.037	4509.22
27.062	4570.15
27.087	4509.22
27.112	4570.15
27.137	4509.22
27.167	4570.15
27.192	4570.15
27.237	4509.22
27.267	4448.28
27.292	4509.22
27.337	4570.15
27.367	4509.22
27.392	4509.22
27.437	3549.25
27.467	4570.15
27.492	4570.15
27.537	4570.15
27.567	4570.15
27.602	4509.22
27.637	4448.28
27.667	4509.22
27.702	4448.28
27.737	4387.35
27.767	4448.28
27.792	4448.28
27.837	4387.35
27.867	4448.28
27.902	4387.35
27.937	4448.28
27.967	4509.22
28.002	4448.28
28.037	4387.35
28.067	4448.28
28.102	4509.22
28.137	4448.28
28.167	4387.35
28.202	4448.28
28.237	4387.35
28.267	4387.35
28.302	4509.22
28.337	4448.28
28.367	4387.35
28.402	4448.28
28.437	4387.35
28.467	4448.28
28.502	4509.22
28.527	4448.28
28.552	4509.22
28.577	4509.22
28.602	4448.28
28.637	4570.15
28.662	4509.22
28.687	4448.28
28.712	4509.22
28.737	4570.15
28.762	4509.22
28.787	4509.22
28.812	4570.15
28.837	4570.15
28.862	4509.22
28.887	4448.28
28.922	4509.22
28.952	4570.15
28.977	4570.15
29.002	4509.22
29.037	4570.15
29.062	4570.15
29.087	4570.15
29.112	4570.15
29.137	4570.15
29.167	4570.15
29.192	4509.22
29.237	4570.15
29.262	4570.15
29.287	4509.22
29.312	4570.15
29.337	4509.22
29.367	4448.28
29.392	4509.22
29.417	4570.15
29.442	4570.15
29.467	4509.22
29.492	4448.28
29.527	4448.28
29.567	4509.22
29.597	4509.22
29.637	4448.28
29.667	4509.22
29.702	4570.15
29.737	4509.22
29.767	4570.15
29.802	4509.22
29.837	4448.28
29.867	4448.28
29.902	4387.35
29.937	4326.41
29.967	4326.41
30.002	4387.35
30.037	4448.28
30.067	4509.22
30.102	4448.28
30.137	4387.35
30.167	4387.35
30.202	4448.28
30.237	4387.35
30.267	4326.41
30.302	4448.28
30.337	4387.35
30.367	4448.28
30.402	4509.22
30.437	4448.28
30.467	4509.22
30.502	4448.28
30.537	4387.35
30.562	4326.41
30.592	4387.35
30.627	4509.22
30.652	4448.28
30.677	4509.22
30.702	4509.22
30.737	4509.22
30.762	4509.22
30.787	4448.28
30.812	4509.22
30.837	4448.28
30.862	4448.28
30.887	4509.22
30.912	4570.15
30.937	4570.15
30.962	4509.22
30.987	4448.28
31.012	4387.35
31.037	4326.41
31.062	4387.35
31.087	4448.28
31.112	4509.22
31.137	4448.28
31.162	4387.35
31.187	4448.28
31.212	4509.22
31.237	4509.22
31.262	4509.22
31.287	4448.28
31.312	4509.22
31.337	4570.15
31.367	4509.22
31.392	4570.15
31.437	4509.22
31.462	4570.15
31.487	4509.22
31.512	4570.15
31.537	4570.15
31.562	4570.15
31.587	4509.22
31.612	4570.15
31.637	3597.21
31.667	3597.21
31.692	4509.22
31.727	4570.15
31.767	4509.22
31.802	4448.28
31.837	4387.35
31.867	4326.41
31.902	4387.35
31.937	4448.28
31.967	4387.35
32.002	4387.35
32.037	4326.41
32.067	4387.35
32.102	4448.28
32.137	4387.35
32.167	4326.41
32.202	4387.35
32.237	4448.28
32.267	4387.35
32.302	4326.41
32.337	4387.35
32.367	4326.41
32.402	4387.35
32.437	4326.41
32.462	4387.35
32.502	4326.41
32.532	4265.48
32.567	4204.54
32.602	4326.41
32.637	4265.48
32.667	4204.54
32.697	4265.48
32.722	4204.54
32.747	4143.6
32.772	4204.54
32.802	4143.6
32.837	4204.54
32.862	4143.6
32.887	4204.54
32.912	4265.48
32.937	4326.41
32.962	4265.48
32.987	4326.41
33.012	4387.35
33.037	4387.35
33.062	4326.41
33.087	4265.48
33.112	4326.41
33.137	4387.35
33.162	4387.35
33.187	4387.35
33.237	4448.28
33.262	4387.35
33.292	4448.28
33.337	4387.35
33.362	4448.28
33.387	4387.35
33.412	4448.28
33.437	4448.28
33.462	4387.35
33.487	4387.35
33.512	4448.28
33.537	4387.35
33.567	4326.41
33.592	4387.35
33.637	4326.41
33.667	4265.48
33.692	4387.35
33.737	3464.51
33.767	4326.41
33.802	4387.35
33.837	4448.28
33.867	4387.35
33.902	4448.28
33.937	4387.35
33.967	4448.28
34.002	4448.28
34.037	4387.35
34.062	4326.41
34.102	4265.48
34.137	4326.41
34.167	4387.35
34.202	4326.41
34.237	4265.48
34.267	4326.41
34.302	4387.35
34.337	4326.41
34.367	4265.48
34.402	4204.54
34.437	4143.6
34.467	4204.54
34.502	4143.6
34.537	4204.54
34.567	4265.48
34.602	4265.48
34.637	4326.41
34.667	4265.48
34.702	4204.54
34.737	4204.54
34.767	4265.48
34.802	4204.54
34.837	4265.48
34.862	4265.48
34.887	4326.41
34.912	4326.41
34.937	4265.48
34.967	4204.54
34.992	4265.48
35.022	4204.54
35.047	4265.48
35.072	4204.54
35.102	4326.41
35.127	4387.35
35.157	4326.41
35.187	4265.48
35.212	4265.48
35.237	4326.41
35.262	4265.48
35.302	4326.41
35.337	4265.48
35.362	4265.48
35.402	4265.48
35.437	4204.54
35.462	4265.48
35.502	4204.54
35.537	4143.6
35.562	4082.67
35.592	4143.6
35.617	4204.54
35.642	4204.54
35.667	4204.54
35.702	4204.54
35.737	4143.6
35.767	4082.67
35.802	4204.54
35.837	3465.7
35.867	4204.54
35.902	4265.48
35.932	4204.54
35.967	4204.54
36.002	4143.6
36.037	4265.48
36.067	4265.48
36.102	4204.54
36.137	4143.6
36.167	4082.67
36.202	4143.6
36.237	4143.6
36.267	4082.67
36.302	4082.67
36.337	4021.74
36.367	3960.8
36.402	4021.74
36.437	4082.67
36.467	4021.74
36.502	4082.67
36.537	4143.6
36.567	4082.67
36.597	4143.6
36.637	4204.54
36.667	4265.48
36.702	4204.54
36.727	4143.6
36.767	4204.54
36.797	4326.41
36.827	4387.35
36.857	4448.28
36.887	4387.35
36.912	4326.41
36.937	4387.35
36.967	4326.41
37.002	4387.35
37.027	4387.35
37.052	4326.41
37.077	4265.48
37.102	4326.41
37.127	4387.35
37.152	4387.35
37.177	4387.35
37.202	4326.41
37.237	4387.35
37.262	4326.41
37.287	4265.48
37.322	4326.41
37.352	4387.35
37.377	4326.41
37.402	4326.41
37.437	4265.48
37.462	4326.41
37.487	4265.48
37.537	4265.48
37.562	4265.48
37.587	4387.35
37.637	4387.35
37.667	4326.41
37.692	4387.35
37.722	4448.28
37.767	4448.28
37.792	4570.15
37.822	4570.15
37.867	4570.15
37.892	4509.22
37.922	4570.15
37.967	3588.28
37.992	4570.15
38.037	4570.15
38.067	4509.22
38.102	4448.28
38.137	4509.22
38.167	4448.28
38.202	4387.35
38.237	4448.28
38.267	4387.35
38.302	4387.35
38.337	4326.41
38.367	4387.35
38.402	4448.28
38.437	4387.35
38.467	4448.28
38.502	4387.35
38.537	4448.28
38.567	4387.35
38.597	4326.41
38.637	4387.35
38.667	4448.28
38.697	4387.35
38.737	4448.28
38.767	4509.22
38.802	4448.28
38.837	4387.35
38.867	4448.28
38.902	4509.22
38.937	4448.28
38.962	4448.28
38.992	4509.22
39.027	4570.15
39.052	4509.22
39.077	4570.15
39.102	4509.22
39.137	4448.28
39.162	4570.15
39.187	4509.22
39.212	4570.15
39.237	4570.15
39.262	4570.15
39.287	4509.22
39.312	4570.15
39.337	4509.22
39.362	4509.22
39.387	4570.15
39.412	4570.15
39.437	4509.22
39.462	4570.15
39.487	4509.22
39.512	4570.15
39.537	4570.15
39.562	4509.22
39.587	4509.22
39.622	4570.15
39.647	4570.15
39.672	4509.22
39.702	4570.15
39.737	4509.22
39.762	4570.15
39.787	4570.15
39.837	4448.28
39.867	4509.22
39.892	4570.15
39.937	4570.15
39.967	4509.22
40.002	4570.15
40.037	3597.21
40.067	3597.21
40.102	3597.21
40.137	4509.22
40.167	4448.28
40.202	4387.35
40.237	4448.28
40.267	4448.28
40.302	4387.35
40.337	4326.41
40.367	4387.35
40.402	4448.28
40.437	4509.22
40.467	4448.28
40.502	4387.35
40.537	4448.28
40.567	4509.22
40.602	4448.28
40.637	4387.35
40.667	4326.41
40.702	4387.35
40.737	4326.41
40.767	4387.35
40.802	4326.41
40.837	4387.35
40.867	4509.22
40.902	4448.28
40.937	4509.22
40.967	4448.28
40.997	4387.35
41.037	4509.22
41.062	4509.22
41.087	4448.28
41.112	4387.35
41.137	4448.28
41.162	4387.35
41.187	4387.35
41.212	4448.28
41.237	4448.28
41.267	4387.35
41.292	4448.28
41.337	4387.35
41.362	4448.28
41.387	4387.35
41.412	4326.41
41.437	4265.48
41.467	4387.35
41.492	4326.41
41.522	4265.48
41.547	4265.48
41.572	4326.41
41.597	4265.48
41.627	4326.41
41.662	4448.28
41.687	4509.22
41.712	4448.28
41.737	4387.35
41.762	4387.35
41.787	4448.28
41.812	4509.22
41.837	4448.28
41.867	4387.35
41.892	4326.41
41.937	4387.35
41.967	4387.35
41.997	4326.41
42.037	4448.28
42.067	4509.22
42.092	4448.28
42.137	3632.91
42.167	3632.91
42.202	4509.22
42.227	4509.22
42.267	4570.15
42.302	4509.22
42.337	4570.15
42.367	4570.15
42.402	4570.15
42.437	4509.22
42.467	4570.15
42.502	4509.22
42.537	4448.28
42.567	4509.22
42.602	4570.15
42.637	4509.22
42.667	4448.28
42.702	4509.22
42.737	4448.28
42.767	4570.15
42.802	4509.22
42.837	4570.15
42.867	4509.22
42.902	4448.28
42.937	4448.28
42.967	4509.22
43.002	4570.15
43.037	4509.22
43.067	4509.22
43.102	4448.28
43.127	4509.22
43.152	4448.28
43.177	4509.22
43.202	4509.22
43.237	4570.15
43.262	4570.15
43.292	4570.15
43.337	4570.15
43.362	4509.22
43.387	4570.15
43.412	4570.15
43.437	4570.15
43.462	4509.22
43.487	4570.15
43.512	4570.15
43.537	4570.15
43.562	4570.15
43.587	4509.22
43.612	4570.15
43.637	4570.15
43.662	4509.22
43.687	4570.15
43.737	4570.15
43.762	4509.22
43.787	4448.28
43.812	4509.22
43.837	4448.28
43.867	4509.22
43.892	4509.22
43.937	4509.22
43.967	4448.28
43.992	4509.22
44.037	4570.15
44.067	4509.22
44.092	4448.28
44.137	4570.15
44.167	4509.22
44.192	4448.28
44.237	3505.21
44.267	4570.15
44.302	4509.22
44.337	4448.28
44.367	4448.28
44.402	4387.35
44.437	4326.41
44.467	4387.35
44.502	4448.28
44.537	4448.28
44.567	4387.35
44.602	4448.28
44.637	4509.22
44.667	4448.28
44.702	4509.22
44.737	4570.15
44.767	4570.15
44.802	4570.15
44.837	4509.22
44.867	4570.15
44.902	4509.22
44.927	4448.28
44.967	4570.15
45.002	4570.15
45.037	4509.22
45.067	4570.15
45.102	4570.15
45.132	4570.15
45.162	4509.22
45.187	4570.15
45.212	4570.15
45.237	4509.22
45.262	4570.15
45.287	4509.22
45.312	4509.22
45.337	4570.15
45.362	4509.22
45.387	4448.28
45.412	4509.22
45.437	4570.15
45.462	4570.15
45.487	4509.22
45.512	4570.15
45.537	4509.22
45.562	4448.28
45.587	4387.35
45.627	4448.28
45.662	4387.35
45.687	4509.22
45.737	4387.35
45.762	4448.28
45.787	4509.22
45.812	4509.22
45.837	4448.28
45.862	4387.35
45.887	4448.28
45.912	4509.22
45.937	4448.28
45.967	4509.22
46.002	4448.28
46.037	4448.28
46.067	4509.22
46.092	4448.28
46.137	4387.35
46.167	4265.48
46.202	4326.41
46.237	4448.28
46.267	4387.35
46.302	4448.28
46.337	4387.35
46.367	4387.35
46.402	4265.48
46.437	4265.48
46.467	4204.54
46.502	4143.6
46.537	4204.54
46.567	4265.48
46.602	4204.54
46.637	4143.6
46.667	4143.6
46.702	4143.6
46.737	4143.6
46.767	4082.67
46.802	4143.6
46.837	4082.67
46.867	4143.6
46.902	4204.54
46.927	4143.6
46.967	4204.54
47.002	4265.48
47.037	4326.41
47.067	4265.48
47.102	4265.48
47.137	4204.54
47.167	4265.48
47.202	4204.54
47.227	4143.6
47.252	4143.6
47.277	4265.48
47.302	4326.41
47.327	4265.48
47.352	4204.54
47.377	4265.48
47.402	4265.48
47.427	4204.54
47.452	4143.6
47.477	4204.54
47.502	4204.54
47.537	4326.41
47.562	4326.41
47.587	4326.41
47.612	4265.48
47.637	4326.41
47.662	4265.48
47.702	4204.54
47.737	4143.6
47.762	4082.67
47.787	4204.54
47.822	4265.48
47.852	4204.54
47.877	4265.48
47.902	4326.41
47.937	4265.48
47.962	4326.41
47.987	4326.41
48.037	4387.35
48.067	4265.48
48.102	4326.41
48.137	4387.35
48.167	4326.41
48.192	4265.48
48.237	4387.35
48.267	4448.28
48.302	4387.35
48.337	4448.28
48.367	4387.35
48.402	4326.41
48.437	3658.98
48.467	4326.41
48.502	4265.48
48.537	4326.41
48.567	4387.35
48.602	4448.28
48.637	4509.22
48.667	4448.28
48.702	4387.35
48.737	4509.22
48.767	4570.15
48.802	4509.22
48.837	4448.28
48.867	4570.15
48.902	4509.22
48.937	4570.15
48.967	4509.22
49.002	4509.22
49.037	4448.28
49.067	4509.22
49.092	4509.22
49.137	4387.35
49.162	4509.22
49.187	4509.22
49.212	4448.28
49.237	4509.22
49.262	4448.28
49.292	4509.22
49.337	4448.28
49.362	4387.35
49.387	4448.28
49.437	4509.22
49.462	4448.28
49.487	4448.28
49.512	4509.22
49.537	4448.28
49.562	4509.22
49.587	4509.22
49.612	4448.28
49.637	4509.22
49.667	4448.28
49.692	4570.15
49.717	4570.15
49.742	4570.15
49.767	4570.15
49.792	4570.15
49.817	4509.22
49.842	4570.15
49.867	4509.22
49.892	4448.28
49.917	4570.15
49.942	4570.15
49.967	4570.15
49.997	4509.22
50.022	4448.28
50.067	4570.15
50.092	4509.22
50.117	4570.15
50.142	4570.15
50.167	4570.15
50.202	4509.22
50.237	4570.15
50.267	4570.15
50.302	4570.15
50.337	4570.15
50.367	4509.22
50.402	4448.28
50.437	4387.35
50.467	4387.35
50.502	4448.28
50.537	3650.41
50.567	4448.28
50.602	4509.22
50.637	4448.28
50.667	4509.22
50.702	4570.15
50.732	4570.15
50.767	4509.22
50.802	4509.22
50.837	4570.15
50.867	4509.22
50.902	4570.15
50.937	4509.22
50.967	4570.15
51.002	4509.22
51.037	4570.15
51.067	4570.15
51.102	4509.22
51.137	4570.15
51.167	4509.22
51.202	4448.28
51.237	4509.22
51.262	4448.28
51.292	4387.35
51.337	4509.22
51.362	4448.28
51.392	4509.22
51.417	4570.15
51.442	4570.15
51.467	4509.22
51.502	4448.28
51.532	4448.28
51.562	4448.28
51.587	3814.05
51.612	4570.15
51.637	4509.22
51.662	4448.28
51.687	4509.22
51.717	4570.15
51.742	4570.15
51.767	4509.22
51.802	4448.28
51.837	4570.15
51.862	4570.15
51.887	4509.22
51.937	4570.15
51.962	4570.15
51.987	4570.15
52.037	4509.22
52.067	4570.15
52.092	4570.15
52.137	4509.22
52.167	4570.15
52.202	4570.15
52.227	4570.15
52.267	4509.22
52.292	4570.15
52.337	4570.15
52.367	4509.22
52.402	4570.15
52.437	4570.15
52.467	4570.15
52.502	4448.28
52.537	4448.28
52.567	4387.35
52.602	4326.41
52.637	3532.35
52.667	4326.41
52.702	4387.35
52.727	4387.35
52.767	4326.41
52.802	4387.35
52.832	4326.41
52.867	4387.35
52.897	4326.41
52.937	4387.35
52.967	4448.28
53.002	4387.35
53.037	4448.28
53.067	4509.22
53.102	4448.28
53.137	4509.22
53.167	4509.22
53.192	4448.28
53.222	4509.22
53.247	4448.28
53.272	4509.22
53.302	4570.15
53.327	4570.15
53.352	4509.22
53.377	4570.15
53.402	4509.22
53.437	4448.28
53.462	4509.22
53.487	4448.28
53.512	4570.15
53.537	4570.15
53.562	4570.15
53.587	4509.22
53.612	4570.15
53.637	4570.15
53.662	4570.15
53.687	3883.92
53.712	4570.15
53.737	4509.22
53.762	4509.22
53.787	4570.15
53.817	4570.15
53.842	4570.15
53.867	4509.22
53.902	4448.28
53.937	4448.28
53.962	4448.28
53.987	4570.15
54.037	4570.15
54.062	4509.22
54.087	4570.15
54.112	4570.15
54.137	4509.22
54.162	4570.15
54.187	4509.22
54.237	4570.15
54.267	4509.22
54.297	4570.15
54.337	4509.22
54.367	4448.28
54.402	4509.22
54.437	4570.15
54.467	4509.22
54.502	4570.15
54.537	4570.15
54.567	4570.15
54.602	4509.22
54.637	4509.22
54.667	4570.15
54.702	4509.22
54.737	3829.29
54.767	3829.29
54.802	4509.22
54.837	4448.28
54.867	4509.22
54.902	4570.15
54.937	4509.22
54.967	4570.15
55.002	4570.15
55.037	4509.22
55.067	4570.15
55.102	4570.15
55.137	4570.15
55.167	4509.22
55.202	4509.22
55.237	4448.28
55.267	4509.22
55.302	4448.28
55.337	4509.22
55.367	4448.28
55.402	4509.22
55.432	4570.15
55.457	4509.22
55.492	4570.15
55.517	4570.15
55.542	4570.15
55.567	4570.15
55.592	4509.22
55.617	4448.28
55.642	4387.35
55.667	4387.35
55.697	4448.28
55.722	4387.35
55.747	4509.22
55.772	4448.28
55.802	4509.22
55.837	4570.15
55.862	4570.15
55.887	4509.22
55.912	4570.15
55.937	4570.15
55.962	4570.15
55.987	4570.15
56.017	4570.15
56.042	4570.15
56.067	4509.22
56.092	4570.15
56.137	4570.15
56.162	4570.15
56.187	4570.15
56.237	4448.28
56.267	4509.22
56.292	4570.15
56.337	4570.15
56.367	4570.15
56.397	4509.22
56.437	4570.15
56.467	4509.22
56.502	4448.28
56.537	4387.35
56.567	4326.41
56.602	4265.48
56.637	4326.41
56.667	4387.35
56.702	4387.35
56.737	4326.41
56.767	4265.48
56.802	4204.54
56.837	4265.48
56.867	4204.54
56.902	4265.48
56.937	4265.48
56.967	4204.54
57.002	4143.6
57.037	4204.54
57.067	4143.6
57.102	4082.67
57.137	4143.6
57.167	4082.67
57.197	4021.74
57.237	4082.67
57.267	4021.74
57.302	3960.8
57.332	3899.86
57.362	3960.8
57.402	4021.74
57.437	4143.6
57.467	4082.67
57.502	4204.54
57.537	4143.6
57.562	4082.67
57.592	4143.6
57.637	4082.67
57.667	4143.6
57.702	4082.67
57.737	4204.54
57.762	4265.48
57.787	4204.54
57.812	4265.48
57.837	4326.41
57.862	4326.41
57.887	4010.31
57.912	4448.28
57.937	4387.35
57.962	4326.41
57.987	4387.35
58.012	4448.28
58.037	4387.35
58.062	4326.41
58.087	4265.48
58.112	4326.41
58.137	4265.48
58.162	4265.48
58.187	4326.41
58.222	4448.28
58.252	4387.35
58.277	4448.28
58.302	4509.22
58.337	4570.15
58.362	4509.22
58.387	4448.28
58.437	4509.22
58.462	4509.22
58.487	4448.28
58.537	4570.15
58.567	4509.22
58.602	4570.15
58.637	4570.15
58.667	4448.28
58.702	4509.22
58.737	4570.15
58.767	4570.15
58.802	4570.15
58.837	4509.22
58.867	4448.28
58.902	4448.28
58.937	3787.04
58.967	4448.28
59.002	4509.22
59.037	4448.28
59.067	4509.22
59.102	4570.15
59.137	4570.15
59.167	4509.22
59.202	4570.15
59.237	4570.15
59.267	4570.15
59.302	4448.28
59.337	4448.28
59.367	4509.22
59.397	4509.22
59.437	4387.35
59.467	4448.28
59.502	4448.28
59.537	4387.35
59.567	4448.28
59.602	4387.35
59.632	4448.28
59.662	4509.22
59.687	4570.15
59.712	4570.15
59.737	4509.22
59.762	4509.22
59.787	4570.15
59.812	4509.22
59.837	4570.15
59.862	4509.22
59.887	4570.15
59.937	4509.22
59.962	4509.22
59.997	4448.28
60.037	4570.15
60.062	4570.15
60.087	4509.22
60.137	4509.22
60.162	4570.15
60.187	4509.22
60.212	4448.28
60.237	4448.28
60.267	4387.35
60.292	4326.41
60.337	4326.41
60.367	4387.35
60.392	4448.28
60.432	4326.41
60.467	4265.48
60.497	4326.41
60.537	4265.48
60.567	4204.54
60.602	4265.48
60.637	4204.54
60.667	4265.48
60.702	4326.41
60.737	4265.48
60.767	4204.54
60.797	4265.48
60.837	4204.54
60.867	4204.54
60.892	4143.6
60.937	4082.67
60.967	4143.6
61.002	4082.67
61.037	4143.6
61.067	4204.54
61.102	4204.54
61.137	4143.6
61.167	4082.67
61.202	4143.6
61.237	4082.67
61.267	4143.6
61.302	4204.54
61.337	4265.48
61.367	4204.54
61.402	4265.48
61.437	4265.48
61.467	4326.41
61.502	4448.28
61.532	4387.35
61.557	4387.35
61.587	4509.22
61.612	4448.28
61.637	4387.35
61.667	4448.28
61.692	4387.35
61.717	4448.28
61.742	4448.28
61.767	4509.22
61.792	4570.15
61.827	4509.22
61.852	4448.28
61.877	4570.15
61.902	4509.22
61.937	4570.15
61.962	4570.15
61.987	4509.22
62.022	4570.15
62.047	4570.15
62.072	4570.15
62.102	4509.22
62.137	4448.28
62.162	4570.15
62.187	4509.22
62.237	4509.22
62.262	4570.15
62.287	4570.15
62.337	4570.15
62.367	4570.15
62.392	4509.22
62.437	4570.15
62.467	4509.22
62.492	4509.22
62.537	4448.28
62.567	4509.22
62.592	4570.15
62.617	4570.15
62.642	4570.15
62.667	4509.22
62.692	4448.28
62.737	4570.15
62.767	4570.15
62.802	4570.15
62.837	4509.22
62.867	4448.28
62.902	4448.28
62.937	4387.35
62.967	4326.41
63.002	4387.35
63.037	4448.28
63.067	4448.28
63.102	4387.35
63.137	3549.01
63.167	4387.35
63.202	4448.28
63.237	4387.35
63.267	4448.28
63.302	4509.22
63.332	4570.15
63.357	4570.15
63.402	4570.15
63.437	4570.15
63.467	4570.15
63.502	4509.22
63.537	4448.28
63.567	4509.22
63.602	4448.28
63.637	4509.22
63.667	4570.15
63.702	4570.15
63.737	4509.22
63.762	4448.28
63.787	4509.22
63.812	4509.22
63.837	4448.28
63.862	4509.22
63.887	4448.28
63.912	4570.15
63.937	4570.15
63.962	4570.15
63.987	4570.15
64.012	4509.22
64.037	4570.15
64.062	4509.22
64.087	4509.22
64.112	4570.15
64.137	4570.15
64.162	4509.22
64.187	4570.15
64.212	4570.15
64.237	4570.15
64.262	4570.15
64.287	4509.22
64.312	4448.28
64.337	4387.35
64.367	4448.28
64.392	4448.28
64.417	4387.35
64.442	4509.22
64.467	4448.28
64.492	4387.35
64.517	4448.28
64.542	4387.35
64.567	4326.41
64.592	4387.35
64.617	4448.28
64.642	4387.35
64.667	4448.28
64.697	4387.35
64.722	4326.41
64.767	4387.35
64.802	4326.41
64.837	4387.35
64.867	4326.41
64.902	4387.35
64.937	4509.22
64.967	4448.28
65.002	4509.22
65.037	4448.28
65.067	4448.28
65.102	4387.35
65.137	4326.41
65.167	4265.48
65.202	4326.41
65.237	3549.01
65.267	4326.41
65.302	4265.48
65.337	4265.48
65.367	4326.41
65.402	4265.48
65.437	4326.41
65.467	4265.48
65.492	4204.54
65.537	4265.48
65.567	4326.41
65.602	4265.48
65.637	4265.48
65.667	4387.35
65.702	4326.41
65.737	4265.48
65.762	4326.41
65.787	4387.35
65.812	4387.35
65.837	4326.41
65.867	4265.48
65.897	4204.54
65.922	4265.48
65.947	4204.54
65.972	4204.54
66.002	4143.6
66.037	4082.67
66.062	4021.74
66.087	4082.67
66.112	4204.54
66.137	4265.48
66.162	4265.48
66.187	4326.41
66.222	4265.48
66.247	4326.41
66.272	4265.48
66.302	4326.41
66.337	4448.28
66.362	4387.35
66.387	4448.28
66.437	4570.15
66.462	4570.15
66.487	4509.22
66.512	4570.15
66.537	4509.22
66.562	4570.15
66.587	4509.22
66.637	4570.15
66.662	4509.22
66.687	4448.28
66.737	4448.28
66.767	4387.35
66.802	4509.22
66.837	4448.28
66.867	4509.22
66.902	4448.28
66.932	4387.35
66.967	4448.28
66.992	4570.15
67.017	4570.15
67.042	4570.15
67.067	4570.15
67.102	4448.28
67.137	4448.28
67.167	4387.35
67.202	4448.28
67.227	4387.35
67.257	4326.41
67.302	4387.35
67.337	3779.3
67.367	4387.35
67.402	4448.28
67.437	4509.22
67.467	4448.28
67.502	4387.35
67.537	4326.41
67.567	4387.35
67.602	4448.28
67.637	4387.35
67.667	4448.28
67.702	4509.22
67.737	4387.35
67.767	4448.28
67.802	4570.15
67.837	4509.22
67.867	4570.15
67.897	4509.22
67.927	4448.28
67.952	4570.15
67.977	4509.22
68.002	4509.22
68.027	4448.28
68.052	4387.35
68.077	4448.28
68.102	4509.22
68.137	4448.28
68.162	4387.35
68.187	4387.35
68.212	4509.22
68.237	4448.28
68.262	4387.35
68.287	4326.41
68.312	4387.35
68.337	4387.35
68.362	4326.41
68.387	4265.48
68.412	4326.41
68.437	4326.41
68.462	4265.48
68.487	4326.41
68.512	4326.41
68.537	4265.48
68.562	4204.54
68.587	4204.54
68.612	4265.48
68.637	4204.54
68.662	4143.6
68.687	4204.54
68.712	4265.48
68.737	4265.48
68.762	4265.48
68.792	4204.54
68.817	4265.48
68.842	4204.54
68.867	4265.48
68.902	4326.41
68.937	4387.35
68.967	4509.22
68.997	4448.28
69.022	4509.22
69.067	4509.22
69.102	4448.28
69.137	4387.35
69.167	4387.35
69.202	4265.48
69.237	4265.48
69.267	4204.54
69.302	4143.6
69.337	4204.54
69.367	4265.48
69.402	4204.54
69.437	3539.37
69.467	4143.6
69.502	4082.67
69.537	4021.74
69.567	4082.67
69.602	4021.74
69.637	4143.6
69.667	4143.6
69.702	4021.74
69.737	4143.6
69.767	4204.54
69.802	4143.6
69.837	4082.67
69.867	4143.6
69.897	4082.67
69.937	4021.74
69.967	4082.67
69.997	4021.74
70.022	4082.67
70.047	4021.74
70.072	4021.74
70.102	3960.8
70.137	4021.74
70.167	4021.74
70.192	3960.8
70.237	4082.67
70.267	4021.74
70.302	4082.67
70.337	4143.6
70.362	4082.67
70.402	4204.54
70.437	4143.6
70.467	4143.6
70.502	4082.67
70.537	4143.6
70.562	4204.54
70.587	4265.48
70.617	4265.48
70.642	4265.48
70.667	4326.41
70.702	4387.35
70.737	4326.41
70.762	4387.35
70.802	4448.28
70.837	4387.35
70.862	4326.41
70.887	4387.35
70.937	4448.28
70.962	4387.35
70.987	4448.28
71.037	4570.15
71.062	4509.22
71.102	4448.28
71.137	4509.22
71.162	4448.28
71.202	4509.22
71.237	4570.15
71.267	4509.22
71.302	4509.22
71.332	4509.22
71.367	4509.22
71.402	4448.28
71.437	4509.22
71.467	4570.15
71.502	4570.15
71.537	3981.03
71.567	4509.22
71.602	4570.15
71.637	4509.22
71.667	4570.15
71.702	4509.22
71.737	4448.28
71.767	4448.28
71.802	4509.22
71.837	4448.28
71.867	4570.15
71.902	4570.15
71.927	4570.15
71.957	4509.22
71.987	4570.15
72.012	4570.15
72.037	4509.22
72.067	4448.28
72.102	4509.22
72.137	4448.28
72.162	4509.22
72.187	4448.28
72.212	4570.15
72.237	4570.15
72.262	4570.15
72.287	4509.22
72.312	4570.15
72.337	4570.15
72.362	4509.22
72.387	4448.28
72.412	4448.28
72.437	4509.22
72.462	4509.22
72.487	4448.28
72.512	4509.22
72.537	4448.28
72.562	4448.28
72.602	4448.28
72.627	4509.22
72.662	4570.15
72.692	4570.15
72.722	4509.22
72.747	4448.28
72.772	4509.22
72.802	4570.15
72.837	4570.15
72.862	4509.22
72.902	4570.15
72.937	4570.15
72.962	4509.22
73.002	4570.15
73.037	4509.22
73.062	4570.15
73.102	4509.22
73.137	4570.15
73.162	4570.15
73.202	4509.22
73.237	4570.15
73.267	4509.22
73.292	4448.28
73.337	4387.35
73.367	4448.28
73.402	4387.35
73.437	4448.28
73.467	4387.35
73.502	4448.28
73.537	4387.35
73.567	4387.35
73.602	4387.35
73.637	3822.74
73.667	4509.22
73.702	4448.28
73.737	4387.35
73.767	4448.28
73.802	4509.22
73.837	4387.35
73.867	4387.35
73.902	4448.28
73.937	4387.35
73.967	4448.28
74.002	4387.35
74.037	4326.41
74.067	4265.48
74.092	4265.48
74.137	4326.41
74.167	4387.35
74.192	4326.41
74.237	4387.35
74.262	4387.35
74.292	4448.28
74.322	4509.22
74.347	4448.28
74.372	4387.35
74.402	4387.35
74.427	4448.28
74.452	4387.35
74.477	4448.28
74.502	4509.22
74.532	4570.15
74.557	4509.22
74.582	4570.15
74.607	4509.22
74.637	4509.22
74.662	4570.15
74.687	3856.07
74.712	3856.07
74.737	3856.07
74.762	4509.22
74.787	4448.28
74.837	4570.15
74.862	4570.15
74.887	4509.22
74.912	4570.15
74.937	4570.15
74.962	4509.22
74.987	4570.15
75.037	4570.15
75.067	4509.22
75.102	4509.22
75.137	4448.28
75.167	4509.22
75.202	4570.15
75.237	4509.22
75.267	4570.15
75.302	4570.15
75.337	4570.15
75.362	4570.15
75.402	4509.22
75.437	4570.15
75.467	4509.22
75.502	4448.28
75.537	4509.22
75.567	4570.15
75.602	4509.22
75.637	4448.28
75.667	4509.22
75.702	4448.28
75.737	4509.22
75.767	4509.22
75.802	4509.22
75.827	4509.22
75.867	4509.22
75.902	4570.15
75.937	4509.22
75.967	4570.15
76.002	4509.22
76.037	4448.28
76.067	4387.35
76.102	4326.41
76.137	4326.41
76.167	4387.35
76.202	4387.35
76.237	4326.41
76.262	4265.48
76.292	4326.41
76.322	4387.35
76.347	4387.35
76.372	4326.41
76.402	4387.35
76.437	4326.41
76.462	4448.28
76.487	4387.35
76.512	4448.28
76.537	4387.35
76.562	4387.35
76.602	4265.48
76.627	4326.41
76.652	4326.41
76.677	4387.35
76.702	4326.41
76.727	4265.48
76.752	4204.54
76.777	3675.76
76.802	4265.48
76.837	4326.41
76.862	4265.48
76.887	4265.48
76.917	4265.48
76.942	4326.41
76.967	4265.48
76.992	4326.41
77.037	4326.41
77.062	4326.41
77.087	4448.28
77.137	4448.28
77.162	4387.35
77.187	4448.28
77.237	4509.22
77.267	4509.22
77.302	4509.22
77.337	4448.28
77.367	4448.28
77.402	4509.22
77.437	4448.28
77.467	4387.35
77.492	4326.41
77.537	4387.35
77.567	4448.28
77.602	4387.35
77.637	4448.28
77.667	4387.35
77.702	4448.28
77.737	4387.35
77.767	4448.28
77.802	4387.35
77.837	3996.5
77.867	4387.35
77.902	4326.41
77.937	4387.35
77.967	4448.28
78.002	4387.35
78.037	4448.28
78.067	4387.35
78.102	4509.22
78.137	4509.22
78.162	4509.22
78.187	4448.28
78.212	4509.22
78.237	4570.15
78.267	4509.22
78.302	4448.28
78.337	4387.35
78.362	4509.22
78.387	4448.28
78.412	4387.35
78.437	4448.28
78.462	4448.28
78.487	4387.35
78.512	4448.28
78.537	4387.35
78.562	4326.41
78.597	4265.48
78.622	4326.41
78.647	4387.35
78.672	4326.41
78.702	4387.35
78.727	4448.28
78.752	4387.35
78.777	4326.41
78.802	4265.48
78.837	4387.35
78.867	4326.41
78.892	4265.48
78.922	4326.41
78.947	4387.35
78.972	4387.35
79.002	4509.22
79.027	4509.22
79.062	4387.35
79.102	4448.28
79.137	4387.35
79.162	4387.35
79.202	4509.22
79.232	4448.28
79.262	4509.22
79.302	4509.22
79.337	4570.15
79.367	4570.15
79.402	4509.22
79.437	4448.28
79.467	4387.35
79.502	4448.28
79.537	4448.28
79.567	4387.35
79.602	4326.41
79.637	4265.48
79.667	4326.41
79.702	4265.48
79.737	4204.54
79.767	4265.48
79.802	4326.41
79.837	4265.48
79.867	4204.54
79.902	4265.48
79.937	3851.43
79.967	4265.48
80.002	4326.41
80.037	4326.41
80.067	4265.48
80.102	4387.35
80.137	4326.41
80.167	4387.35
80.202	4326.41
80.232	4265.48
80.257	4326.41
80.287	4326.41
80.312	4326.41
80.337	4387.35
80.362	4326.41
80.402	4387.35
80.437	4326.41
80.462	4265.48
80.492	4326.41
80.537	4387.35
80.562	4448.28
80.602	4387.35
80.632	4448.28
80.657	4387.35
80.682	4387.35
80.707	4326.41
80.737	4265.48
80.762	4326.41
80.797	4326.41
80.822	4387.35
80.847	4448.28
80.872	4387.35
80.902	4448.28
80.937	4509.22
80.962	4570.15
80.987	3698.97
81.037	4570.15
81.062	4509.22
81.087	4448.28
81.137	4570.15
81.162	4570.15
81.187	4570.15
81.237	4570.15
81.262	4509.22
81.287	4448.28
81.337	4570.15
81.367	4509.22
81.402	4570.15
81.437	4509.22
81.467	4448.28
81.502	4387.35
81.537	4448.28
81.567	4509.22
81.602	4448.28
81.637	4448.28
81.662	4509.22
81.702	4448.28
81.737	4509.22
81.762	4448.28
81.792	4387.35
81.837	4448.28
81.867	4509.22
81.902	4448.28
81.937	4509.22
81.967	4570.15
82.002	4509.22
82.037	4509.22
82.067	4570.15
82.102	4570.15
82.137	4509.22
82.167	4570.15
82.202	4509.22
82.237	4448.28
82.262	4387.35
82.287	4326.41
82.312	4326.41
82.337	4387.35
82.362	4326.41
82.387	4326.41
82.412	4387.35
82.437	4326.41
82.462	4326.41
82.487	4265.48
82.512	4326.41
82.537	4387.35
82.562	4326.41
82.592	4265.48
82.637	4326.41
82.662	4265.48
82.687	4265.48
82.732	4326.41
82.757	4387.35
82.782	4326.41
82.807	4387.35
82.837	4326.41
82.862	4326.41
82.887	4387.35
82.937	4387.35
82.962	4509.22
82.987	4570.15
83.037	4570.15
83.062	4509.22
83.092	3631.6
83.137	4570.15
83.167	4570.15
83.202	4509.22
83.237	4570.15
83.262	4509.22
83.287	4570.15
83.312	4570.15
83.337	4509.22
83.362	4448.28
83.387	4387.35
83.412	4509.22
83.437	4448.28
83.467	4387.35
83.502	4448.28
83.537	4387.35
83.567	4387.35
83.602	4448.28
83.637	4387.35
83.667	4326.41
83.702	4265.48
83.737	4326.41
83.767	4265.48
83.802	4326.41
83.837	4265.48
83.867	4326.41
83.902	4387.35
83.937	4326.41
83.967	4387.35
84.002	4387.35
84.037	4448.28
84.062	4387.35
84.102	4448.28
84.137	4121.71
84.167	4326.41
84.202	4265.48
84.237	4326.41
84.267	4448.28
84.302	4509.22
84.337	4448.28
84.362	4509.22
84.387	4570.15
84.412	4570.15
84.437	4509.22
84.462	4509.22
84.487	4570.15
84.512	4509.22
84.537	4509.22
84.562	4570.15
84.587	4570.15
84.612	4509.22
84.637	4448.28
84.662	4509.22
84.687	4509.22
84.712	4570.15
84.737	4509.22
84.762	4570.15
84.787	4509.22
84.822	4570.15
84.847	4570.15
84.872	4570.15
84.897	4509.22
84.937	4509.22
84.962	4509.22
84.987	4570.15
85.012	4509.22
85.037	4509.22
85.062	4448.28
85.087	4509.22
85.112	4509.22
85.137	4570.15
85.162	4509.22
85.187	4509.22
85.212	4570.15
85.237	4570.15
85.267	4509.22
85.297	4570.15
85.337	4509.22
85.367	4570.15
85.402	4570.15
85.437	4570.15
85.467	4509.22
85.502	4570.15
85.537	4509.22
85.567	4448.28
85.602	4448.28
85.637	4387.35
85.667	4326.41
85.702	4387.35
85.737	4448.28
85.767	4448.28
85.802	4387.35
85.837	4326.41
85.867	4265.48
85.902	4326.41
85.937	4265.48
85.967	4326.41
86.002	4265.48
86.037	4265.48
86.067	4326.41
86.102	4265.48
86.137	4265.48
86.167	4326.41
86.202	4265.48
86.237	4326.41
86.267	4387.35
86.302	4326.41
86.337	4387.35
86.367	4326.41
86.397	4387.35
86.422	4326.41
86.447	4387.35
86.472	4448.28
86.497	4509.22
86.522	4448.28
86.547	4509.22
86.572	4570.15
86.602	4509.22
86.627	4570.15
86.652	4570.15
86.677	4570.15
86.702	4509.22
86.727	4448.28
86.752	4509.22
86.782	4570.15
86.807	4570.15
86.832	4509.22
86.862	4448.28
86.887	4387.35
86.912	4448.28
86.937	4509.22
86.962	4509.22
86.987	4509.22
87.012	4448.28
87.037	4509.22
87.067	4509.22
87.092	4448.28
87.117	4509.22
87.142	4509.22
87.167	4570.15
87.192	4509.22
87.217	4570.15
87.242	4570.15
87.267	4509.22
87.302	4570.15
87.327	4509.22
87.367	4570.15
87.392	4509.22
87.417	4570.15
87.442	4570.15
87.467	4509.22
87.502	4448.28
87.527	4509.22
87.567	4448.28
87.602	4570.15
87.637	4570.15
87.667	4570.15
87.702	4509.22
87.737	4448.28
87.767	4448.28
87.802	4387.35
87.837	4448.28
87.867	4387.35
87.902	4326.41
87.937	4326.41
87.967	4387.35
88.002	4326.41
88.037	4387.35
88.067	4326.41
88.102	4387.35
88.137	4448.28
88.167	4448.28
88.202	4387.35
88.237	4326.41
88.267	4387.35
88.302	4326.41
88.337	3965.56
88.367	4326.41
88.402	4326.41
88.437	4326.41
88.467	4387.35
88.502	4448.28
88.537	4387.35
88.562	4448.28
88.587	4387.35
88.612	4387.35
88.637	4387.35
88.662	4326.41
88.692	4387.35
88.737	4387.35
88.762	4387.35
88.787	4448.28
88.812	4387.35
88.837	4326.41
88.862	4387.35
88.887	4387.35
88.922	4387.35
88.952	4387.35
88.977	4387.35
89.002	4326.41
89.037	4387.35
89.062	4326.41
89.087	4265.48
89.112	4326.41
89.137	4326.41
89.167	4265.48
89.192	4326.41
89.217	4387.35
89.242	4326.41
89.267	4387.35
89.292	4387.35
89.317	4387.35
89.342	4448.28
89.367	4387.35
89.402	4448.28
89.427	4448.28
89.467	4448.28
89.502	4387.35
89.537	4448.28
89.567	4509.22
89.602	4509.22
89.637	4448.28
89.667	4570.15
89.702	4509.22
89.737	4570.15
89.767	4509.22
89.802	4448.28
89.837	4509.22
89.867	4448.28
89.902	4387.35
89.937	4326.41
89.967	4326.41
90.002	4265.48
90.037	4326.41
90.067	4387.35
90.102	4326.41
90.137	4387.35
90.162	4387.35
90.202	4387.35
90.237	4326.41
90.267	4326.41
90.302	4326.41
90.337	4387.35
90.367	4448.28
90.402	4387.35
90.437	4326.41
90.467	4387.35
90.502	4326.41
90.537	4326.41
90.567	4265.48
90.592	4204.54
90.622	4265.48
90.647	4326.41
90.672	4326.41
90.702	4265.48
90.737	4387.35
90.767	4448.28
90.792	4448.28
90.827	4387.35
90.852	4326.41
90.877	4387.35
90.902	4448.28
90.927	4448.28
90.952	4387.35
90.977	4326.41
91.002	4448.28
91.037	4387.35
91.062	4448.28
91.087	4387.35
91.112	4326.41
91.137	4387.35
91.162	4387.35
91.187	4326.41
91.212	4448.28
91.237	4387.35
91.262	4326.41
91.287	4387.35
91.312	4387.35
91.337	4326.41
91.362	4387.35
91.387	4326.41
91.437	4509.22
91.462	4509.22
91.487	3588.16
91.537	4448.28
91.567	4387.35
91.592	4570.15
91.637	4570.15
91.667	4509.22
91.702	4448.28
91.737	4570.15
91.767	4570.15
91.792	4509.22
91.837	4448.28
91.867	4509.22
91.902	4448.28
91.937	4509.22
91.967	4448.28
92.002	4509.22
92.037	4448.28
92.067	4387.35
92.102	4326.41
92.127	4326.41
92.167	4387.35
92.202	4387.35
92.237	4387.35
92.267	4448.28
92.302	4387.35
92.337	4448.28
92.367	4509.22
92.402	4448.28
92.437	4387.35
92.467	4448.28
92.502	4448.28
92.537	4387.35
92.567	4326.41
92.592	4387.35
92.622	4326.41
92.647	4387.35
92.672	4448.28
92.702	4387.35
92.737	4326.41
92.762	4265.48
92.802	4265.48
92.827	4265.48
92.852	4326.41
92.877	4326.41
92.902	4387.35
92.937	4448.28
92.962	4387.35
92.987	4448.28
93.012	4448.28
93.037	4387.35
93.062	4448.28
93.087	4448.28
93.112	4509.22
93.137	4570.15
93.162	4570.15
93.187	4509.22
93.237	4570.15
93.262	4509.22
93.287	4509.22
93.312	4570.15
93.337	4509.22
93.362	4570.15
93.387	4570.15
93.412	4570.15
93.437	4509.22
93.462	4509.22
93.487	4570.15
93.512	4570.15
93.537	4509.22
93.567	4509.22
93.592	4570.15
93.637	4509.22
93.667	4509.22
93.692	4570.15
93.737	4570.15
93.767	4570.15
93.792	4509.22
93.837	4570.15
93.867	4509.22
93.902	4570.15
93.937	4509.22
93.967	4570.15
94.002	4570.15
94.037	4570.15
94.067	4509.22
94.102	4509.22
94.137	4448.28
94.167	4509.22
94.202	4448.28
94.237	4509.22
94.267	4448.28
94.302	4509.22
94.337	4448.28
94.367	4509.22
94.402	4570.15
94.437	4570.15
94.467	4509.22
94.502	4570.15
94.537	4509.22
94.567	4570.15
94.602	4509.22
94.637	4248.81
94.667	4509.22
94.702	4570.15
94.737	4570.15
94.767	4509.22
94.802	4509.22
94.837	4570.15
94.867	4570.15
94.902	4570.15
94.937	4570.15
94.962	4570.15
94.987	4570.15
95.012	4570.15
95.037	4570.15
95.062	4570.15
95.087	4570.15
95.112	4570.15
95.137	4570.15
95.162	4570.15
95.187	4570.15
95.212	4570.15
95.237	4570.15
95.262	4570.15
95.287	4570.15
95.312	4570.15
95.337	4570.15
95.362	4570.15
95.387	4570.15
95.412	4570.15
95.437	4570.15
95.462	4570.15
95.487	4570.15
95.512	4570.15
95.537	4570.15
95.567	4570.15
95.592	4570.15
95.617	4570.15
95.642	4570.15
95.667	4570.15
95.692	3552.58
95.737	3552.58
95.767	3552.58
95.792	3552.58
95.817	3552.58
95.842	3552.58
95.867	3552.58
95.902	3552.58
95.937	3552.58
95.967	3552.58
96.002	3552.58
96.037	3552.58
96.067	3552.58
96.092	3552.58
96.137	3552.58
96.167	3552.58
96.202	3552.58
96.237	3552.58
96.267	3552.58
96.302	3552.58
96.337	3552.58
96.367	3552.58
96.402	3552.58
96.437	3552.58
96.467	3552.58
96.502	3552.58
96.537	3552.58
96.567	3552.58
96.602	3552.58
96.637	3552.58
96.667	3552.58
96.702	3552.58
96.737	3358.3
96.767	3358.3
96.802	3358.3
96.837	3358.3
96.867	3358.3
96.902	3358.3
96.937	3358.3
96.967	3358.3
97.002	3358.3
97.037	3358.3
97.067	3358.3
97.102	3358.3
97.137	3358.3
97.167	3358.3
97.202	3358.3
97.237	3358.3
97.267	3358.3
97.302	3358.3
97.337	3358.3
97.367	3358.3
97.402	3358.3
97.437	3358.3
97.462	3358.3
97.502	3358.3
97.537	3358.3
97.567	3358.3
97.602	3358.3
97.637	3358.3
97.667	3358.3
97.702	3358.3
97.737	3358.3
97.767	3358.3
97.802	3627.96
97.837	3627.96
97.867	3627.96
97.902	3627.96
97.937	3627.96
97.967	3627.96
98.002	3627.96
98.037	3627.96
98.067	3627.96
98.102	3627.96
98.137	3627.96
98.167	3627.96
98.192	3627.96
98.237	3627.96
98.267	3627.96
98.302	3627.96
98.337	3627.96
98.367	3627.96
98.392	3627.96
98.437	3627.96
98.467	3627.96
98.502	3627.96
98.537	3627.96
98.567	3627.96
98.602	3627.96
98.637	3627.96
98.667	3627.96
98.702	3627.96
98.737	3627.96
98.767	3627.96
98.802	3919.2
98.837	3919.2
98.867	3919.2
98.892	3919.2
98.937	3919.2
98.962	3919.2
98.987	3919.2
99.012	3919.2
99.037	3919.2
99.067	3919.2
99.102	3919.2
99.137	3919.2
99.167	3919.2
99.192	3919.2
99.237	3919.2
99.262	3919.2
99.302	3919.2
99.337	3919.2
99.362	3919.2
99.402	3919.2
99.437	3919.2
99.467	3919.2
99.502	3919.2
99.537	3919.2
99.562	3919.2
99.602	3919.2
99.637	3919.2
99.662	3919.2
99.702	3919.2
99.737	3919.2
99.767	3919.2
99.802	3919.2
99.837	3919.2
99.867	3919.2
99.902	3658.94
99.937	3658.94
99.967	3658.94
100.002	3658.94
100.037	3658.94
100.067	3658.94
100.102	3658.94
100.137	3658.94
100.167	3658.94
100.202	3658.94
100.237	3658.94
100.267	3658.94
100.302	3658.94
100.337	3658.94
100.367	3658.94
100.402	3658.94
100.437	3658.94
100.467	3658.94
100.502	3658.94
100.537	3658.94
100.567	3658.94
100.602	3658.94
100.637	3658.94
100.667	3658.94
100.702	3658.94
100.737	3658.94
100.767	3658.94
100.792	3658.94
100.837	3658.94
100.862	3658.94
100.902	3658.94
100.932	3658.94
100.967	3658.94
101.002	3658.94
101.037	3658.94
101.062	3658.94
101.102	3658.94
101.137	3658.94
101.162	3658.94
101.202	3658.94
101.237	3658.94
101.262	3658.94
101.302	3658.94
101.337	3658.94
101.362	3658.94
101.402	3658.94
101.437	3658.94
101.462	3658.94
101.502	3658.94
101.537	3658.94
101.562	3658.94
101.602	3658.94
101.637	3658.94
101.662	3658.94
101.702	3658.94
101.737	3658.94
101.767	3658.94
101.802	3658.94
101.837	3658.94
101.867	3658.94
101.902	3658.94
101.937	3658.94
101.967	3658.94
102.002	3358.79
102.037	3358.79
102.067	3358.79
102.102	3358.79
102.137	3358.79
102.167	3358.79
102.202	3358.79
102.227	3358.79
102.267	3358.79
102.302	3358.79
102.337	3358.79
102.367	3358.79
102.402	3358.79
102.437	3358.79
102.467	3358.79
102.502	3358.79
102.537	3358.79
102.567	3358.79
102.602	3358.79
102.637	3358.79
102.667	3358.79
102.702	3358.79
102.737	3358.79
102.767	3358.79
102.802	3358.79
102.837	3358.79
102.867	3358.79
102.902	3358.79
102.937	3358.79
102.962	3358.79
102.997	3358.79
103.037	3358.79
103.067	3358.79
103.102	3358.79
103.137	3358.79
103.167	3358.79
103.202	3358.79
103.237	3358.79
103.267	3358.79
103.302	3358.79
103.337	3358.79
103.367	3358.79
103.402	3358.79
103.437	3358.79
103.467	3358.79
103.502	3358.79
103.537	3358.79
103.567	3358.79
103.602	3358.79
103.637	3358.79
103.667	3358.79
103.702	3358.79
103.737	3358.79
103.767	3358.79
103.802	3358.79
103.837	3358.79
103.867	3358.79
103.902	3358.79
103.937	3358.79
103.967	3358.79
104.002	3358.79
104.037	3358.79
104.067	3358.79
104.102	3628.49
104.137	3628.49
104.167	3628.49
104.202	3628.49
104.237	3628.49
104.267	3628.49
104.302	3628.49
104.337	3628.49
104.362	3628.49
104.402	3628.49
104.437	3628.49
104.467	3628.49
104.502	3628.49
104.537	3628.49
104.562	3628.49
104.602	3628.49
104.637	3628.49
104.667	3628.49
104.702	3628.49
104.737	3628.49
104.767	3628.49
104.802	3628.49
104.837	3628.49
104.862	3628.49
104.902	3628.49
104.927	3628.49
104.957	3628.49
105.002	3628.49
105.037	3628.49
105.067	3628.49
105.102	3919.77
105.137	3919.77
105.162	3919.77
105.202	3919.77
105.237	3919.77
105.262	3919.77
105.302	3919.77
105.337	3919.77
105.362	3919.77
105.392	3919.77
105.437	3919.77
105.462	3919.77
105.487	3919.77
105.537	3919.77
105.562	3919.77
105.587	3919.77
105.637	3919.77
105.662	3919.77
105.702	3919.77
105.737	3919.77
105.762	3919.77
105.802	3919.77
105.837	3919.77
105.862	3919.77
105.902	3919.77
105.937	3919.77
105.967	3919.77
106.002	3919.77
106.037	3919.77
106.067	3919.77
106.102	3919.77
106.137	3919.77
106.167	3919.77
106.202	3544.64
106.237	3544.64
106.267	3544.64
106.302	3544.64
106.337	3544.64
106.367	3544.64
106.402	3544.64
106.437	3544.64
106.467	3544.64
106.502	3544.64
106.527	3544.64
106.567	3544.64
106.602	3544.64
106.637	3544.64
106.667	3544.64
106.702	3544.64
106.737	3544.64
106.767	3544.64
106.802	3544.64
106.837	3544.64
106.862	3544.64
106.902	3544.64
106.937	3544.64
106.967	3544.64
107.002	3544.64
107.037	3544.64
107.067	3544.64
107.097	3544.64
107.137	3544.64
107.167	3544.64
107.202	3544.64
107.237	3544.64
107.267	3544.64
107.302	3544.64
107.337	3544.64
107.367	3544.64
107.402	3544.64
107.437	3544.64
107.467	3544.64
107.502	3544.64
107.537	3544.64
107.567	3544.64
107.602	3544.64
107.637	3544.64
107.662	3544.64
107.702	3544.64
107.737	3544.64
107.767	3544.64
107.797	3544.64
107.837	3544.64
107.867	3544.64
107.902	3544.64
107.937	3544.64
107.967	3544.64
107.992	3544.64
108.037	3544.64
108.067	3544.64
108.092	3544.64
108.137	3544.64
108.167	3544.64
108.202	3544.64
108.237	3544.64
108.267	3544.64
108.302	3544.64
108.337	3544.64
108.367	3544.64
108.402	3544.64
108.437	3544.64
108.467	3544.64
108.502	3544.64
108.537	3544.64
108.567	3544.64
108.602	3544.64
108.637	3544.64
108.667	3544.64
108.692	3544.64
108.737	3544.64
108.762	3544.64
108.787	3544.64
108.812	3544.64
108.837	3544.64
108.867	3544.64
108.897	3544.64
108.937	3544.64
108.967	3544.64
109.002	3544.64
109.027	3544.64
109.067	3544.64
109.102	3544.64
109.127	3544.64
109.167	3544.64
109.202	3544.64
109.237	3544.64
109.267	3544.64
109.302	3544.64
109.337	3544.64
109.367	3544.64
109.402	3544.64
109.437	3544.64
109.462	3544.64
109.502	3544.64
109.527	3544.64
109.567	3544.64
109.602	3544.64
109.637	3544.64
109.667	3544.64
109.702	3544.64
109.727	3544.64
109.752	3544.64
109.777	3544.64
109.802	3544.64
109.837	3544.64
109.862	3544.64
109.902	3544.64
109.937	3544.64
109.967	3544.64
110.002	3544.64
110.032	3544.64
110.067	3544.64
110.102	3544.64
110.137	3544.64
110.167	3544.64
110.202	3544.64
110.237	3544.64
110.267	3544.64
110.302	3544.64
110.337	3544.64
110.367	3544.64
110.397	3544.64
110.437	3544.64
110.467	3544.64
110.502	3544.64
110.537	3544.64
110.567	3544.64
110.602	3544.64
110.637	3544.64
110.667	3544.64
110.702	3544.64
110.737	3544.64
110.767	3544.64
110.802	3544.64
110.837	3544.64
110.867	3544.64
110.902	3544.64
110.937	3544.64
110.962	3544.64
110.997	3544.64
111.037	3544.64
111.067	3544.64
111.102	3544.64
111.137	3544.64
111.167	3544.64
111.202	3544.64
111.232	3544.64
111.267	3544.64
111.302	3544.64
111.337	3544.64
111.362	3544.64
111.402	3544.64
111.437	3544.64
111.467	3544.64
111.502	3544.64
111.537	3544.64
111.562	3544.64
111.602	3544.64
111.637	3544.64
111.667	3544.64
111.702	3544.64
111.737	3544.64
111.767	3544.64
111.802	3544.64
111.837	3544.64
111.862	3544.64
111.902	3544.64
111.937	3544.64
111.967	3544.64
112.002	3544.64
112.037	3544.64
112.067	3544.64
112.102	3544.64
112.137	3544.64
112.167	3544.64
112.202	3544.64
112.237	3544.64
112.267	3544.64
112.302	3544.64
112.337	3544.64
112.367	3544.64
112.402	3544.64
112.437	3544.64
112.467	3544.64
112.502	3544.64
112.537	3544.64
112.567	3544.64
112.602	3544.64
112.637	3544.64
112.667	3544.64
112.702	3544.64
112.737	3544.64
112.767	3544.64
112.802	3544.64
112.837	3544.64
112.862	3544.64
112.902	3544.64
112.937	3544.64
112.967	3544.64
113.002	3544.64
113.037	3544.64
113.067	3544.64
113.102	3544.64
113.137	3544.64
113.167	3544.64
113.202	3544.64
113.227	3544.64
113.267	3544.64
113.302	3544.64
113.337	3544.64
113.367	3544.64
113.397	3544.64
113.437	3544.64
113.462	3544.64
113.487	3544.64
113.512	3544.64
113.537	3829.21
113.567	3829.21
113.592	3829.21
113.637	3829.21
113.662	3829.21
113.687	3829.21
113.712	3829.21
113.737	3829.21
113.762	3829.21
113.787	3829.21
113.812	3829.21
113.837	3829.21
113.862	3829.21
113.887	3829.21
113.912	3829.21
113.937	3829.21
113.962	3829.21
113.987	3829.21
114.012	3829.21
114.037	3829.21
114.062	3829.21
114.087	3829.21
114.112	3829.21
114.137	3829.21
114.162	3829.21
114.202	3829.21
114.237	3829.21
114.262	3829.21
114.302	3829.21
114.337	3829.21
114.362	3829.21
114.402	3829.21
114.437	3829.21
114.462	3829.21
114.502	3829.21
114.537	4136.54
114.567	4136.54
114.602	3651.79
114.637	3651.79
114.662	3651.79
114.702	3651.79
114.737	3651.79
114.767	3651.79
114.802	3651.79
114.837	3651.79
114.867	3651.79
114.902	3651.79
114.937	3651.79
114.967	3651.79
115.002	3651.79
115.037	3651.79
115.062	3651.79
115.097	3651.79
115.137	3651.79
115.162	3651.79
115.202	3651.79
115.237	3651.79
115.267	3651.79
115.302	3651.79
115.337	3651.79
115.367	3651.79
115.402	3651.79
115.437	3651.79
115.467	3651.79
115.502	3651.79
115.537	3651.79
115.567	3651.79
115.602	3651.79
115.637	3651.79
115.667	3651.79
115.702	3651.79
115.737	3651.79
115.767	3651.79
115.802	3651.79
115.837	3651.79
115.867	3651.79
115.902	3651.79
115.937	3651.79
115.967	3651.79
116.002	3651.79
116.037	3651.79
116.067	3651.79
116.092	3651.79
116.132	3651.79
116.167	3651.79
116.197	3651.79
116.237	3651.79
116.262	3651.79
116.302	3651.79
116.337	3651.79
116.362	3651.79
116.402	3651.79
116.437	3651.79
116.462	3651.79
116.502	3651.79
116.537	3651.79
116.567	3651.79
116.602	3651.79
116.637	3651.79
116.662	3651.79
116.702	3452.08
116.737	3452.08
116.767	3452.08
116.802	3452.08
116.837	3452.08
116.867	3452.08
116.902	3452.08
116.937	3452.08
116.967	3452.08
117.002	3452.08
117.037	3452.08
117.067	3452.08
117.102	3452.08
117.137	3452.08
117.167	3452.08
117.202	3452.08
117.227	3452.08
117.267	3452.08
117.302	3452.08
117.337	3452.08
117.367	3452.08
117.402	3452.08
117.437	3452.08
117.467	3452.08
117.502	3452.08
117.537	3452.08
117.567	3452.08
117.592	3452.08
117.637	3452.08
117.667	3452.08
117.702	3452.08
117.737	3452.08
117.767	3452.08
117.802	3452.08
117.837	3452.08
117.867	3452.08
117.902	3452.08
117.937	3452.08
117.967	3452.08
118.002	3452.08
118.037	3452.08
118.067	3452.08
118.102	3452.08
118.137	3452.08
118.167	3452.08
118.202	3452.08
118.237	3452.08
118.267	3452.08
118.302	3452.08
118.337	3452.08
118.367	3452.08
118.402	3452.08
118.437	3452.08
118.467	3452.08
118.502	3452.08
118.537	3452.08
118.567	3452.08
118.602	3452.08
118.637	3452.08
118.667	3452.08
118.702	3452.08
118.737	3452.08
118.767	3452.08
118.802	3452.08
118.837	3452.08
118.867	3452.08
118.902	3452.08
118.927	3452.08
118.967	3452.08
119.002	3452.08
119.037	3452.08
119.067	3452.08
119.102	3452.08
119.137	3452.08
119.167	3452.08
119.202	3452.08
119.237	3452.08
119.267	3452.08
119.302	3452.08
119.337	3452.08
119.367	3452.08
119.402	3452.08
119.437	3452.08
119.462	3452.08
119.502	3452.08
119.537	3452.08
119.567	3452.08
119.602	3452.08
119.637	3452.08
119.667	3452.08
119.702	3452.08
119.737	3452.08
119.767	3452.08
119.802	3452.08
119.837	3729.25
119.867	3729.25
119.897	3729.25
119.937	3729.25
119.967	3729.25
120.002	3729.25
120.037	3729.25
120.062	3729.25
120.092	3729.25
120.137	3729.25
120.167	3729.25
120.192	3729.25
120.237	3729.25
120.267	3729.25
120.302	3729.25
120.337	3729.25
120.362	3729.25
120.387	3729.25
120.412	3729.25
120.437	3729.25
120.462	3729.25
120.487	3729.25
120.512	3729.25
120.537	3729.25
120.567	3729.25
120.602	3729.25
120.632	3729.25
120.657	3729.25
120.682	3729.25
120.707	3729.25
120.737	3729.25
120.767	3729.25
120.802	3729.25
120.837	4028.59
120.862	4028.59
120.897	3658.78
120.937	3658.78
120.967	3658.78
121.002	3658.78
121.037	3658.78
121.067	3658.78
121.102	3658.78
121.137	3658.78
121.167	3658.78
121.202	3658.78
121.237	3658.78
121.262	3658.78
121.302	3658.78
121.337	3658.78
121.367	3658.78
121.402	3658.78
121.437	3658.78
121.467	3658.78
121.502	3658.78
121.537	3658.78
121.567	3658.78
121.602	3658.78
121.637	3658.78
121.667	3658.78
121.702	3658.78
121.737	3658.78
121.767	3658.78
121.802	3658.78
121.837	3658.78
121.867	3658.78
121.902	3658.78
121.937	3658.78
121.967	3658.78
122.002	3658.78
122.037	3658.78
122.067	3658.78
122.102	3658.78
122.137	3658.78
122.162	3658.78
122.202	3658.78
122.237	3658.78
122.267	3658.78
122.302	3658.78
122.327	3658.78
122.352	3658.78
122.377	3658.78
122.402	3658.78
122.437	3658.78
122.462	3658.78
122.487	3658.78
122.512	3658.78
122.537	3658.78
122.562	3658.78
122.587	3658.78
122.612	3658.78
122.637	3658.78
122.667	3658.78
122.692	3658.78
122.732	3658.78
122.762	3658.78
122.802	3658.78
122.837	3658.78
122.862	3658.78
122.902	3658.78
122.937	3658.78
122.967	3658.78
123.002	3387.23
123.037	3387.23
123.062	3387.23
123.102	3387.23
123.137	3387.23
123.167	3387.23
123.202	3387.23
123.232	3387.23
123.267	3387.23
123.302	3387.23
123.337	3387.23
123.367	3387.23
123.402	3387.23
123.437	3387.23
123.467	3387.23
123.502	3387.23
123.537	3387.23
123.567	3387.23
123.602	3387.23
123.637	3387.23
123.667	3387.23
123.702	3387.23
123.737	3387.23
123.767	3387.23
123.802	3387.23
123.837	3387.23
123.867	3387.23
123.902	3387.23
123.937	3387.23
123.967	3387.23
124.002	3387.23
124.037	3659.21
124.067	3659.21
124.102	3659.21
124.137	3659.21
124.167	3659.21
124.202	3659.21
124.237	3659.21
124.262	3659.21
124.287	3659.21
124.312	3659.21
124.337	3659.21
124.367	3659.21
124.402	3659.21
124.437	3659.21
124.467	3659.21
124.492	3659.21
124.537	3659.21
124.562	3659.21
124.602	3659.21
124.637	3659.21
124.662	3659.21
124.702	3659.21
124.737	3659.21
124.762	3659.21
124.802	3659.21
124.837	3659.21
124.862	3659.21
124.902	3659.21
124.937	3659.21
124.962	3659.21
125.002	3659.21
125.037	3952.94
125.062	3952.94
125.102	3644.12
125.137	3644.12
125.167	3644.12
125.202	3644.12
125.237	3644.12
125.267	3644.12
125.302	3644.12
125.337	3644.12
125.367	3644.12
125.402	3644.12
125.437	3644.12
125.467	3644.12
125.502	3644.12
125.537	3644.12
125.567	3644.12
125.602	3644.12
125.637	3644.12
125.667	3644.12
125.702	3644.12
125.737	3644.12
125.767	3644.12
125.802	3644.12
125.837	3644.12
125.867	3644.12
125.902	3644.12
125.937	3644.12
125.967	3644.12
126.002	3644.12
126.037	3644.12
126.067	3644.12
126.102	3644.12
126.137	3936.65
126.167	3936.65
126.202	3936.65
126.237	3936.65
126.262	3936.65
126.287	3936.65
126.312	3936.65
126.337	3936.65
126.367	3936.65
126.392	3936.65
126.422	3936.65
126.447	3936.65
126.472	3936.65
126.497	3936.65
126.522	3936.65
126.547	3936.65
126.572	3936.65
126.597	3936.65
126.622	3936.65
126.647	3936.65
126.672	3936.65
126.697	3936.65
126.722	3936.65
126.747	3936.65
126.772	3936.65
126.802	3936.65
126.837	3936.65
126.862	3936.65
126.887	3936.65
126.912	3936.65
126.937	3936.65
126.967	3936.65
126.992	3936.65
127.032	3936.65
127.067	3936.65
127.102	3936.65
127.137	4252.58
127.167	4252.58
127.192	3621.34
127.237	3621.34
127.267	3621.34
127.302	3621.34
127.337	3621.34
127.367	3621.34
127.402	3621.34
127.437	3621.34
127.467	3621.34
127.502	3621.34
127.537	3621.34
127.567	3621.34
127.602	3621.34
127.637	3621.34
127.667	3621.34
127.702	3621.34
127.737	3621.34
127.767	3621.34
127.802	3621.34
127.837	3621.34
127.867	3621.34
127.902	3621.34
127.937	3621.34
127.967	3621.34
128.002	3621.34
128.037	3621.34
128.067	3621.34
128.102	3621.34
128.137	3621.34
128.167	3621.34
128.202	3621.34
128.237	3621.34
128.267	3621.34
128.302	3621.34
128.337	3621.34
128.367	3621.34
128.402	3621.34
128.437	3621.34
128.467	3621.34
128.502	3621.34
128.537	3621.34
128.567	3621.34
128.602	3621.34
128.637	3621.34
128.667	3621.34
128.702	3621.34
128.737	3621.34
128.767	3621.34
128.802	3621.34
128.837	3621.34
128.867	3621.34
128.902	3621.34
128.937	3621.34
128.962	3621.34
129.002	3621.34
129.037	3621.34
129.067	3621.34
129.102	3621.34
129.132	3621.34
129.162	3621.34
129.202	3621.34
129.227	3621.34
129.257	3621.34
129.302	3437.44
129.337	3437.44
129.362	3437.44
129.402	3437.44
129.437	3437.44
129.467	3437.44
129.502	3437.44
129.537	3437.44
129.567	3437.44
129.602	3437.44
129.637	3437.44
129.667	3437.44
129.702	3437.44
129.737	3437.44
129.767	3437.44
129.802	3437.44
129.837	3437.44
129.867	3437.44
129.902	3437.44
129.937	3437.44
129.967	3437.44
130.002	3437.44
130.037	3437.44
130.067	3437.44
130.097	3437.44
130.137	3437.44
130.167	3437.44
130.202	3437.44
130.237	3437.44
130.267	3437.44
130.302	3437.44
130.337	3437.44
130.367	3437.44
130.402	3437.44
130.437	3437.44
130.467	3437.44
130.502	3437.44
130.537	3437.44
130.567	3437.44
130.602	3437.44
130.637	3437.44
130.667	3437.44
130.702	3437.44
130.732	3437.44
130.767	3437.44
130.802	3437.44
130.837	3437.44
130.867	3437.44
130.902	3437.44
130.937	3437.44
130.967	3437.44
131.002	3437.44
131.037	3437.44
131.067	3437.44
131.102	3437.44
131.137	3437.44
131.167	3437.44
131.202	3437.44
131.237	3437.44
131.267	3437.44
131.302	3437.44
131.337	3437.44
131.367	3437.44
131.402	3713.44
131.437	3713.44
131.467	3713.44
131.502	3713.44
131.527	3713.44
131.567	3713.44
131.597	3713.44
131.637	3713.44
131.667	3713.44
131.697	3713.44
131.737	3713.44
131.762	3713.44
131.787	3713.44
131.812	3713.44
131.837	3713.44
131.862	3713.44
131.902	3713.44
131.937	3713.44
131.962	3713.44
132.002	3713.44
132.037	3713.44
132.067	3713.44
132.102	3713.44
132.137	3713.44
132.162	3713.44
132.202	3713.44
132.237	3713.44
132.262	3713.44
132.302	3713.44
132.337	3713.44
132.362	3713.44
132.387	4011.51
132.412	4011.51
132.437	3729.45
132.462	3729.45
132.502	3729.45
132.537	3729.45
132.562	3729.45
132.602	3729.45
132.637	3729.45
132.667	3729.45
132.702	3729.45
132.732	3729.45
132.767	3729.45
132.802	3729.45
132.837	3729.45
132.867	3729.45
132.902	3729.45
132.937	3729.45
132.967	3729.45
133.002	3729.45
133.037	3729.45
133.067	3729.45
133.102	3729.45
133.137	3729.45
133.167	3729.45
133.202	3729.45
133.237	3729.45
133.267	3729.45
133.297	3729.45
133.337	3729.45
133.367	3729.45
133.402	3729.45
133.437	3729.45
133.467	3729.45
133.502	3729.45
133.537	3729.45
133.567	3729.45
133.602	3729.45
133.637	3729.45
133.667	3729.45
133.702	3729.45
133.737	3729.45
133.767	3729.45
133.802	3729.45
133.832	3729.45
133.867	3729.45
133.902	3729.45
133.937	3729.45
133.962	3729.45
134.002	3729.45
134.037	3729.45
134.062	3729.45
134.102	3729.45
134.137	3729.45
134.162	3729.45
134.202	3729.45
134.237	3729.45
134.262	3729.45
134.287	3729.45
134.312	3729.45
134.337	3729.45
134.362	3729.45
134.387	3729.45
134.412	3729.45
134.437	3729.45
134.462	3729.45
134.502	3729.45
134.537	3423.52
134.562	3423.52
134.602	3423.52
134.637	3423.52
134.667	3423.52
134.702	3423.52
134.737	3423.52
134.767	3423.52
134.802	3423.52
134.837	3423.52
134.867	3423.52
134.902	3423.52
134.937	3423.52
134.967	3423.52
135.002	3423.52
135.037	3423.52
135.067	3423.52
135.102	3423.52
135.127	3423.52
135.167	3423.52
135.197	3423.52
135.232	3423.52
135.267	3423.52
135.302	3423.52
135.332	3423.52
135.367	3423.52
135.402	3423.52
135.437	3423.52
135.467	3423.52
135.502	3423.52
135.537	3423.52
135.567	3423.52
135.602	3423.52
135.637	3423.52
135.667	3423.52
135.702	3423.52
135.737	3423.52
135.767	3423.52
135.802	3423.52
135.837	3423.52
135.867	3423.52
135.902	3423.52
135.937	3423.52
135.967	3423.52
136.002	3423.52
136.037	3423.52
136.067	3423.52
136.102	3423.52
136.137	3423.52
136.167	3423.52
136.202	3423.52
136.237	3423.52
136.267	3423.52
136.302	3423.52
136.337	3423.52
136.367	3423.52
136.402	3423.52
136.437	3423.52
136.467	3423.52
136.502	3423.52
136.537	3423.52
136.567	3423.52
136.602	3423.52
136.632	3698.4
136.657	3698.4
136.702	3698.4
136.737	3698.4
136.767	3698.4
136.802	3698.4
136.837	3698.4
136.867	3698.4
136.892	3698.4
136.937	3698.4
136.962	3698.4
136.992	3698.4
137.022	3698.4
137.047	3698.4
137.072	3698.4
137.102	3698.4
137.137	3698.4
137.162	3698.4
137.202	3698.4
137.237	3698.4
137.262	3698.4
137.297	3698.4
137.327	3698.4
137.352	3698.4
137.377	3698.4
137.402	3698.4
137.437	3698.4
137.462	3698.4
137.487	3698.4
137.537	3698.4
137.567	3698.4
137.602	3698.4
137.637	3995.27
137.662	3995.27
137.687	3605.11
137.737	3605.11
137.767	3605.11
137.802	3605.11
137.837	3605.11
137.867	3605.11
137.902	3605.11
137.937	3605.11
137.967	3605.11
138.002	3605.11
138.037	3605.11
138.067	3605.11
138.102	3605.11
138.137	3605.11
138.167	3605.11
138.202	3605.11
138.237	3605.11
138.267	3605.11
138.302	3605.11
138.332	3605.11
138.367	3605.11
138.402	3605.11
138.437	3605.11
138.462	3605.11
138.502	3605.11
138.537	3605.11
138.567	3605.11
138.602	3605.11
138.637	3605.11
138.667	3605.11
138.702	3605.11
138.737	3605.11
138.767	3605.11
138.802	3605.11
138.837	3605.11
138.867	3605.11
138.902	3605.11
138.937	3605.11
138.967	3605.11
139.002	3605.11
139.037	3605.11
139.062	3605.11
139.092	3605.11
139.137	3605.11
139.162	3605.11
139.187	3605.11
139.212	3605.11
139.237	3605.11
139.267	3605.11
139.292	3605.11
139.337	3605.11
139.367	3605.11
139.402	3605.11
139.437	3605.11
139.467	3605.11
139.502	3605.11
139.537	3605.11
139.562	3605.11
139.597	3605.11
139.637	3605.11
139.662	3605.11
139.702	3605.11
139.737	3605.11
139.767	3605.11
139.802	3605.11
139.832	3605.11
139.867	3605.11
139.902	3605.11
139.937	3605.11
139.967	3605.11
140.002	3605.11
140.037	3605.11
140.067	3605.11
140.102	3605.11
140.137	3605.11
140.167	3605.11
140.202	3605.11
140.237	3605.11
140.262	3605.11
140.302	3605.11
140.337	3605.11
140.367	3605.11
140.402	3605.11
140.437	3605.11
140.467	3605.11
140.502	3605.11
140.537	3605.11
140.562	3605.11
140.602	3605.11
140.637	3605.11
140.667	3605.11
140.702	3605.11
140.737	3605.11
140.767	3605.11
140.802	3605.11
140.837	3605.11
140.867	3605.11
140.902	3605.11
140.937	3605.11
140.967	3605.11
141.002	3605.11
141.037	3605.11
141.067	3605.11
141.102	3605.11
141.137	3605.11
141.167	3605.11
141.202	3605.11
141.237	3605.11
141.267	3605.11
141.302	3605.11
141.337	3605.11
141.367	3605.11
141.402	3605.11
141.437	3605.11
141.467	3605.11
141.502	3605.11
141.537	3605.11
141.567	3605.11
141.602	3605.11
141.637	3605.11
141.667	3605.11
141.702	3605.11
141.732	3605.11
141.767	3605.11
141.802	3605.11
141.832	3605.11
141.857	3605.11
141.902	3605.11
141.937	3605.11
141.967	3605.11
142.002	3605.11
142.037	3605.11
142.067	3605.11
142.102	3605.11
142.137	3605.11
142.167	3605.11
142.202	3605.11
142.237	3605.11
142.262	3605.11
142.302	3605.11
142.337	3605.11
142.367	3605.11
142.402	3605.11
142.437	3605.11
142.467	3605.11
142.502	3605.11
142.537	3605.11
142.567	3605.11
142.602	3605.11
142.637	3605.11
142.667	3605.11
142.702	3605.11
142.737	3605.11
142.767	3605.11
142.802	3605.11
142.837	3605.11
142.867	3605.11
142.902	3605.11
142.937	3605.11
142.967	3605.11
143.002	3605.11
143.027	3605.11
143.067	3605.11
143.102	3605.11
143.132	3605.11
143.167	3605.11
143.197	3605.11
143.237	3605.11
143.267	3605.11
143.292	3605.11
143.317	3605.11
143.342	3605.11
143.367	3605.11
143.402	3605.11
143.437	3605.11
143.467	3605.11
143.502	3605.11
143.532	3605.11
143.567	3605.11
143.602	3605.11
143.637	3605.11
143.667	3605.11
143.702	3605.11
143.737	3605.11
143.767	3605.11
143.802	3605.11
143.837	3605.11
143.862	3605.11
143.902	3605.11
143.937	3605.11
143.962	3605.11
144.002	3605.11
144.037	3605.11
144.062	3605.11
144.102	3605.11
144.137	3605.11
144.167	3605.11
144.202	3605.11
144.237	3605.11
144.267	3605.11
144.302	3605.11
144.337	3605.11
144.367	3605.11
144.402	3605.11
144.437	3605.11
144.467	3605.11
144.492	3605.11
144.537	3605.11
144.567	3605.11
144.597	3605.11
144.637	3605.11
144.667	3605.11
144.702	3605.11
144.737	3605.11
144.767	3605.11
144.802	3605.11
144.837	3605.11
144.867	3605.11
144.902	3605.11
144.937	3605.11
144.967	3605.11
145.002	3605.11
145.037	3605.11
145.067	3605.11
145.102	3605.11
145.137	3605.11
145.167	3605.11
145.202	3605.11
145.237	3605.11
145.267	3605.11
145.302	3605.11
145.327	3605.11
145.367	3605.11
145.392	3605.11
145.427	3605.11
145.452	3605.11
145.477	3605.11
145.502	3605.11
145.537	3605.11
145.567	3605.11
145.602	3605.11
145.632	3605.11
145.657	3605.11
145.702	3605.11
145.737	3605.11
145.762	3605.11
145.802	3605.11
145.837	3605.11
145.862	3605.11
145.902	3605.11
145.937	3605.11
145.962	3605.11
146.002	3605.11
146.037	3605.11
146.062	3605.11
146.102	3351.62
146.137	3351.62
146.167	3351.62
146.202	3351.62
146.237	3351.62
146.267	3351.62
146.302	3351.62
146.337	3351.62
146.367	3351.62
146.402	3351.62
146.437	3351.62
146.467	3351.62
146.502	3351.62
146.537	3351.62
146.567	3351.62
146.602	3351.62
146.637	3351.62
146.667	3351.62
146.702	3351.62
146.737	3351.62
146.767	3351.62
146.802	3351.62
146.837	3351.62
146.867	3351.62
146.902	3351.62
146.937	3351.62
146.967	3351.62
147.002	3351.62
147.037	3351.62
147.067	3351.62
147.102	3351.62
147.137	3620.75
147.167	3620.75
147.202	3620.75
147.237	3620.75
147.267	3620.75
147.302	3620.75
147.337	3620.75
147.367	3620.75
147.392	3620.75
147.437	3620.75
147.462	3620.75
147.492	3620.75
147.517	3620.75
147.542	3620.75
147.567	3620.75
147.597	3620.75
147.622	3620.75
147.647	3620.75
147.672	3620.75
147.702	3620.75
147.737	3620.75
147.762	3620.75
147.802	3620.75
147.837	3620.75
147.867	3620.75
147.902	3620.75
147.937	3620.75
147.967	3620.75
148.002	3620.75
148.037	3620.75
148.067	3620.75
148.102	3620.75
148.137	3911.41
148.167	3911.41
148.202	3666.95
148.237	3666.95
148.267	3666.95
148.302	3666.95
148.337	3666.95
148.367	3666.95
148.402	3666.95
148.437	3666.95
148.467	3666.95
148.502	3666.95
148.537	3666.95
148.562	3666.95
148.602	3666.95
148.637	3666.95
148.667	3666.95
148.702	3666.95
148.737	3666.95
148.767	3666.95
148.802	3666.95
148.837	3666.95
148.867	3666.95
148.902	3666.95
148.937	3666.95
148.967	3666.95
149.002	3666.95
149.037	3666.95
149.067	3666.95
149.102	3666.95
149.132	3666.95
149.167	3666.95
149.202	3666.95
149.237	3666.95
149.267	3666.95
149.302	3666.95
149.337	3666.95
149.367	3666.95
149.402	3666.95
149.437	3666.95
149.467	3666.95
149.502	3666.95
149.537	3666.95
149.567	3666.95
149.602	3666.95
149.637	3666.95
149.667	3666.95
149.692	3666.95
149.737	3666.95
149.762	3666.95
149.792	3666.95
149.837	3666.95
149.867	3666.95
149.902	3666.95
149.937	3666.95
149.962	3666.95
150.002	3666.95
150.037	3666.95
150.067	3666.95
150.102	3666.95
150.137	3666.95
150.167	3666.95
150.202	3666.95
150.237	3666.95
150.262	3666.95
150.302	3437.76
150.337	3437.76
150.367	3437.76
150.402	3437.76
150.437	3437.76
150.467	3437.76
150.502	3437.76
150.537	3437.76
150.567	3437.76
150.602	3437.76
150.637	3437.76
150.667	3437.76
150.702	3437.76
150.737	3437.76
150.767	3437.76
150.802	3437.76
150.832	3437.76
150.867	3437.76
150.902	3437.76
150.937	3437.76
150.967	3437.76
151.002	3437.76
151.037	3437.76
151.067	3437.76
151.102	3437.76
151.137	3437.76
151.167	3437.76
151.202	3437.76
151.237	3437.76
151.267	3437.76
151.302	3437.76
151.337	3713.78
151.367	3713.78
151.402	3713.78
151.437	3713.78
151.467	3713.78
151.502	3713.78
151.537	3713.78
151.567	3713.78
151.602	3713.78
151.627	3713.78
151.657	3713.78
151.687	3713.78
151.712	3713.78
151.737	3713.78
151.767	3713.78
151.802	3713.78
151.837	3713.78
151.862	3713.78
151.887	3713.78
151.912	3713.78
151.937	3713.78
151.967	3713.78
152.002	3713.78
152.037	3713.78
152.062	3713.78
152.087	3713.78
152.112	3713.78
152.137	3713.78
152.162	3713.78
152.187	3713.78
152.212	3713.78
152.237	3713.78
152.262	3713.78
152.287	3713.78
152.312	3713.78
152.337	4011.89
152.367	4011.89
152.402	3674.95
152.437	3674.95
152.462	3674.95
152.502	3674.95
152.537	3674.95
152.567	3674.95
152.602	3674.95
152.637	3674.95
152.667	3674.95
152.697	3674.95
152.737	3674.95
152.767	3674.95
152.802	3674.95
152.837	3674.95
152.867	3674.95
152.902	3674.95
152.937	3674.95
152.967	3674.95
153.002	3674.95
153.037	3674.95
153.067	3674.95
153.102	3674.95
153.137	3674.95
153.167	3674.95
153.202	3674.95
153.237	3674.95
153.267	3674.95
153.302	3674.95
153.337	3674.95
153.367	3674.95
153.402	3674.95
153.437	3674.95
153.467	3674.95
153.502	3674.95
153.537	3674.95
153.567	3674.95
153.602	3674.95
153.637	3674.95
153.667	3674.95
153.702	3674.95
153.737	3674.95
153.767	3674.95
153.802	3674.95
153.837	3674.95
153.867	3674.95
153.902	3674.95
153.937	3674.95
153.962	3674.95
153.997	3674.95
154.022	3674.95
154.047	3674.95
154.072	3674.95
154.102	3674.95
154.137	3674.95
154.162	3674.95
154.202	3674.95
154.237	3674.95
154.262	3674.95
154.302	3674.95
154.337	3674.95
154.362	3674.95
154.402	3674.95
154.437	3674.95
154.467	3674.95
154.502	3430.91
154.537	3430.91
154.562	3430.91
154.602	3430.91
154.637	3430.91
154.667	3430.91
154.702	3430.91
154.737	3430.91
154.767	3430.91
154.802	3430.91
154.837	3430.91
154.867	3430.91
154.902	3430.91
154.937	3430.91
154.967	3430.91
154.992	3430.91
155.037	3430.91
155.067	3430.91
155.102	3430.91
155.137	3430.91
155.167	3430.91
155.202	3430.91
155.237	3430.91
155.267	3430.91
155.297	3430.91
155.337	3430.91
155.367	3430.91
155.402	3430.91
155.437	3430.91
155.467	3430.91
155.502	3430.91
155.537	3430.91
155.567	3430.91
155.602	3430.91
155.637	3430.91
155.667	3430.91
155.702	3430.91
155.737	3430.91
155.767	3430.91
155.802	3430.91
155.837	3430.91
155.867	3430.91
155.902	3430.91
155.937	3430.91
155.967	3430.91
156.002	3430.91
156.037	3430.91
156.067	3430.91
156.102	3430.91
156.137	3430.91
156.167	3430.91
156.202	3430.91
156.237	3430.91
156.267	3430.91
156.302	3430.91
156.337	3430.91
156.367	3430.91
156.402	3430.91
156.437	3430.91
156.467	3430.91
156.502	3430.91
156.537	3430.91
156.567	3430.91
156.592	3706.38
156.637	3706.38
156.667	3706.38
156.702	3706.38
156.737	3706.38
156.767	3706.38
156.802	3706.38
156.837	3706.38
156.867	3706.38
156.902	3706.38
156.937	3706.38
156.967	3706.38
157.002	3706.38
157.037	3706.38
157.062	3706.38
157.097	3706.38
157.137	3706.38
157.162	3706.38
157.192	3706.38
157.232	3706.38
157.257	3706.38
157.302	3706.38
157.337	3706.38
157.362	3706.38
157.402	3706.38
157.437	3706.38
157.462	3706.38
157.502	3706.38
157.537	3706.38
157.567	3706.38
157.602	4003.9
157.637	3683.27
157.667	3683.27
157.702	3683.27
157.737	3683.27
157.767	3683.27
157.802	3683.27
157.837	3683.27
157.867	3683.27
157.902	3683.27
157.937	3683.27
157.967	3683.27
158.002	3683.27
158.037	3683.27
158.067	3683.27
158.097	3683.27
158.137	3683.27
158.167	3683.27
158.202	3683.27
158.237	3683.27
158.267	3683.27
158.302	3683.27
158.337	3683.27
158.367	3683.27
158.402	3683.27
158.437	3683.27
158.467	3683.27
158.502	3683.27
158.537	3683.27
158.567	3683.27
158.602	3683.27
158.637	3683.27
158.667	3683.27
158.702	3683.27
158.727	3683.27
158.767	3683.27
158.802	3683.27
158.837	3683.27
158.867	3683.27
158.902	3683.27
158.937	3683.27
158.967	3683.27
159.002	3683.27
159.037	3683.27
159.062	3683.27
159.102	3683.27
159.137	3683.27
159.167	3683.27
159.202	3683.27
159.237	3683.27
159.262	3683.27
159.302	3683.27
159.337	3683.27
159.362	3683.27
159.387	3683.27
159.412	3683.27
159.437	3683.27
159.462	3683.27
159.502	3683.27
159.537	3683.27
159.562	3683.27
159.602	3683.27
159.637	3683.27
159.667	3683.27
159.702	3683.27
159.737	3395.51
159.762	3395.51
159.802	3395.51
159.837	3395.51
159.867	3395.51
159.902	3395.51
159.937	3395.51
159.967	3395.51
160.002	3395.51
160.037	3395.51
160.067	3395.51
160.092	3395.51
160.137	3395.51
160.167	3395.51
160.202	3395.51
160.237	3395.51
160.267	3395.51
160.302	3395.51
160.337	3395.51
160.367	3395.51
160.397	3395.51
160.437	3395.51
160.467	3395.51
160.502	3395.51
160.532	3395.51
160.567	3395.51
160.602	3395.51
160.637	3395.51
160.667	3395.51
160.702	3395.51
160.737	3395.51
160.767	3395.51
160.802	3395.51
160.837	3395.51
160.867	3395.51
160.902	3395.51
160.937	3395.51
160.967	3395.51
161.002	3395.51
161.037	3395.51
161.067	3395.51
161.102	3395.51
161.137	3395.51
161.167	3395.51
161.202	3395.51
161.237	3395.51
161.267	3395.51
161.302	3395.51
161.332	3395.51
161.367	3395.51
161.402	3395.51
161.437	3395.51
161.462	3395.51
161.502	3395.51
161.537	3395.51
161.567	3395.51
161.602	3395.51
161.637	3395.51
161.667	3395.51
161.702	3395.51
161.737	3395.51
161.767	3395.51
161.802	3395.51
161.837	3668.16
161.867	3668.16
161.902	3668.16
161.937	3668.16
161.967	3668.16
162.002	3668.16
162.037	3668.16
162.067	3668.16
162.102	3668.16
162.137	3668.16
162.162	3668.16
162.192	3668.16
162.237	3668.16
162.267	3668.16
162.302	3668.16
162.337	3668.16
162.367	3668.16
162.392	3668.16
162.437	3668.16
162.467	3668.16
162.502	3668.16
162.537	3668.16
162.567	3668.16
162.602	3668.16
162.637	3668.16
162.662	3668.16
162.687	3668.16
162.712	3668.16
162.737	3668.16
162.762	3668.16
162.787	3668.16
162.812	3668.16
162.837	3962.61
162.862	3962.61
162.887	3668.51
162.912	3668.51
162.937	3668.51
162.962	3668.51
162.987	3668.51
163.037	3668.51
163.067	3668.51
163.102	3668.51
163.137	3668.51
163.167	3668.51
163.202	3668.51
163.237	3668.51
163.267	3668.51
163.302	3668.51
163.337	3668.51
163.367	3668.51
163.402	3668.51
163.437	3668.51
163.467	3668.51
163.502	3668.51
163.537	3668.51
163.567	3668.51
163.602	3668.51
163.637	3668.51
163.667	3668.51
163.702	3668.51
163.737	3668.51
163.767	3668.51
163.802	3668.51
163.837	3668.51
163.867	3668.51
163.902	3668.51
163.932	3668.51
163.967	3668.51
164.002	3668.51
164.037	3668.51
164.067	3668.51
164.102	3668.51
164.137	3668.51
164.167	3668.51
164.202	3668.51
164.237	3668.51
164.267	3668.51
164.302	3668.51
164.337	3668.51
164.367	3668.51
164.402	3668.51
164.437	3668.51
164.462	3668.51
164.492	3668.51
164.537	3668.51
164.567	3668.51
164.602	3668.51
164.637	3668.51
164.667	3668.51
164.692	3668.51
164.737	3668.51
164.767	3668.51
164.802	3668.51
164.837	3668.51
164.867	3668.51
164.902	3668.51
164.937	3668.51
164.967	3668.51
165.002	3467.89
165.037	3467.89
165.067	3467.89
165.102	3467.89
165.137	3467.89
165.167	3467.89
165.202	3467.89
165.237	3467.89
165.267	3467.89
165.302	3467.89
165.327	3467.89
165.367	3467.89
165.402	3467.89
165.437	3467.89
165.467	3467.89
165.502	3467.89
165.537	3467.89
165.567	3467.89
165.602	3467.89
165.637	3467.89
165.667	3467.89
165.702	3467.89
165.737	3467.89
165.767	3467.89
165.802	3467.89
165.837	3467.89
165.867	3467.89
165.902	3467.89
165.937	3467.89
165.967	3467.89
166.002	3467.89
166.037	3467.89
166.067	3467.89
166.102	3467.89
166.132	3467.89
166.167	3467.89
166.202	3467.89
166.237	3467.89
166.267	3467.89
166.302	3467.89
166.337	3467.89
166.367	3467.89
166.402	3467.89
166.437	3467.89
166.467	3467.89
166.502	3467.89
166.537	3467.89
166.567	3467.89
166.602	3467.89
166.637	3467.89
166.667	3467.89
166.702	3467.89
166.737	3467.89
166.767	3467.89
166.802	3467.89
166.837	3467.89
166.867	3467.89
166.902	3467.89
166.937	3467.89
166.967	3467.89
167.002	3467.89
167.037	3467.89
167.067	3467.89
167.102	3746.32
167.137	3746.32
167.167	3746.32
167.202	3746.32
167.237	3746.32
167.267	3746.32
167.302	3746.32
167.337	3746.32
167.367	3746.32
167.402	3746.32
167.437	3746.32
167.467	3746.32
167.502	3746.32
167.537	3746.32
167.562	3746.32
167.602	3746.32
167.637	3746.32
167.662	3746.32
167.702	3746.32
167.737	3746.32
167.762	3746.32
167.797	3746.32
167.837	3746.32
167.862	3746.32
167.892	3746.32
167.937	3746.32
167.962	3746.32
168.002	3746.32
168.032	3746.32
168.062	3746.32
168.102	4047.02
168.137	3675.52
168.162	3675.52
168.202	3675.52
168.237	3675.52
168.262	3675.52
168.302	3675.52
168.337	3675.52
168.367	3675.52
168.402	3675.52
168.437	3675.52
168.467	3675.52
168.502	3675.52
168.537	3675.52
168.567	3675.52
168.602	3675.52
168.637	3675.52
168.667	3675.52
168.702	3675.52
168.737	3675.52
168.767	3675.52
168.802	3675.52
168.837	3675.52
168.867	3675.52
168.902	3675.52
168.937	3675.52
168.967	3675.52
169.002	3675.52
169.037	3675.52
169.067	3675.52
169.102	3675.52
169.137	3675.52
169.167	3675.52
169.202	3675.52
169.237	3675.52
169.267	3675.52
169.302	3675.52
169.337	3675.52
169.367	3675.52
169.402	3675.52
169.437	3675.52
169.467	3675.52
169.502	3675.52
169.537	3675.52
169.567	3675.52
169.602	3675.52
169.637	3675.52
169.667	3675.52
169.702	3675.52
169.737	3675.52
169.767	3675.52
169.792	3675.52
169.837	3675.52
169.867	3675.52
169.892	3675.52
169.937	3675.52
169.967	3675.52
169.992	3675.52
170.037	3675.52
170.062	3675.52
170.087	3675.52
170.112	3675.52
170.137	3675.52
170.162	3675.52
170.187	3675.52
170.212	3675.52
170.237	3431.44
170.262	3431.44
170.287	3431.44
170.312	3431.44
170.337	3431.44
170.367	3431.44
170.402	3431.44
170.427	3431.44
170.467	3431.44
170.502	3431.44
170.537	3431.44
170.567	3431.44
170.602	3431.44
170.637	3431.44
170.667	3431.44
170.702	3431.44
170.737	3431.44
170.767	3431.44
170.802	3431.44
170.837	3431.44
170.867	3431.44
170.892	3431.44
170.937	3431.44
170.967	3431.44
171.002	3431.44
171.037	3431.44
171.067	3431.44
171.102	3431.44
171.137	3431.44
171.167	3431.44
171.202	3431.44
171.237	3431.44
171.267	3431.44
171.302	3431.44
171.337	3431.44
171.367	3431.44
171.402	3431.44
171.437	3431.44
171.467	3431.44
171.502	3431.44
171.537	3431.44
171.567	3431.44
171.602	3431.44
171.637	3431.44
171.667	3431.44
171.702	3431.44
171.737	3431.44
171.767	3431.44
171.802	3431.44
171.837	3431.44
171.867	3431.44
171.902	3431.44
171.937	3431.44
171.967	3431.44
172.002	3431.44
172.032	3431.44
172.067	3431.44
172.102	3431.44
172.137	3431.44
172.167	3431.44
172.202	3431.44
172.237	3431.44
172.267	3431.44
172.302	3431.44
172.337	3706.95
172.362	3706.95
172.392	3706.95
172.437	3706.95
172.467	3706.95
172.492	3706.95
172.532	3706.95
172.557	3706.95
172.582	3706.95
172.607	3706.95
172.632	3706.95
172.667	3706.95
172.702	3706.95
172.732	3706.95
172.762	3706.95
172.787	3706.95
172.812	3706.95
172.837	3706.95
172.867	3706.95
172.897	3706.95
172.937	3706.95
172.962	3706.95
172.987	3706.95
173.012	3706.95
173.037	3706.95
173.062	3706.95
173.087	3706.95
173.112	3706.95
173.137	3706.95
173.167	3706.95
173.192	3706.95
173.237	3706.95
173.267	3706.95
173.297	3706.95
173.337	4004.51
173.367	4004.51
173.402	3660.37
173.437	3660.37
173.467	3660.37
173.502	3660.37
173.537	3660.37
173.567	3660.37
173.602	3660.37
173.637	3660.37
173.667	3660.37
173.702	3660.37
173.737	3660.37
173.767	3660.37
173.802	3660.37
173.837	3660.37
173.867	3660.37
173.902	3660.37
173.937	3660.37
173.967	3660.37
174.002	3660.37
174.037	3660.37
174.067	3660.37
174.102	3660.37
174.137	3660.37
174.167	3660.37
174.202	3660.37
174.237	3660.37
174.267	3660.37
174.302	3660.37
174.337	3660.37
174.367	3660.37
174.402	3660.37
174.437	3954.2
174.467	3954.2
174.502	3954.2
174.537	3954.2
174.567	3954.2
174.592	3954.2
174.622	3954.2
174.647	3954.2
174.672	3954.2
174.702	3954.2
174.737	3954.2
174.767	3954.2
174.802	3954.2
174.837	3954.2
174.862	3954.2
174.902	3954.2
174.937	3954.2
174.962	3954.2
175.002	3954.2
175.037	3954.2
175.062	3954.2
175.102	3954.2
175.137	3954.2
175.162	3954.2
175.187	3954.2
175.237	3954.2
175.262	3954.2
175.287	3954.2
175.337	3954.2
175.362	3954.2
175.392	3954.2
175.437	4271.54
175.467	4271.54
175.492	3654.17
175.537	3654.17
175.567	3654.17
175.602	3654.17
175.637	3654.17
175.662	3654.17
175.702	3654.17
175.737	3654.17
175.767	3654.17
175.802	3654.17
175.837	3654.17
175.867	3654.17
175.902	3654.17
175.937	3654.17
175.967	3654.17
176.002	3654.17
176.037	3654.17
176.067	3654.17
176.102	3654.17
176.137	3654.17
176.167	3654.17
176.202	3654.17
176.237	3654.17
176.267	3654.17
176.302	3654.17
176.337	3654.17
176.367	3654.17
176.402	3654.17
176.437	3654.17
176.467	3654.17
176.502	3654.17
176.537	3654.17
176.567	3654.17
176.602	3654.17
176.637	3654.17
176.667	3654.17
176.702	3654.17
176.737	3654.17
176.767	3654.17
176.802	3654.17
176.837	3654.17
176.867	3654.17
176.902	3654.17
176.937	3654.17
176.967	3654.17
177.002	3654.17
177.037	3654.17
177.062	3654.17
177.087	3654.17
177.112	3654.17
177.137	3654.17
177.162	3654.17
177.187	3654.17
177.212	3654.17
177.237	3654.17
177.262	3654.17
177.287	3654.17
177.312	3654.17
177.337	3654.17
177.367	3654.17
177.402	3654.17
177.432	3654.17
177.457	3654.17
177.492	3654.17
177.522	3654.17
177.547	3654.17
177.572	3654.17
177.602	3404.37
177.637	3404.37
177.667	3404.37
177.702	3404.37
177.737	3404.37
177.767	3404.37
177.802	3404.37
177.837	3404.37
177.867	3404.37
177.902	3404.37
177.937	3404.37
177.967	3404.37
178.002	3404.37
178.037	3404.37
178.067	3404.37
178.102	3404.37
178.137	3404.37
178.167	3404.37
178.202	3404.37
178.237	3404.37
178.267	3404.37
178.302	3404.37
178.337	3404.37
178.367	3404.37
178.402	3404.37
178.437	3404.37
178.467	3404.37
178.502	3404.37
178.537	3404.37
178.567	3404.37
178.597	3404.37
178.637	3404.37
178.662	3404.37
178.702	3404.37
178.737	3404.37
178.767	3404.37
178.802	3404.37
178.837	3404.37
178.867	3404.37
178.902	3404.37
178.937	3404.37
178.967	3404.37
179.002	3404.37
179.037	3404.37
179.067	3404.37
179.102	3404.37
179.137	3404.37
179.167	3404.37
179.202	3404.37
179.237	3404.37
179.267	3404.37
179.302	3404.37
179.337	3404.37
179.367	3404.37
179.402	3404.37
179.437	3404.37
179.467	3404.37
179.502	3404.37
179.537	3404.37
179.567	3404.37
179.602	3404.37
179.627	3404.37
179.667	3404.37
179.702	3404.37
179.737	3404.37
179.767	3404.37
179.802	3404.37
179.837	3404.37
179.867	3404.37
179.902	3404.37
179.937	3404.37
179.967	3404.37
180.002	3404.37
180.037	3404.37
180.067	3404.37
180.102	3404.37
180.137	3404.37
180.167	3404.37
180.202	3404.37
180.237	3404.37
180.267	3404.37
180.302	3404.37
180.337	3404.37
180.367	3404.37
180.402	3404.37
180.437	3404.37
180.467	3404.37
180.502	3404.37
180.537	3404.37
180.567	3404.37
180.602	3404.37
180.632	3404.37
180.667	3404.37
180.702	3404.37
180.737	3677.72
180.767	3677.72
180.802	3677.72
180.837	3677.72
180.867	3677.72
180.897	3677.72
180.937	3677.72
180.967	3677.72
180.992	3677.72
181.037	3677.72
181.067	3677.72
181.092	3677.72
181.137	3677.72
181.167	3677.72
181.202	3677.72
181.237	3677.72
181.267	3677.72
181.297	3677.72
181.327	3677.72
181.367	3677.72
181.397	3677.72
181.422	3677.72
181.447	3677.72
181.472	3677.72
181.502	3677.72
181.527	3677.72
181.567	3677.72
181.602	3677.72
181.637	3677.72
181.667	3677.72
181.702	3677.72
181.727	3972.94
181.752	3972.94
181.777	3685.83
181.802	3685.83
181.827	3685.83
181.852	3685.83
181.877	3685.83
181.902	3685.83
181.927	3685.83
181.952	3685.83
182.002	3685.83
182.037	3685.83
182.062	3685.83
182.102	3685.83
182.137	3685.83
182.167	3685.83
182.202	3685.83
182.237	3685.83
182.267	3685.83
182.302	3685.83
182.337	3685.83
182.367	3685.83
182.402	3685.83
182.427	3685.83
182.467	3685.83
182.502	3685.83
182.527	3685.83
182.567	3685.83
182.602	3685.83
182.637	3685.83
182.667	3685.83
182.697	3685.83
182.737	3685.83
182.767	3685.83
182.802	3685.83
182.837	3685.83
182.867	3685.83
182.902	3685.83
182.937	3685.83
182.967	3685.83
183.002	3685.83
183.037	3685.83
183.067	3685.83
183.102	3685.83
183.137	3685.83
183.167	3685.83
183.202	3685.83
183.237	3685.83
183.267	3685.83
183.292	3685.83
183.337	3685.83
183.367	3685.83
183.392	3685.83
183.432	3685.83
183.467	3685.83
183.502	3685.83
183.527	3685.83
183.552	3685.83
183.577	3685.83
183.602	3685.83
183.627	3685.83
183.652	3685.83
183.677	3685.83
183.702	3685.83
183.732	3685.83
183.767	3685.83
183.797	3685.83
183.822	3685.83
183.852	3685.83
183.877	3462.67
183.902	3462.67
183.932	3462.67
183.967	3462.67
184.002	3462.67
184.032	3462.67
184.067	3462.67
184.102	3462.67
184.132	3462.67
184.167	3462.67
184.202	3462.67
184.232	3462.67
184.267	3462.67
184.302	3462.67
184.332	3462.67
184.367	3462.67
184.402	3462.67
184.432	3462.67
184.467	3462.67
184.502	3462.67
184.532	3462.67
184.567	3462.67
184.602	3462.67
184.632	3462.67
184.667	3462.67
184.702	3462.67
184.732	3462.67
184.767	3462.67
184.802	3462.67
184.832	3462.67
184.867	3462.67
184.902	3462.67
184.932	3462.67
184.967	3462.67
185.002	3462.67
185.032	3462.67
185.067	3462.67
185.102	3462.67
185.132	3462.67
185.167	3462.67
185.202	3462.67
185.232	3462.67
185.267	3462.67
185.302	3462.67
185.332	3462.67
185.367	3462.67
185.402	3462.67
185.432	3462.67
185.467	3462.67
185.502	3462.67
185.532	3462.67
185.562	3462.67
185.602	3462.67
185.632	3462.67
185.667	3462.67
185.702	3462.67
185.732	3462.67
185.767	3462.67
185.802	3462.67
185.832	3462.67
185.867	3462.67
185.902	3462.67
185.932	3462.67
185.967	3462.67
186.002	3740.68
186.032	3740.68
186.067	3740.68
186.102	3740.68
186.132	3740.68
186.167	3740.68
186.202	3740.68
186.232	3740.68
186.267	3740.68
186.302	3740.68
186.332	3740.68
186.367	3740.68
186.402	3740.68
186.432	3740.68
186.467	3740.68
186.502	3740.68
186.527	3740.68
186.557	3740.68
186.602	3740.68
186.632	3740.68
186.667	3740.68
186.702	3740.68
186.732	3740.68
186.762	3740.68
186.797	3740.68
186.822	3740.68
186.867	3740.68
186.902	3740.68
186.927	3740.68
186.967	3740.68
187.002	4040.93
187.032	3693.66
187.067	3693.66
187.102	3693.66
187.132	3693.66
187.167	3693.66
187.202	3693.66
187.227	3693.66
187.267	3693.66
187.302	3693.66
187.332	3693.66
187.367	3693.66
187.402	3693.66
187.432	3693.66
187.467	3693.66
187.502	3693.66
187.532	3693.66
187.567	3693.66
187.602	3693.66
187.632	3693.66
187.667	3693.66
187.702	3693.66
187.732	3693.66
187.767	3693.66
187.802	3693.66
187.832	3693.66
187.867	3693.66
187.902	3693.66
187.932	3693.66
187.967	3693.66
188.002	3693.66
188.032	3693.66
188.067	3693.66
188.097	3693.66
188.132	3693.66
188.167	3693.66
188.202	3693.66
188.232	3693.66
188.267	3693.66
188.302	3693.66
188.327	3693.66
188.352	3693.66
188.377	3693.66
188.402	3693.66
188.427	3693.66
188.457	3693.66
188.502	3693.66
188.527	3693.66
188.567	3693.66
188.602	3693.66
188.632	3693.66
188.667	3693.66
188.702	3693.66
188.732	3693.66
188.767	3693.66
188.802	3693.66
188.832	3693.66
188.867	3693.66
188.902	3693.66
188.932	3693.66
188.967	3693.66
188.997	3693.66
189.022	3693.66
189.067	3693.66
189.102	3693.66
189.132	3383.45
189.167	3383.45
189.202	3383.45
189.232	3383.45
189.267	3383.45
189.302	3383.45
189.332	3383.45
189.367	3383.45
189.402	3383.45
189.432	3383.45
189.467	3383.45
189.502	3383.45
189.532	3383.45
189.567	3383.45
189.602	3383.45
189.632	3383.45
189.667	3383.45
189.702	3383.45
189.732	3383.45
189.767	3383.45
189.802	3383.45
189.832	3383.45
189.867	3383.45
189.902	3383.45
189.932	3383.45
189.967	3383.45
190.002	3383.45
190.032	3383.45
190.067	3383.45
190.102	3383.45
190.132	3383.45
190.167	3383.45
190.202	3383.45
190.232	3383.45
190.267	3383.45
190.302	3383.45
190.332	3383.45
190.357	3383.45
190.402	3383.45
190.432	3383.45
190.467	3383.45
190.502	3383.45
190.532	3383.45
190.567	3383.45
190.602	3383.45
190.632	3383.45
190.657	3383.45
190.702	3383.45
190.732	3383.45
190.767	3383.45
190.802	3383.45
190.832	3383.45
190.867	3383.45
190.902	3383.45
190.932	3383.45
190.967	3383.45
191.002	3383.45
191.032	3383.45
191.067	3383.45
191.102	3383.45
191.132	3383.45
191.167	3383.45
191.202	3383.45
191.232	3655.13
191.262	3655.13
191.302	3655.13
191.332	3655.13
191.367	3655.13
191.402	3655.13
191.432	3655.13
191.467	3655.13
191.492	3655.13
191.517	3655.13
191.542	3655.13
191.567	3655.13
191.597	3655.13
191.622	3655.13
191.652	3655.13
191.677	3655.13
191.702	3655.13
191.732	3655.13
191.762	3655.13
191.787	3655.13
191.812	3655.13
191.837	3655.13
191.867	3655.13
191.902	3655.13
191.932	3655.13
191.962	3655.13
191.992	3655.13
192.032	3655.13
192.062	3655.13
192.087	3655.13
192.112	3655.13
192.137	3655.13
192.162	3655.13
192.187	3655.13
192.212	3655.13
192.237	3948.54
192.262	3948.54
192.287	3678.62
192.312	3678.62
192.337	3678.62
192.362	3678.62
192.402	3678.62
192.432	3678.62
192.457	3678.62
192.502	3678.62
192.532	3678.62
192.557	3678.62
192.602	3678.62
192.632	3678.62
192.667	3678.62
192.702	3678.62
192.732	3678.62
192.767	3678.62
192.802	3678.62
192.832	3678.62
192.867	3678.62
192.902	3678.62
192.932	3678.62
192.967	3678.62
193.002	3678.62
193.032	3678.62
193.067	3678.62
193.102	3678.62
193.132	3678.62
193.167	3678.62
193.202	3678.62
193.232	3678.62
193.267	3678.62
193.302	3678.62
193.332	3678.62
193.367	3678.62
193.402	3678.62
193.432	3678.62
193.467	3678.62
193.502	3678.62
193.532	3678.62
193.567	3678.62
193.602	3678.62
193.632	3678.62
193.667	3678.62
193.702	3678.62
193.732	3678.62
193.767	3678.62
193.802	3678.62
193.832	3678.62
193.867	3678.62
193.897	3678.62
193.922	3678.62
193.967	3678.62
194.002	3678.62
194.032	3678.62
194.057	3678.62
194.102	3678.62
194.132	3678.62
194.167	3678.62
194.202	3678.62
194.232	3678.62
194.267	3678.62
194.302	3678.62
194.332	3678.62
194.367	3678.62
194.397	3463.07
194.422	3463.07
194.447	3463.07
194.472	3463.07
194.502	3463.07
194.532	3463.07
194.567	3463.07
194.602	3463.07
194.632	3463.07
194.667	3463.07
194.702	3463.07
194.732	3463.07
194.767	3463.07
194.802	3463.07
194.832	3463.07
194.867	3463.07
194.902	3463.07
194.932	3463.07
194.967	3463.07
195.002	3463.07
195.032	3463.07
195.067	3463.07
195.102	3463.07
195.132	3463.07
195.167	3463.07
195.202	3463.07
195.232	3463.07
195.267	3463.07
195.302	3463.07
195.332	3463.07
195.367	3463.07
195.402	3463.07
195.432	3463.07
195.467	3463.07
195.502	3463.07
195.532	3463.07
195.567	3463.07
195.602	3463.07
195.632	3463.07
195.657	3463.07
195.702	3463.07
195.732	3463.07
195.767	3463.07
195.802	3463.07
195.832	3463.07
195.867	3463.07
195.902	3463.07
195.932	3463.07
195.967	3463.07
196.002	3463.07
196.032	3463.07
196.067	3463.07
196.102	3463.07
196.132	3463.07
196.167	3463.07
196.202	3463.07
196.232	3463.07
196.267	3463.07
196.302	3463.07
196.332	3463.07
196.367	3463.07
196.402	3463.07
196.432	3463.07
196.467	3463.07
196.502	3741.12
196.532	3741.12
196.567	3741.12
196.602	3741.12
196.632	3741.12
196.667	3741.12
196.702	3741.12
196.732	3741.12
196.767	3741.12
196.797	3741.12
196.832	3741.12
196.867	3741.12
196.902	3741.12
196.927	3741.12
196.967	3741.12
196.997	3741.12
197.022	3741.12
197.067	3741.12
197.102	3741.12
197.132	3741.12
197.167	3741.12
197.202	3741.12
197.232	3741.12
197.267	3741.12
197.302	3741.12
197.332	3741.12
197.362	3741.12
197.402	3741.12
197.432	3741.12
197.467	3741.12
197.502	4041.41
197.527	3654.63
197.552	3654.63
197.602	3654.63
197.632	3654.63
197.667	3654.63
197.702	3654.63
197.732	3654.63
197.767	3654.63
197.802	3654.63
197.832	3654.63
197.867	3654.63
197.902	3654.63
197.932	3654.63
197.967	3654.63
197.997	3654.63
198.032	3654.63
198.067	3654.63
198.102	3654.63
198.132	3654.63
198.167	3654.63
198.202	3654.63
198.232	3654.63
198.267	3654.63
198.302	3654.63
198.332	3654.63
198.367	3654.63
198.402	3654.63
198.432	3654.63
198.467	3654.63
198.502	3654.63
198.532	3654.63
198.567	3654.63
198.602	3654.63
198.632	3654.63
198.667	3654.63
198.702	3654.63
198.732	3654.63
198.767	3654.63
198.802	3654.63
198.832	3654.63
198.867	3654.63
198.892	3654.63
198.927	3654.63
198.967	3654.63
199.002	3654.63
199.032	3654.63
199.062	3654.63
199.102	3654.63
199.132	3654.63
199.157	3654.63
199.202	3654.63
199.232	3654.63
199.262	3654.63
199.302	3654.63
199.332	3654.63
199.362	3654.63
199.402	3654.63
199.432	3654.63
199.462	3654.63
199.502	3654.63
199.532	3654.63
199.557	3654.63
199.602	3654.63
199.632	3376.25
199.667	3376.25
199.702	3376.25
199.732	3376.25
199.767	3376.25
199.802	3376.25
199.832	3376.25
199.867	3376.25
199.902	3376.25
199.932	3376.25
199.967	3376.25
200.002	3376.25
200.032	3376.25
200.067	3376.25
200.102	3376.25
200.132	3376.25
200.167	3376.25
200.202	3376.25
200.232	3376.25
200.267	3376.25
200.302	3376.25
200.332	3376.25
200.367	3376.25
200.402	3376.25
200.432	3376.25
200.467	3376.25
200.492	3376.25
200.532	3376.25
200.567	3376.25
200.602	3376.25
200.632	3376.25
200.667	3376.25
200.702	3376.25
200.732	3376.25
200.767	3376.25
200.802	3376.25
200.832	3376.25
200.867	3376.25
200.902	3376.25
200.932	3376.25
200.967	3376.25
201.002	3376.25
201.032	3376.25
201.067	3376.25
201.102	3376.25
201.132	3376.25
201.167	3376.25
201.202	3376.25
201.232	3376.25
201.267	3376.25
201.302	3376.25
201.332	3376.25
201.367	3376.25
201.402	3376.25
201.432	3376.25
201.467	3376.25
201.502	3376.25
201.532	3376.25
201.562	3376.25
201.602	3376.25
201.632	3376.25
201.667	3376.25
201.702	3376.25
201.732	3647.35
201.767	3647.35
201.802	3647.35
201.832	3647.35
201.867	3647.35
201.902	3647.35
201.932	3647.35
201.967	3647.35
202.002	3647.35
202.032	3647.35
202.067	3647.35
202.097	3647.35
202.132	3647.35
202.167	3647.35
202.202	3647.35
202.232	3647.35
202.267	3647.35
202.297	3647.35
202.332	3647.35
202.362	3647.35
202.387	3647.35
202.412	3647.35
202.437	3647.35
202.467	3647.35
202.492	3647.35
202.522	3647.35
202.552	3647.35
202.577	3647.35
202.602	3647.35
202.632	3647.35
202.667	3647.35
202.702	3647.35
202.727	3940.14
202.767	3940.14
202.802	3701.58
202.832	3701.58
202.867	3701.58
202.902	3701.58
202.932	3701.58
202.967	3701.58
203.002	3701.58
203.032	3701.58
203.067	3701.58
203.102	3701.58
203.132	3701.58
203.167	3701.58
203.202	3701.58
203.232	3701.58
203.267	3701.58
203.302	3701.58
203.332	3701.58
203.367	3701.58
203.402	3701.58
203.432	3701.58
203.467	3701.58
203.502	3701.58
203.532	3701.58
203.567	3701.58
203.602	3701.58
203.632	3701.58
203.667	3701.58
203.702	3701.58
203.732	3701.58
203.767	3701.58
203.802	3701.58
203.832	3701.58
203.867	3701.58
203.902	3701.58
203.932	3701.58
203.967	3701.58
204.002	3701.58
204.032	3701.58
204.067	3701.58
204.102	3701.58
204.132	3701.58
204.167	3701.58
204.202	3701.58
204.232	3701.58
204.257	3701.58
204.302	3701.58
204.332	3701.58
204.357	3701.58
204.402	3701.58
204.427	3701.58
204.457	3701.58
204.502	3701.58
204.527	3701.58
204.552	3701.58
204.577	3701.58
204.602	3701.58
204.627	3701.58
204.652	3701.58
204.677	3701.58
204.702	3701.58
204.732	3701.58
204.767	3701.58
204.802	3701.58
204.827	3701.58
204.852	3701.58
204.902	3325.64
204.932	3325.64
204.957	3325.64
205.002	3325.64
205.032	3325.64
205.067	3325.64
205.102	3325.64
205.132	3325.64
205.167	3325.64
205.202	3325.64
205.232	3325.64
205.267	3325.64
205.302	3325.64
205.332	3325.64
205.367	3325.64
205.402	3325.64
205.432	3325.64
205.467	3325.64
205.502	3325.64
205.532	3325.64
205.567	3325.64
205.602	3325.64
205.627	3325.64
205.667	3325.64
205.702	3325.64
205.732	3325.64
205.767	3325.64
205.802	3325.64
205.832	3325.64
205.862	3325.64
205.902	3325.64
205.932	3325.64
205.967	3325.64
206.002	3325.64
206.032	3325.64
206.067	3325.64
206.102	3325.64
206.132	3325.64
206.157	3325.64
206.202	3325.64
206.232	3325.64
206.267	3325.64
206.297	3325.64
206.332	3325.64
206.367	3325.64
206.402	3325.64
206.432	3325.64
206.467	3325.64
206.492	3325.64
206.532	3325.64
206.567	3325.64
206.602	3325.64
206.632	3325.64
206.667	3325.64
206.702	3325.64
206.732	3325.64
206.767	3325.64
206.802	3325.64
206.832	3325.64
206.867	3325.64
206.902	3325.64
206.932	3325.64
206.967	3325.64
207.002	3592.69
207.032	3592.69
207.067	3592.69
207.102	3592.69
207.132	3592.69
207.167	3592.69
207.202	3592.69
207.232	3592.69
207.267	3592.69
207.302	3592.69
207.327	3592.69
207.352	3592.69
207.377	3592.69
207.402	3592.69
207.432	3592.69
207.467	3592.69
207.492	3592.69
207.517	3592.69
207.542	3592.69
207.567	3592.69
207.602	3592.69
207.632	3592.69
207.657	3592.69
207.702	3592.69
207.732	3592.69
207.767	3592.69
207.797	3592.69
207.832	3592.69
207.867	3592.69
207.902	3592.69
207.932	3592.69
207.967	3592.69
208.002	3881.1
208.032	3684.01
208.067	3684.01
208.102	3684.01
208.132	3684.01
208.167	3684.01
208.202	3684.01
208.232	3684.01
208.267	3684.01
208.302	3684.01
208.332	3684.01
208.367	3684.01
208.402	3684.01
208.427	3684.01
208.467	3684.01
208.502	3684.01
208.532	3684.01
208.567	3684.01
208.602	3684.01
208.632	3684.01
208.667	3684.01
208.702	3684.01
208.732	3684.01
208.767	3684.01
208.802	3684.01
208.832	3684.01
208.867	3684.01
208.902	3684.01
208.932	3684.01
208.967	3684.01
209.002	3684.01
209.027	3684.01
209.067	3684.01
209.102	3684.01
209.132	3684.01
209.167	3684.01
209.202	3684.01
209.232	3684.01
209.267	3684.01
209.302	3684.01
209.332	3684.01
209.367	3684.01
209.402	3684.01
209.432	3684.01
209.467	3684.01
209.502	3684.01
209.532	3684.01
209.567	3684.01
209.602	3684.01
209.632	3684.01
209.667	3684.01
209.702	3684.01
209.732	3684.01
209.767	3684.01
209.802	3684.01
209.832	3684.01
209.867	3684.01
209.902	3684.01
209.927	3684.01
209.967	3684.01
210.002	3684.01
210.032	3684.01
210.057	3684.01
210.102	3684.01
210.132	3496.93
210.167	3496.93
210.202	3496.93
210.232	3496.93
210.267	3496.93
210.302	3496.93
210.332	3496.93
210.367	3496.93
210.397	3496.93
210.432	3496.93
210.467	3496.93
210.502	3496.93
210.532	3496.93
210.567	3496.93
210.597	3496.93
210.627	3496.93
210.667	3496.93
210.702	3496.93
210.732	3496.93
210.767	3496.93
210.802	3496.93
210.832	3496.93
210.867	3496.93
210.902	3496.93
210.932	3496.93
210.967	3496.93
211.002	3496.93
211.032	3496.93
211.067	3496.93
211.102	3496.93
211.132	3496.93
211.167	3496.93
211.202	3496.93
211.232	3496.93
211.267	3496.93
211.302	3496.93
211.332	3496.93
211.367	3496.93
211.402	3496.93
211.432	3496.93
211.467	3496.93
211.502	3496.93
211.532	3496.93
211.567	3496.93
211.602	3496.93
211.632	3496.93
211.667	3496.93
211.702	3496.93
211.732	3496.93
211.767	3496.93
211.802	3496.93
211.832	3496.93
211.867	3496.93
211.902	3496.93
211.932	3496.93
211.967	3496.93
212.002	3496.93
212.032	3496.93
212.067	3496.93
212.102	3496.93
212.132	3496.93
212.167	3496.93
212.202	3496.93
212.227	3496.93
212.267	3496.93
212.302	3496.93
212.332	3496.93
212.367	3496.93
212.402	3496.93
212.432	3496.93
212.467	3496.93
212.502	3496.93
212.532	3496.93
212.567	3496.93
212.602	3496.93
212.632	3496.93
212.667	3496.93
212.692	3496.93
212.732	3496.93
212.767	3496.93
212.802	3496.93
212.832	3496.93
212.867	3496.93
212.902	3496.93
212.932	3496.93
212.967	3496.93
213.002	3496.93
213.032	3496.93
213.057	3496.93
213.097	3496.93
213.132	3496.93
213.167	3496.93
213.202	3496.93
213.232	3496.93
213.267	3496.93
213.302	3496.93
213.332	3496.93
213.367	3496.93
213.402	3496.93
213.432	3496.93
213.467	3496.93
213.502	3496.93
213.532	3496.93
213.567	3496.93
213.602	3496.93
213.632	3496.93
213.667	3496.93
213.702	3496.93
213.732	3496.93
213.767	3496.93
213.802	3496.93
213.832	3496.93
213.867	3496.93
213.902	3496.93
213.932	3496.93
213.967	3496.93
214.002	3496.93
214.032	3496.93
214.067	3496.93
214.102	3496.93
214.132	3496.93
214.167	3496.93
214.202	3496.93
214.232	3496.93
214.267	3496.93
214.302	3496.93
214.332	3777.69
214.367	3777.69
214.402	3777.69
214.432	3777.69
214.457	3777.69
214.502	3777.69
214.527	3777.69
214.557	3777.69
214.602	3777.69
214.627	3777.69
214.652	3777.69
214.677	3777.69
214.702	3777.69
214.732	3777.69
214.767	3777.69
214.797	3777.69
214.822	3777.69
214.852	3777.69
214.877	3777.69
214.902	3777.69
214.927	3777.69
214.952	3777.69
214.977	3777.69
215.002	3777.69
215.032	3777.69
215.062	3777.69
215.097	3777.69
215.122	3777.69
215.147	3777.69
215.172	3777.69
215.202	3777.69
215.232	3777.69
215.267	3777.69
215.302	3777.69
215.332	4080.9
215.362	4080.9
215.402	3554.85
215.432	3554.85
215.462	3554.85
215.502	3554.85
215.532	3554.85
215.567	3554.85
215.602	3554.85
215.632	3554.85
215.667	3554.85
215.702	3554.85
215.732	3554.85
215.767	3554.85
215.802	3554.85
215.832	3554.85
215.867	3554.85
215.902	3554.85
215.932	3554.85
215.967	3554.85
215.992	3554.85
216.032	3554.85
216.067	3554.85
216.097	3554.85
216.132	3554.85
216.167	3554.85
216.202	3554.85
216.232	3554.85
216.267	3554.85
216.302	3554.85
216.332	3554.85
216.367	3554.85
216.402	3554.85
216.432	3554.85
216.467	3554.85
216.502	3554.85
216.532	3554.85
216.567	3554.85
216.602	3554.85
216.632	3554.85
216.662	3554.85
216.702	3554.85
216.732	3554.85
216.767	3554.85
216.802	3554.85
216.832	3554.85
216.867	3554.85
216.902	3554.85
216.932	3554.85
216.967	3554.85
217.002	3554.85
217.032	3554.85
217.067	3554.85
217.092	3554.85
217.122	3554.85
217.167	3554.85
217.192	3554.85
217.217	3554.85
217.242	3554.85
217.267	3554.85
217.297	3554.85
217.332	3554.85
217.367	3554.85
217.392	3554.85
217.432	3554.85
217.467	3554.85
217.502	3554.85
217.532	3554.85
217.567	3554.85
217.592	3554.85
217.632	3554.85
217.667	3554.85
217.692	3554.85
217.732	3554.85
217.767	3554.85
217.802	3554.85
217.832	3554.85
217.867	3554.85
217.902	3554.85
217.932	3554.85
217.967	3554.85
218.002	3554.85
218.032	3554.85
218.067	3554.85
218.102	3554.85
218.132	3554.85
218.167	3554.85
218.202	3554.85
218.232	3554.85
218.267	3554.85
218.292	3554.85
218.332	3554.85
218.367	3554.85
218.402	3554.85
218.432	3554.85
218.467	3554.85
218.502	3554.85
218.532	3554.85
218.567	3554.85
218.602	3554.85
218.632	3554.85
218.667	3554.85
218.702	3554.85
218.732	3554.85
218.767	3554.85
218.802	3554.85
218.832	3554.85
218.867	3554.85
218.902	3554.85
218.932	3554.85
218.967	3554.85
219.002	3554.85
219.032	3554.85
219.067	3554.85
219.092	3554.85
219.122	3554.85
219.167	3554.85
219.192	3554.85
219.217	3554.85
219.242	3554.85
219.267	3554.85
219.302	3554.85
219.332	3554.85
219.367	3554.85
219.392	3554.85
219.432	3554.85
219.467	3554.85
219.502	3554.85
219.532	3554.85
219.567	3554.85
219.592	3554.85
219.632	3554.85
219.667	3554.85
219.692	3554.85
219.732	3554.85
219.767	3554.85
219.802	3554.85
219.832	3554.85
219.867	3554.85
219.892	3554.85
219.932	3554.85
219.967	3554.85
220.002	3554.85
220.032	3554.85
220.067	3554.85
220.102	3554.85
220.132	3554.85
220.162	3554.85
220.202	3554.85
220.232	3554.85
220.267	3554.85
220.302	3554.85
220.332	3554.85
220.367	3554.85
220.392	3554.85
220.432	3554.85
220.467	3554.85
220.502	3554.85
220.532	3554.85
220.567	3554.85
220.602	3554.85
220.632	3554.85
220.667	3554.85
220.702	3554.85
220.732	3554.85
220.767	3554.85
220.802	3554.85
220.832	3554.85
220.862	3554.85
220.902	3554.85
220.932	3554.85
220.967	3554.85
221.002	3554.85
221.032	3554.85
221.067	3554.85
221.102	3554.85
221.132	3554.85
221.167	3554.85
221.202	3554.85
221.232	3554.85
221.267	3554.85
221.302	3554.85
221.332	3554.85
221.367	3554.85
221.402	3554.85
221.432	3554.85
221.467	3554.85
221.502	3554.85
221.532	3554.85
221.567	3554.85
221.602	3554.85
221.627	3554.85
221.667	3554.85
221.702	3554.85
221.732	3554.85
221.757	3554.85
221.802	3554.85
221.827	3554.85
221.867	3554.85
221.902	3554.85
221.932	3554.85
221.967	3554.85
222.002	3554.85
222.032	3554.85
222.067	3554.85
222.102	3554.85
222.132	3554.85
222.167	3554.85
222.202	3554.85
222.232	3554.85
222.267	3554.85
222.302	3554.85
222.332	3554.85
222.367	3554.85
222.402	3554.85
222.432	3554.85
222.467	3554.85
222.502	3554.85
222.532	3554.85
222.567	3554.85
222.602	3554.85
222.632	3554.85
222.667	3554.85
222.702	3554.85
222.732	3554.85
222.767	3554.85
222.802	3554.85
222.832	3554.85
222.867	3554.85
222.902	3554.85
222.932	3554.85
222.967	3554.85
223.002	3554.85
223.032	3554.85
223.067	3554.85
223.102	3554.85
223.132	3554.85
223.167	3554.85
223.202	3554.85
223.232	3554.85
223.267	3554.85
223.302	3554.85
223.332	3554.85
223.367	3554.85
223.402	3554.85
223.432	3554.85
223.467	3554.85
223.502	3554.85
223.532	3554.85
223.567	3554.85
223.602	3554.85
223.632	3554.85
223.667	3554.85
223.702	3554.85
223.727	3554.85
223.767	3554.85
223.802	3554.85
223.832	3554.85
223.867	3554.85
223.902	3554.85
223.927	3554.85
223.967	3554.85
224.002	3554.85
224.032	3554.85
224.067	3554.85
224.102	3554.85
224.132	3554.85
224.167	3554.85
224.202	3554.85
224.232	3554.85
224.267	3554.85
224.302	3554.85
224.332	3554.85
224.367	3554.85
224.402	3554.85
224.432	3554.85
224.467	3554.85
224.502	3554.85
224.532	3554.85
224.567	3554.85
224.602	3554.85
224.632	3554.85
224.662	3554.85
224.702	3554.85
224.732	3554.85
224.767	3554.85
224.802	3554.85
224.832	3554.85
224.867	3554.85
224.892	3554.85
224.922	3554.85
224.967	3554.85
225.002	3554.85
225.032	3554.85
225.067	3554.85
225.097	3554.85
225.132	3554.85
225.167	3554.85
225.192	3554.85
225.232	3554.85
225.267	3554.85
225.302	3554.85
225.332	3554.85
225.367	3554.85
225.402	3554.85
225.432	3554.85
225.467	3554.85
225.492	3554.85
225.517	3554.85
225.542	3554.85
225.567	3554.85
225.602	3554.85
225.632	3554.85
225.667	3554.85
225.702	3554.85
225.732	3554.85
225.767	3554.85
225.802	3554.85
225.827	3554.85
225.867	3554.85
225.902	3554.85
225.927	3554.85
225.967	3554.85
226.002	3554.85
226.027	3554.85
226.067	3554.85
226.102	3554.85
226.132	3554.85
226.167	3554.85
226.202	3554.85
226.232	3554.85
226.267	3554.85
226.302	3554.85
226.332	3554.85
226.367	3554.85
226.397	3554.85
226.432	3554.85
226.467	3554.85
226.502	3554.85
226.532	3554.85
226.567	3554.85
226.602	3554.85
226.627	3554.85
226.667	3554.85
226.702	3554.85
226.732	3554.85
226.767	3554.85
226.802	3554.85
226.827	3554.85
226.867	3554.85
226.902	3554.85
226.932	3554.85
226.967	3554.85
227.002	3554.85
227.027	3554.85
227.067	3554.85
227.097	3554.85
227.122	3554.85
227.167	3554.85
227.197	3554.85
227.222	3554.85
227.267	3554.85
227.302	3554.85
227.332	3554.85
227.367	3554.85
227.402	3554.85
227.432	3554.85
227.467	3554.85
227.502	3554.85
227.532	3554.85
227.567	3554.85
227.602	3554.85
227.627	3554.85
227.667	3554.85
227.702	3554.85
227.732	3554.85
227.767	3554.85
227.792	3554.85
227.832	3554.85
227.867	3554.85
227.902	3554.85
227.932	3554.85
227.957	3554.85
228.002	3554.85
228.032	3554.85
228.067	3554.85
228.102	3554.85
228.132	3554.85
228.167	3554.85
228.202	3554.85
228.232	3554.85
228.267	3554.85
228.302	3554.85
228.332	3554.85
228.367	3554.85
228.402	3554.85
228.432	3554.85
228.467	3554.85
228.502	3554.85
228.532	3554.85
228.567	3554.85
228.602	3554.85
228.632	3554.85
228.657	3554.85
228.702	3554.85
228.732	3554.85
228.767	3554.85
228.802	3554.85
228.832	3554.85
228.867	3554.85
228.902	3554.85
228.932	3554.85
228.967	3554.85
229.002	3554.85
229.032	3840.24
229.067	3840.24
229.102	3840.24
229.132	3840.24
229.167	3840.24
229.202	3840.24
229.232	3840.24
229.262	3840.24
229.302	3840.24
229.327	3840.24
229.352	3840.24
229.377	3840.24
229.402	3840.24
229.432	3840.24
229.467	3840.24
229.502	3840.24
229.527	3840.24
229.552	3840.24
229.577	3840.24
229.602	3840.24
229.632	3840.24
229.667	3840.24
229.702	3840.24
229.732	3840.24
229.762	3840.24
229.802	3840.24
229.832	3840.24
229.867	3840.24
229.902	3840.24
229.932	3840.24
229.967	3840.24
230.002	3840.24
230.027	4148.46
230.052	4148.46
230.102	3670.41
230.132	3670.41
230.167	3670.41
230.202	3670.41
230.232	3670.41
230.267	3670.41
230.302	3670.41
230.332	3670.41
230.367	3670.41
230.402	3670.41
230.432	3670.41
230.462	3670.41
230.502	3670.41
230.532	3670.41
230.567	3670.41
230.602	3670.41
230.632	3670.41
230.667	3670.41
230.702	3670.41
230.732	3670.41
230.767	3670.41
230.802	3670.41
230.832	3670.41
230.857	3670.41
230.902	3670.41
230.932	3670.41
230.967	3670.41
231.002	3670.41
231.032	3670.41
231.067	3670.41
231.102	3670.41
231.132	3670.41
231.167	3670.41
231.202	3670.41
231.232	3670.41
231.267	3670.41
231.302	3670.41
231.332	3670.41
231.367	3670.41
231.402	3670.41
231.432	3670.41
231.467	3670.41
231.502	3670.41
231.532	3670.41
231.567	3670.41
231.602	3670.41
231.627	3670.41
231.657	3670.41
231.702	3670.41
231.732	3670.41
231.767	3670.41
231.802	3670.41
231.832	3670.41
231.867	3670.41
231.902	3670.41
231.932	3670.41
231.967	3670.41
232.002	3670.41
232.027	3670.41
232.062	3670.41
232.102	3670.41
232.132	3670.41
232.167	3670.41
232.202	3426.67
232.232	3426.67
232.257	3426.67
232.302	3426.67
232.332	3426.67
232.367	3426.67
232.402	3426.67
232.432	3426.67
232.467	3426.67
232.502	3426.67
232.532	3426.67
232.567	3426.67
232.602	3426.67
232.632	3426.67
232.667	3426.67
232.702	3426.67
232.732	3426.67
232.767	3426.67
232.802	3426.67
232.832	3426.67
232.867	3426.67
232.902	3426.67
232.932	3426.67
232.967	3426.67
233.002	3426.67
233.032	3426.67
233.067	3426.67
233.102	3426.67
233.132	3426.67
233.157	3426.67
233.202	3426.67
233.232	3426.67
233.267	3426.67
233.302	3426.67
233.332	3426.67
233.367	3426.67
233.402	3426.67
233.432	3426.67
233.467	3426.67
233.502	3426.67
233.532	3426.67
233.567	3426.67
233.602	3426.67
233.632	3426.67
233.667	3426.67
233.702	3426.67
233.732	3426.67
233.767	3426.67
233.802	3426.67
233.832	3426.67
233.867	3426.67
233.902	3426.67
233.932	3426.67
233.967	3426.67
234.002	3426.67
234.032	3426.67
234.067	3426.67
234.102	3426.67
234.132	3426.67
234.167	3426.67
234.202	3426.67
234.232	3426.67
234.262	3426.67
234.302	3426.67
234.332	3426.67
234.367	3426.67
234.402	3426.67
234.432	3426.67
234.467	3426.67
234.502	3426.67
234.532	3426.67
234.567	3426.67
234.602	3426.67
234.632	3426.67
234.667	3426.67
234.702	3426.67
234.732	3426.67
234.767	3426.67
234.802	3426.67
234.832	3426.67
234.867	3426.67
234.902	3426.67
234.932	3426.67
234.967	3426.67
235.002	3426.67
235.032	3426.67
235.067	3426.67
235.102	3426.67
235.132	3426.67
235.167	3426.67
235.197	3426.67
235.232	3426.67
235.267	3426.67
235.302	3426.67
235.332	3701.81
235.367	3701.81
235.402	3701.81
235.432	3701.81
235.467	3701.81
235.502	3701.81
235.527	3701.81
235.567	3701.81
235.602	3701.81
235.632	3701.81
235.667	3701.81
235.702	3701.81
235.732	3701.81
235.767	3701.81
235.802	3701.81
235.832	3701.81
235.867	3701.81
235.902	3701.81
235.932	3701.81
235.967	3701.81
236.002	3701.81
236.032	3701.81
236.067	3701.81
236.102	3701.81
236.132	3701.81
236.167	3701.81
236.202	3701.81
236.232	3701.81
236.267	3701.81
236.302	3701.81
236.332	3998.95
236.367	3998.95
236.402	3670.91
236.432	3670.91
236.467	3670.91
236.502	3670.91
236.532	3670.91
236.567	3670.91
236.602	3670.91
236.632	3670.91
236.662	3670.91
236.702	3670.91
236.732	3670.91
236.767	3670.91
236.802	3670.91
236.832	3670.91
236.867	3670.91
236.892	3670.91
236.932	3670.91
236.967	3670.91
237.002	3670.91
237.032	3670.91
237.067	3670.91
237.102	3670.91
237.132	3670.91
237.167	3670.91
237.202	3670.91
237.232	3670.91
237.267	3670.91
237.292	3670.91
237.332	3670.91
237.367	3670.91
237.402	3670.91
237.432	3670.91
237.467	3670.91
237.502	3670.91
237.532	3670.91
237.567	3670.91
237.602	3670.91
237.632	3670.91
237.667	3670.91
237.702	3670.91
237.732	3670.91
237.757	3670.91
237.797	3670.91
237.822	3670.91
237.852	3670.91
237.877	3670.91
237.902	3670.91
237.932	3670.91
237.967	3670.91
238.002	3670.91
238.032	3670.91
238.067	3670.91
238.102	3670.91
238.132	3670.91
238.162	3670.91
238.202	3670.91
238.232	3670.91
238.267	3670.91
238.302	3670.91
238.332	3670.91
238.362	3670.91
238.402	3670.91
238.432	3670.91
238.467	3670.91
238.502	3376.95
238.532	3376.95
238.562	3376.95
238.602	3376.95
238.632	3376.95
238.662	3376.95
238.702	3376.95
238.732	3376.95
238.767	3376.95
238.802	3376.95
238.832	3376.95
238.867	3376.95
238.902	3376.95
238.932	3376.95
238.967	3376.95
239.002	3376.95
239.032	3376.95
239.067	3376.95
239.102	3376.95
239.132	3376.95
239.167	3376.95
239.202	3376.95
239.232	3376.95
239.267	3376.95
239.302	3376.95
239.332	3376.95
239.367	3376.95
239.402	3376.95
239.432	3376.95
239.467	3376.95
239.502	3376.95
239.532	3376.95
239.567	3376.95
239.602	3376.95
239.632	3376.95
239.667	3376.95
239.702	3376.95
239.732	3376.95
239.767	3376.95
239.802	3376.95
239.832	3376.95
239.867	3376.95
239.902	3376.95
239.932	3376.95
239.967	3376.95
240.002	3376.95
240.032	3376.95
240.067	3376.95
240.102	3376.95
240.132	3376.95
240.167	3376.95
240.202	3376.95
240.232	3376.95
240.267	3376.95
240.302	3376.95
240.332	3376.95
240.367	3376.95
240.402	3376.95
240.432	3376.95
240.467	3376.95
240.502	3376.95
240.527	3376.95
240.567	3376.95
240.602	3376.95
240.632	3376.95
240.667	3376.95
240.702	3376.95
240.732	3376.95
240.767	3376.95
240.802	3376.95
240.832	3376.95
240.867	3376.95
240.902	3376.95
240.932	3376.95
240.967	3376.95
241.002	3376.95
241.032	3376.95
241.067	3376.95
241.102	3376.95
241.132	3376.95
241.167	3376.95
241.202	3376.95
241.232	3376.95
241.267	3376.95
241.302	3376.95
241.332	3376.95
241.367	3376.95
241.402	3376.95
241.432	3376.95
241.467	3376.95
241.502	3376.95
241.532	3376.95
241.567	3376.95
241.602	3376.95
241.632	3648.11
241.667	3648.11
241.702	3648.11
241.732	3648.11
241.767	3648.11
241.802	3648.11
241.832	3648.11
241.867	3648.11
241.902	3648.11
241.932	3648.11
241.957	3648.11
242.002	3648.11
242.032	3648.11
242.057	3648.11
242.102	3648.11
242.132	3648.11
242.167	3648.11
242.202	3648.11
242.232	3648.11
242.267	3648.11
242.302	3648.11
242.332	3648.11
242.357	3648.11
242.402	3648.11
242.432	3648.11
242.467	3648.11
242.502	3648.11
242.532	3648.11
242.562	3648.11
242.602	3648.11
242.632	3940.96
242.662	3940.96
242.702	3679.25
242.732	3679.25
242.767	3679.25
242.802	3679.25
242.832	3679.25
242.862	3679.25
242.902	3679.25
242.932	3679.25
242.967	3679.25
243.002	3679.25
243.032	3679.25
243.067	3679.25
243.102	3679.25
243.132	3679.25
243.167	3679.25
243.202	3679.25
243.232	3679.25
243.267	3679.25
243.297	3679.25
243.332	3679.25
243.367	3679.25
243.402	3679.25
243.432	3679.25
243.467	3679.25
243.502	3679.25
243.532	3679.25
243.567	3679.25
243.602	3679.25
243.632	3679.25
243.667	3679.25
243.702	3679.25
243.732	3679.25
243.767	3679.25
243.802	3679.25
243.832	3679.25
243.867	3679.25
243.902	3679.25
243.932	3679.25
243.967	3679.25
244.002	3679.25
244.032	3679.25
244.067	3679.25
244.102	3679.25
244.127	3679.25
244.152	3679.25
244.177	3679.25
244.202	3679.25
244.232	3679.25
244.267	3679.25
244.302	3679.25
244.332	3679.25
244.367	3679.25
244.402	3679.25
244.432	3679.25
244.467	3679.25
244.502	3679.25
244.532	3679.25
244.567	3679.25
244.602	3679.25
244.632	3679.25
244.667	3679.25
244.702	3679.25
244.732	3679.25
244.762	3679.25
244.802	3456.48
244.832	3456.48
244.867	3456.48
244.902	3456.48
244.932	3456.48
244.967	3456.48
245.002	3456.48
245.032	3456.48
245.067	3456.48
245.102	3456.48
245.132	3456.48
245.162	3456.48
245.202	3456.48
245.232	3456.48
245.257	3456.48
245.302	3456.48
245.332	3456.48
245.367	3456.48
245.402	3456.48
245.432	3456.48
245.467	3456.48
245.502	3456.48
245.532	3456.48
245.567	3456.48
245.602	3456.48
245.632	3456.48
245.667	3456.48
245.702	3456.48
245.732	3456.48
245.767	3456.48
245.802	3456.48
245.832	3456.48
245.867	3456.48
245.902	3456.48
245.932	3456.48
245.967	3456.48
246.002	3456.48
246.032	3456.48
246.067	3456.48
246.102	3456.48
246.132	3456.48
246.167	3456.48
246.202	3456.48
246.232	3456.48
246.267	3456.48
246.302	3456.48
246.332	3456.48
246.367	3456.48
246.402	3456.48
246.432	3456.48
246.467	3456.48
246.502	3456.48
246.532	3456.48
246.567	3456.48
246.597	3456.48
246.632	3456.48
246.667	3456.48
246.702	3456.48
246.732	3456.48
246.767	3456.48
246.802	3456.48
246.832	3456.48
246.867	3456.48
246.902	3456.48
246.932	3456.48
246.967	3456.48
246.997	3456.48
247.032	3456.48
247.067	3456.48
247.102	3456.48
247.132	3456.48
247.167	3456.48
247.202	3456.48
247.232	3456.48
247.267	3456.48
247.302	3456.48
247.332	3456.48
247.367	3456.48
247.402	3456.48
247.432	3456.48
247.467	3456.48
247.502	3456.48
247.532	3456.48
247.557	3456.48
247.602	3456.48
247.632	3456.48
247.667	3456.48
247.702	3456.48
247.732	3456.48
247.767	3456.48
247.802	3456.48
247.832	3456.48
247.867	3456.48
247.902	3456.48
247.932	3734
247.967	3734
248.002	3734
248.032	3734
248.067	3734
248.092	3734
248.132	3734
248.167	3734
248.202	3734
248.232	3734
248.267	3734
248.302	3734
248.332	3734
248.367	3734
248.402	3734
248.432	3734
248.467	3734
248.502	3734
248.532	3734
248.567	3734
248.602	3734
248.632	3734
248.667	3734
248.697	3734
248.722	3734
248.767	3734
248.802	3734
248.832	3734
248.867	3734
248.892	3734
248.922	3734
248.952	4033.72
248.977	3718.59
249.002	3718.59
249.027	3718.59
249.067	3718.59
249.102	3718.59
249.132	3718.59
249.167	3718.59
249.202	3718.59
249.232	3718.59
249.267	3718.59
249.302	3718.59
249.332	3718.59
249.367	3718.59
249.402	3718.59
249.432	3718.59
249.467	3718.59
249.502	3718.59
249.532	3718.59
249.567	3718.59
249.602	3718.59
249.632	3718.59
249.667	3718.59
249.697	3718.59
249.732	3718.59
249.767	3718.59
249.802	3718.59
249.832	3718.59
249.867	3718.59
249.902	3718.59
249.932	3718.59
249.967	3718.59
250.002	3718.59
250.032	3718.59
250.067	3718.59
250.102	3718.59
250.132	3718.59
250.167	3718.59
250.202	3718.59
250.232	3718.59
250.262	3718.59
250.302	3718.59
250.332	3718.59
250.367	3718.59
250.402	3718.59
250.427	3718.59
250.462	3718.59
250.502	3718.59
250.527	3718.59
250.567	3718.59
250.602	3718.59
250.627	3718.59
250.667	3718.59
250.702	3718.59
250.732	3718.59
250.767	3718.59
250.802	3718.59
250.832	3718.59
250.867	3718.59
250.902	3718.59
250.932	3718.59
250.967	3718.59
251.002	3718.59
251.032	3718.59
251.067	3718.59
251.102	3442.6
251.127	3442.6
251.167	3442.6
251.202	3442.6
251.232	3442.6
251.267	3442.6
251.302	3442.6
251.332	3442.6
251.367	3442.6
251.397	3442.6
251.432	3442.6
251.467	3442.6
251.502	3442.6
251.532	3442.6
251.557	3442.6
251.602	3442.6
251.632	3442.6
251.667	3442.6
251.702	3442.6
251.732	3442.6
251.767	3442.6
251.802	3442.6
251.832	3442.6
251.867	3442.6
251.902	3442.6
251.932	3442.6
251.967	3442.6
252.002	3442.6
252.032	3442.6
252.067	3442.6
252.102	3442.6
252.132	3442.6
252.167	3442.6
252.202	3442.6
252.232	3442.6
252.267	3442.6
252.302	3442.6
252.327	3442.6
252.367	3442.6
252.402	3442.6
252.432	3442.6
252.467	3442.6
252.502	3442.6
252.532	3442.6
252.567	3442.6
252.597	3442.6
252.627	3442.6
252.667	3442.6
252.702	3442.6
252.732	3442.6
252.767	3442.6
252.802	3442.6
252.832	3442.6
252.867	3442.6
252.902	3442.6
252.932	3442.6
252.967	3442.6
253.002	3442.6
253.032	3442.6
253.067	3442.6
253.092	3442.6
253.132	3442.6
253.167	3442.6
253.202	3442.6
253.232	3442.6
253.267	3442.6
253.302	3442.6
253.332	3442.6
253.367	3442.6
253.402	3442.6
253.432	3442.6
253.467	3442.6
253.502	3442.6
253.532	3442.6
253.567	3442.6
253.602	3442.6
253.632	3442.6
253.667	3442.6
253.702	3442.6
253.732	3442.6
253.767	3442.6
253.802	3442.6
253.832	3442.6
253.867	3442.6
253.902	3442.6
253.932	3442.6
253.967	3442.6
253.997	3442.6
254.032	3442.6
254.067	3442.6
254.102	3442.6
254.132	3442.6
254.167	3442.6
254.202	3442.6
254.232	3719.01
254.267	3719.01
254.302	3719.01
254.332	3719.01
254.367	3719.01
254.402	3719.01
254.432	3719.01
254.467	3719.01
254.502	3719.01
254.532	3719.01
254.567	3719.01
254.602	3719.01
254.632	3719.01
254.667	3719.01
254.702	3719.01
254.732	3719.01
254.767	3719.01
254.802	3719.01
254.827	3719.01
254.867	3719.01
254.902	3719.01
254.927	3719.01
254.967	3719.01
255.002	3719.01
255.027	3719.01
255.067	3719.01
255.102	3719.01
255.132	3719.01
255.167	3719.01
255.202	3719.01
255.227	4017.53
255.267	4017.53
255.302	3656.58
255.332	3656.58
255.367	3656.58
255.402	3656.58
255.432	3656.58
255.467	3656.58
255.502	3656.58
255.532	3656.58
255.567	3656.58
255.602	3656.58
255.632	3656.58
255.667	3656.58
255.692	3656.58
255.732	3656.58
255.767	3656.58
255.802	3656.58
255.832	3656.58
255.867	3656.58
255.902	3656.58
255.932	3656.58
255.967	3656.58
256.002	3656.58
256.032	3656.58
256.067	3656.58
256.102	3656.58
256.132	3656.58
256.167	3656.58
256.202	3656.58
256.232	3656.58
256.267	3656.58
256.302	3656.58
256.332	3656.58
256.367	3656.58
256.402	3656.58
256.432	3656.58
256.467	3656.58
256.502	3656.58
256.532	3656.58
256.567	3656.58
256.602	3656.58
256.632	3656.58
256.667	3656.58
256.702	3656.58
256.732	3656.58
256.767	3656.58
256.802	3656.58
256.832	3656.58
256.857	3656.58
256.902	3656.58
256.927	3656.58
256.967	3656.58
257.002	3656.58
257.027	3656.58
257.067	3656.58
257.102	3656.58
257.127	3656.58
257.167	3656.58
257.202	3656.58
257.227	3656.58
257.252	3656.58
257.277	3656.58
257.302	3656.58
257.332	3656.58
257.367	3656.58
257.402	3399.47
257.432	3399.47
257.467	3399.47
257.502	3399.47
257.532	3399.47
257.567	3399.47
257.602	3399.47
257.632	3399.47
257.667	3399.47
257.702	3399.47
257.732	3399.47
257.767	3399.47
257.802	3399.47
257.832	3399.47
257.867	3399.47
257.902	3399.47
257.932	3399.47
257.967	3399.47
257.992	3399.47
258.017	3399.47
258.042	3399.47
258.067	3399.47
258.102	3399.47
258.132	3399.47
258.167	3399.47
258.202	3399.47
258.232	3399.47
258.267	3399.47
258.302	3399.47
258.332	3399.47
258.367	3399.47
258.402	3399.47
258.432	3399.47
258.462	3399.47
258.502	3399.47
258.527	3399.47
258.567	3399.47
258.602	3399.47
258.632	3399.47
258.667	3399.47
258.702	3399.47
258.732	3399.47
258.767	3399.47
258.802	3399.47
258.832	3399.47
258.867	3399.47
258.902	3399.47
258.932	3399.47
258.967	3399.47
259.002	3399.47
259.032	3399.47
259.067	3399.47
259.102	3399.47
259.132	3399.47
259.167	3399.47
259.202	3399.47
259.232	3399.47
259.267	3399.47
259.302	3399.47
259.332	3399.47
259.357	3399.47
259.402	3399.47
259.432	3399.47
259.467	3399.47
259.502	3672.43
259.532	3672.43
259.557	3672.43
259.602	3672.43
259.632	3672.43
259.667	3672.43
259.692	3672.43
259.722	3672.43
259.752	3672.43
259.777	3672.43
259.802	3672.43
259.827	3672.43
259.852	3672.43
259.877	3672.43
259.902	3672.43
259.927	3672.43
259.952	3672.43
259.977	3672.43
260.002	3672.43
260.032	3672.43
260.057	3672.43
260.102	3672.43
260.132	3672.43
260.167	3672.43
260.202	3672.43
260.232	3672.43
260.267	3672.43
260.302	3672.43
260.332	3672.43
260.362	3672.43
260.402	3672.43
260.432	3672.43
260.467	3672.43
260.502	3967.23
260.532	3626.29
260.557	3626.29
260.602	3626.29
260.632	3626.29
260.667	3626.29
260.702	3626.29
260.732	3626.29
260.767	3626.29
260.802	3626.29
260.832	3626.29
260.867	3626.29
260.902	3626.29
260.932	3626.29
260.962	3626.29
261.002	3626.29
261.032	3626.29
261.067	3626.29
261.102	3626.29
261.132	3626.29
261.167	3626.29
261.202	3626.29
261.227	3626.29
261.267	3626.29
261.302	3626.29
261.332	3626.29
261.367	3626.29
261.402	3626.29
261.432	3626.29
261.467	3626.29
261.502	3626.29
261.532	3626.29
261.567	3626.29
261.602	3626.29
261.632	3626.29
261.657	3626.29
261.702	3626.29
261.732	3626.29
261.767	3626.29
261.802	3626.29
261.832	3626.29
261.867	3626.29
261.902	3626.29
261.932	3626.29
261.967	3626.29
262.002	3626.29
262.032	3626.29
262.067	3626.29
262.102	3626.29
262.132	3626.29
262.167	3626.29
262.202	3626.29
262.232	3626.29
262.267	3626.29
262.302	3626.29
262.332	3626.29
262.367	3626.29
262.402	3626.29
262.427	3626.29
262.452	3626.29
262.477	3626.29
262.502	3626.29
262.532	3626.29
262.567	3626.29
262.602	3626.29
262.632	3435.06
262.667	3435.06
262.702	3435.06
262.732	3435.06
262.767	3435.06
262.802	3435.06
262.832	3435.06
262.867	3435.06
262.902	3435.06
262.932	3435.06
262.967	3435.06
263.002	3435.06
263.032	3435.06
263.067	3435.06
263.102	3435.06
263.132	3435.06
263.167	3435.06
263.192	3435.06
263.232	3435.06
263.267	3435.06
263.302	3435.06
263.332	3435.06
263.367	3435.06
263.402	3435.06
263.432	3435.06
263.467	3435.06
263.502	3435.06
263.532	3435.06
263.557	3435.06
263.602	3435.06
263.632	3435.06
263.667	3435.06
263.702	3435.06
263.732	3435.06
263.767	3435.06
263.802	3435.06
263.832	3435.06
263.867	3435.06
263.902	3435.06
263.932	3435.06
263.967	3435.06
264.002	3435.06
264.032	3435.06
264.067	3435.06
264.097	3435.06
264.132	3435.06
264.167	3435.06
264.202	3435.06
264.232	3435.06
264.267	3435.06
264.302	3435.06
264.332	3435.06
264.367	3435.06
264.402	3435.06
264.432	3435.06
264.467	3435.06
264.502	3435.06
264.532	3435.06
264.557	3435.06
264.602	3435.06
264.632	3435.06
264.667	3435.06
264.702	3435.06
264.732	3710.86
264.767	3710.86
264.802	3710.86
264.832	3710.86
264.867	3710.86
264.902	3710.86
264.932	3710.86
264.967	3710.86
265.002	3710.86
265.032	3710.86
265.067	3710.86
265.102	3710.86
265.132	3710.86
265.167	3710.86
265.202	3710.86
265.232	3710.86
265.267	3710.86
265.302	3710.86
265.332	3710.86
265.367	3710.86
265.402	3710.86
265.432	3710.86
265.467	3710.86
265.502	3710.86
265.527	3710.86
265.567	3710.86
265.602	3710.86
265.632	3710.86
265.657	3710.86
265.702	3710.86
265.732	4008.73
265.767	4008.73
265.802	3703.38
265.832	3703.38
265.867	3703.38
265.902	3703.38
265.932	3703.38
265.967	3703.38
266.002	3703.38
266.032	3703.38
266.062	3703.38
266.102	3703.38
266.132	3703.38
266.167	3703.38
266.202	3703.38
266.232	3703.38
266.267	3703.38
266.302	3703.38
266.332	3703.38
266.367	3703.38
266.402	3703.38
266.432	3703.38
266.467	3703.38
266.502	3703.38
266.532	3703.38
266.567	3703.38
266.602	3703.38
266.632	3703.38
266.667	3703.38
266.697	3703.38
266.732	3703.38
266.767	3703.38
266.802	3703.38
266.832	3703.38
266.867	3703.38
266.902	3703.38
266.932	3703.38
266.967	3703.38
267.002	3703.38
267.032	3703.38
267.067	3703.38
267.102	3703.38
267.132	3703.38
267.167	3703.38
267.202	3703.38
267.227	3703.38
267.252	3703.38
267.277	3703.38
267.302	3703.38
267.327	3703.38
267.352	3703.38
267.377	3703.38
267.402	3703.38
267.432	3703.38
267.467	3703.38
267.502	3703.38
267.532	3703.38
267.567	3703.38
267.602	3703.38
267.632	3703.38
267.667	3703.38
267.692	3703.38
267.722	3703.38
267.767	3703.38
267.802	3703.38
267.832	3703.38
267.867	3703.38
267.902	3457.45
267.932	3457.45
267.967	3457.45
268.002	3457.45
268.032	3457.45
268.067	3457.45
268.102	3457.45
268.132	3457.45
268.167	3457.45
268.202	3457.45
268.232	3457.45
268.267	3457.45
268.302	3457.45
268.332	3457.45
268.367	3457.45
268.402	3457.45
268.432	3457.45
268.467	3457.45
268.497	3457.45
268.532	3457.45
268.567	3457.45
268.602	3457.45
268.632	3457.45
268.667	3457.45
268.702	3457.45
268.732	3457.45
268.767	3457.45
268.802	3457.45
268.832	3457.45
268.867	3457.45
268.902	3457.45
268.932	3457.45
268.967	3457.45
269.002	3457.45
269.032	3457.45
269.057	3457.45
269.102	3457.45
269.132	3457.45
269.167	3457.45
269.202	3457.45
269.232	3457.45
269.267	3457.45
269.302	3457.45
269.332	3457.45
269.367	3457.45
269.402	3457.45
269.432	3457.45
269.467	3457.45
269.502	3457.45
269.532	3457.45
269.567	3457.45
269.602	3457.45
269.632	3457.45
269.667	3457.45
269.702	3457.45
269.732	3457.45
269.767	3457.45
269.802	3457.45
269.832	3457.45
269.867	3457.45
269.902	3457.45
269.932	3457.45
269.967	3457.45
270.002	3735.05
270.032	3735.05
270.067	3735.05
270.102	3735.05
270.132	3735.05
270.167	3735.05
270.202	3735.05
270.232	3735.05
270.267	3735.05
270.302	3735.05
270.332	3735.05
270.367	3735.05
270.397	3735.05
270.422	3735.05
270.452	3735.05
270.477	3735.05
270.502	3735.05
270.532	3735.05
270.567	3735.05
270.602	3735.05
270.632	3735.05
270.662	3735.05
270.687	3735.05
270.712	3735.05
270.737	3735.05
270.767	3735.05
270.802	3735.05
270.832	3735.05
270.862	3735.05
270.902	3735.05
270.932	3735.05
270.957	3735.05
271.002	4034.85
271.032	3735.39
271.057	3735.39
271.102	3735.39
271.132	3735.39
271.162	3735.39
271.202	3735.39
271.232	3735.39
271.257	3735.39
271.302	3735.39
271.332	3735.39
271.367	3735.39
271.402	3735.39
271.432	3735.39
271.467	3735.39
271.502	3735.39
271.532	3735.39
271.562	3735.39
271.602	3735.39
271.632	3735.39
271.667	3735.39
271.702	3735.39
271.732	3735.39
271.767	3735.39
271.802	3735.39
271.832	3735.39
271.867	3735.39
271.902	3735.39
271.932	3735.39
271.957	3735.39
272.002	3735.39
272.032	3735.39
272.067	3735.39
272.092	3735.39
272.132	3735.39
272.167	3735.39
272.202	3735.39
272.232	3735.39
272.267	3735.39
272.302	3735.39
272.332	3735.39
272.367	3735.39
272.402	3735.39
272.427	3735.39
272.462	3735.39
272.497	3735.39
272.522	3735.39
272.552	3735.39
272.577	3735.39
272.602	3735.39
272.632	3735.39
272.662	3735.39
272.702	3735.39
272.727	3735.39
272.752	3735.39
272.777	3735.39
272.802	3735.39
272.832	3735.39
272.857	3735.39
272.902	3735.39
272.932	3735.39
272.962	3735.39
273.002	3735.39
273.032	3735.39
273.057	3735.39
273.102	3735.39
273.132	3472.75
273.167	3472.75
273.202	3472.75
273.232	3472.75
273.267	3472.75
273.302	3472.75
273.327	3472.75
273.367	3472.75
273.402	3472.75
273.432	3472.75
273.467	3472.75
273.502	3472.75
273.532	3472.75
273.567	3472.75
273.602	3472.75
273.632	3472.75
273.662	3472.75
273.702	3472.75
273.732	3472.75
273.767	3472.75
273.802	3472.75
273.832	3472.75
273.867	3472.75
273.902	3472.75
273.932	3472.75
273.967	3472.75
274.002	3472.75
274.032	3472.75
274.067	3472.75
274.102	3472.75
274.132	3472.75
274.167	3472.75
274.202	3472.75
274.232	3472.75
274.267	3472.75
274.302	3472.75
274.332	3472.75
274.367	3472.75
274.402	3472.75
274.432	3472.75
274.467	3472.75
274.502	3472.75
274.532	3472.75
274.567	3472.75
274.597	3472.75
274.632	3472.75
274.667	3472.75
274.702	3472.75
274.732	3472.75
274.767	3472.75
274.802	3472.75
274.832	3472.75
274.857	3472.75
274.902	3472.75
274.932	3472.75
274.967	3472.75
274.997	3472.75
275.032	3472.75
275.067	3472.75
275.102	3472.75
275.132	3472.75
275.157	3472.75
275.202	3472.75
275.232	3751.57
275.262	3751.57
275.302	3751.57
275.332	3751.57
275.367	3751.57
275.402	3751.57
275.432	3751.57
275.457	3751.57
275.502	3751.57
275.532	3751.57
275.562	3751.57
275.602	3751.57
275.632	3751.57
275.667	3751.57
275.702	3751.57
275.732	3751.57
275.767	3751.57
275.802	3751.57
275.832	3751.57
275.867	3751.57
275.902	3751.57
275.932	3751.57
275.967	3751.57
276.002	3751.57
276.027	3751.57
276.062	3751.57
276.102	3751.57
276.132	3751.57
276.167	3751.57
276.202	3751.57
276.232	4052.69
276.267	4052.69
276.302	3649
276.332	3649
276.367	3649
276.402	3649
276.432	3649
276.467	3649
276.502	3649
276.532	3649
276.567	3649
276.602	3649
276.632	3649
276.667	3649
276.702	3649
276.727	3649
276.767	3649
276.802	3649
276.832	3649
276.867	3649
276.902	3649
276.932	3649
276.967	3649
277.002	3649
277.032	3649
277.067	3649
277.102	3649
277.132	3649
277.157	3649
277.202	3649
277.227	3649
277.252	3649
277.277	3649
277.302	3649
277.332	3649
277.367	3649
277.402	3649
277.432	3649
277.457	3649
277.502	3649
277.532	3649
277.557	3649
277.602	3649
277.632	3649
277.667	3649
277.702	3649
277.732	3649
277.767	3649
277.802	3649
277.832	3649
277.867	3649
277.902	3649
277.932	3649
277.967	3649
278.002	3649
278.032	3649
278.067	3649
278.102	3649
278.132	3649
278.167	3649
278.202	3649
278.232	3649
278.267	3649
278.302	3649
278.332	3649
278.367	3649
278.402	3649
278.432	3649
278.467	3649
278.502	3649
278.532	3649
278.567	3649
278.602	3649
278.632	3649
278.667	3649
278.702	3649
278.732	3649
278.767	3649
278.802	3649
278.832	3649
278.867	3649
278.902	3649
278.932	3649
278.967	3649
279.002	3649
279.032	3649
279.067	3649
279.102	3649
279.132	3649
279.157	3649
279.202	3649
279.232	3649
279.257	3649
279.292	3649
279.322	3649
279.347	3649
279.372	3649
279.402	3649
279.432	3649
279.457	3649
279.502	3649
279.532	3649
279.567	3649
279.602	3649
279.632	3649
279.662	3649
279.702	3649
279.732	3649
279.757	3649
279.802	3649
279.832	3649
279.867	3649
279.902	3649
279.932	3649
279.967	3649
280.002	3649
280.032	3649
280.067	3649
280.102	3649
280.132	3649
280.167	3649
280.202	3649
280.232	3649
280.267	3649
280.302	3649
280.327	3649
280.367	3649
280.402	3649
280.432	3649
280.467	3649
280.502	3428.07
280.532	3428.07
280.567	3428.07
280.602	3428.07
280.632	3428.07
280.667	3428.07
280.702	3428.07
280.727	3428.07
280.752	3428.07
280.802	3428.07
280.827	3428.07
280.852	3428.07
280.902	3428.07
280.932	3428.07
280.962	3428.07
281.002	3428.07
281.032	3428.07
281.067	3428.07
281.102	3428.07
281.132	3428.07
281.167	3428.07
281.202	3428.07
281.232	3428.07
281.267	3428.07
281.302	3428.07
281.332	3428.07
281.367	3428.07
281.392	3428.07
281.432	3428.07
281.467	3428.07
281.502	3428.07
281.532	3233.9
281.567	3233.9
281.597	3233.9
281.632	3233.9
281.667	3233.9
281.702	3233.9
281.732	3233.9
281.767	3233.9
281.802	3233.9
281.832	3233.9
281.867	3233.9
281.902	3233.9
281.932	3233.9
281.967	3233.9
282.002	3233.9
282.032	3233.9
282.067	3233.9
282.102	3233.9
282.132	3233.9
282.167	3233.9
282.197	3233.9
282.232	3233.9
282.267	3233.9
282.302	3233.9
282.332	3233.9
282.367	3233.9
282.402	3233.9
282.432	3233.9
282.467	3233.9
282.502	3233.9
282.532	3233.9
282.567	3233.9
282.602	3493.61
282.632	3493.61
282.667	3493.61
282.702	3493.61
282.732	3493.61
282.767	3493.61
282.802	3493.61
282.832	3493.61
282.867	3493.61
282.902	3493.61
282.932	3493.61
282.967	3493.61
283.002	3493.61
283.032	3493.61
283.067	3493.61
283.102	3493.61
283.132	3493.61
283.167	3493.61
283.202	3493.61
283.232	3493.61
283.267	3493.61
283.302	3493.61
283.332	3493.61
283.367	3493.61
283.402	3493.61
283.432	3493.61
283.467	3493.61
283.502	3493.61
283.532	3493.61
283.567	3493.61
283.602	3774.1
283.632	3774.1
283.667	3774.1
283.692	3774.1
283.732	3774.1
283.762	3774.1
283.787	3774.1
283.812	3774.1
283.837	3774.1
283.867	3774.1
283.892	3774.1
283.932	3774.1
283.962	3774.1
283.987	3774.1
284.012	3774.1
284.037	3774.1
284.062	3774.1
284.087	3774.1
284.112	3774.1
284.137	3774.1
284.167	3774.1
284.202	3774.1
284.232	3774.1
284.262	3774.1
284.287	3774.1
284.312	3774.1
284.337	3774.1
284.367	3774.1
284.402	3774.1
284.427	3774.1
284.462	3774.1
284.487	3774.1
284.512	3774.1
284.537	3774.1
284.567	3774.1
284.597	4077.03
284.622	4077.03
284.667	4077.03
284.697	3670.92
284.732	3670.92
284.767	3670.92
284.802	3670.92
284.832	3670.92
284.867	3670.92
284.902	3670.92
284.932	3670.92
284.967	3670.92
285.002	3670.92
285.032	3670.92
285.067	3670.92
285.102	3670.92
285.132	3670.92
285.167	3670.92
285.197	3670.92
285.232	3670.92
285.267	3670.92
285.302	3670.92
285.332	3670.92
285.367	3670.92
285.402	3670.92
285.432	3670.92
285.467	3670.92
285.502	3670.92
285.532	3670.92
285.567	3670.92
285.602	3670.92
285.632	3670.92
285.667	3670.92
285.702	3670.92
285.732	3670.92
285.767	3670.92
285.802	3670.92
285.832	3670.92
285.857	3670.92
285.902	3670.92
285.932	3670.92
285.962	3670.92
286.002	3670.92
286.032	3670.92
286.057	3670.92
286.102	3670.92
286.132	3670.92
286.157	3670.92
286.202	3670.92
286.232	3670.92
286.267	3670.92
286.302	3670.92
286.327	3670.92
286.367	3670.92
286.402	3670.92
286.432	3670.92
286.467	3670.92
286.502	3670.92
286.532	3670.92
286.567	3670.92
286.602	3670.92
286.632	3670.92
286.667	3670.92
286.702	3670.92
286.732	3670.92
286.767	3670.92
286.802	3398.47
286.832	3398.47
286.857	3398.47
286.902	3398.47
286.932	3398.47
286.967	3398.47
287.002	3398.47
287.032	3398.47
287.062	3398.47
287.102	3398.47
287.127	3398.47
287.167	3398.47
287.202	3398.47
287.232	3398.47
287.267	3398.47
287.302	3398.47
287.332	3398.47
287.367	3398.47
287.402	3398.47
287.432	3398.47
287.467	3398.47
287.502	3398.47
287.532	3398.47
287.562	3398.47
287.602	3398.47
287.632	3398.47
287.667	3398.47
287.702	3398.47
287.732	3398.47
287.767	3398.47
287.802	3398.47
287.832	3398.47
287.867	3398.47
287.902	3398.47
287.932	3398.47
287.967	3398.47
288.002	3398.47
288.032	3398.47
288.067	3398.47
288.102	3398.47
288.132	3398.47
288.157	3398.47
288.202	3398.47
288.232	3398.47
288.267	3398.47
288.302	3398.47
288.332	3398.47
288.367	3398.47
288.402	3398.47
288.432	3398.47
288.467	3398.47
288.502	3398.47
288.532	3398.47
288.567	3398.47
288.602	3398.47
288.632	3398.47
288.667	3398.47
288.702	3398.47
288.732	3398.47
288.767	3398.47
288.802	3398.47
288.832	3398.47
288.867	3398.47
288.902	3398.47
288.932	3398.47
288.967	3398.47
289.002	3398.47
289.032	3398.47
289.067	3398.47
289.102	3398.47
289.132	3398.47
289.167	3398.47
289.202	3398.47
289.232	3398.47
289.267	3398.47
289.302	3398.47
289.332	3398.47
289.367	3398.47
289.402	3398.47
289.432	3398.47
289.467	3398.47
289.502	3398.47
289.532	3398.47
289.567	3398.47
289.602	3398.47
289.632	3398.47
289.667	3398.47
289.702	3398.47
289.732	3398.47
289.767	3398.47
289.802	3398.47
289.832	3398.47
289.867	3398.47
289.902	3398.47
289.932	3671.34
289.967	3671.34
290.002	3671.34
290.032	3671.34
290.067	3671.34
290.102	3671.34
290.132	3671.34
290.167	3671.34
290.202	3671.34
290.232	3671.34
290.267	3671.34
290.297	3671.34
290.322	3671.34
290.352	3671.34
290.377	3671.34
290.402	3671.34
290.427	3671.34
290.452	3671.34
290.477	3671.34
290.502	3671.34
290.527	3671.34
290.552	3671.34
290.577	3671.34
290.602	3671.34
290.627	3671.34
290.652	3671.34
290.677	3671.34
290.702	3671.34
290.732	3671.34
290.767	3671.34
290.792	3671.34
290.822	3671.34
290.852	3671.34
290.877	3671.34
290.902	3671.34
290.932	3966.05
290.957	3966.05
291.002	3694.94
291.032	3694.94
291.067	3694.94
291.102	3694.94
291.132	3694.94
291.167	3694.94
291.202	3694.94
291.232	3694.94
291.267	3694.94
291.302	3694.94
291.332	3694.94
291.367	3694.94
291.402	3694.94
291.432	3694.94
291.467	3694.94
291.502	3694.94
291.532	3694.94
291.567	3694.94
291.602	3694.94
291.632	3694.94
291.667	3694.94
291.702	3694.94
291.732	3694.94
291.767	3694.94
291.802	3694.94
291.832	3694.94
291.867	3694.94
291.902	3694.94
291.932	3694.94
291.967	3694.94
292.002	3694.94
292.032	3694.94
292.067	3694.94
292.102	3694.94
292.132	3694.94
292.167	3694.94
292.202	3694.94
292.232	3694.94
292.267	3694.94
292.302	3694.94
292.332	3694.94
292.367	3694.94
292.402	3694.94
292.432	3694.94
292.462	3694.94
292.497	3694.94
292.522	3694.94
292.547	3694.94
292.572	3694.94
292.602	3694.94
292.632	3694.94
292.662	3694.94
292.702	3694.94
292.732	3694.94
292.757	3694.94
292.802	3694.94
292.832	3694.94
292.862	3694.94
292.902	3694.94
292.932	3694.94
292.962	3694.94
292.997	3694.94
293.032	3694.94
293.057	3694.94
293.087	3420.7
293.112	3420.7
293.137	3420.7
293.162	3420.7
293.202	3420.7
293.232	3420.7
293.267	3420.7
293.302	3420.7
293.332	3420.7
293.367	3420.7
293.402	3420.7
293.432	3420.7
293.467	3420.7
293.502	3420.7
293.532	3420.7
293.567	3420.7
293.602	3420.7
293.632	3420.7
293.667	3420.7
293.702	3420.7
293.732	3420.7
293.757	3420.7
293.802	3420.7
293.832	3420.7
293.867	3420.7
293.902	3420.7
293.932	3420.7
293.967	3420.7
294.002	3420.7
294.032	3420.7
294.067	3420.7
294.102	3420.7
294.132	3420.7
294.157	3420.7
294.202	3420.7
294.232	3420.7
294.267	3420.7
294.302	3420.7
294.332	3420.7
294.367	3420.7
294.402	3420.7
294.432	3420.7
294.467	3420.7
294.502	3420.7
294.532	3420.7
294.567	3420.7
294.602	3420.7
294.632	3420.7
294.667	3420.7
294.702	3420.7
294.732	3420.7
294.767	3420.7
294.802	3420.7
294.832	3420.7
294.867	3420.7
294.902	3420.7
294.932	3420.7
294.967	3420.7
295.002	3420.7
295.032	3420.7
295.067	3420.7
295.102	3420.7
295.132	3420.7
295.167	3420.7
295.202	3695.36
295.232	3695.36
295.267	3695.36
295.302	3695.36
295.332	3695.36
295.367	3695.36
295.402	3695.36
295.432	3695.36
295.457	3695.36
295.502	3695.36
295.527	3695.36
295.557	3695.36
295.602	3695.36
295.632	3695.36
295.657	3695.36
295.702	3695.36
295.732	3695.36
295.767	3695.36
295.802	3695.36
295.832	3695.36
295.867	3695.36
295.902	3695.36
295.932	3695.36
295.957	3695.36
296.002	3695.36
296.032	3695.36
296.067	3695.36
296.102	3695.36
296.132	3695.36
296.167	3695.36
296.202	3991.99
296.232	3711.3
296.257	3711.3
296.287	3711.3
296.312	3711.3
296.337	3711.3
296.367	3711.3
296.402	3711.3
296.432	3711.3
296.467	3711.3
296.502	3711.3
296.532	3711.3
296.567	3711.3
296.602	3711.3
296.632	3711.3
296.667	3711.3
296.702	3711.3
296.732	3711.3
296.767	3711.3
296.802	3711.3
296.827	3711.3
296.867	3711.3
296.902	3711.3
296.932	3711.3
296.967	3711.3
297.002	3711.3
297.032	3711.3
297.067	3711.3
297.102	3711.3
297.132	3711.3
297.167	3711.3
297.202	3711.3
297.232	3711.3
297.267	3711.3
297.302	3711.3
297.332	3711.3
297.367	3711.3
297.402	3711.3
297.432	3711.3
297.467	3711.3
297.502	3711.3
297.532	3711.3
297.567	3711.3
297.602	3711.3
297.632	3711.3
297.667	3711.3
297.702	3711.3
297.727	3711.3
297.752	3711.3
297.777	3711.3
297.802	3711.3
297.832	3711.3
297.857	3711.3
297.902	3711.3
297.932	3711.3
297.962	3711.3
298.002	3711.3
298.032	3711.3
298.057	3711.3
298.102	3711.3
298.132	3711.3
298.167	3711.3
298.202	3711.3
298.232	3711.3
298.257	3711.3
298.302	3711.3
298.332	3414.1
298.357	3414.1
298.402	3414.1
298.432	3414.1
298.467	3414.1
298.502	3414.1
298.532	3414.1
298.562	3414.1
298.602	3414.1
298.632	3414.1
298.667	3414.1
298.702	3414.1
298.727	3414.1
298.767	3414.1
298.802	3414.1
298.832	3414.1
298.867	3414.1
298.902	3414.1
298.932	3414.1
298.967	3414.1
299.002	3414.1
299.032	3414.1
299.067	3414.1
299.102	3414.1
299.132	3414.1
299.167	3414.1
299.202	3414.1
299.232	3414.1
299.267	3414.1
299.302	3414.1
299.332	3414.1
299.367	3414.1
299.402	3414.1
299.432	3414.1
299.467	3414.1
299.502	3414.1
299.532	3414.1
299.567	3414.1
299.602	3414.1
299.632	3414.1
299.667	3414.1
299.697	3414.1
299.732	3414.1
299.767	3414.1
299.802	3414.1
299.832	3414.1
299.867	3414.1
299.902	3414.1
299.932	3414.1
299.967	3414.1
300.002	3414.1
300.032	3414.1
300.067	3414.1
300.102	3414.1
300.132	3414.1
300.167	3414.1
300.202	3414.1
300.232	3414.1
300.267	3414.1
300.302	3414.1
300.332	3414.1
300.367	3414.1
300.402	3414.1
300.432	3688.23
300.467	3688.23
300.502	3688.23
300.532	3688.23
300.567	3688.23
300.602	3688.23
300.632	3688.23
300.667	3688.23
300.702	3688.23
300.732	3688.23
300.767	3688.23
300.802	3688.23
300.832	3688.23
300.867	3688.23
300.902	3688.23
300.932	3688.23
300.967	3688.23
300.997	3688.23
301.022	3688.23
301.067	3688.23
301.102	3688.23
301.132	3688.23
301.167	3688.23
301.202	3688.23
301.232	3688.23
301.267	3688.23
301.302	3688.23
301.332	3688.23
301.367	3688.23
301.402	3688.23
301.432	3984.29
301.467	3984.29
301.497	3719.71
301.522	3719.71
301.567	3719.71
301.602	3719.71
301.632	3719.71
301.667	3719.71
301.702	3719.71
301.732	3719.71
301.767	3719.71
301.802	3719.71
301.832	3719.71
301.867	3719.71
301.902	3719.71
301.932	3719.71
301.967	3719.71
302.002	3719.71
302.032	3719.71
302.067	3719.71
302.092	3719.71
302.132	3719.71
302.167	3719.71
302.202	3719.71
302.232	3719.71
302.267	3719.71
302.302	3719.71
302.332	3719.71
302.367	3719.71
302.402	3719.71
302.432	3719.71
302.467	3719.71
302.502	3719.71
302.532	3719.71
302.567	3719.71
302.602	3719.71
302.627	3719.71
302.667	3719.71
302.702	3719.71
302.732	3719.71
302.767	3719.71
302.802	3719.71
302.832	3719.71
302.867	3719.71
302.892	3719.71
302.917	3719.71
302.942	3719.71
302.967	3719.71
303.002	3719.71
303.032	3719.71
303.067	3719.71
303.102	3719.71
303.132	3719.71
303.167	3719.71
303.202	3719.71
303.232	3719.71
303.267	3719.71
303.302	3719.71
303.332	3719.71
303.367	3719.71
303.402	3719.71
303.432	3719.71
303.467	3719.71
303.502	3719.71
303.532	3719.71
303.567	3719.71
303.602	3414.58
303.632	3414.58
303.667	3414.58
303.702	3414.58
303.732	3414.58
303.767	3414.58
303.802	3414.58
303.832	3414.58
303.867	3414.58
303.902	3414.58
303.927	3414.58
303.967	3414.58
304.002	3414.58
304.032	3414.58
304.067	3414.58
304.102	3414.58
304.132	3414.58
304.167	3414.58
304.202	3414.58
304.232	3414.58
304.267	3414.58
304.302	3414.58
304.332	3414.58
304.367	3414.58
304.402	3414.58
304.432	3414.58
304.467	3414.58
304.502	3414.58
304.532	3414.58
304.557	3414.58
304.602	3414.58
304.632	3688.74
304.667	3688.74
304.702	3688.74
304.732	3688.74
304.767	3688.74
304.802	3688.74
304.832	3688.74
304.867	3688.74
304.902	3688.74
304.932	3688.74
304.967	3688.74
305.002	3688.74
305.027	3688.74
305.057	3688.74
305.082	3688.74
305.107	3688.74
305.132	3688.74
305.167	3688.74
305.202	3688.74
305.232	3688.74
305.267	3688.74
305.297	3688.74
305.332	3688.74
305.367	3688.74
305.402	3688.74
305.432	3688.74
305.467	3688.74
305.492	3688.74
305.517	3688.74
305.542	3688.74
305.567	3688.74
305.602	3688.74
305.632	3984.84
305.667	3984.84
305.702	3689.09
305.732	3689.09
305.767	3689.09
305.802	3689.09
305.832	3689.09
305.867	3689.09
305.902	3689.09
305.932	3689.09
305.967	3689.09
306.002	3689.09
306.032	3689.09
306.067	3689.09
306.102	3689.09
306.132	3689.09
306.167	3689.09
306.202	3689.09
306.232	3689.09
306.267	3689.09
306.302	3689.09
306.332	3689.09
306.367	3689.09
306.402	3689.09
306.432	3689.09
306.467	3689.09
306.502	3689.09
306.532	3689.09
306.567	3689.09
306.602	3689.09
306.632	3689.09
306.667	3689.09
306.702	3689.09
306.732	3689.09
306.767	3689.09
306.802	3689.09
306.832	3689.09
306.867	3689.09
306.902	3689.09
306.932	3689.09
306.967	3689.09
307.002	3689.09
307.032	3689.09
307.057	3689.09
307.102	3689.09
307.132	3689.09
307.167	3689.09
307.202	3689.09
307.232	3689.09
307.257	3689.09
307.302	3689.09
307.332	3689.09
307.367	3689.09
307.402	3689.09
307.432	3689.09
307.467	3689.09
307.502	3689.09
307.527	3689.09
307.552	3689.09
307.577	3689.09
307.602	3689.09
307.632	3689.09
307.667	3689.09
307.702	3689.09
307.732	3689.09
307.767	3689.09
307.802	3501.75
307.832	3501.75
307.867	3501.75
307.902	3501.75
307.932	3501.75
307.967	3501.75
308.002	3501.75
308.032	3501.75
308.067	3501.75
308.102	3501.75
308.132	3501.75
308.167	3501.75
308.202	3501.75
308.232	3501.75
308.267	3501.75
308.302	3501.75
308.332	3501.75
308.367	3501.75
308.402	3501.75
308.432	3501.75
308.467	3501.75
308.502	3501.75
308.532	3501.75
308.567	3501.75
308.602	3501.75
308.632	3501.75
308.667	3501.75
308.702	3501.75
308.732	3501.75
308.767	3501.75
308.792	3501.75
308.832	3501.75
308.862	3501.75
308.902	3501.75
308.932	3501.75
308.967	3501.75
309.002	3501.75
309.032	3501.75
309.067	3501.75
309.102	3501.75
309.127	3501.75
309.167	3501.75
309.202	3501.75
309.227	3501.75
309.257	3501.75
309.302	3501.75
309.332	3501.75
309.357	3501.75
309.402	3501.75
309.427	3501.75
309.467	3501.75
309.502	3501.75
309.527	3501.75
309.567	3501.75
309.602	3501.75
309.632	3501.75
309.667	3501.75
309.702	3501.75
309.732	3501.75
309.767	3501.75
309.802	3501.75
309.832	3501.75
309.867	3501.75
309.902	3501.75
309.932	3501.75
309.967	3501.75
