0.035	500
0.063	500
0.113	500
0.138	1489.14
0.168	1489.14
0.203	2887.38
0.236	2887.38
0.271	2945.13
0.301	2887.38
0.336	2887.38
0.371	2887.38
0.401	2887.38
0.436	2829.64
0.471	2887.38
0.501	2887.38
0.536	2887.38
0.571	2887.38
0.601	2829.64
0.636	2771.89
0.671	2829.64
0.701	2771.89
0.736	2714.14
0.771	2714.14
0.801	2656.39
0.836	2656.39
0.866	2656.39
0.901	2714.14
0.936	2656.39
0.971	2598.65
1.001	2540.9
1.036	2598.65
1.071	2540.9
1.101	2540.9
1.136	2483.15
1.171	2425.4
1.201	2483.15
1.236	2483.15
1.271	2425.4
1.301	2367.65
1.336	2425.4
1.371	2483.15
1.401	2540.9
1.436	2598.65
1.471	2656.39
1.501	2656.39
1.536	2598.65
1.561	2540.9
1.601	2483.15
1.636	2540.9
1.671	2483.15
1.701	2483.15
1.736	2425.4
1.771	2367.65
1.801	2367.65
1.836	2425.4
1.861	2425.4
1.901	2483.15
1.936	2540.9
1.971	2540.9
2.001	2483.15
2.036	2425.4
2.071	2367.65
2.101	2425.4
2.136	2425.4
2.171	2367.65
2.201	2309.91
2.236	2367.65
2.271	2367.65
2.301	2309.91
2.336	2194.41
2.371	2252.16
2.401	2252.16
2.436	2194.41
2.471	2136.66
2.501	2136.66
2.536	2194.41
2.571	2136.66
2.601	2078.92
2.636	2136.66
2.671	2136.66
2.701	2078.92
2.736	2136.66
2.771	2136.66
2.801	2078.92
2.836	2078.92
2.871	2078.92
2.901	2021.17
2.936	1963.42
2.971	1963.42
3.001	1905.67
3.036	1963.42
3.071	1963.42
3.101	1905.67
3.136	1963.42
3.171	1963.42
3.201	2021.17
3.236	2021.17
3.266	2078.92
3.301	2136.66
3.336	2194.41
3.371	2252.16
3.401	2194.41
3.436	2252.16
3.471	2309.91
3.501	2309.91
3.536	2252.16
3.571	2309.91
3.601	2309.91
3.636	2252.16
3.671	2194.41
3.701	2252.16
3.736	2252.16
3.771	2309.91
3.801	2252.16
3.836	2252.16
3.871	2252.16
3.901	2194.41
3.936	2252.16
3.971	2309.91
4.001	2309.91
4.036	2252.16
4.071	2194.41
4.101	2194.41
4.136	2252.16
4.171	2194.41
4.201	2136.66
4.236	2194.41
4.271	2194.41
4.301	2136.66
4.336	2136.66
4.371	2078.92
4.401	2078.92
4.436	2021.17
4.466	2021.17
4.496	2078.92
4.536	2021.17
4.571	1963.42
4.601	1963.42
4.636	1905.67
4.671	1963.42
4.701	1963.42
4.736	2021.17
4.771	2021.17
4.801	2078.92
4.836	2136.66
4.871	2194.41
4.901	2136.66
4.936	2194.41
4.971	2194.41
5.001	2136.66
5.036	2078.92
5.071	2136.66
5.101	2136.66
5.136	2078.92
5.171	2078.92
5.201	2136.66
5.236	2078.92
5.271	2078.92
5.301	2021.17
5.336	2136.66
5.371	2136.66
5.401	2078.92
5.436	2136.66
5.471	2136.66
5.501	2078.92
5.536	2136.66
5.571	2136.66
5.601	2078.92
5.636	2136.66
5.671	2136.66
5.701	2078.92
5.736	2136.66
5.771	2136.66
5.801	2078.92
5.836	1963.42
5.871	1905.67
5.901	1905.67
5.936	1963.42
5.971	1905.67
6.001	1905.67
6.036	1963.42
6.061	1963.42
6.101	2021.17
6.136	2078.92
6.171	2078.92
6.201	2021.17
6.236	1963.42
6.271	1963.42
6.301	2021.17
6.336	2021.17
6.371	2021.17
6.401	2078.92
6.431	2078.92
6.471	2021.17
6.501	2078.92
6.536	2078.92
6.571	2021.17
6.601	2021.17
6.636	2078.92
6.671	2136.66
6.701	2136.66
6.736	2078.92
6.771	2021.17
6.801	2021.17
6.836	2136.66
6.866	2078.92
6.901	2078.92
6.936	2136.66
6.971	2078.92
7.001	2078.92
7.036	2021.17
7.071	2078.92
7.101	2078.92
7.136	2021.17
7.171	2078.92
7.201	2078.92
7.236	2021.17
7.271	2021.17
7.301	2078.92
7.336	2078.92
7.371	2078.92
7.401	2021.17
7.436	2078.92
7.471	2078.92
7.501	2021.17
7.536	2078.92
7.571	2078.92
7.601	2021.17
7.636	2021.17
7.671	2078.92
7.701	2021.17
7.736	2021.17
7.771	1963.42
7.801	2021.17
7.836	2021.17
7.871	1905.67
7.901	1905.67
7.936	1963.42
7.971	1905.67
8.001	1905.67
8.036	1963.42
8.071	2021.17
8.101	2021.17
8.136	1963.42
8.171	2021.17
8.201	2021.17
8.236	1963.42
8.271	1905.67
8.301	1905.67
8.336	1790.18
8.371	1732.43
8.401	1732.43
8.436	1790.18
8.471	1790.18
8.501	1732.43
8.531	1732.43
8.571	1674.68
8.601	1732.43
8.636	1732.43
8.671	1790.18
8.701	1790.18
8.736	1732.43
8.771	1732.43
8.801	1674.68
8.836	1559.19
8.871	1559.19
8.901	1559.19
8.936	1501.44
8.971	1443.69
9.001	1443.69
9.036	1501.44
9.071	1501.44
9.101	1559.19
9.136	1559.19
9.171	1501.44
9.201	1501.44
9.236	1559.19
9.271	1501.44
9.301	1501.44
9.336	1559.19
9.371	1559.19
9.401	1559.19
9.436	1616.94
9.471	1559.19
9.501	1559.19
9.531	1616.94
9.571	1616.94
9.601	1559.19
9.636	1559.19
9.671	1501.44
9.701	1501.44
9.736	1559.19
9.771	1501.44
9.801	1501.44
9.836	1559.19
9.871	1616.94
9.901	1616.94
9.936	1674.68
9.971	1616.94
10.001	1616.94
10.036	1559.19
10.071	1559.19
10.101	1616.94
10.136	1616.94
10.171	1559.19
10.201	1559.19
10.236	1501.44
10.271	1501.44
10.301	1559.19
10.336	1559.19
10.371	1443.69
10.401	1443.69
10.436	1501.44
10.471	1443.69
10.501	1443.69
10.536	1443.69
10.571	1501.44
10.601	1559.19
10.636	1559.19
10.671	1501.44
10.701	1501.44
10.736	1443.69
10.771	1443.69
10.801	1443.69
10.836	1501.44
10.871	1616.94
10.901	1616.94
10.936	1559.19
10.971	1559.19
10.996	1616.94
11.036	1616.94
11.071	1559.19
11.101	1559.19
11.136	1501.44
11.171	1443.69
11.201	1443.69
11.236	1443.69
11.271	1501.44
11.301	1501.44
11.326	1443.69
11.356	1443.69
11.391	1443.69
11.426	1501.44
11.456	1501.44
11.501	1559.19
11.536	1501.44
11.571	1501.44
11.601	1559.19
11.636	1559.19
11.671	1559.19
11.696	1501.44
11.736	1559.19
11.761	1559.19
11.801	1501.44
11.836	1501.44
11.871	1443.69
11.901	1443.69
11.936	1501.44
11.971	1501.44
12.001	1501.44
12.036	1443.69
12.071	1443.69
12.101	1443.69
12.136	1443.69
12.171	1443.69
12.201	1501.44
12.236	1501.44
12.271	1559.19
12.301	1559.19
12.336	1559.19
12.371	1559.19
12.401	1501.44
12.436	1501.44
12.471	1443.69
12.501	1443.69
12.536	1501.44
12.571	1501.44
12.601	1443.69
12.631	1443.69
12.671	1501.44
12.701	1501.44
12.736	1559.19
12.771	1559.19
12.796	1559.19
12.836	1616.94
12.871	1674.68
12.901	1674.68
12.936	1616.94
12.971	1616.94
13.001	1674.68
13.031	1674.68
13.071	1732.43
13.101	1732.43
13.136	1674.68
13.171	1616.94
13.201	1616.94
13.236	1674.68
13.271	1674.68
13.301	1616.94
13.336	1616.94
13.371	1501.44
13.401	1501.44
13.436	1443.69
13.471	1443.69
13.501	1501.44
13.536	1501.44
13.571	1559.19
13.601	1559.19
13.636	1501.44
13.661	1501.44
13.701	1559.19
13.736	1559.19
13.771	1616.94
13.801	1616.94
13.836	1732.43
13.871	1732.43
13.901	1674.68
13.936	1732.43
13.971	1732.43
14.001	1732.43
14.036	1674.68
14.071	1732.43
14.101	1732.43
14.136	1790.18
14.171	1790.18
14.201	1732.43
14.236	1732.43
14.271	1790.18
14.301	1790.18
14.336	1674.68
14.371	1674.68
14.401	1732.43
14.436	1732.43
14.471	1790.18
14.501	1790.18
14.536	1847.93
14.571	1790.18
14.601	1790.18
14.626	1790.18
14.651	1732.43
14.676	1732.43
14.701	1790.18
14.736	1790.18
14.771	1732.43
14.801	1732.43
14.836	1790.18
14.871	1732.43
14.896	1674.68
14.936	1616.94
14.971	1616.94
15.001	1674.68
15.036	1674.68
15.071	1616.94
15.096	1616.94
15.136	1674.68
15.171	1674.68
15.201	1616.94
15.236	1674.68
15.271	1674.68
15.301	1674.68
15.336	1732.43
15.371	1674.68
15.401	1732.43
15.436	1790.18
15.471	1790.18
15.501	1732.43
15.536	1732.43
15.571	1790.18
15.601	1790.18
15.636	1847.93
15.671	1847.93
15.696	1790.18
15.736	1847.93
15.771	1847.93
15.801	1790.18
15.836	1790.18
15.871	1790.18
15.901	1790.18
15.936	1732.43
15.971	1732.43
16.001	1790.18
16.036	1847.93
16.071	1847.93
16.101	1790.18
16.136	1790.18
16.171	1732.43
16.201	1732.43
16.236	1674.68
16.271	1732.43
16.301	1732.43
16.336	1732.43
16.371	1732.43
16.401	1732.43
16.436	1674.68
16.471	1732.43
16.501	1732.43
16.536	1732.43
16.571	1674.68
16.601	1616.94
16.636	1616.94
16.671	1674.68
16.701	1674.68
16.736	1616.94
16.771	1616.94
16.801	1559.19
16.836	1559.19
16.871	1559.19
16.901	1559.19
16.936	1501.44
16.971	1559.19
17.001	1559.19
17.036	1616.94
17.071	1616.94
17.101	1616.94
17.136	1559.19
17.171	1616.94
17.201	1616.94
17.231	1616.94
17.271	1559.19
17.301	1616.94
17.336	1616.94
17.371	1616.94
17.401	1616.94
17.436	1674.68
17.471	1674.68
17.501	1616.94
17.526	1616.94
17.571	1559.19
17.596	1559.19
17.636	1616.94
17.671	1674.68
17.701	1674.68
17.736	1732.43
17.771	1732.43
17.801	1674.68
17.836	1674.68
17.871	1674.68
17.901	1674.68
17.936	1616.94
17.971	1616.94
18.001	1559.19
18.036	1559.19
18.071	1616.94
18.101	1616.94
18.136	1559.19
18.171	1616.94
18.201	1616.94
18.236	1674.68
18.271	1674.68
18.301	1674.68
18.336	1732.43
18.371	1732.43
18.401	1732.43
18.436	1790.18
18.471	1790.18
18.501	1847.93
18.536	1847.93
18.571	1790.18
18.601	1790.18
18.636	1847.93
18.671	1905.67
18.701	1905.67
18.736	1847.93
18.771	1905.67
18.801	1905.67
18.836	1905.67
18.871	1905.67
18.901	1847.93
18.936	1905.67
18.971	1905.67
19.001	1847.93
19.036	1905.67
19.071	1905.67
19.101	1847.93
19.136	1847.93
19.171	1790.18
19.196	1790.18
19.231	1847.93
19.271	1905.67
19.301	1905.67
19.336	1790.18
19.371	1790.18
19.401	1732.43
19.436	1790.18
19.471	1790.18
19.501	1732.43
19.536	1732.43
19.571	1674.68
19.601	1674.68
19.636	1732.43
19.671	1732.43
19.701	1674.68
19.736	1674.68
19.771	1732.43
19.801	1732.43
19.836	1674.68
19.871	1674.68
19.901	1674.68
19.936	1732.43
19.961	1732.43
19.991	1732.43
20.031	1790.18
20.071	1847.93
20.096	1847.93
20.136	1905.67
20.171	1847.93
20.201	1847.93
20.236	1790.18
20.271	1790.18
20.301	1732.43
20.336	1732.43
20.371	1732.43
20.401	1732.43
20.436	1790.18
20.471	1790.18
20.501	1732.43
20.536	1732.43
20.571	1790.18
20.601	1790.18
20.636	1847.93
20.671	1790.18
20.701	1790.18
20.736	1732.43
20.771	1732.43
20.801	1674.68
20.836	1674.68
20.871	1790.18
20.901	1790.18
20.936	1847.93
20.971	1790.18
21.001	1790.18
21.036	1732.43
21.071	1732.43
21.101	1790.18
21.136	1790.18
21.171	1732.43
21.201	1732.43
21.226	1790.18
21.271	1732.43
21.301	1732.43
21.336	1732.43
21.371	1732.43
21.396	1732.43
21.436	1674.68
21.471	1732.43
21.501	1732.43
21.536	1674.68
21.571	1674.68
21.596	1616.94
21.636	1674.68
21.671	1674.68
21.701	1616.94
21.736	1616.94
21.771	1674.68
21.801	1674.68
21.826	1674.68
21.861	1790.18
21.901	1847.93
21.931	1847.93
21.961	1790.18
22.001	1790.18
22.036	1847.93
22.071	1905.67
22.101	1905.67
22.136	1847.93
22.171	1905.67
22.201	1905.67
22.236	1847.93
22.271	1905.67
22.301	1905.67
22.336	1790.18
22.371	1790.18
22.401	1732.43
22.436	1790.18
22.471	1790.18
22.496	1790.18
22.536	1847.93
22.571	1790.18
22.601	1790.18
22.636	1847.93
22.671	1847.93
22.701	1847.93
22.726	1790.18
22.761	1790.18
22.801	1847.93
22.836	1847.93
22.871	1847.93
22.901	1905.67
22.936	1963.42
22.971	1963.42
23.001	1905.67
23.036	1847.93
23.061	1847.93
23.101	1905.67
23.136	1905.67
23.171	1963.42
23.201	1963.42
23.236	1905.67
23.271	1963.42
23.301	1963.42
23.336	2078.92
23.371	2136.66
23.401	2136.66
23.436	2078.92
23.471	2136.66
23.501	2136.66
23.531	2078.92
23.571	2078.92
23.601	2136.66
23.636	2194.41
23.671	2194.41
23.701	2136.66
23.736	2194.41
23.771	2194.41
23.801	2136.66
23.836	2021.17
23.871	2021.17
23.896	1963.42
23.936	2021.17
23.971	2021.17
24.001	1963.42
24.036	2021.17
24.071	2021.17
24.101	1963.42
24.136	2021.17
24.171	2021.17
24.201	1963.42
24.236	1905.67
24.271	1905.67
24.301	1963.42
24.336	1963.42
24.371	1963.42
24.401	1963.42
24.436	2021.17
24.471	1963.42
24.501	1963.42
24.536	2021.17
24.571	2078.92
24.601	2078.92
24.636	2021.17
24.671	2078.92
24.701	2078.92
24.736	2021.17
24.771	2078.92
24.801	2078.92
24.836	2078.92
24.871	2136.66
24.901	2136.66
24.936	2194.41
24.971	2252.16
25.001	2252.16
25.036	2194.41
25.071	2252.16
25.101	2252.16
25.136	2194.41
25.171	2136.66
25.201	2136.66
25.236	2194.41
25.271	2252.16
25.301	2309.91
25.336	2367.65
25.371	2309.91
25.401	2252.16
25.436	2309.91
25.471	2252.16
25.496	2252.16
25.536	2194.41
25.566	2252.16
25.601	2252.16
25.636	2309.91
25.671	2252.16
25.696	2252.16
25.736	2309.91
25.771	2252.16
25.801	2194.41
25.836	2194.41
25.871	2194.41
25.901	2136.66
25.936	2078.92
25.971	2136.66
26.001	2136.66
26.026	2136.66
26.071	2252.16
26.101	2252.16
26.136	2309.91
26.171	2367.65
26.201	2367.65
26.226	2309.91
26.271	2367.65
26.301	2425.4
26.336	2483.15
26.371	2425.4
26.401	2367.65
26.436	2425.4
26.471	2425.4
26.501	2367.65
26.536	2309.91
26.571	2367.65
26.601	2367.65
26.636	2309.91
26.671	2367.65
26.701	2367.65
26.736	2425.4
26.771	2367.65
26.801	2425.4
26.836	2483.15
26.866	2540.9
26.901	2483.15
26.936	2540.9
26.971	2598.65
27.001	2598.65
27.036	2540.9
27.071	2483.15
27.101	2425.4
27.136	2483.15
27.171	2483.15
27.201	2425.4
27.236	2367.65
27.271	2425.4
27.301	2425.4
27.336	2309.91
27.371	2252.16
27.401	2309.91
27.436	2309.91
27.471	2252.16
27.501	2194.41
27.536	2252.16
27.571	2252.16
27.601	2194.41
27.636	2136.66
27.671	2194.41
27.701	2194.41
27.726	2136.66
27.771	2194.41
27.801	2194.41
27.831	2194.41
27.871	2136.66
27.901	2078.92
27.936	2136.66
27.971	2136.66
28.001	2078.92
28.036	2136.66
28.071	2136.66
28.096	2078.92
28.136	2136.66
28.171	2078.92
28.201	2078.92
28.236	2021.17
28.271	2078.92
28.301	2078.92
28.336	1963.42
28.371	2021.17
28.401	2021.17
28.426	2021.17
28.471	2021.17
28.501	2021.17
28.536	1963.42
28.571	1963.42
28.601	1905.67
28.626	1905.67
28.671	1847.93
28.701	1905.67
28.736	1963.42
28.771	1963.42
28.801	1905.67
28.831	1905.67
28.871	2021.17
28.901	2078.92
28.936	2078.92
28.971	2021.17
29.001	2021.17
29.036	2078.92
29.071	2021.17
29.101	2021.17
29.136	1963.42
29.171	2021.17
29.201	2021.17
29.236	1963.42
29.271	2021.17
29.301	2021.17
29.336	2021.17
29.371	2078.92
29.401	2078.92
29.436	2021.17
29.471	2021.17
29.501	1963.42
29.536	2021.17
29.571	2021.17
29.601	1963.42
29.636	2021.17
29.671	2021.17
29.701	2078.92
29.736	2078.92
29.771	2136.66
29.801	2078.92
29.836	2078.92
29.871	2078.92
29.901	2021.17
29.936	2021.17
29.961	1963.42
30.001	2021.17
30.036	2021.17
30.071	1963.42
30.101	1963.42
30.136	2021.17
30.171	1963.42
30.201	1963.42
30.236	2021.17
30.271	1963.42
30.301	1963.42
30.336	2078.92
30.371	2136.66
30.401	2136.66
30.436	2078.92
30.471	2136.66
30.501	2136.66
30.536	2078.92
30.571	2136.66
30.601	2136.66
30.636	2078.92
30.671	2021.17
30.701	2021.17
30.736	2078.92
30.771	2021.17
30.801	2021.17
30.836	2021.17
30.871	1963.42
30.901	1963.42
30.936	2021.17
30.971	2078.92
31.001	2078.92
31.036	2021.17
31.071	2078.92
31.101	2078.92
31.126	2078.92
31.171	2194.41
31.201	2194.41
31.236	2136.66
31.271	2194.41
31.301	2194.41
31.336	2194.41
31.371	2136.66
31.401	2194.41
31.436	2194.41
31.471	2136.66
31.501	2078.92
31.536	2136.66
31.571	2136.66
31.601	2078.92
31.636	2136.66
31.671	2136.66
31.701	2078.92
31.736	2021.17
31.771	2021.17
31.801	1963.42
31.836	1847.93
31.871	1847.93
31.901	1790.18
31.936	1847.93
31.971	1847.93
32.001	1790.18
32.036	1847.93
32.071	1847.93
32.101	1790.18
32.136	1847.93
32.171	1847.93
32.201	1790.18
32.236	1790.18
32.271	1847.93
32.301	1905.67
32.336	1905.67
32.371	1905.67
32.401	1905.67
32.436	1963.42
32.471	1905.67
32.501	1905.67
32.536	1963.42
32.571	2021.17
32.601	2021.17
32.636	1963.42
32.671	2021.17
32.701	2021.17
32.736	1963.42
32.771	2021.17
32.801	2021.17
32.836	2021.17
32.871	2021.17
32.901	2078.92
32.936	2136.66
32.971	2136.66
33.001	2194.41
33.036	2252.16
33.071	2309.91
33.101	2309.91
33.136	2252.16
33.171	2194.41
33.201	2194.41
33.236	2252.16
33.271	2194.41
33.301	2136.66
33.336	2136.66
33.371	2136.66
33.401	2194.41
33.436	2252.16
33.471	2194.41
33.501	2194.41
33.536	2136.66
33.571	2194.41
33.601	2194.41
33.636	2136.66
33.671	2078.92
33.701	2136.66
33.736	2136.66
33.771	2078.92
33.801	2136.66
33.836	2136.66
33.871	2021.17
33.901	1963.42
33.936	2021.17
33.971	2021.17
34.001	1963.42
34.036	1905.67
34.071	1905.67
34.101	1905.67
34.136	1963.42
34.171	2021.17
34.201	2021.17
34.236	1963.42
34.271	2021.17
34.301	2021.17
34.326	1905.67
34.371	1963.42
34.396	1963.42
34.436	1905.67
34.471	1847.93
34.501	1847.93
34.536	1790.18
34.571	1847.93
34.596	1847.93
34.636	1790.18
34.671	1790.18
34.701	1732.43
34.736	1732.43
34.771	1674.68
34.801	1732.43
34.836	1732.43
34.871	1847.93
34.901	1847.93
34.936	1790.18
34.971	1790.18
35.001	1732.43
35.036	1732.43
35.071	1790.18
35.101	1790.18
35.126	1790.18
35.171	1732.43
35.201	1674.68
35.236	1616.94
35.271	1616.94
35.301	1616.94
35.336	1674.68
35.371	1616.94
35.401	1559.19
35.436	1616.94
35.471	1616.94
35.501	1616.94
35.536	1559.19
35.571	1616.94
35.601	1616.94
35.636	1674.68
35.671	1674.68
35.701	1732.43
35.736	1732.43
35.771	1790.18
35.801	1790.18
35.836	1674.68
35.871	1674.68
35.901	1732.43
35.936	1674.68
35.971	1674.68
36.001	1674.68
36.036	1616.94
36.071	1674.68
36.101	1674.68
36.136	1732.43
36.171	1732.43
36.201	1790.18
36.236	1790.18
36.271	1732.43
36.301	1732.43
36.336	1732.43
36.371	1732.43
36.401	1790.18
36.436	1790.18
36.471	1732.43
36.501	1732.43
36.536	1674.68
36.571	1616.94
36.601	1616.94
36.631	1616.94
36.671	1674.68
36.701	1616.94
36.736	1616.94
36.771	1559.19
36.801	1559.19
36.836	1559.19
36.871	1501.44
36.901	1501.44
36.936	1501.44
36.971	1559.19
37.001	1559.19
37.036	1616.94
37.071	1559.19
37.101	1559.19
37.136	1501.44
37.171	1501.44
37.201	1559.19
37.236	1559.19
37.271	1616.94
37.301	1616.94
37.336	1616.94
37.371	1616.94
37.401	1616.94
37.436	1559.19
37.471	1559.19
37.501	1559.19
37.536	1616.94
37.571	1674.68
37.601	1674.68
37.636	1732.43
37.671	1732.43
37.701	1732.43
37.736	1674.68
37.771	1616.94
37.801	1616.94
37.836	1616.94
37.861	1616.94
37.901	1559.19
37.936	1559.19
37.971	1616.94
38.001	1616.94
38.036	1674.68
38.071	1674.68
38.101	1732.43
38.136	1732.43
38.171	1674.68
38.201	1674.68
38.236	1616.94
38.271	1559.19
38.301	1559.19
38.331	1559.19
38.371	1674.68
38.401	1616.94
38.436	1616.94
38.471	1559.19
38.501	1559.19
38.536	1501.44
38.571	1501.44
38.601	1559.19
38.631	1559.19
38.671	1616.94
38.701	1616.94
38.731	1674.68
38.771	1616.94
38.801	1616.94
38.836	1616.94
38.871	1616.94
38.901	1559.19
38.936	1559.19
38.971	1616.94
39.001	1616.94
39.031	1616.94
39.071	1559.19
39.101	1501.44
39.136	1501.44
39.171	1559.19
39.196	1559.19
39.221	1616.94
39.246	1616.94
39.271	1674.68
39.301	1674.68
39.336	1674.68
39.371	1674.68
39.401	1674.68
39.436	1732.43
39.471	1674.68
39.501	1674.68
39.536	1732.43
39.571	1732.43
39.601	1790.18
39.636	1790.18
39.671	1732.43
39.701	1732.43
39.736	1790.18
39.771	1790.18
39.801	1847.93
39.836	1847.93
39.871	1732.43
39.901	1674.68
39.936	1674.68
39.971	1616.94
40.001	1616.94
40.036	1674.68
40.071	1674.68
40.101	1616.94
40.126	1616.94
40.171	1674.68
40.201	1674.68
40.236	1616.94
40.271	1674.68
40.301	1674.68
40.336	1616.94
40.371	1674.68
40.401	1732.43
40.426	1732.43
40.471	1790.18
40.501	1790.18
40.536	1732.43
40.571	1732.43
40.601	1790.18
40.636	1790.18
40.671	1732.43
40.701	1732.43
40.736	1790.18
40.771	1847.93
40.801	1847.93
40.836	1847.93
40.871	1847.93
40.901	1790.18
40.936	1790.18
40.971	1732.43
41.001	1732.43
41.036	1790.18
41.071	1790.18
41.101	1732.43
41.136	1790.18
41.171	1790.18
41.201	1847.93
41.236	1847.93
41.271	1790.18
41.301	1790.18
41.336	1790.18
41.371	1847.93
41.401	1847.93
41.436	1905.67
41.471	1905.67
41.501	1847.93
41.536	1905.67
41.571	1905.67
41.601	1963.42
41.636	1905.67
41.671	1905.67
41.701	1847.93
41.736	1847.93
41.771	1790.18
41.801	1790.18
41.836	1847.93
41.871	1847.93
41.901	1847.93
41.936	1790.18
41.971	1847.93
42.001	1847.93
42.036	1790.18
42.071	1847.93
42.101	1847.93
42.136	1790.18
42.171	1847.93
42.201	1847.93
42.226	1847.93
42.256	1905.67
42.281	1963.42
42.306	1963.42
42.336	1963.42
42.366	1963.42
42.401	1905.67
42.436	1847.93
42.471	1847.93
42.501	1905.67
42.536	1847.93
42.571	1847.93
42.596	1847.93
42.636	1905.67
42.671	1847.93
42.701	1905.67
42.726	1905.67
42.771	1847.93
42.801	1847.93
42.831	1732.43
42.871	1790.18
42.901	1790.18
42.936	1732.43
42.961	1732.43
43.001	1790.18
43.036	1732.43
43.071	1732.43
43.101	1674.68
43.136	1674.68
43.171	1616.94
43.201	1616.94
43.236	1559.19
43.261	1559.19
43.286	1559.19
43.316	1616.94
43.341	1616.94
43.371	1732.43
43.401	1732.43
43.436	1674.68
43.471	1732.43
43.501	1732.43
43.526	1732.43
43.571	1674.68
43.601	1732.43
43.636	1732.43
43.671	1674.68
43.701	1674.68
43.736	1732.43
43.771	1732.43
43.801	1674.68
43.836	1674.68
43.871	1559.19
43.901	1559.19
43.936	1616.94
43.971	1616.94
44.001	1559.19
44.036	1559.19
44.071	1616.94
44.101	1616.94
44.136	1674.68
44.171	1732.43
44.201	1732.43
44.236	1674.68
44.271	1674.68
44.301	1674.68
44.336	1732.43
44.371	1847.93
44.401	1847.93
44.436	1790.18
44.471	1847.93
44.501	1847.93
44.536	1905.67
44.571	1905.67
44.601	1847.93
44.636	1905.67
44.671	1905.67
44.701	1847.93
44.736	1847.93
44.771	1790.18
44.801	1847.93
44.836	1847.93
44.871	1732.43
44.896	1732.43
44.931	1790.18
44.971	1847.93
45.001	1847.93
45.036	1905.67
45.071	1905.67
45.101	1847.93
45.136	1905.67
45.171	1905.67
45.201	1847.93
45.236	1905.67
45.271	1905.67
45.301	1847.93
45.336	1905.67
45.371	1905.67
45.396	1905.67
45.436	1847.93
45.471	1905.67
45.501	1847.93
45.536	1847.93
45.571	1790.18
45.601	1790.18
45.636	1847.93
45.671	1905.67
45.701	1905.67
45.736	1963.42
45.771	2021.17
45.801	2021.17
45.836	1905.67
45.871	1847.93
45.901	1847.93
45.936	1790.18
45.971	1847.93
46.001	1847.93
46.036	1790.18
46.071	1790.18
46.101	1732.43
46.136	1790.18
46.171	1790.18
46.201	1732.43
46.236	1732.43
46.271	1790.18
46.301	1790.18
46.336	1732.43
46.371	1732.43
46.401	1732.43
46.436	1790.18
46.471	1790.18
46.501	1847.93
46.536	1905.67
46.571	1905.67
46.601	1847.93
46.636	1790.18
46.671	1790.18
46.701	1732.43
46.736	1732.43
46.771	1790.18
46.801	1790.18
46.836	1732.43
46.871	1616.94
46.901	1616.94
46.936	1674.68
46.971	1674.68
47.001	1616.94
47.036	1616.94
47.071	1674.68
47.101	1674.68
47.136	1732.43
47.171	1732.43
47.201	1790.18
47.236	1732.43
47.261	1732.43
47.301	1790.18
47.336	1790.18
47.361	1790.18
47.401	1790.18
47.436	1847.93
47.471	1790.18
47.501	1790.18
47.536	1847.93
47.571	1790.18
47.601	1790.18
47.636	1732.43
47.671	1790.18
47.701	1790.18
47.736	1847.93
47.771	1790.18
47.801	1790.18
47.836	1790.18
47.871	1790.18
47.901	1732.43
47.936	1790.18
47.971	1790.18
48.001	1847.93
48.036	1847.93
48.071	1790.18
48.101	1847.93
48.136	1847.93
48.171	1790.18
48.201	1790.18
48.236	1847.93
48.271	1905.67
48.301	1905.67
48.336	2021.17
48.371	2078.92
48.401	2078.92
48.436	2021.17
48.471	2078.92
48.501	2078.92
48.536	2021.17
48.571	2021.17
48.601	2078.92
48.636	2136.66
48.671	2136.66
48.701	2078.92
48.736	2021.17
48.771	2078.92
48.801	2078.92
48.836	1963.42
48.871	1905.67
48.901	1905.67
48.936	1963.42
48.971	1963.42
49.001	1905.67
49.036	1963.42
49.071	1963.42
49.101	1905.67
49.136	1963.42
49.171	1963.42
49.201	1905.67
49.236	1847.93
49.271	1847.93
49.301	1905.67
49.336	1905.67
49.371	1790.18
49.401	1790.18
49.436	1732.43
49.471	1674.68
49.501	1674.68
49.536	1732.43
49.571	1790.18
49.601	1790.18
49.636	1732.43
49.671	1732.43
49.701	1790.18
49.736	1790.18
49.771	1732.43
49.801	1674.68
49.836	1674.68
49.871	1790.18
49.901	1790.18
49.936	1732.43
49.971	1732.43
50.001	1790.18
50.036	1732.43
50.071	1732.43
50.101	1790.18
50.136	1790.18
50.171	1732.43
50.201	1732.43
50.236	1790.18
50.271	1732.43
50.301	1732.43
50.336	1732.43
50.371	1732.43
50.401	1674.68
50.436	1674.68
50.471	1732.43
50.501	1732.43
50.536	1790.18
50.571	1732.43
50.601	1732.43
50.636	1790.18
50.671	1790.18
50.701	1732.43
50.731	1732.43
50.771	1790.18
50.801	1847.93
50.836	1847.93
50.871	1847.93
50.901	1847.93
50.936	1905.67
50.971	1847.93
51.001	1847.93
51.036	1790.18
51.071	1732.43
51.101	1732.43
51.136	1790.18
51.171	1790.18
51.201	1847.93
51.236	1790.18
51.271	1790.18
51.301	1732.43
51.336	1790.18
51.371	1732.43
51.401	1674.68
51.436	1674.68
51.471	1732.43
51.501	1732.43
51.536	1674.68
51.571	1674.68
51.601	1732.43
51.636	1732.43
51.671	1674.68
51.701	1674.68
51.736	1616.94
51.771	1674.68
51.801	1674.68
51.836	1559.19
51.861	1559.19
51.901	1616.94
51.936	1616.94
51.971	1674.68
52.001	1674.68
52.036	1616.94
52.071	1616.94
52.101	1674.68
52.136	1616.94
52.171	1616.94
52.201	1616.94
52.236	1674.68
52.271	1616.94
52.301	1616.94
52.336	1616.94
52.371	1616.94
52.401	1674.68
52.436	1674.68
52.471	1616.94
52.501	1616.94
52.536	1674.68
52.571	1674.68
52.601	1616.94
52.636	1616.94
52.671	1674.68
52.701	1674.68
52.736	1616.94
52.771	1559.19
52.801	1559.19
52.836	1674.68
52.871	1674.68
52.901	1616.94
52.936	1616.94
52.971	1674.68
53.001	1674.68
53.036	1732.43
53.071	1732.43
53.101	1674.68
53.136	1732.43
53.171	1732.43
53.201	1674.68
53.236	1674.68
53.271	1732.43
53.301	1732.43
53.336	1616.94
53.371	1559.19
53.401	1559.19
53.436	1501.44
53.471	1501.44
53.501	1559.19
53.536	1559.19
53.571	1501.44
53.601	1501.44
53.636	1559.19
53.671	1616.94
53.701	1616.94
53.736	1674.68
53.771	1674.68
53.801	1674.68
53.836	1732.43
53.871	1732.43
53.901	1732.43
53.936	1790.18
53.971	1790.18
54.001	1732.43
54.031	1732.43
54.071	1790.18
54.101	1790.18
54.136	1847.93
54.171	1790.18
54.201	1790.18
54.236	1847.93
54.271	1905.67
54.301	1905.67
54.336	1905.67
54.371	1963.42
54.401	1963.42
54.436	1905.67
54.471	1963.42
54.501	1963.42
54.536	1905.67
54.571	1905.67
54.601	1847.93
54.636	1905.67
54.671	1905.67
54.701	1847.93
54.736	1905.67
54.771	1905.67
54.801	1847.93
54.836	1790.18
54.871	1847.93
54.901	1847.93
54.936	1847.93
54.971	1790.18
55.001	1847.93
55.036	1847.93
55.071	1790.18
55.101	1790.18
55.136	1847.93
55.171	1905.67
55.201	1905.67
55.236	1847.93
55.271	1905.67
55.301	1905.67
55.336	1790.18
55.371	1847.93
55.401	1847.93
55.436	1905.67
55.471	1963.42
55.501	1963.42
55.536	1905.67
55.571	1963.42
55.601	1963.42
55.636	1905.67
55.671	1905.67
55.701	1847.93
55.736	1905.67
55.771	1905.67
55.801	1847.93
55.836	1905.67
55.871	1847.93
55.901	1790.18
55.936	1790.18
55.971	1732.43
56.001	1790.18
56.036	1790.18
56.071	1732.43
56.101	1732.43
56.136	1790.18
56.171	1847.93
56.201	1847.93
56.236	1790.18
56.271	1847.93
56.301	1847.93
56.336	1847.93
56.371	1905.67
56.401	1905.67
56.436	1847.93
56.471	1905.67
56.501	1905.67
56.536	1847.93
56.561	1847.93
56.601	1790.18
56.636	1847.93
56.671	1847.93
56.701	1790.18
56.736	1847.93
56.771	1847.93
56.801	1790.18
56.836	1790.18
56.871	1790.18
56.901	1790.18
56.936	1847.93
56.971	1790.18
57.001	1790.18
57.036	1847.93
57.071	1790.18
57.101	1790.18
57.136	1732.43
57.171	1790.18
57.201	1790.18
57.236	1732.43
57.271	1732.43
57.301	1790.18
57.336	1790.18
57.371	1790.18
57.401	1732.43
57.436	1732.43
57.471	1790.18
57.501	1790.18
57.536	1732.43
57.571	1674.68
57.601	1674.68
57.636	1732.43
57.671	1732.43
57.701	1790.18
57.736	1732.43
57.771	1732.43
57.801	1790.18
57.836	1790.18
57.871	1790.18
57.901	1790.18
57.936	1847.93
57.971	1790.18
58.001	1790.18
58.031	1847.93
58.061	1847.93
58.101	1905.67
58.136	1847.93
58.171	1905.67
58.201	1905.67
58.236	1847.93
58.271	1790.18
58.301	1790.18
58.336	1674.68
58.371	1674.68
58.396	1732.43
58.436	1790.18
58.471	1790.18
58.501	1732.43
58.536	1732.43
58.571	1674.68
58.601	1674.68
58.636	1732.43
58.671	1732.43
58.701	1790.18
58.736	1732.43
58.771	1732.43
58.801	1790.18
58.836	1790.18
58.871	1790.18
58.901	1790.18
58.936	1847.93
58.971	1790.18
59.001	1790.18
59.036	1732.43
59.071	1790.18
59.101	1790.18
59.136	1732.43
59.171	1732.43
59.201	1790.18
59.236	1847.93
59.271	1847.93
59.301	1905.67
59.336	1963.42
59.371	1905.67
59.401	1847.93
59.436	1847.93
59.471	1790.18
59.501	1790.18
59.536	1847.93
59.571	1790.18
59.601	1790.18
59.636	1847.93
59.671	1790.18
59.701	1790.18
59.736	1732.43
59.761	1732.43
59.801	1790.18
59.836	1905.67
59.871	1905.67
59.901	1963.42
59.936	1905.67
59.971	1905.67
60.001	1847.93
60.036	1905.67
60.071	1905.67
60.101	1963.42
60.136	1905.67
60.171	1905.67
60.201	1963.42
60.236	1963.42
60.271	1905.67
60.301	1905.67
60.336	1963.42
60.371	1963.42
60.401	1963.42
60.426	2021.17
60.471	2078.92
60.501	2078.92
60.536	2021.17
60.571	1963.42
60.601	1963.42
60.636	1905.67
60.671	1963.42
60.696	1963.42
60.736	1905.67
60.771	1905.67
60.801	1963.42
60.836	2078.92
60.871	2078.92
60.901	2136.66
60.936	2194.41
60.971	2252.16
61.001	2252.16
61.036	2194.41
61.071	2252.16
61.101	2252.16
61.136	2194.41
61.171	2136.66
61.201	2136.66
61.236	2194.41
61.271	2136.66
61.301	2194.41
61.336	2078.92
61.371	2078.92
61.401	2021.17
61.436	1963.42
61.471	1963.42
61.501	1905.67
61.536	1847.93
61.571	1847.93
61.601	1790.18
61.636	1847.93
61.671	1847.93
61.701	1790.18
61.736	1790.18
61.771	1732.43
61.801	1790.18
61.836	1790.18
61.871	1790.18
61.901	1790.18
61.936	1847.93
61.971	1790.18
62.001	1790.18
62.036	1732.43
62.071	1790.18
62.101	1790.18
62.136	1732.43
62.171	1732.43
62.201	1790.18
62.236	1732.43
62.271	1732.43
62.301	1790.18
62.336	1790.18
62.371	1732.43
62.401	1732.43
62.436	1674.68
62.471	1732.43
62.501	1732.43
62.536	1674.68
62.571	1674.68
62.601	1616.94
62.636	1616.94
62.671	1559.19
62.701	1559.19
62.736	1501.44
62.771	1443.69
62.801	1443.69
62.836	1443.69
62.871	1443.69
62.901	1443.69
62.936	1501.44
62.971	1443.69
63.001	1443.69
63.036	1501.44
63.071	1501.44
63.101	1443.69
63.136	1443.69
63.171	1443.69
63.201	1443.69
63.236	1501.44
63.271	1443.69
63.301	1443.69
63.336	1501.44
63.371	1443.69
63.401	1443.69
63.436	1443.69
63.461	1443.69
63.501	1443.69
63.536	1443.69
63.571	1443.69
63.601	1501.44
63.636	1501.44
63.671	1443.69
63.701	1443.69
63.736	1443.69
63.771	1443.69
63.801	1501.44
63.836	1501.44
63.871	1501.44
63.901	1501.44
63.936	1443.69
63.971	1501.44
64.001	1501.44
64.036	1559.19
64.071	1559.19
64.101	1501.44
64.136	1501.44
64.171	1559.19
64.201	1559.19
64.236	1616.94
64.271	1616.94
64.301	1559.19
64.336	1559.19
64.371	1559.19
64.401	1559.19
64.436	1616.94
64.471	1559.19
64.501	1559.19
64.536	1616.94
64.571	1616.94
64.601	1616.94
64.636	1559.19
64.671	1616.94
64.701	1616.94
64.736	1559.19
64.771	1559.19
64.801	1501.44
64.836	1501.44
64.871	1501.44
64.901	1501.44
64.936	1443.69
64.971	1443.69
65.001	1501.44
65.036	1443.69
65.071	1443.69
65.101	1443.69
65.136	1501.44
65.171	1443.69
65.201	1443.69
65.236	1501.44
65.271	1501.44
65.301	1443.69
65.336	1443.69
65.371	1559.19
65.401	1559.19
65.436	1616.94
65.471	1616.94
65.501	1559.19
65.536	1559.19
65.571	1616.94
65.601	1616.94
65.636	1674.68
65.671	1674.68
65.701	1732.43
65.736	1674.68
65.771	1674.68
65.801	1732.43
65.836	1732.43
65.871	1616.94
65.901	1616.94
65.936	1674.68
65.971	1616.94
66.001	1616.94
66.036	1674.68
66.071	1674.68
66.101	1616.94
66.136	1616.94
66.171	1674.68
66.201	1674.68
66.236	1616.94
66.271	1616.94
66.301	1674.68
66.336	1674.68
66.371	1559.19
66.401	1559.19
66.436	1616.94
66.471	1559.19
66.501	1559.19
66.536	1501.44
66.571	1501.44
66.601	1501.44
66.636	1559.19
66.671	1501.44
66.701	1501.44
66.731	1501.44
66.771	1559.19
66.801	1616.94
66.836	1616.94
66.871	1616.94
66.901	1616.94
66.936	1674.68
66.971	1674.68
67.001	1616.94
67.036	1674.68
67.071	1674.68
67.101	1674.68
67.136	1732.43
67.171	1674.68
67.201	1674.68
67.236	1616.94
67.271	1616.94
67.301	1674.68
67.336	1674.68
67.361	1674.68
67.401	1674.68
67.436	1616.94
67.471	1616.94
67.501	1559.19
67.536	1559.19
67.571	1501.44
67.601	1501.44
67.636	1559.19
67.671	1501.44
67.701	1501.44
67.736	1443.69
67.771	1443.69
67.801	1443.69
67.836	1501.44
67.871	1501.44
67.901	1501.44
67.936	1559.19
67.971	1559.19
68.001	1501.44
68.036	1501.44
68.071	1559.19
68.101	1559.19
68.136	1501.44
68.171	1559.19
68.201	1559.19
68.236	1616.94
68.271	1616.94
68.301	1559.19
68.336	1559.19
68.371	1674.68
68.401	1674.68
68.436	1732.43
68.471	1732.43
68.501	1674.68
68.536	1674.68
68.571	1616.94
68.601	1616.94
68.636	1674.68
68.671	1674.68
68.701	1616.94
68.736	1616.94
68.761	1674.68
68.801	1674.68
68.836	1616.94
68.871	1732.43
68.901	1732.43
68.936	1790.18
68.971	1790.18
69.001	1732.43
69.036	1732.43
69.071	1790.18
69.101	1790.18
69.136	1732.43
69.171	1674.68
69.201	1674.68
69.236	1732.43
69.271	1732.43
69.301	1790.18
69.336	1732.43
69.371	1674.68
69.401	1674.68
69.436	1732.43
69.471	1674.68
69.501	1674.68
69.536	1616.94
69.571	1616.94
69.601	1674.68
69.636	1674.68
69.671	1616.94
69.701	1616.94
69.736	1559.19
69.771	1616.94
69.801	1616.94
69.836	1501.44
69.871	1501.44
69.901	1443.69
69.936	1443.69
69.971	1443.69
70.001	1443.69
70.036	1501.44
70.071	1501.44
70.101	1443.69
70.136	1443.69
70.171	1501.44
70.201	1501.44
70.236	1443.69
70.271	1501.44
70.301	1501.44
70.336	1616.94
70.371	1616.94
70.401	1559.19
70.436	1559.19
70.471	1616.94
70.501	1616.94
70.536	1559.19
70.571	1559.19
70.601	1616.94
70.636	1616.94
70.671	1559.19
70.701	1559.19
70.736	1616.94
70.771	1559.19
70.801	1559.19
70.836	1616.94
70.871	1674.68
70.901	1674.68
70.936	1616.94
70.971	1674.68
71.001	1674.68
71.036	1732.43
71.071	1732.43
71.101	1674.68
71.136	1674.68
71.171	1732.43
71.201	1732.43
71.236	1674.68
71.271	1674.68
71.301	1732.43
71.336	1790.18
71.371	1732.43
71.401	1674.68
71.436	1674.68
71.471	1616.94
71.501	1616.94
71.536	1674.68
71.571	1674.68
71.601	1616.94
71.636	1674.68
71.671	1674.68
71.701	1674.68
71.736	1616.94
71.771	1559.19
71.801	1559.19
71.836	1559.19
71.871	1559.19
71.901	1501.44
71.936	1501.44
71.971	1559.19
72.001	1559.19
72.036	1501.44
72.071	1501.44
72.101	1559.19
72.136	1616.94
72.171	1616.94
72.201	1616.94
72.236	1559.19
72.271	1616.94
72.301	1616.94
72.336	1501.44
72.371	1501.44
72.396	1501.44
72.436	1559.19
72.471	1501.44
72.501	1501.44
72.536	1443.69
72.571	1443.69
72.601	1501.44
72.631	1501.44
72.671	1559.19
72.701	1559.19
72.736	1501.44
72.771	1443.69
72.801	1443.69
72.836	1501.44
72.871	1559.19
72.901	1559.19
72.936	1616.94
72.971	1559.19
73.001	1559.19
73.036	1501.44
73.071	1501.44
73.101	1559.19
73.136	1559.19
73.171	1616.94
73.201	1616.94
73.236	1559.19
73.271	1559.19
73.301	1616.94
73.336	1559.19
73.371	1501.44
73.401	1501.44
73.436	1559.19
73.471	1501.44
73.501	1501.44
73.536	1559.19
73.571	1559.19
73.601	1501.44
73.636	1501.44
73.671	1559.19
73.701	1559.19
73.736	1501.44
73.771	1501.44
73.801	1443.69
73.836	1443.69
73.871	1559.19
73.901	1559.19
73.936	1616.94
73.971	1559.19
74.001	1559.19
74.036	1501.44
74.071	1501.44
74.101	1501.44
74.136	1559.19
74.171	1501.44
74.201	1501.44
74.236	1559.19
74.271	1559.19
74.301	1501.44
74.336	1501.44
74.371	1616.94
74.401	1616.94
74.436	1559.19
74.471	1559.19
74.501	1616.94
74.536	1559.19
74.571	1559.19
74.601	1559.19
74.636	1616.94
74.671	1674.68
74.701	1674.68
74.736	1616.94
74.771	1616.94
74.801	1674.68
74.836	1674.68
74.871	1559.19
74.901	1559.19
74.936	1616.94
74.971	1616.94
75.001	1559.19
75.036	1559.19
75.071	1616.94
75.101	1616.94
75.136	1559.19
75.171	1616.94
75.201	1616.94
75.236	1559.19
75.271	1559.19
75.301	1501.44
75.336	1501.44
75.371	1616.94
75.401	1616.94
75.436	1674.68
75.471	1674.68
75.501	1616.94
75.536	1616.94
75.571	1559.19
75.601	1559.19
75.636	1616.94
75.671	1674.68
75.701	1674.68
75.736	1674.68
75.771	1732.43
75.801	1732.43
75.836	1674.68
75.871	1559.19
75.901	1559.19
75.936	1616.94
75.971	1674.68
76.001	1674.68
76.036	1674.68
76.061	1616.94
76.101	1616.94
76.136	1559.19
76.171	1501.44
76.201	1501.44
76.231	1501.44
76.271	1559.19
76.301	1616.94
76.331	1616.94
76.371	1616.94
76.401	1616.94
76.436	1559.19
76.471	1559.19
76.501	1616.94
76.536	1559.19
76.571	1559.19
76.601	1559.19
76.636	1616.94
76.671	1674.68
76.701	1674.68
76.736	1732.43
76.771	1732.43
76.801	1674.68
76.836	1674.68
76.871	1559.19
76.901	1559.19
76.936	1616.94
76.971	1616.94
77.001	1559.19
77.036	1559.19
77.071	1616.94
77.101	1616.94
77.136	1674.68
77.171	1616.94
77.201	1616.94
77.236	1559.19
77.271	1559.19
77.301	1501.44
77.336	1501.44
77.371	1616.94
77.401	1616.94
77.436	1674.68
77.471	1674.68
77.501	1616.94
77.536	1616.94
77.571	1559.19
77.601	1559.19
77.636	1616.94
77.671	1674.68
77.701	1674.68
77.736	1674.68
77.771	1732.43
77.801	1732.43
77.836	1674.68
77.871	1559.19
77.901	1559.19
77.936	1616.94
77.971	1616.94
78.001	1674.68
78.036	1674.68
78.071	1616.94
78.101	1616.94
78.136	1559.19
78.171	1616.94
78.201	1616.94
78.236	1559.19
78.271	1559.19
78.301	1501.44
78.336	1501.44
78.371	1443.69
78.401	1443.69
78.436	1443.69
78.471	1443.69
78.501	1501.44
78.536	1501.44
78.571	1443.69
78.601	1443.69
78.636	1501.44
78.671	1443.69
78.701	1443.69
78.736	1443.69
78.771	1443.69
78.801	1443.69
78.836	1559.19
78.871	1616.94
78.901	1616.94
78.936	1559.19
78.971	1559.19
79.001	1501.44
79.036	1501.44
79.071	1559.19
79.101	1559.19
79.136	1616.94
79.171	1616.94
79.201	1559.19
79.236	1559.19
79.271	1501.44
79.301	1501.44
79.336	1501.44
79.371	1443.69
79.401	1443.69
79.436	1443.69
79.471	1501.44
79.501	1501.44
79.536	1443.69
79.561	1443.69
79.601	1443.69
79.636	1443.69
79.671	1501.44
79.701	1501.44
79.736	1443.69
79.771	1443.69
79.801	1501.44
79.836	1501.44
79.871	1616.94
79.901	1616.94
79.936	1674.68
79.971	1674.68
80.001	1732.43
80.036	1674.68
80.071	1674.68
80.101	1674.68
80.136	1732.43
80.171	1790.18
80.201	1790.18
80.236	1847.93
80.271	1847.93
80.301	1790.18
80.336	1790.18
80.371	1790.18
80.401	1790.18
80.436	1847.93
80.471	1790.18
80.496	1790.18
80.536	1847.93
80.571	1847.93
80.601	1790.18
80.636	1847.93
80.671	1847.93
80.701	1905.67
80.736	1963.42
80.771	1963.42
80.801	2021.17
80.831	2021.17
80.871	2021.17
80.901	2021.17
80.936	2078.92
80.971	2021.17
81.001	2021.17
81.036	1963.42
81.071	2021.17
81.101	2021.17
81.136	1963.42
81.171	1905.67
81.201	1905.67
81.236	1847.93
81.271	1905.67
81.301	1905.67
81.336	2021.17
81.371	2021.17
81.401	1963.42
81.436	2021.17
81.471	2021.17
81.501	1963.42
81.536	1905.67
81.571	1905.67
81.601	1847.93
81.636	1905.67
81.671	1905.67
81.701	1847.93
81.731	1847.93
81.771	1905.67
81.801	1963.42
81.836	1963.42
81.871	1963.42
81.901	2021.17
81.936	2021.17
81.961	1963.42
82.001	1963.42
82.036	2021.17
82.071	1963.42
82.101	1963.42
82.136	2021.17
82.171	1963.42
82.201	1963.42
82.231	2021.17
82.271	2078.92
82.301	2078.92
82.336	1963.42
82.371	2021.17
82.401	2021.17
82.431	1963.42
82.471	1963.42
82.501	2021.17
82.536	2078.92
82.561	2078.92
82.601	2021.17
82.636	2078.92
82.671	2078.92
82.701	2021.17
82.736	2078.92
82.766	2078.92
82.801	2136.66
82.826	2136.66
82.871	2252.16
82.901	2309.91
82.936	2367.65
82.971	2367.65
83.001	2425.4
83.036	2483.15
83.071	2483.15
83.101	2425.4
83.136	2367.65
83.171	2425.4
83.201	2425.4
83.236	2367.65
83.271	2309.91
83.301	2309.91
83.336	2309.91
83.361	2252.16
83.401	2309.91
83.436	2367.65
83.471	2367.65
83.496	2309.91
83.526	2309.91
83.571	2309.91
83.601	2309.91
83.636	2252.16
83.671	2309.91
83.701	2309.91
83.736	2252.16
83.761	2194.41
83.801	2309.91
83.831	2309.91
83.871	2252.16
83.901	2194.41
83.926	2194.41
83.971	2136.66
84.001	2194.41
84.036	2136.66
84.071	2136.66
84.101	2194.41
84.136	2136.66
84.171	2136.66
84.201	2194.41
84.226	2194.41
84.271	2309.91
84.301	2309.91
84.336	2425.4
84.371	2425.4
84.401	2483.15
84.436	2425.4
84.471	2483.15
84.501	2540.9
84.536	2540.9
84.571	2483.15
84.601	2425.4
84.636	2483.15
84.671	2425.4
84.701	2425.4
84.736	2367.65
84.771	2425.4
84.801	2425.4
84.836	2425.4
84.871	2367.65
84.901	2425.4
84.936	2425.4
84.971	2483.15
85.001	2425.4
85.036	2483.15
85.071	2483.15
85.101	2425.4
85.136	2367.65
85.166	2367.65
85.201	2425.4
85.236	2483.15
85.271	2540.9
85.301	2540.9
85.336	2656.39
85.371	2598.65
85.401	2540.9
85.436	2483.15
85.471	2483.15
85.501	2540.9
85.536	2483.15
85.571	2540.9
85.601	2540.9
85.636	2483.15
85.671	2425.4
85.701	2483.15
85.736	2483.15
85.771	2540.9
85.801	2483.15
85.836	2540.9
85.871	2483.15
85.901	2425.4
85.936	2367.65
85.971	2425.4
86.001	2425.4
86.036	2367.65
86.071	2309.91
86.101	2367.65
86.136	2367.65
86.171	2425.4
86.201	2367.65
86.231	2367.65
86.271	2425.4
86.301	2367.65
86.336	2367.65
86.371	2425.4
86.401	2425.4
86.436	2367.65
86.471	2309.91
86.501	2309.91
86.536	2367.65
86.571	2309.91
86.601	2252.16
86.636	2309.91
86.671	2309.91
86.696	2252.16
86.736	2309.91
86.771	2309.91
86.796	2252.16
86.836	2136.66
86.871	2194.41
86.901	2194.41
86.931	2136.66
86.971	2078.92
87.001	2136.66
87.036	2136.66
87.071	2078.92
87.101	2136.66
87.136	2136.66
87.171	2078.92
87.201	2021.17
87.236	2078.92
87.271	2078.92
87.301	2021.17
87.336	2021.17
87.371	2078.92
87.401	2136.66
87.436	2136.66
87.471	2078.92
87.501	2021.17
87.536	2078.92
87.571	2078.92
87.601	2021.17
87.631	2021.17
87.656	1963.42
87.681	1963.42
87.706	2021.17
87.736	2021.17
87.771	1963.42
87.801	1963.42
87.826	1905.67
87.871	1905.67
87.901	1905.67
87.931	1963.42
87.971	1905.67
88.001	1905.67
88.036	1963.42
88.071	1905.67
88.101	1905.67
88.136	1847.93
88.171	1905.67
88.201	1905.67
88.231	1847.93
88.271	1905.67
88.301	1905.67
88.336	1790.18
88.371	1790.18
88.401	1847.93
88.436	1790.18
88.471	1790.18
88.501	1732.43
88.536	1732.43
88.571	1790.18
88.601	1790.18
88.636	1732.43
88.671	1732.43
88.701	1790.18
88.736	1732.43
88.771	1732.43
88.801	1674.68
88.836	1674.68
88.871	1790.18
88.901	1790.18
88.936	1732.43
88.971	1790.18
89.001	1790.18
89.036	1732.43
89.071	1732.43
89.101	1790.18
89.136	1790.18
89.171	1847.93
89.201	1790.18
89.236	1790.18
89.271	1732.43
89.301	1790.18
89.336	1790.18
89.371	1905.67
89.401	1905.67
89.436	1847.93
89.471	1905.67
89.501	1905.67
89.531	1847.93
89.571	1905.67
89.601	1905.67
89.636	1847.93
89.671	1847.93
89.701	1905.67
89.736	1963.42
89.771	1963.42
89.801	1905.67
89.836	1905.67
89.871	1905.67
89.901	1847.93
89.936	1905.67
89.971	1905.67
90.001	1905.67
90.036	1905.67
90.071	1905.67
90.101	1847.93
90.136	1847.93
90.171	1790.18
90.201	1847.93
90.236	1847.93
90.271	1790.18
90.301	1790.18
90.336	1790.18
90.371	1847.93
90.401	1847.93
90.436	1905.67
90.471	1847.93
90.496	1847.93
90.536	1905.67
90.561	1905.67
90.601	1847.93
90.636	1905.67
90.661	1905.67
90.696	1847.93
90.721	1847.93
90.746	1905.67
90.771	1905.67
90.801	1847.93
90.836	1905.67
90.871	1963.42
90.901	2021.17
90.931	2021.17
90.971	1963.42
91.001	2021.17
91.036	2021.17
91.071	1963.42
91.101	1963.42
91.131	2021.17
91.156	2021.17
91.181	1963.42
91.206	1963.42
91.236	1905.67
91.271	1963.42
91.301	1963.42
91.336	1963.42
91.371	2021.17
91.401	2021.17
91.436	1963.42
91.471	1905.67
91.501	1905.67
91.536	1847.93
91.571	1847.93
91.601	1905.67
91.636	1847.93
91.661	1847.93
91.701	1905.67
91.736	1905.67
91.771	1847.93
91.801	1847.93
91.836	1732.43
91.871	1674.68
91.901	1674.68
91.936	1732.43
91.971	1674.68
92.001	1674.68
92.026	1674.68
92.071	1732.43
92.101	1732.43
92.126	1674.68
92.171	1616.94
92.201	1616.94
92.236	1674.68
92.271	1674.68
92.301	1616.94
92.336	1616.94
92.371	1616.94
92.401	1616.94
92.436	1674.68
92.471	1616.94
92.501	1616.94
92.536	1674.68
92.571	1674.68
92.601	1674.68
92.636	1616.94
92.671	1559.19
92.696	1559.19
92.736	1616.94
92.771	1616.94
92.801	1559.19
92.836	1559.19
92.871	1559.19
92.901	1559.19
92.936	1501.44
92.971	1501.44
93.001	1559.19
93.036	1559.19
93.071	1501.44
93.101	1501.44
93.136	1559.19
93.171	1616.94
93.201	1616.94
93.236	1559.19
93.271	1559.19
93.301	1616.94
93.336	1616.94
93.371	1616.94
93.396	1616.94
93.426	1616.94
93.471	1674.68
93.501	1616.94
93.536	1616.94
93.571	1674.68
93.601	1674.68
93.626	1616.94
93.671	1674.68
93.701	1674.68
93.736	1732.43
93.771	1732.43
93.801	1732.43
93.826	1674.68
93.871	1674.68
93.901	1674.68
93.936	1616.94
93.971	1616.94
94.001	1616.94
94.036	1674.68
94.071	1732.43
94.101	1732.43
94.131	1674.68
94.171	1674.68
94.201	1616.94
94.236	1559.19
94.271	1559.19
94.301	1559.19
94.336	1616.94
94.371	1559.19
94.401	1616.94
94.436	1674.68
94.471	1674.68
94.501	1674.68
94.526	1732.43
94.571	1790.18
94.601	1790.18
94.636	1732.43
94.671	1732.43
94.701	1790.18
94.736	1790.18
94.761	1847.93
94.801	1847.93
94.826	1847.93
94.871	1790.18
94.901	1790.18
94.936	1732.43
94.961	1732.43
95.001	1674.68
95.036	1732.43
95.071	1732.43
95.101	1732.43
95.136	1674.68
95.161	1674.68
95.201	1616.94
95.236	1674.68
95.271	1674.68
95.301	1732.43
95.336	1732.43
95.371	1616.94
95.401	1616.94
95.436	1674.68
95.471	1674.68
95.501	1616.94
95.536	1559.19
95.571	1559.19
95.601	1559.19
95.636	1616.94
95.671	1674.68
95.701	1674.68
95.726	1674.68
95.761	1732.43
95.801	1790.18
95.831	1790.18
95.871	1790.18
95.896	1790.18
95.936	1847.93
95.971	1847.93
96.001	1790.18
96.036	1847.93
96.071	1847.93
96.101	1790.18
96.136	1790.18
96.171	1732.43
96.201	1732.43
96.226	1790.18
96.256	1790.18
96.301	1847.93
96.336	1790.18
96.371	1847.93
96.401	1905.67
96.436	1905.67
96.471	1847.93
96.496	1847.93
96.536	1905.67
96.571	1963.42
96.601	1963.42
96.636	1905.67
96.671	1905.67
96.701	1963.42
96.736	2021.17
96.771	2021.17
96.801	2078.92
96.836	2078.92
96.866	1963.42
96.901	2021.17
96.936	1963.42
96.971	1963.42
97.001	2021.17
97.036	2078.92
97.071	2078.92
97.101	2078.92
97.136	2021.17
97.171	1963.42
97.201	1963.42
97.236	2021.17
97.271	1963.42
97.301	1963.42
97.336	2078.92
97.371	2136.66
97.401	2136.66
97.436	2078.92
97.471	2136.66
97.501	2136.66
97.536	2078.92
97.571	2136.66
97.601	2136.66
97.636	2078.92
97.671	2136.66
97.701	2136.66
97.736	2078.92
97.771	2078.92
97.801	2021.17
97.836	2021.17
97.871	2021.17
97.901	1963.42
97.926	1963.42
97.971	1905.67
98.001	1905.67
98.036	1963.42
98.071	1905.67
98.101	1905.67
98.131	1963.42
98.171	2021.17
98.201	2021.17
98.231	2078.92
98.271	2136.66
98.301	2136.66
98.336	2021.17
98.371	2078.92
98.401	2078.92
98.436	2021.17
98.471	2078.92
98.501	2078.92
98.536	2021.17
98.571	1963.42
98.601	1963.42
98.636	2021.17
98.671	2021.17
98.701	1963.42
98.736	2021.17
98.771	2021.17
98.801	2078.92
98.836	2136.66
98.871	2194.41
98.901	2136.66
98.936	2194.41
98.971	2194.41
99.001	2136.66
99.026	2136.66
99.071	2078.92
99.101	2021.17
99.136	1963.42
99.171	1963.42
99.201	1905.67
99.236	1847.93
99.271	1847.93
99.301	1790.18
99.336	1790.18
99.371	1790.18
99.401	1732.43
99.436	1732.43
99.471	1790.18
99.501	1790.18
99.536	1732.43
99.571	1674.68
99.601	1674.68
99.636	1732.43
99.671	1732.43
99.701	1790.18
99.736	1790.18
99.761	1732.43
99.796	1732.43
99.836	1790.18
99.871	1790.18
99.901	1790.18
99.936	1732.43
99.971	1790.18
100.001	1790.18
100.036	1732.43
100.071	1732.43
100.101	1790.18
100.136	1847.93
100.171	1847.93
100.201	1790.18
100.236	1790.18
100.261	1732.43
100.301	1790.18
100.336	1790.18
100.371	1790.18
100.401	1790.18
100.436	1732.43
100.471	1674.68
100.501	1674.68
100.536	1732.43
100.571	1732.43
100.601	1790.18
100.636	1790.18
100.671	1732.43
100.701	1732.43
100.736	1674.68
100.771	1616.94
100.796	1616.94
100.836	1501.44
100.861	1501.44
100.901	1443.69
100.936	1443.69
100.971	1443.69
101.001	1443.69
101.036	1501.44
101.071	1501.44
101.101	1559.19
101.136	1559.19
101.171	1501.44
101.201	1501.44
101.236	1559.19
101.271	1501.44
101.301	1501.44
101.336	1501.44
101.361	1501.44
101.401	1501.44
101.436	1501.44
101.471	1443.69
101.501	1443.69
101.526	1443.69
101.571	1501.44
101.601	1501.44
101.636	1443.69
101.671	1443.69
101.701	1501.44
101.736	1501.44
101.771	1559.19
101.801	1559.19
101.836	1559.19
101.871	1616.94
101.901	1616.94
101.936	1559.19
101.971	1559.19
102.001	1559.19
102.036	1501.44
102.071	1443.69
102.101	1443.69
102.136	1501.44
102.171	1501.44
102.201	1501.44
102.236	1443.69
102.271	1443.69
102.301	1443.69
102.336	1443.69
102.371	1443.69
102.401	1443.69
102.436	1443.69
102.471	1501.44
102.501	1501.44
102.536	1443.69
102.571	1443.69
102.601	1501.44
102.636	1443.69
102.671	1443.69
102.701	1443.69
102.736	1501.44
102.771	1501.44
102.796	1443.69
102.836	1559.19
102.871	1559.19
102.901	1501.44
102.936	1501.44
102.971	1559.19
103.001	1559.19
103.036	1501.44
103.071	1501.44
103.101	1559.19
103.136	1559.19
103.171	1501.44
103.201	1501.44
103.236	1559.19
103.271	1501.44
103.301	1501.44
103.336	1501.44
103.361	1559.19
103.401	1501.44
103.436	1443.69
103.471	1501.44
103.501	1501.44
103.536	1501.44
103.571	1443.69
103.601	1443.69
103.636	1443.69
103.671	1443.69
103.701	1501.44
103.726	1501.44
103.751	1501.44
103.776	1443.69
103.801	1443.69
103.826	1443.69
103.871	1559.19
103.901	1616.94
103.936	1616.94
103.971	1559.19
104.001	1559.19
104.036	1616.94
104.071	1616.94
104.101	1559.19
104.136	1559.19
104.171	1616.94
104.201	1616.94
104.236	1674.68
104.271	1674.68
104.301	1732.43
104.336	1616.94
104.371	1616.94
104.401	1674.68
104.436	1674.68
104.471	1616.94
104.501	1616.94
104.536	1559.19
104.571	1559.19
104.601	1616.94
104.636	1616.94
104.671	1674.68
104.701	1674.68
104.736	1732.43
104.771	1732.43
104.801	1674.68
104.836	1732.43
104.871	1790.18
104.901	1790.18
104.936	1847.93
104.971	1790.18
105.001	1790.18
105.036	1847.93
105.071	1847.93
105.101	1905.67
105.136	1963.42
105.171	1963.42
105.201	2021.17
105.236	2078.92
105.271	2078.92
105.301	2136.66
105.336	2136.66
105.371	2021.17
105.396	2021.17
105.436	2078.92
105.466	2021.17
105.501	2021.17
105.536	2078.92
105.571	2021.17
105.601	2021.17
105.636	2078.92
105.671	2136.66
105.701	2136.66
105.736	2078.92
105.771	2136.66
105.796	2136.66
105.836	2136.66
105.871	2194.41
105.901	2194.41
105.936	2136.66
105.971	2194.41
106.001	2194.41
106.036	2136.66
106.071	2194.41
106.101	2194.41
106.136	2136.66
106.171	2194.41
106.201	2194.41
106.236	2136.66
106.271	2194.41
106.301	2194.41
106.336	2078.92
106.361	2078.92
106.401	2136.66
106.436	2078.92
106.471	2021.17
106.501	2021.17
106.536	1963.42
106.566	1963.42
106.601	2021.17
106.636	1963.42
106.666	1963.42
106.701	2021.17
106.736	2078.92
106.771	2078.92
106.801	2021.17
106.836	2136.66
106.871	2194.41
106.901	2194.41
106.936	2136.66
106.971	2194.41
107.001	2194.41
107.036	2136.66
107.061	2136.66
107.101	2136.66
107.136	2136.66
107.171	2078.92
107.201	2078.92
107.236	2136.66
107.261	2136.66
107.301	2078.92
107.336	2136.66
107.371	2194.41
107.401	2194.41
107.431	2136.66
107.471	2194.41
107.501	2194.41
107.536	2136.66
107.571	2078.92
107.601	2078.92
107.636	2021.17
107.671	1963.42
107.701	1963.42
107.736	1905.67
107.771	1963.42
107.801	1963.42
107.831	1963.42
107.871	2021.17
107.901	2021.17
107.936	1963.42
107.971	2021.17
108.001	2021.17
108.036	1963.42
108.071	2021.17
108.101	2021.17
108.136	2078.92
108.171	2078.92
108.201	2021.17
108.236	2078.92
108.271	2078.92
108.301	2021.17
108.336	2021.17
108.366	2021.17
108.401	2078.92
108.436	2078.92
108.471	2021.17
108.501	2078.92
108.536	2078.92
108.571	2021.17
108.601	2021.17
108.636	2078.92
108.671	2021.17
108.701	2021.17
108.736	2078.92
108.771	2136.66
108.801	2136.66
108.826	2136.66
108.856	2252.16
108.881	2309.91
108.906	2309.91
108.936	2252.16
108.971	2194.41
109.001	2194.41
109.036	2252.16
109.071	2194.41
109.101	2136.66
109.136	2194.41
109.171	2194.41
109.201	2136.66
109.236	2136.66
109.271	2194.41
109.301	2136.66
109.336	2194.41
109.371	2136.66
109.401	2078.92
109.436	2136.66
109.471	2136.66
109.501	2078.92
109.536	2078.92
109.571	2136.66
109.601	2078.92
109.636	2078.92
109.671	2021.17
109.701	2078.92
109.736	2078.92
109.771	2136.66
109.801	2194.41
109.836	2194.41
109.871	2078.92
109.896	2078.92
109.926	2136.66
109.971	2078.92
110.001	2078.92
110.026	2136.66
110.071	2078.92
110.101	2078.92
110.126	2136.66
110.171	2194.41
110.201	2194.41
110.236	2136.66
110.271	2078.92
110.301	2136.66
110.326	2194.41
110.371	2136.66
110.401	2136.66
110.436	2194.41
110.471	2136.66
110.501	2136.66
110.536	2194.41
110.571	2136.66
110.601	2136.66
110.636	2194.41
110.671	2136.66
110.701	2136.66
110.736	2078.92
110.771	2136.66
110.801	2136.66
110.836	2136.66
110.871	2194.41
110.901	2194.41
110.936	2136.66
110.971	2194.41
111.001	2194.41
111.036	2136.66
111.061	2136.66
111.101	2194.41
111.136	2136.66
111.171	2078.92
111.201	2078.92
111.236	2021.17
111.271	1963.42
111.296	1963.42
111.336	2078.92
111.371	2136.66
111.401	2136.66
111.436	2078.92
111.471	2136.66
111.501	2136.66
111.536	2078.92
111.566	2136.66
111.601	2136.66
111.636	2194.41
111.671	2136.66
111.701	2194.41
111.731	2194.41
111.761	2136.66
111.801	2194.41
111.836	2136.66
111.861	2078.92
111.901	2021.17
111.926	2021.17
111.971	2078.92
112.001	2021.17
112.036	2078.92
112.071	2078.92
112.101	2021.17
112.136	2021.17
112.171	1963.42
112.201	1963.42
112.236	1905.67
112.271	1963.42
112.301	1963.42
112.326	1905.67
112.371	1790.18
112.401	1790.18
112.436	1847.93
112.471	1905.67
112.501	1905.67
112.536	1847.93
112.571	1905.67
112.601	1905.67
112.636	1847.93
112.671	1847.93
112.701	1905.67
112.736	1963.42
112.771	1963.42
112.801	1905.67
112.836	1905.67
112.871	1905.67
112.901	1847.93
112.936	1905.67
112.971	1905.67
113.001	1847.93
113.036	1847.93
113.071	1790.18
113.101	1847.93
113.136	1847.93
113.171	1790.18
113.201	1790.18
113.236	1847.93
113.271	1790.18
113.301	1790.18
113.331	1905.67
113.371	1963.42
113.401	1963.42
113.436	1905.67
113.471	1963.42
113.501	1963.42
113.536	2021.17
113.571	2021.17
113.601	2078.92
113.636	2021.17
113.671	2078.92
113.701	2078.92
113.736	2021.17
113.771	2021.17
113.796	1963.42
113.836	1963.42
113.871	1963.42
113.901	1905.67
113.936	1963.42
113.971	1963.42
114.001	1905.67
114.036	1963.42
114.071	1963.42
114.101	1905.67
114.136	1905.67
114.171	1847.93
114.201	1847.93
114.236	1905.67
114.271	1963.42
114.301	1963.42
114.336	2078.92
114.371	2136.66
114.401	2136.66
114.436	2194.41
114.471	2136.66
114.501	2136.66
114.536	2194.41
114.571	2252.16
114.596	2252.16
114.636	2309.91
114.671	2367.65
114.701	2367.65
114.736	2425.4
114.771	2483.15
114.801	2425.4
114.836	2540.9
114.871	2540.9
114.901	2483.15
114.936	2425.4
114.971	2483.15
115.001	2483.15
115.036	2540.9
115.071	2483.15
115.101	2425.4
115.136	2483.15
115.171	2483.15
115.201	2425.4
115.236	2367.65
115.266	2367.65
115.301	2425.4
115.336	2309.91
115.371	2252.16
115.401	2252.16
115.436	2194.41
115.471	2136.66
115.501	2194.41
115.536	2194.41
115.561	2136.66
115.601	2194.41
115.636	2252.16
115.671	2252.16
115.701	2309.91
115.726	2309.91
115.756	2367.65
115.781	2425.4
115.806	2425.4
115.836	2425.4
115.871	2367.65
115.896	2367.65
115.936	2309.91
115.971	2367.65
115.996	2367.65
116.036	2309.91
116.071	2367.65
116.101	2425.4
116.136	2367.65
116.171	2367.65
116.201	2309.91
116.236	2367.65
116.271	2425.4
116.301	2425.4
116.336	2425.4
116.371	2483.15
116.396	2483.15
116.436	2425.4
116.471	2367.65
116.501	2425.4
116.536	2367.65
116.571	2367.65
116.601	2309.91
116.636	2367.65
116.671	2309.91
116.701	2309.91
116.736	2252.16
116.766	2252.16
116.801	2309.91
116.836	2309.91
116.866	2367.65
116.901	2425.4
116.936	2425.4
116.966	2483.15
117.001	2425.4
117.026	2425.4
117.066	2483.15
117.101	2425.4
117.136	2367.65
117.166	2367.65
117.201	2425.4
117.236	2367.65
117.266	2309.91
117.296	2309.91
117.326	2194.41
117.351	2194.41
117.376	2136.66
117.401	2194.41
117.436	2194.41
117.466	2136.66
117.501	2078.92
117.536	2021.17
117.566	2021.17
117.601	1963.42
117.636	2021.17
117.666	2021.17
117.701	2078.92
117.736	2078.92
117.766	2021.17
117.801	1963.42
117.836	1963.42
117.866	1963.42
117.891	1963.42
117.921	2021.17
117.946	2021.17
117.971	2078.92
118.001	2078.92
118.026	2021.17
118.066	2021.17
118.101	2078.92
118.136	2021.17
118.166	2021.17
118.201	1963.42
118.236	2021.17
118.266	2021.17
118.301	2078.92
118.336	2078.92
118.366	2078.92
118.401	2136.66
118.436	2078.92
118.466	2078.92
118.501	2021.17
118.536	2078.92
118.566	2078.92
118.601	2021.17
118.636	2078.92
118.666	2078.92
118.701	2021.17
118.736	2078.92
118.766	2078.92
118.801	2021.17
118.836	2021.17
118.866	2021.17
118.901	1963.42
118.936	1963.42
118.966	1905.67
119.001	1963.42
119.036	1963.42
119.066	2021.17
119.101	2021.17
119.136	2078.92
119.166	2021.17
119.201	2021.17
119.236	1963.42
119.266	1963.42
119.301	1905.67
119.336	2021.17
119.366	2021.17
119.401	2078.92
119.436	2021.17
119.466	2021.17
119.501	2078.92
119.536	2021.17
119.566	2021.17
119.596	1963.42
119.636	2021.17
119.666	2021.17
119.701	1963.42
119.736	2021.17
119.766	2021.17
119.801	1963.42
119.836	1963.42
119.866	1963.42
119.901	1905.67
119.936	1905.67
119.966	1847.93
120.001	1905.67
120.036	1905.67
120.066	1847.93
120.101	1905.67
120.136	1905.67
120.166	1847.93
120.201	1847.93
120.236	1790.18
120.266	1847.93
120.301	1847.93
120.336	1847.93
120.366	1847.93
120.401	1905.67
120.426	1905.67
120.466	1847.93
120.501	1905.67
120.536	1847.93
120.566	1847.93
120.601	1790.18
120.636	1847.93
120.666	1847.93
120.701	1790.18
120.736	1847.93
120.766	1847.93
120.801	1790.18
120.836	1847.93
120.866	1790.18
120.901	1732.43
120.936	1732.43
120.966	1674.68
121.001	1674.68
121.036	1616.94
121.066	1616.94
121.091	1674.68
121.136	1732.43
121.166	1732.43
121.201	1674.68
121.236	1674.68
121.266	1732.43
121.291	1732.43
121.336	1732.43
121.366	1732.43
121.401	1674.68
121.436	1674.68
121.466	1732.43
121.501	1674.68
121.536	1674.68
121.561	1674.68
121.601	1616.94
121.636	1674.68
121.666	1674.68
121.701	1616.94
121.736	1616.94
121.766	1559.19
121.801	1559.19
121.836	1674.68
121.866	1674.68
121.901	1616.94
121.936	1674.68
121.966	1674.68
122.001	1616.94
122.036	1616.94
122.066	1559.19
122.101	1559.19
122.136	1616.94
122.166	1616.94
122.201	1674.68
122.226	1674.68
122.266	1616.94
122.301	1616.94
122.336	1501.44
122.366	1501.44
122.401	1559.19
122.436	1559.19
122.466	1501.44
122.501	1559.19
122.536	1559.19
122.566	1559.19
122.601	1501.44
122.636	1443.69
122.666	1443.69
122.701	1501.44
122.736	1501.44
122.766	1443.69
122.801	1443.69
122.836	1559.19
122.866	1559.19
122.901	1616.94
122.936	1616.94
122.966	1559.19
123.001	1501.44
123.036	1501.44
123.066	1501.44
123.101	1559.19
123.136	1616.94
123.166	1616.94
123.201	1559.19
123.236	1559.19
123.266	1616.94
123.301	1616.94
123.336	1616.94
123.366	1616.94
123.401	1559.19
123.436	1559.19
123.466	1501.44
123.501	1501.44
123.536	1559.19
123.566	1559.19
123.601	1616.94
123.636	1559.19
123.666	1559.19
123.701	1501.44
123.736	1501.44
123.766	1501.44
123.801	1559.19
123.836	1559.19
123.866	1559.19
123.901	1616.94
123.936	1616.94
123.966	1559.19
124.001	1559.19
124.036	1501.44
124.066	1501.44
124.101	1559.19
124.136	1501.44
124.166	1501.44
124.201	1501.44
124.236	1559.19
124.266	1559.19
124.291	1501.44
124.336	1501.44
124.366	1501.44
124.401	1443.69
124.436	1443.69
124.466	1501.44
124.501	1501.44
124.536	1559.19
124.566	1559.19
124.601	1501.44
124.636	1501.44
124.666	1559.19
124.696	1559.19
124.736	1616.94
124.766	1616.94
124.801	1559.19
124.836	1559.19
124.866	1559.19
124.901	1616.94
124.936	1616.94
124.966	1559.19
125.001	1559.19
125.036	1616.94
125.066	1616.94
125.101	1559.19
125.136	1559.19
125.166	1501.44
125.201	1501.44
125.236	1559.19
125.266	1559.19
125.301	1616.94
125.336	1674.68
125.366	1732.43
125.401	1790.18
125.436	1790.18
125.466	1732.43
125.501	1732.43
125.536	1674.68
125.566	1674.68
125.601	1732.43
125.636	1732.43
125.666	1674.68
125.701	1732.43
125.736	1732.43
125.766	1732.43
125.801	1790.18
125.836	1674.68
125.866	1674.68
125.896	1616.94
125.936	1616.94
125.966	1674.68
126.001	1674.68
126.036	1732.43
126.066	1732.43
126.101	1790.18
126.136	1732.43
126.166	1732.43
126.201	1674.68
126.236	1674.68
126.266	1732.43
126.301	1732.43
126.336	1616.94
126.366	1616.94
126.401	1674.68
126.436	1674.68
126.466	1732.43
126.501	1732.43
126.536	1674.68
126.566	1674.68
126.601	1732.43
126.636	1674.68
126.666	1674.68
126.701	1732.43
126.736	1732.43
126.766	1674.68
126.801	1674.68
126.836	1674.68
126.866	1674.68
126.901	1732.43
126.936	1732.43
126.966	1674.68
127.001	1732.43
127.036	1732.43
127.066	1790.18
127.101	1790.18
127.136	1732.43
127.166	1790.18
127.201	1790.18
127.236	1732.43
127.266	1732.43
127.301	1790.18
127.336	1674.68
127.366	1674.68
127.401	1616.94
127.436	1674.68
127.466	1674.68
127.501	1616.94
127.536	1616.94
127.566	1559.19
127.601	1559.19
127.636	1616.94
127.666	1616.94
127.701	1559.19
127.736	1559.19
127.766	1616.94
127.801	1616.94
127.836	1501.44
127.866	1501.44
127.901	1559.19
127.936	1501.44
127.966	1501.44
128.001	1443.69
128.036	1443.69
128.066	1443.69
128.101	1501.44
128.136	1443.69
128.166	1443.69
128.201	1501.44
128.236	1501.44
128.266	1559.19
128.301	1559.19
128.336	1559.19
128.366	1559.19
128.391	1559.19
128.436	1559.19
128.466	1559.19
128.501	1616.94
128.536	1616.94
128.566	1616.94
128.601	1559.19
128.636	1501.44
128.666	1501.44
128.701	1559.19
128.736	1559.19
128.766	1616.94
128.801	1616.94
128.836	1501.44
128.866	1501.44
128.901	1443.69
128.936	1443.69
128.966	1501.44
129.001	1501.44
129.036	1559.19
129.066	1559.19
129.101	1501.44
129.136	1443.69
129.166	1443.69
129.201	1501.44
129.236	1501.44
129.266	1501.44
129.301	1559.19
129.336	1559.19
129.366	1559.19
129.401	1501.44
129.436	1501.44
129.466	1559.19
129.501	1559.19
129.536	1501.44
129.566	1501.44
129.601	1443.69
129.636	1501.44
129.666	1501.44
129.701	1559.19
129.736	1559.19
129.766	1559.19
129.801	1616.94
129.836	1501.44
129.866	1501.44
129.901	1559.19
129.936	1559.19
129.966	1616.94
130.001	1616.94
130.036	1559.19
130.066	1559.19
130.101	1501.44
130.136	1501.44
130.166	1559.19
130.201	1559.19
130.236	1501.44
130.266	1501.44
130.301	1559.19
130.336	1616.94
130.366	1559.19
130.401	1501.44
130.436	1501.44
130.466	1501.44
130.496	1443.69
130.536	1501.44
130.566	1501.44
130.601	1559.19
130.636	1559.19
130.666	1501.44
130.701	1501.44
130.736	1559.19
130.766	1559.19
130.801	1501.44
130.836	1501.44
130.866	1443.69
130.901	1443.69
130.936	1443.69
130.966	1443.69
131.001	1501.44
131.036	1443.69
131.066	1443.69
131.101	1501.44
131.136	1501.44
131.166	1443.69
131.201	1443.69
131.226	1443.69
131.266	1501.44
131.301	1559.19
131.336	1559.19
131.366	1559.19
131.401	1559.19
131.436	1616.94
131.466	1616.94
131.501	1674.68
131.536	1616.94
131.566	1616.94
131.601	1674.68
131.636	1674.68
131.666	1674.68
131.701	1732.43
131.736	1674.68
131.766	1674.68
131.801	1732.43
131.836	1732.43
131.866	1616.94
131.901	1616.94
131.936	1674.68
131.966	1674.68
132.001	1616.94
132.036	1616.94
132.066	1674.68
132.101	1674.68
132.136	1732.43
132.166	1732.43
132.191	1790.18
132.236	1732.43
132.266	1732.43
132.301	1674.68
132.336	1674.68
132.366	1790.18
132.401	1790.18
132.436	1732.43
132.466	1732.43
132.501	1790.18
132.536	1732.43
132.566	1732.43
132.601	1790.18
132.636	1790.18
132.666	1732.43
132.701	1674.68
132.736	1674.68
132.766	1616.94
132.801	1616.94
132.836	1732.43
132.866	1732.43
132.901	1790.18
132.936	1790.18
132.966	1732.43
133.001	1790.18
133.036	1790.18
133.066	1732.43
133.101	1732.43
133.136	1790.18
133.166	1790.18
133.201	1847.93
133.236	1790.18
133.266	1790.18
133.301	1732.43
133.336	1732.43
133.366	1732.43
133.401	1674.68
133.436	1674.68
133.466	1732.43
133.501	1674.68
133.536	1674.68
133.566	1732.43
133.601	1732.43
133.636	1790.18
133.666	1790.18
133.701	1847.93
133.736	1790.18
133.766	1790.18
133.801	1732.43
133.836	1732.43
133.866	1732.43
133.901	1674.68
133.936	1732.43
133.966	1732.43
133.996	1732.43
134.036	1674.68
134.066	1732.43
134.101	1732.43
134.136	1674.68
134.161	1674.68
134.201	1616.94
134.236	1674.68
134.266	1674.68
134.301	1732.43
134.336	1732.43
134.366	1732.43
134.401	1732.43
134.436	1674.68
134.466	1674.68
134.501	1616.94
134.536	1616.94
134.566	1559.19
134.601	1559.19
134.626	1559.19
134.666	1501.44
134.696	1559.19
134.736	1616.94
134.766	1616.94
134.801	1559.19
134.836	1559.19
134.866	1559.19
134.901	1674.68
134.936	1732.43
134.966	1732.43
135.001	1674.68
135.036	1674.68
135.066	1616.94
135.101	1616.94
135.136	1559.19
135.166	1559.19
135.201	1616.94
135.236	1559.19
135.266	1559.19
135.301	1616.94
135.336	1616.94
135.366	1616.94
135.401	1616.94
135.436	1559.19
135.466	1559.19
135.501	1501.44
135.536	1501.44
135.566	1559.19
135.601	1559.19
135.636	1616.94
135.666	1616.94
135.701	1559.19
135.736	1559.19
135.766	1616.94
135.801	1674.68
135.836	1732.43
135.866	1732.43
135.901	1790.18
135.936	1732.43
135.966	1732.43
136.001	1674.68
136.036	1732.43
136.066	1732.43
136.101	1790.18
136.136	1790.18
136.166	1732.43
136.201	1732.43
136.236	1790.18
136.266	1790.18
136.301	1732.43
136.336	1616.94
136.366	1616.94
136.401	1559.19
136.436	1559.19
136.466	1616.94
136.501	1559.19
136.536	1559.19
136.566	1559.19
136.601	1616.94
136.636	1559.19
136.666	1559.19
136.701	1501.44
136.736	1501.44
136.766	1559.19
136.801	1559.19
136.836	1559.19
136.866	1559.19
136.901	1501.44
136.936	1501.44
136.966	1443.69
137.001	1443.69
137.036	1501.44
137.066	1501.44
137.101	1443.69
137.136	1443.69
137.166	1443.69
137.201	1501.44
137.236	1501.44
137.266	1443.69
137.301	1443.69
137.336	1559.19
137.366	1559.19
137.391	1559.19
137.436	1501.44
137.466	1559.19
137.501	1559.19
137.536	1501.44
137.566	1501.44
137.601	1443.69
137.636	1443.69
137.666	1443.69
137.701	1501.44
137.736	1501.44
137.766	1501.44
137.801	1559.19
137.836	1559.19
137.866	1559.19
137.901	1616.94
137.936	1616.94
137.966	1559.19
138.001	1559.19
138.036	1616.94
138.066	1616.94
138.101	1559.19
138.136	1559.19
138.166	1616.94
138.201	1559.19
138.236	1559.19
138.266	1559.19
138.301	1616.94
138.336	1616.94
138.366	1616.94
138.401	1674.68
138.436	1674.68
138.466	1616.94
138.501	1616.94
138.536	1674.68
138.566	1674.68
138.601	1616.94
138.636	1616.94
138.666	1559.19
138.701	1559.19
138.736	1616.94
138.766	1616.94
138.801	1559.19
138.836	1616.94
138.866	1559.19
138.901	1616.94
138.936	1616.94
138.966	1616.94
139.001	1559.19
139.036	1501.44
139.066	1501.44
139.101	1559.19
139.136	1559.19
139.166	1616.94
139.201	1616.94
139.236	1559.19
139.266	1559.19
139.291	1559.19
139.321	1501.44
139.346	1443.69
139.371	1501.44
139.401	1559.19
139.436	1559.19
139.466	1559.19
139.501	1501.44
139.536	1443.69
139.566	1443.69
139.601	1501.44
139.636	1501.44
139.666	1443.69
139.701	1443.69
139.736	1501.44
139.766	1501.44
139.801	1443.69
139.836	1443.69
139.866	1559.19
139.901	1501.44
139.936	1501.44
139.966	1501.44
140.001	1559.19
140.036	1501.44
140.066	1501.44
140.101	1559.19
140.136	1559.19
140.166	1501.44
140.201	1501.44
140.236	1559.19
140.266	1559.19
140.301	1616.94
140.336	1616.94
140.366	1501.44
140.401	1501.44
140.436	1559.19
140.466	1559.19
140.501	1616.94
140.536	1559.19
140.566	1559.19
140.601	1616.94
140.636	1616.94
140.666	1616.94
140.701	1674.68
140.736	1616.94
140.766	1616.94
140.801	1674.68
140.836	1674.68
140.866	1674.68
140.901	1674.68
140.936	1616.94
140.966	1616.94
141.001	1559.19
141.036	1559.19
141.066	1616.94
141.101	1559.19
141.136	1559.19
141.166	1559.19
141.201	1616.94
141.236	1559.19
141.261	1559.19
141.301	1501.44
141.336	1501.44
141.366	1559.19
141.401	1501.44
141.436	1501.44
141.466	1501.44
141.501	1443.69
141.536	1443.69
141.566	1443.69
141.596	1443.69
141.636	1501.44
141.666	1501.44
141.701	1559.19
141.736	1501.44
141.766	1501.44
141.801	1559.19
141.836	1559.19
141.866	1501.44
141.901	1559.19
141.936	1616.94
141.966	1616.94
142.001	1559.19
142.036	1559.19
142.066	1616.94
142.101	1616.94
142.136	1559.19
142.166	1559.19
142.201	1616.94
142.236	1559.19
142.266	1559.19
142.301	1616.94
142.336	1616.94
142.366	1616.94
142.401	1501.44
142.436	1443.69
142.466	1443.69
142.501	1501.44
142.536	1501.44
142.566	1443.69
142.601	1443.69
142.636	1501.44
142.666	1501.44
142.701	1443.69
142.736	1443.69
142.766	1501.44
142.801	1443.69
142.836	1443.69
142.866	1443.69
142.901	1443.69
142.936	1501.44
142.966	1501.44
143.001	1559.19
143.036	1559.19
143.066	1501.44
143.101	1501.44
143.136	1559.19
143.166	1559.19
143.201	1616.94
143.236	1616.94
143.266	1674.68
143.301	1674.68
143.336	1674.68
143.366	1674.68
143.401	1616.94
143.436	1674.68
143.466	1674.68
143.501	1732.43
143.536	1732.43
143.566	1732.43
143.601	1674.68
143.636	1616.94
143.666	1616.94
143.701	1674.68
143.736	1674.68
143.766	1732.43
143.791	1732.43
143.836	1847.93
143.866	1847.93
143.901	1905.67
143.936	1847.93
143.966	1847.93
144.001	1790.18
144.036	1790.18
144.066	1847.93
144.101	1905.67
144.136	1905.67
144.166	1847.93
144.201	1905.67
144.236	1905.67
144.266	1847.93
144.301	1847.93
144.336	1963.42
144.366	2021.17
144.401	2021.17
144.436	1963.42
144.466	2021.17
144.501	2021.17
144.536	1963.42
144.566	1963.42
144.601	2021.17
144.636	2078.92
144.666	2078.92
144.701	2021.17
144.736	2078.92
144.766	2078.92
144.801	2021.17
144.836	2078.92
144.866	2136.66
144.901	2078.92
144.936	2136.66
144.966	2136.66
145.001	2078.92
145.036	2136.66
145.066	2136.66
145.101	2078.92
145.136	2136.66
145.166	2136.66
145.201	2078.92
145.236	2136.66
145.266	2136.66
145.301	2194.41
145.336	2309.91
145.366	2309.91
145.401	2367.65
145.436	2309.91
145.466	2367.65
145.501	2367.65
145.536	2425.4
145.566	2367.65
145.601	2425.4
145.636	2425.4
145.666	2367.65
145.701	2309.91
145.736	2367.65
145.766	2367.65
145.801	2309.91
145.836	2194.41
145.866	2194.41
145.896	2252.16
145.936	2194.41
145.966	2252.16
146.001	2194.41
146.036	2194.41
146.066	2136.66
146.101	2194.41
146.136	2252.16
146.166	2252.16
146.201	2194.41
146.236	2252.16
146.261	2252.16
146.301	2309.91
146.336	2425.4
146.361	2425.4
146.401	2483.15
146.436	2425.4
146.466	2367.65
146.501	2425.4
146.536	2425.4
146.566	2483.15
146.601	2425.4
146.636	2483.15
146.666	2483.15
146.701	2540.9
146.736	2483.15
146.766	2425.4
146.801	2483.15
146.836	2425.4
146.866	2367.65
146.901	2309.91
146.936	2367.65
146.966	2367.65
147.001	2309.91
147.036	2367.65
147.066	2367.65
147.101	2309.91
147.136	2252.16
147.166	2309.91
147.196	2309.91
147.236	2367.65
147.266	2309.91
147.301	2367.65
147.336	2309.91
147.366	2252.16
147.401	2194.41
147.436	2252.16
147.466	2252.16
147.501	2194.41
147.536	2136.66
147.566	2194.41
147.601	2194.41
147.636	2136.66
147.666	2078.92
147.701	2136.66
147.736	2136.66
147.766	2078.92
147.801	2136.66
147.836	2136.66
147.866	2136.66
147.901	2078.92
147.936	2136.66
147.966	2136.66
148.001	2078.92
148.036	2136.66
148.066	2136.66
148.101	2078.92
148.136	2021.17
148.166	2021.17
148.201	1963.42
148.236	1905.67
148.266	1905.67
148.301	1963.42
148.336	1847.93
148.366	1847.93
148.401	1905.67
148.436	1963.42
148.466	1963.42
148.501	2021.17
148.536	2078.92
148.566	2078.92
148.601	2021.17
148.636	2021.17
148.666	2078.92
148.701	2136.66
148.736	2136.66
148.766	2078.92
148.796	2136.66
148.836	2136.66
148.866	2021.17
148.901	1963.42
148.936	2021.17
148.961	2021.17
149.001	1963.42
149.036	2021.17
149.066	2021.17
149.101	1963.42
149.131	1963.42
149.166	1905.67
149.201	1963.42
149.236	1963.42
149.266	1905.67
149.301	1963.42
149.336	1963.42
149.366	1847.93
149.401	1905.67
149.436	1905.67
149.466	1963.42
149.501	1905.67
149.536	1905.67
149.566	1963.42
149.601	1963.42
149.636	1905.67
149.666	1905.67
149.701	1963.42
149.736	2021.17
149.766	2021.17
149.801	1963.42
149.836	2078.92
149.866	2078.92
149.901	2021.17
149.936	2078.92
149.966	2078.92
150.001	2021.17
150.036	2078.92
150.066	2078.92
150.101	2136.66
150.136	2078.92
150.166	2078.92
150.201	2021.17
150.236	2078.92
150.266	2078.92
150.301	2021.17
150.336	2021.17
150.366	2021.17
150.401	1963.42
150.436	1963.42
150.466	2021.17
150.501	2078.92
150.536	2078.92
150.566	2021.17
150.601	2078.92
150.636	2078.92
150.666	2021.17
150.691	2021.17
150.736	2078.92
150.766	2136.66
150.801	2136.66
150.836	2136.66
150.866	2194.41
150.901	2252.16
150.936	2252.16
150.966	2194.41
151.001	2252.16
151.036	2309.91
151.066	2309.91
151.101	2252.16
151.136	2309.91
151.166	2309.91
151.201	2252.16
151.226	2194.41
151.266	2252.16
151.301	2252.16
151.336	2252.16
151.366	2194.41
151.396	2194.41
151.436	2252.16
151.466	2309.91
151.501	2252.16
151.536	2309.91
151.566	2309.91
151.601	2367.65
151.636	2425.4
151.666	2425.4
151.701	2483.15
151.736	2425.4
151.766	2367.65
151.801	2367.65
151.836	2367.65
151.866	2309.91
151.901	2252.16
151.936	2194.41
151.966	2194.41
152.001	2136.66
152.036	2194.41
152.066	2194.41
152.101	2252.16
152.136	2194.41
152.166	2252.16
152.201	2309.91
152.236	2309.91
152.266	2252.16
152.301	2309.91
152.336	2252.16
152.366	2309.91
152.401	2252.16
152.431	2252.16
152.466	2309.91
152.501	2252.16
152.536	2194.41
152.566	2252.16
152.601	2252.16
152.626	2194.41
152.666	2252.16
152.701	2309.91
152.736	2309.91
152.766	2252.16
152.801	2309.91
152.836	2252.16
152.866	2309.91
152.901	2252.16
152.936	2309.91
152.961	2309.91
153.001	2252.16
153.036	2309.91
153.066	2367.65
153.101	2367.65
153.136	2425.4
153.166	2367.65
153.201	2425.4
153.236	2425.4
153.266	2367.65
153.301	2309.91
153.336	2425.4
153.366	2425.4
153.401	2367.65
153.436	2309.91
153.466	2367.65
153.501	2367.65
153.536	2309.91
153.566	2252.16
153.601	2309.91
153.636	2309.91
153.666	2252.16
153.701	2194.41
153.736	2252.16
153.766	2252.16
153.801	2194.41
153.836	2078.92
153.866	2078.92
153.901	2021.17
153.936	1963.42
153.966	1963.42
154.001	2021.17
154.036	2078.92
154.066	2078.92
154.101	2021.17
154.136	2078.92
154.161	2078.92
154.201	2021.17
154.236	2021.17
154.266	2078.92
154.301	2136.66
154.336	2136.66
154.366	2136.66
154.401	2194.41
154.436	2252.16
154.466	2252.16
154.501	2194.41
154.536	2136.66
154.566	2136.66
154.601	2194.41
154.636	2136.66
154.666	2078.92
154.701	2136.66
154.736	2136.66
154.766	2078.92
154.801	2136.66
154.836	2136.66
154.866	2136.66
154.901	2194.41
154.936	2252.16
154.966	2252.16
155.001	2194.41
155.036	2252.16
155.066	2252.16
155.101	2309.91
155.136	2252.16
155.166	2309.91
155.201	2367.65
155.236	2367.65
155.266	2309.91
155.301	2367.65
155.336	2367.65
155.366	2252.16
155.401	2194.41
155.436	2252.16
155.466	2252.16
155.501	2309.91
155.536	2367.65
155.566	2367.65
155.601	2425.4
155.636	2367.65
155.666	2309.91
155.701	2367.65
155.736	2367.65
155.766	2309.91
155.801	2367.65
155.836	2425.4
155.866	2483.15
155.901	2540.9
155.936	2598.65
155.966	2656.39
156.001	2598.65
156.036	2598.65
156.066	2540.9
156.101	2483.15
156.136	2425.4
156.166	2483.15
156.201	2483.15
156.236	2540.9
156.266	2483.15
156.301	2425.4
156.336	2309.91
156.366	2367.65
156.401	2367.65
156.436	2309.91
156.466	2252.16
156.491	2252.16
156.536	2309.91
156.566	2252.16
156.601	2194.41
156.626	2194.41
156.666	2252.16
156.701	2194.41
156.736	2136.66
156.766	2136.66
156.801	2194.41
156.836	2194.41
156.866	2252.16
156.901	2194.41
156.936	2194.41
156.966	2136.66
157.001	2194.41
157.036	2252.16
157.066	2252.16
157.101	2194.41
157.136	2252.16
157.166	2252.16
157.201	2194.41
157.236	2252.16
157.266	2194.41
157.301	2252.16
157.336	2194.41
157.366	2136.66
157.401	2194.41
157.426	2194.41
157.466	2136.66
157.501	2194.41
157.536	2136.66
157.566	2136.66
157.601	2078.92
157.636	2136.66
157.666	2136.66
157.701	2078.92
157.736	2136.66
157.766	2136.66
157.801	2078.92
157.836	2078.92
157.866	2078.92
157.901	2136.66
157.936	2078.92
157.966	2078.92
158.001	2136.66
158.026	2136.66
158.066	2194.41
158.101	2252.16
158.136	2194.41
158.166	2252.16
158.201	2252.16
158.236	2194.41
158.266	2136.66
158.301	2194.41
158.336	2252.16
158.366	2194.41
158.401	2252.16
158.436	2309.91
158.466	2309.91
158.501	2252.16
158.536	2194.41
158.566	2194.41
158.601	2252.16
158.636	2194.41
158.666	2252.16
158.701	2309.91
158.736	2309.91
158.766	2252.16
158.801	2309.91
158.836	2252.16
158.866	2194.41
158.901	2136.66
158.936	2194.41
158.966	2194.41
159.001	2136.66
159.036	2078.92
159.066	2078.92
159.101	2136.66
159.136	2078.92
159.166	2136.66
159.201	2136.66
159.236	2078.92
159.266	2136.66
159.301	2136.66
159.336	2021.17
159.366	2078.92
159.401	2136.66
159.431	2136.66
159.456	2136.66
159.496	2194.41
159.536	2252.16
159.566	2309.91
159.601	2252.16
159.631	2252.16
159.666	2309.91
159.701	2252.16
159.736	2309.91
159.766	2309.91
159.801	2367.65
159.836	2367.65
159.866	2425.4
159.901	2483.15
159.936	2483.15
159.966	2425.4
160.001	2483.15
160.036	2483.15
160.066	2540.9
160.101	2483.15
160.136	2540.9
160.166	2540.9
160.201	2598.65
160.236	2656.39
160.266	2714.14
160.301	2771.89
160.336	2771.89
160.366	2829.64
160.401	2829.64
160.431	2771.89
160.466	2714.14
160.501	2771.89
160.536	2714.14
160.566	2771.89
160.601	2714.14
160.636	2656.39
160.666	2656.39
160.701	2598.65
160.736	2540.9
160.766	2598.65
160.801	2598.65
160.836	2540.9
160.866	2540.9
160.901	2598.65
160.936	2540.9
160.966	2483.15
161.001	2540.9
161.036	2598.65
161.066	2598.65
161.101	2540.9
161.136	2598.65
161.166	2540.9
161.201	2598.65
161.236	2540.9
161.266	2540.9
161.301	2483.15
161.336	2483.15
161.366	2540.9
161.401	2598.65
161.436	2540.9
161.466	2540.9
161.501	2483.15
161.536	2425.4
161.566	2483.15
161.601	2540.9
161.636	2540.9
161.666	2483.15
161.701	2425.4
161.736	2367.65
161.766	2425.4
161.801	2425.4
161.836	2309.91
161.866	2252.16
161.891	2252.16
161.936	2252.16
161.966	2252.16
162.001	2194.41
162.036	2252.16
162.066	2252.16
162.101	2194.41
162.136	2252.16
162.166	2309.91
162.201	2309.91
162.236	2252.16
162.266	2194.41
162.301	2194.41
162.336	2194.41
162.366	2136.66
162.401	2078.92
162.436	2136.66
162.466	2136.66
162.501	2078.92
162.536	2136.66
162.566	2136.66
162.601	2078.92
162.636	2021.17
162.666	2021.17
162.701	1963.42
162.736	2021.17
162.766	2021.17
162.801	1963.42
162.836	1963.42
162.866	1963.42
162.901	2021.17
162.936	2021.17
162.966	1963.42
162.991	1963.42
163.036	2021.17
163.066	1963.42
163.101	1905.67
163.136	1905.67
163.166	1963.42
163.201	1963.42
163.226	2021.17
163.266	2078.92
163.301	2078.92
163.336	2078.92
163.366	2136.66
163.401	2136.66
163.436	2078.92
163.466	2078.92
163.501	2136.66
163.536	2078.92
163.566	2078.92
163.601	2021.17
163.636	1963.42
163.666	1963.42
163.701	1905.67
163.736	1963.42
163.766	1963.42
163.801	1905.67
163.836	1963.42
163.866	2021.17
163.901	1963.42
163.936	1963.42
163.966	2021.17
164.001	2078.92
164.036	2078.92
164.066	2021.17
164.101	2078.92
164.136	2078.92
164.166	2021.17
164.201	2021.17
164.236	2078.92
164.266	2136.66
164.301	2136.66
164.336	2136.66
164.366	2194.41
164.401	2252.16
164.436	2252.16
164.466	2194.41
164.501	2136.66
164.536	2136.66
164.566	2136.66
164.601	2136.66
164.636	2136.66
164.666	2136.66
164.701	2136.66
164.736	2136.66
164.766	2136.66
164.801	2136.66
164.836	2136.66
164.866	2136.66
164.901	2136.66
164.936	2136.66
164.966	2136.66
165.001	2136.66
165.036	2136.66
165.066	2136.66
165.101	2136.66
165.136	2136.66
165.166	2136.66
165.201	2136.66
165.236	2136.66
165.266	2136.66
165.301	2136.66
165.336	2136.66
165.366	2136.66
165.401	2136.66
165.436	2136.66
165.466	2136.66
165.501	2136.66
165.536	2136.66
165.566	2136.66
165.601	2136.66
165.636	2136.66
165.666	2136.66
165.701	2136.66
165.736	2136.66
165.766	2136.66
165.801	2136.66
165.836	2136.66
165.866	2136.66
165.901	2136.66
165.936	2136.66
165.966	2136.66
166.001	2136.66
166.036	2136.66
166.066	2136.66
166.101	2136.66
166.136	2136.66
166.166	2136.66
166.201	2136.66
166.236	2136.66
166.266	2136.66
166.301	2136.66
166.336	2136.66
166.366	2136.66
166.401	2136.66
166.436	2136.66
166.466	2136.66
166.501	2136.66
166.526	2136.66
166.566	2136.66
166.601	2136.66
166.636	2136.66
166.666	2136.66
166.701	2136.66
166.736	2136.66
166.766	2136.66
166.801	2136.66
166.836	2136.66
166.866	2136.66
166.901	2136.66
166.936	2136.66
166.966	2136.66
167.001	2136.66
167.036	2136.66
167.066	2136.66
167.101	2136.66
167.136	2136.66
167.166	2136.66
167.201	2136.66
167.236	2136.66
167.266	2136.66
167.301	2136.66
167.336	2136.66
167.366	2136.66
167.401	2136.66
167.436	2136.66
167.466	2136.66
167.501	2136.66
167.536	2136.66
167.566	2136.66
167.601	2136.66
167.626	2136.66
167.666	2136.66
167.701	2136.66
167.736	2136.66
167.766	2136.66
167.801	2136.66
167.836	2136.66
167.866	2136.66
167.901	2136.66
167.936	2136.66
167.966	2136.66
168.001	2136.66
168.036	2136.66
168.066	2136.66
168.101	2136.66
168.136	2136.66
168.166	2136.66
168.201	2136.66
168.236	2136.66
168.266	2136.66
168.301	2136.66
168.336	2136.66
168.366	2136.66
168.401	2136.66
168.436	2136.66
168.466	2136.66
168.501	2136.66
168.536	2136.66
168.561	2136.66
168.601	2136.66
168.631	2136.66
168.666	2136.66
168.701	2136.66
168.731	2136.66
168.766	2136.66
168.801	2136.66
168.836	2136.66
168.866	2136.66
168.901	2136.66
168.936	2136.66
168.966	2136.66
169.001	2136.66
169.036	2136.66
169.066	2136.66
169.101	2136.66
169.136	2136.66
169.166	2136.66
169.201	2136.66
169.236	2136.66
169.266	2136.66
169.301	2136.66
169.336	2136.66
169.366	2136.66
169.401	2136.66
169.436	2136.66
169.466	2136.66
169.501	2136.66
169.536	2136.66
169.566	2136.66
169.601	2136.66
169.636	2136.66
169.666	2136.66
169.701	2136.66
169.736	2136.66
169.766	2136.66
169.801	2136.66
169.836	2136.66
169.866	2136.66
169.901	2136.66
169.936	2136.66
169.966	2136.66
170.001	2136.66
170.036	2136.66
170.066	2136.66
170.101	2136.66
170.136	2136.66
170.166	2136.66
170.201	2136.66
170.236	2136.66
170.266	2136.66
170.301	2136.66
170.336	2136.66
170.366	2136.66
170.401	2136.66
170.436	2136.66
170.466	2136.66
170.501	2136.66
170.536	2136.66
170.566	2136.66
170.601	2136.66
170.636	2136.66
170.666	2136.66
170.701	2136.66
170.736	2136.66
170.766	2136.66
170.801	2136.66
170.836	2136.66
170.866	2136.66
170.901	2136.66
170.936	2136.66
170.966	2136.66
171.001	2136.66
171.036	2136.66
171.066	2136.66
171.101	2136.66
171.136	2136.66
171.166	2136.66
171.201	2136.66
171.236	2136.66
171.266	2136.66
171.301	2136.66
171.336	2136.66
171.366	2136.66
171.401	2136.66
171.436	2136.66
171.466	2136.66
171.501	2136.66
171.536	2136.66
171.566	2136.66
171.601	2136.66
171.636	2136.66
171.666	2136.66
171.701	2136.66
171.736	2136.66
171.766	2136.66
171.801	2136.66
171.836	2136.66
171.866	2136.66
171.901	2136.66
171.936	2136.66
171.966	2136.66
172.001	2136.66
172.036	2136.66
172.066	2136.66
172.091	2136.66
172.136	2136.66
172.166	2136.66
172.196	2136.66
172.236	2136.66
172.266	2136.66
172.301	2136.66
172.336	2136.66
172.366	2136.66
172.401	2136.66
172.436	2136.66
172.466	2136.66
172.501	2136.66
172.536	2136.66
172.566	2136.66
172.601	2136.66
172.636	2136.66
172.666	2136.66
172.701	2136.66
172.736	2136.66
172.766	2136.66
172.801	2136.66
172.836	2136.66
172.866	2136.66
172.901	2136.66
172.936	2136.66
172.966	2136.66
173.001	2136.66
173.036	2136.66
173.066	2136.66
173.101	2136.66
173.136	2136.66
173.166	2136.66
173.201	2136.66
173.236	2136.66
173.266	2136.66
173.301	2136.66
173.336	2136.66
173.366	2136.66
173.401	2136.66
173.436	2136.66
173.466	2136.66
173.501	2136.66
173.531	2136.66
173.566	2136.66
173.601	2136.66
173.636	2136.66
173.666	2136.66
173.701	2136.66
173.736	2136.66
173.766	2136.66
173.801	2136.66
173.836	2136.66
173.866	2136.66
173.901	2136.66
173.936	2136.66
173.966	2136.66
174.001	2136.66
174.036	2136.66
174.066	2136.66
174.101	2136.66
174.136	2136.66
174.166	2136.66
174.201	2136.66
174.236	2136.66
174.266	2136.66
174.301	2136.66
174.336	2136.66
174.366	2136.66
174.401	2136.66
174.436	2136.66
174.466	2136.66
174.501	2136.66
174.536	2136.66
174.566	2136.66
174.601	2136.66
174.636	2136.66
174.666	2136.66
174.701	2136.66
174.736	2136.66
174.766	2136.66
174.801	2136.66
174.836	2136.66
174.866	2136.66
174.901	2136.66
174.936	2136.66
174.966	2136.66
175.001	2136.66
175.036	2136.66
175.066	2136.66
175.101	2136.66
175.136	2136.66
175.166	2136.66
175.191	2136.66
175.236	2136.66
175.266	2136.66
175.301	2136.66
175.336	2136.66
175.366	2136.66
175.401	2136.66
175.436	2136.66
175.466	2136.66
175.501	2136.66
175.536	2136.66
175.566	2136.66
175.596	2136.66
175.636	2136.66
175.666	2136.66
175.701	2136.66
175.736	2136.66
175.766	2136.66
175.796	2136.66
175.836	2136.66
175.866	2136.66
175.901	2136.66
175.936	2136.66
175.966	2136.66
176.001	2136.66
176.036	2136.66
176.066	2136.66
176.101	2136.66
176.136	2136.66
176.166	2136.66
176.201	2136.66
176.236	2136.66
176.266	2136.66
176.301	2136.66
176.336	2136.66
176.366	2136.66
176.401	2136.66
176.436	2136.66
176.466	2136.66
176.501	2136.66
176.531	2136.66
176.566	2136.66
176.601	2136.66
176.636	2136.66
176.666	2136.66
176.701	2136.66
176.736	2136.66
176.766	2136.66
176.801	2136.66
176.836	2136.66
176.866	2136.66
176.901	2136.66
176.936	2136.66
176.966	2136.66
177.001	2136.66
177.036	2136.66
177.066	2136.66
177.101	2136.66
177.136	2136.66
177.166	2136.66
177.201	2136.66
177.236	2136.66
177.266	2136.66
177.301	2136.66
177.336	2136.66
177.366	2136.66
177.401	2136.66
177.436	2136.66
177.466	2136.66
177.501	2136.66
177.536	2136.66
177.566	2136.66
177.601	2136.66
177.636	2136.66
177.666	2136.66
177.701	2136.66
177.736	2136.66
177.766	2136.66
177.801	2136.66
177.836	2136.66
177.866	2136.66
177.901	2136.66
177.936	2136.66
177.966	2136.66
178.001	2136.66
178.036	2136.66
178.066	2136.66
178.101	2136.66
178.136	2136.66
178.166	2136.66
178.191	2136.66
178.236	2136.66
178.266	2136.66
178.301	2136.66
178.336	2136.66
178.366	2136.66
178.401	2136.66
178.436	2136.66
178.466	2136.66
178.501	2136.66
178.536	2136.66
178.566	2136.66
178.601	2136.66
178.636	2136.66
178.666	2136.66
178.701	2136.66
178.736	2136.66
178.766	2136.66
178.801	2136.66
178.836	2136.66
178.866	2136.66
178.901	2136.66
178.926	2136.66
178.966	2136.66
179.001	2136.66
179.036	2136.66
179.066	2136.66
179.101	2136.66
179.136	2136.66
179.166	2136.66
179.201	2136.66
179.236	2136.66
179.266	2136.66
179.301	2136.66
179.336	2136.66
179.366	2136.66
179.401	2136.66
179.436	2136.66
179.466	2136.66
179.501	2136.66
179.536	2136.66
179.566	2136.66
179.601	2136.66
179.636	2136.66
179.666	2136.66
179.701	2136.66
179.736	2136.66
179.766	2136.66
179.801	2136.66
179.836	2136.66
179.866	2136.66
179.901	2136.66
179.931	2136.66
179.966	2136.66
180.001	2136.66
180.036	2136.66
180.066	2136.66
180.101	2136.66
180.136	2136.66
180.166	2136.66
180.201	2136.66
180.236	2136.66
180.266	2136.66
180.301	2136.66
180.336	2136.66
180.366	2136.66
180.401	2136.66
180.436	2136.66
180.466	2136.66
180.501	2136.66
180.536	2136.66
180.566	2136.66
180.601	2136.66
180.636	2136.66
180.666	2136.66
180.701	2136.66
180.736	2136.66
180.766	2136.66
180.801	2136.66
180.836	2136.66
180.866	2136.66
180.901	2136.66
180.936	2136.66
180.966	2136.66
181.001	2136.66
181.036	2136.66
181.066	2136.66
181.101	2136.66
181.136	2136.66
181.166	2136.66
181.191	2136.66
181.236	2136.66
181.266	2136.66
181.301	2136.66
181.336	2136.66
181.366	2136.66
181.401	2136.66
181.436	2136.66
181.466	2136.66
181.501	2136.66
181.536	2136.66
181.561	2136.66
181.601	2136.66
181.636	2136.66
181.666	2136.66
181.701	2136.66
181.736	2136.66
181.766	2136.66
181.801	2136.66
181.836	2136.66
181.866	2136.66
181.901	2136.66
181.936	2136.66
181.966	2136.66
182.001	2136.66
182.036	2136.66
182.066	2136.66
182.101	2136.66
182.136	2136.66
182.166	2136.66
182.201	2136.66
182.236	2136.66
182.266	2136.66
182.301	2136.66
182.336	2136.66
182.366	2136.66
182.401	2136.66
182.436	2136.66
182.461	2136.66
182.491	2136.66
182.536	2136.66
182.566	2136.66
182.601	2136.66
182.636	2136.66
182.666	2136.66
182.701	2136.66
182.736	2136.66
182.766	2136.66
182.801	2136.66
182.836	2136.66
182.866	2136.66
182.901	2136.66
182.936	2136.66
182.966	2136.66
183.001	2136.66
183.036	2136.66
183.066	2136.66
183.101	2136.66
183.136	2136.66
183.166	2136.66
183.201	2136.66
183.236	2136.66
183.266	2136.66
183.301	2136.66
183.336	2136.66
183.366	2136.66
183.401	2136.66
183.426	2136.66
183.466	2136.66
183.501	2136.66
183.536	2136.66
183.566	2136.66
183.601	2136.66
183.636	2136.66
183.666	2136.66
183.701	2136.66
183.736	2136.66
183.766	2136.66
183.801	2136.66
183.836	2136.66
183.866	2136.66
183.901	2136.66
183.936	2136.66
183.966	2136.66
184.001	2136.66
184.036	2136.66
184.066	2136.66
184.101	2136.66
184.136	2136.66
184.166	2136.66
184.201	2136.66
184.236	2136.66
184.266	2136.66
184.301	2136.66
184.336	2136.66
184.366	2136.66
184.401	2136.66
184.436	2136.66
184.466	2136.66
184.501	2136.66
184.526	2136.66
184.566	2136.66
184.601	2136.66
184.636	2136.66
184.666	2136.66
184.701	2136.66
184.736	2136.66
184.766	2136.66
184.796	2136.66
184.836	2136.66
184.866	2136.66
184.896	2136.66
184.936	2136.66
184.966	2136.66
185.001	2136.66
185.036	2136.66
185.066	2136.66
185.101	2136.66
185.136	2136.66
185.166	2136.66
185.201	2136.66
185.236	2136.66
185.266	2136.66
185.301	2136.66
185.336	2136.66
185.366	2136.66
185.401	2136.66
185.436	2136.66
185.466	2136.66
185.491	2136.66
185.536	2136.66
185.566	2136.66
185.601	2136.66
185.636	2136.66
185.666	2136.66
185.701	2136.66
185.736	2136.66
185.766	2136.66
185.801	2136.66
185.836	2136.66
185.866	2136.66
185.891	2136.66
185.936	2136.66
185.966	2136.66
186.001	2136.66
186.036	2136.66
186.066	2136.66
186.101	2136.66
186.136	2136.66
186.166	2136.66
186.201	2136.66
186.236	2136.66
186.266	2136.66
186.301	2136.66
186.336	2136.66
186.366	2136.66
186.401	2136.66
186.436	2136.66
186.466	2136.66
186.501	2136.66
186.536	2136.66
186.566	2136.66
186.601	2136.66
186.636	2136.66
186.666	2136.66
186.701	2136.66
186.736	2136.66
186.766	2136.66
186.801	2136.66
186.836	2136.66
186.866	2136.66
186.901	2136.66
186.936	2136.66
186.966	2136.66
187.001	2136.66
187.036	2136.66
187.066	2136.66
187.101	2136.66
187.136	2136.66
187.166	2136.66
187.201	2136.66
187.236	2136.66
187.266	2136.66
187.296	2136.66
187.336	2136.66
187.366	2136.66
187.401	2136.66
187.436	2136.66
187.466	2136.66
187.501	2136.66
187.536	2136.66
187.566	2136.66
187.601	2136.66
187.626	2136.66
187.666	2136.66
187.701	2136.66
187.736	2136.66
187.766	2136.66
187.801	2136.66
187.836	2136.66
187.866	2136.66
187.901	2136.66
187.931	2136.66
187.966	2136.66
188.001	2136.66
188.036	2136.66
188.066	2136.66
188.101	2136.66
188.136	2136.66
188.166	2136.66
188.201	2136.66
188.236	2136.66
188.266	2136.66
188.301	2136.66
188.336	2136.66
188.366	2136.66
188.401	2136.66
188.436	2136.66
188.466	2136.66
188.501	2136.66
188.536	2136.66
188.566	2136.66
188.601	2136.66
188.636	2136.66
188.666	2136.66
188.701	2136.66
188.736	2136.66
188.766	2136.66
188.801	2136.66
188.836	2136.66
188.866	2136.66
188.901	2136.66
188.936	2136.66
188.966	2136.66
189.001	2136.66
189.036	2136.66
189.066	2136.66
189.101	2136.66
189.136	2136.66
189.166	2136.66
189.201	2136.66
189.236	2136.66
189.266	2136.66
189.301	2136.66
189.336	2136.66
189.366	2136.66
189.401	2136.66
189.436	2136.66
189.466	2136.66
189.501	2136.66
189.536	2136.66
189.566	2136.66
189.601	2136.66
189.636	2136.66
189.666	2136.66
189.701	2136.66
189.736	2136.66
189.766	2136.66
189.801	2136.66
189.836	2136.66
189.866	2136.66
189.901	2136.66
189.936	2136.66
189.966	2136.66
190.001	2136.66
190.026	2136.66
190.066	2136.66
190.101	2136.66
190.136	2136.66
190.166	2136.66
190.201	2136.66
190.236	2136.66
190.266	2136.66
190.301	2136.66
190.336	2136.66
190.366	2136.66
190.401	2136.66
190.436	2136.66
190.466	2136.66
190.501	2136.66
190.536	2136.66
190.566	2136.66
190.601	2136.66
190.631	2136.66
190.666	2136.66
190.701	2136.66
190.736	2136.66
190.761	2136.66
190.801	2136.66
190.836	2136.66
190.866	2136.66
190.901	2136.66
190.936	2136.66
190.966	2136.66
191.001	2136.66
191.036	2136.66
191.066	2136.66
191.101	2136.66
191.136	2136.66
191.161	2136.66
191.201	2136.66
191.236	2136.66
191.266	2136.66
191.301	2136.66
191.336	2136.66
191.366	2136.66
191.401	2136.66
191.436	2136.66
191.466	2136.66
191.501	2136.66
191.536	2136.66
191.561	2136.66
191.601	2136.66
191.636	2136.66
191.666	2136.66
191.701	2136.66
191.736	2136.66
191.766	2136.66
191.801	2136.66
191.836	2136.66
191.866	2136.66
191.901	2136.66
191.936	2136.66
191.966	2136.66
192.001	2136.66
192.036	2136.66
192.066	2136.66
192.101	2136.66
192.136	2136.66
192.166	2136.66
192.201	2136.66
192.236	2136.66
192.266	2136.66
192.301	2136.66
192.336	2136.66
192.366	2136.66
192.401	2136.66
192.436	2136.66
192.466	2136.66
192.501	2136.66
192.536	2136.66
192.566	2136.66
192.601	2136.66
192.636	2136.66
192.666	2136.66
192.701	2136.66
192.736	2136.66
192.766	2136.66
192.801	2136.66
192.831	2136.66
192.866	2136.66
192.901	2136.66
192.936	2136.66
192.966	2136.66
193.001	2136.66
193.036	2136.66
193.066	2136.66
193.101	2136.66
193.136	2136.66
193.166	2136.66
193.201	2136.66
193.236	2136.66
193.266	2136.66
193.301	2136.66
193.336	2136.66
193.366	2136.66
193.401	2136.66
193.436	2136.66
193.466	2136.66
193.501	2136.66
193.536	2136.66
193.566	2136.66
193.601	2136.66
193.636	2136.66
193.666	2136.66
193.701	2136.66
193.736	2136.66
193.766	2136.66
193.801	2136.66
193.836	2136.66
193.866	2136.66
193.901	2136.66
193.936	2136.66
193.966	2136.66
194.001	2136.66
194.036	2136.66
194.066	2136.66
194.101	2136.66
194.136	2136.66
194.166	2136.66
194.201	2136.66
194.236	2136.66
194.266	2136.66
194.301	2136.66
194.336	2136.66
194.366	2136.66
194.401	2136.66
194.436	2136.66
194.466	2136.66
194.501	2136.66
194.536	2136.66
194.566	2136.66
194.601	2136.66
194.636	2136.66
194.666	2136.66
194.701	2136.66
194.736	2136.66
194.766	2136.66
194.801	2136.66
194.836	2136.66
194.866	2136.66
194.901	2136.66
194.936	2136.66
194.966	2136.66
195.001	2136.66
195.036	2136.66
195.066	2136.66
195.091	2136.66
195.136	2136.66
195.166	2136.66
195.201	2136.66
195.236	2136.66
195.266	2136.66
195.301	2136.66
195.336	2136.66
195.366	2136.66
195.401	2136.66
195.436	2136.66
195.466	2136.66
195.501	2136.66
195.536	2136.66
195.566	2136.66
195.601	2136.66
195.636	2136.66
195.666	2136.66
195.701	2136.66
195.736	2136.66
195.766	2136.66
195.801	2136.66
195.836	2136.66
195.866	2136.66
195.901	2136.66
195.936	2136.66
195.966	2136.66
196.001	2136.66
196.036	2136.66
196.066	2136.66
196.101	2136.66
196.136	2136.66
196.166	2136.66
196.201	2136.66
196.236	2136.66
196.266	2136.66
196.301	2136.66
196.336	2136.66
196.366	2136.66
196.401	2136.66
196.436	2136.66
196.466	2136.66
196.496	2136.66
196.536	2136.66
196.566	2136.66
196.601	2136.66
196.636	2136.66
196.666	2136.66
196.701	2136.66
196.736	2136.66
196.766	2136.66
196.801	2136.66
196.836	2136.66
196.866	2136.66
196.901	2136.66
196.936	2136.66
196.966	2136.66
197.001	2136.66
197.036	2136.66
197.066	2136.66
197.101	2136.66
197.136	2136.66
197.166	2136.66
197.201	2136.66
197.236	2136.66
197.266	2136.66
197.301	2136.66
197.336	2136.66
197.366	2136.66
197.401	2136.66
197.436	2136.66
197.466	2136.66
197.501	2136.66
197.536	2136.66
197.566	2136.66
197.601	2136.66
197.636	2136.66
197.666	2136.66
197.701	2136.66
197.736	2136.66
197.766	2136.66
197.801	2136.66
197.836	2136.66
197.866	2136.66
197.901	2136.66
197.936	2136.66
197.966	2136.66
197.991	2136.66
198.016	2136.66
198.041	2136.66
198.066	2136.66
198.101	2136.66
198.136	2136.66
198.161	2136.66
198.196	2136.66
198.236	2136.66
198.266	2136.66
198.301	2136.66
198.336	2136.66
198.366	2136.66
198.401	2136.66
198.436	2136.66
198.466	2136.66
198.501	2136.66
198.536	2136.66
198.566	2136.66
198.601	2136.66
198.636	2136.66
198.666	2136.66
198.701	2136.66
198.736	2136.66
198.766	2136.66
198.801	2136.66
198.836	2136.66
198.866	2136.66
198.901	2136.66
198.936	2136.66
198.966	2136.66
199.001	2136.66
199.036	2136.66
199.066	2136.66
199.101	2136.66
199.136	2136.66
199.166	2136.66
199.201	2136.66
199.236	2136.66
199.266	2136.66
199.301	2136.66
199.336	2136.66
199.366	2136.66
199.401	2136.66
199.436	2136.66
199.466	2136.66
199.501	2136.66
199.536	2136.66
199.566	2136.66
199.601	2136.66
199.636	2136.66
199.666	2136.66
199.701	2136.66
199.731	2136.66
199.766	2136.66
199.796	2136.66
199.836	2136.66
199.866	2136.66
199.901	2136.66
199.936	2136.66
199.966	2136.66
200.001	2136.66
200.036	2136.66
200.066	2136.66
200.101	2136.66
200.136	2136.66
200.166	2136.66
200.201	2136.66
200.236	2136.66
200.266	2136.66
200.301	2136.66
200.336	2136.66
200.366	2136.66
200.401	2136.66
200.436	2136.66
200.466	2136.66
200.501	2136.66
200.536	2136.66
200.566	2136.66
200.601	2136.66
200.626	2136.66
200.666	2136.66
200.701	2136.66
200.736	2136.66
200.766	2136.66
200.801	2136.66
200.836	2136.66
200.866	2136.66
200.901	2136.66
200.936	2136.66
200.966	2136.66
201.001	2136.66
201.036	2136.66
201.066	2136.66
201.101	2136.66
201.136	2136.66
201.166	2136.66
201.201	2136.66
201.236	2136.66
201.266	2136.66
201.301	2136.66
201.336	2136.66
201.366	2136.66
201.401	2136.66
201.436	2136.66
201.466	2136.66
201.501	2136.66
201.526	2136.66
201.566	2136.66
201.601	2136.66
201.636	2136.66
201.666	2136.66
201.701	2136.66
201.736	2136.66
201.766	2136.66
201.801	2136.66
201.836	2136.66
201.866	2136.66
201.901	2136.66
201.936	2136.66
201.966	2136.66
202.001	2136.66
202.036	2136.66
202.066	2136.66
202.101	2136.66
202.136	2136.66
202.166	2136.66
202.191	2136.66
202.236	2136.66
202.261	2136.66
202.301	2136.66
202.336	2136.66
202.366	2136.66
202.401	2136.66
202.436	2136.66
202.466	2136.66
202.501	2136.66
202.536	2136.66
202.566	2136.66
202.601	2136.66
202.636	2136.66
202.666	2136.66
202.701	2136.66
202.736	2136.66
202.766	2136.66
202.801	2136.66
202.836	2136.66
202.866	2136.66
202.901	2136.66
202.936	2136.66
202.966	2136.66
203.001	2136.66
203.036	2136.66
203.066	2136.66
203.101	2136.66
203.136	2136.66
203.166	2136.66
203.201	2136.66
203.236	2136.66
203.266	2136.66
203.301	2136.66
203.336	2136.66
203.366	2136.66
203.391	2136.66
203.436	2136.66
203.466	2136.66
203.501	2136.66
203.536	2136.66
203.566	2136.66
203.601	2136.66
203.636	2136.66
203.666	2136.66
203.701	2136.66
203.736	2136.66
203.766	2136.66
203.801	2136.66
203.836	2136.66
203.866	2136.66
203.901	2136.66
203.936	2136.66
203.966	2136.66
204.001	2136.66
204.036	2136.66
204.066	2136.66
204.101	2136.66
204.136	2136.66
204.166	2136.66
204.201	2136.66
204.236	2136.66
204.266	2136.66
204.301	2136.66
204.336	2136.66
204.366	2136.66
204.391	2136.66
204.421	2136.66
204.446	2136.66
204.471	2136.66
204.501	2136.66
204.536	2136.66
204.566	2136.66
204.601	2136.66
204.636	2136.66
204.666	2136.66
204.701	2136.66
204.736	2136.66
204.766	2136.66
204.801	2136.66
204.836	2136.66
204.866	2136.66
204.901	2136.66
204.936	2136.66
204.961	2136.66
205.001	2136.66
205.036	2136.66
205.066	2136.66
205.101	2136.66
205.136	2136.66
205.166	2136.66
205.201	2136.66
205.236	2136.66
205.266	2136.66
205.301	2136.66
205.336	2136.66
205.366	2136.66
205.401	2136.66
205.436	2136.66
205.466	2136.66
205.491	2136.66
205.536	2136.66
205.566	2136.66
205.601	2136.66
205.636	2136.66
205.666	2136.66
205.701	2136.66
205.736	2136.66
205.766	2136.66
205.801	2136.66
205.836	2136.66
205.866	2136.66
205.901	2136.66
205.936	2136.66
205.966	2136.66
206.001	2136.66
206.036	2136.66
206.066	2136.66
206.101	2136.66
206.136	2136.66
206.166	2136.66
206.201	2136.66
206.236	2136.66
206.266	2136.66
206.301	2136.66
206.336	2136.66
206.366	2136.66
206.401	2136.66
206.436	2136.66
206.466	2136.66
206.501	2136.66
206.536	2136.66
206.566	2136.66
206.601	2136.66
206.636	2136.66
206.666	2136.66
206.701	2136.66
206.736	2136.66
206.766	2136.66
206.801	2136.66
206.831	2136.66
206.866	2136.66
206.901	2136.66
206.936	2136.66
206.966	2136.66
207.001	2136.66
207.036	2136.66
207.066	2136.66
207.101	2136.66
207.136	2136.66
207.166	2136.66
207.191	2136.66
207.236	2136.66
207.266	2136.66
207.301	2136.66
207.336	2136.66
207.366	2136.66
207.401	2136.66
207.436	2136.66
207.466	2136.66
207.501	2136.66
207.536	2136.66
207.566	2136.66
207.601	2136.66
207.636	2136.66
207.666	2136.66
207.701	2136.66
207.736	2136.66
207.766	2136.66
207.801	2136.66
207.836	2136.66
207.866	2136.66
207.901	2136.66
207.936	2136.66
207.966	2136.66
208.001	2136.66
208.036	2136.66
208.066	2136.66
208.101	2136.66
208.126	2136.66
208.166	2136.66
208.201	2136.66
208.236	2136.66
208.266	2136.66
208.301	2136.66
208.336	2136.66
208.366	2136.66
208.401	2136.66
208.436	2136.66
208.466	2136.66
208.501	2136.66
208.536	2136.66
208.566	2136.66
208.601	2136.66
208.636	2136.66
208.666	2136.66
208.701	2136.66
208.736	2136.66
208.766	2136.66
208.801	2136.66
208.836	2136.66
208.866	2136.66
208.901	2136.66
208.936	2136.66
208.966	2136.66
209.001	2136.66
209.036	2136.66
209.066	2136.66
209.101	2136.66
209.136	2136.66
209.166	2136.66
209.201	2136.66
209.236	2136.66
209.266	2136.66
209.301	2136.66
209.336	2136.66
209.366	2136.66
209.401	2136.66
209.436	2136.66
209.466	2136.66
209.501	2136.66
209.536	2136.66
209.566	2136.66
209.591	2136.66
209.636	2136.66
209.666	2136.66
209.701	2136.66
209.736	2136.66
209.766	2136.66
209.801	2136.66
209.836	2136.66
209.866	2136.66
209.901	2136.66
209.936	2136.66
209.966	2136.66
210.001	2136.66
210.036	2136.66
210.066	2136.66
210.101	2136.66
210.136	2136.66
210.166	2136.66
210.201	2136.66
210.226	2136.66
210.266	2136.66
210.301	2136.66
210.336	2136.66
210.366	2136.66
210.401	2136.66
210.426	2136.66
210.466	2136.66
210.501	2136.66
210.536	2136.66
210.566	2136.66
210.601	2136.66
210.636	2136.66
210.666	2136.66
210.701	2136.66
210.736	2136.66
210.766	2136.66
210.801	2136.66
210.836	2136.66
210.866	2136.66
210.901	2136.66
210.936	2136.66
210.966	2136.66
211.001	2136.66
211.036	2136.66
211.066	2136.66
211.101	2136.66
211.136	2136.66
211.166	2136.66
211.201	2136.66
211.236	2136.66
211.266	2136.66
211.301	2136.66
211.336	2136.66
211.366	2136.66
211.401	2136.66
211.426	2136.66
211.466	2136.66
211.501	2136.66
211.536	2136.66
211.566	2136.66
211.601	2136.66
211.636	2136.66
211.666	2136.66
211.701	2136.66
211.736	2136.66
211.766	2136.66
211.801	2136.66
211.836	2136.66
211.866	2136.66
211.901	2136.66
211.936	2136.66
211.966	2136.66
212.001	2136.66
212.036	2136.66
212.061	2136.66
212.101	2136.66
212.136	2136.66
212.166	2136.66
212.201	2136.66
212.236	2136.66
212.266	2136.66
212.301	2136.66
212.336	2136.66
212.366	2136.66
212.401	2136.66
212.426	2136.66
212.466	2136.66
212.501	2136.66
212.536	2136.66
212.566	2136.66
212.591	2136.66
212.636	2136.66
212.666	2136.66
212.701	2136.66
212.736	2136.66
212.766	2136.66
212.801	2136.66
212.836	2136.66
212.866	2136.66
212.901	2136.66
212.936	2136.66
212.966	2136.66
213.001	2136.66
213.036	2136.66
213.066	2136.66
213.101	2136.66
213.136	2136.66
213.161	2136.66
213.201	2136.66
213.231	2136.66
213.266	2136.66
213.301	2136.66
213.336	2136.66
213.366	2136.66
213.401	2136.66
213.436	2136.66
213.466	2136.66
213.501	2136.66
213.536	2136.66
213.566	2136.66
213.601	2136.66
213.636	2136.66
213.666	2136.66
213.701	2136.66
213.736	2136.66
213.766	2136.66
213.801	2136.66
213.836	2136.66
213.866	2136.66
213.901	2136.66
213.936	2136.66
213.966	2136.66
214.001	2136.66
214.036	2136.66
214.066	2136.66
214.101	2136.66
214.136	2136.66
214.166	2136.66
214.201	2136.66
214.236	2136.66
214.266	2136.66
214.301	2136.66
214.336	2136.66
214.366	2136.66
214.401	2136.66
214.436	2136.66
214.466	2136.66
214.491	2136.66
214.536	2136.66
214.566	2136.66
214.601	2136.66
214.636	2136.66
214.666	2136.66
214.701	2136.66
214.736	2136.66
214.766	2136.66
214.801	2136.66
214.836	2136.66
214.866	2136.66
214.901	2136.66
214.936	2136.66
214.966	2136.66
215.001	2136.66
215.036	2136.66
215.066	2136.66
215.101	2136.66
215.136	2136.66
215.166	2136.66
215.201	2136.66
215.236	2136.66
215.266	2136.66
215.301	2136.66
215.336	2136.66
215.366	2136.66
215.401	2136.66
215.436	2136.66
215.466	2136.66
215.501	2136.66
215.536	2136.66
215.566	2136.66
215.601	2136.66
215.636	2136.66
215.666	2136.66
215.701	2136.66
215.736	2136.66
215.766	2136.66
215.801	2136.66
215.836	2136.66
215.866	2136.66
215.901	2136.66
215.936	2136.66
215.966	2136.66
216.001	2136.66
216.036	2136.66
216.066	2136.66
216.096	2136.66
216.136	2136.66
216.166	2136.66
216.201	2136.66
216.236	2136.66
216.266	2136.66
216.301	2136.66
216.336	2136.66
216.366	2136.66
216.401	2136.66
216.436	2136.66
216.466	2136.66
216.496	2136.66
216.536	2136.66
216.566	2136.66
216.601	2136.66
216.636	2136.66
216.666	2136.66
216.701	2136.66
216.736	2136.66
216.766	2136.66
216.801	2136.66
216.836	2136.66
216.866	2136.66
216.901	2136.66
216.926	2136.66
216.966	2136.66
217.001	2136.66
217.036	2136.66
217.066	2136.66
217.101	2136.66
217.136	2136.66
217.166	2136.66
217.201	2136.66
217.236	2136.66
217.266	2136.66
217.301	2136.66
217.336	2136.66
217.366	2136.66
217.401	2136.66
217.436	2136.66
217.466	2136.66
217.501	2136.66
217.536	2136.66
217.566	2136.66
217.601	2136.66
217.636	2136.66
217.666	2136.66
217.701	2136.66
217.736	2136.66
217.766	2136.66
217.801	2136.66
217.836	2136.66
217.866	2136.66
217.901	2136.66
217.936	2136.66
217.966	2136.66
218.001	2136.66
218.036	2136.66
218.066	2136.66
218.101	2136.66
218.136	2136.66
218.166	2136.66
218.201	2136.66
218.236	2136.66
218.266	2136.66
218.301	2136.66
218.336	2136.66
218.366	2136.66
218.401	2136.66
218.436	2136.66
218.466	2136.66
218.501	2136.66
218.536	2136.66
218.566	2136.66
218.601	2136.66
218.636	2136.66
218.666	2136.66
218.701	2136.66
218.736	2136.66
218.766	2136.66
218.801	2136.66
218.836	2136.66
218.866	2136.66
218.901	2136.66
218.936	2136.66
218.966	2136.66
218.996	2136.66
219.026	2136.66
219.066	2136.66
219.096	2136.66
219.136	2136.66
219.166	2136.66
219.201	2136.66
219.236	2136.66
219.266	2136.66
219.301	2136.66
219.336	2136.66
219.366	2136.66
219.401	2136.66
219.436	2136.66
219.466	2136.66
219.501	2136.66
219.536	2136.66
219.566	2136.66
219.601	2136.66
219.636	2136.66
219.661	2136.66
219.701	2136.66
219.736	2136.66
219.766	2136.66
219.801	2136.66
219.836	2136.66
219.866	2136.66
219.901	2136.66
219.936	2136.66
219.966	2136.66
220.001	2136.66
220.036	2136.66
220.066	2136.66
220.101	2136.66
220.136	2136.66
220.166	2136.66
220.201	2136.66
220.236	2136.66
220.266	2136.66
220.301	2136.66
220.336	2136.66
220.366	2136.66
220.401	2136.66
220.436	2136.66
220.466	2136.66
220.501	2136.66
220.536	2136.66
220.566	2136.66
220.601	2136.66
220.631	2136.66
220.666	2136.66
220.701	2136.66
220.736	2136.66
220.766	2136.66
220.801	2136.66
220.836	2136.66
220.866	2136.66
220.901	2136.66
220.936	2136.66
220.966	2136.66
221.001	2136.66
221.036	2136.66
221.066	2136.66
221.101	2136.66
221.136	2136.66
221.166	2136.66
221.201	2136.66
221.236	2136.66
221.266	2136.66
221.301	2136.66
221.336	2136.66
221.366	2136.66
221.401	2136.66
221.436	2136.66
221.466	2136.66
221.501	2136.66
221.536	2136.66
221.566	2136.66
221.601	2136.66
221.636	2136.66
221.666	2136.66
221.701	2136.66
221.736	2136.66
221.766	2136.66
221.801	2136.66
221.836	2136.66
221.866	2136.66
221.901	2136.66
221.936	2136.66
221.966	2136.66
221.996	2136.66
222.031	2136.66
222.066	2136.66
222.101	2136.66
222.136	2136.66
222.166	2136.66
222.201	2136.66
222.236	2136.66
222.266	2136.66
222.301	2136.66
222.336	2136.66
222.366	2136.66
222.396	2136.66
222.436	2136.66
222.466	2136.66
222.501	2136.66
222.536	2136.66
222.566	2136.66
222.601	2136.66
222.636	2136.66
222.666	2136.66
222.701	2136.66
222.736	2136.66
222.766	2136.66
222.801	2136.66
222.836	2136.66
222.866	2136.66
222.901	2136.66
222.936	2136.66
222.966	2136.66
223.001	2136.66
223.036	2136.66
223.066	2136.66
223.101	2136.66
223.136	2136.66
223.166	2136.66
223.201	2136.66
223.236	2136.66
223.266	2136.66
223.301	2136.66
223.336	2136.66
223.366	2136.66
223.401	2136.66
223.436	2136.66
223.466	2136.66
223.501	2136.66
223.536	2136.66
223.566	2136.66
223.601	2136.66
223.631	2136.66
223.666	2136.66
223.701	2136.66
223.736	2136.66
223.766	2136.66
223.801	2136.66
223.836	2136.66
223.866	2136.66
223.896	2136.66
223.936	2136.66
223.966	2136.66
224.001	2136.66
224.036	2136.66
224.066	2136.66
224.101	2136.66
224.136	2136.66
224.166	2136.66
224.201	2136.66
224.236	2136.66
224.266	2136.66
224.301	2136.66
224.336	2136.66
224.366	2136.66
224.401	2136.66
224.436	2136.66
224.466	2136.66
224.501	2136.66
224.536	2136.66
224.566	2136.66
224.601	2136.66
224.636	2136.66
224.666	2136.66
224.701	2136.66
224.736	2136.66
224.766	2136.66
224.801	2136.66
224.836	2136.66
224.866	2136.66
224.901	2136.66
224.936	2136.66
224.966	2136.66
225.001	2136.66
225.036	2136.66
225.066	2136.66
225.096	2136.66
225.121	2136.66
225.146	2136.66
225.171	2136.66
225.201	2136.66
225.236	2136.66
225.266	2136.66
225.301	2136.66
225.336	2136.66
225.366	2136.66
225.401	2136.66
225.436	2136.66
225.466	2136.66
225.501	2136.66
225.536	2136.66
225.566	2136.66
225.601	2136.66
225.636	2136.66
225.666	2136.66
225.701	2136.66
225.726	2136.66
225.766	2136.66
225.801	2136.66
225.831	2136.66
225.866	2136.66
225.901	2136.66
225.936	2136.66
225.966	2136.66
226.001	2136.66
226.036	2136.66
226.066	2136.66
226.101	2136.66
226.136	2136.66
226.166	2136.66
226.201	2136.66
226.236	2136.66
226.266	2136.66
226.301	2136.66
226.336	2136.66
226.366	2136.66
226.401	2136.66
226.436	2136.66
226.466	2136.66
226.501	2136.66
226.536	2136.66
226.566	2136.66
226.601	2136.66
226.636	2136.66
226.666	2136.66
226.701	2136.66
226.736	2136.66
226.766	2136.66
226.801	2136.66
226.836	2136.66
226.861	2136.66
226.901	2136.66
226.936	2136.66
226.966	2136.66
227.001	2136.66
227.036	2136.66
227.066	2136.66
227.101	2136.66
227.136	2136.66
227.166	2136.66
227.201	2136.66
227.236	2136.66
227.266	2136.66
227.301	2136.66
227.336	2136.66
227.366	2136.66
227.401	2136.66
227.436	2136.66
227.466	2136.66
227.501	2136.66
227.536	2136.66
227.566	2136.66
227.601	2136.66
227.636	2136.66
227.666	2136.66
227.701	2136.66
227.736	2136.66
227.766	2136.66
227.801	2136.66
227.836	2136.66
227.866	2136.66
227.891	2136.66
227.936	2136.66
227.966	2136.66
228.001	2136.66
228.036	2136.66
228.066	2136.66
228.101	2136.66
228.136	2136.66
228.161	2136.66
228.201	2136.66
228.236	2136.66
228.266	2136.66
228.301	2136.66
228.336	2136.66
228.366	2136.66
228.401	2136.66
228.436	2136.66
228.466	2136.66
228.501	2136.66
228.536	2136.66
228.566	2136.66
228.601	2136.66
228.636	2136.66
228.666	2136.66
228.701	2136.66
228.736	2136.66
228.766	2136.66
228.801	2136.66
228.836	2136.66
228.866	2136.66
228.901	2136.66
228.936	2136.66
228.966	2136.66
229.001	2136.66
229.031	2136.66
229.066	2136.66
229.101	2136.66
229.136	2136.66
229.166	2136.66
229.196	2136.66
229.236	2136.66
229.261	2136.66
229.301	2136.66
229.336	2136.66
229.366	2136.66
229.401	2136.66
229.436	2136.66
229.466	2136.66
229.491	2136.66
229.536	2136.66
229.566	2136.66
229.601	2136.66
229.636	2136.66
229.666	2136.66
229.701	2136.66
229.736	2136.66
229.766	2136.66
229.796	2136.66
229.821	2136.66
229.846	2136.66
229.871	2136.66
229.901	2136.66
229.936	2136.66
229.966	2136.66
230.001	2136.66
230.036	2136.66
230.066	2136.66
230.101	2136.66
230.136	2136.66
230.166	2136.66
230.201	2136.66
230.236	2136.66
230.266	2136.66
230.301	2136.66
230.336	2136.66
230.366	2136.66
230.401	2136.66
230.436	2136.66
230.466	2136.66
230.501	2136.66
230.536	2136.66
230.566	2136.66
230.601	2136.66
230.636	2136.66
230.666	2136.66
230.701	2136.66
230.736	2136.66
230.766	2136.66
230.801	2136.66
230.836	2136.66
230.866	2136.66
230.901	2136.66
230.936	2136.66
230.966	2136.66
230.996	2136.66
231.036	2136.66
231.066	2136.66
231.101	2136.66
231.136	2136.66
231.166	2136.66
231.201	2136.66
231.236	2136.66
231.266	2136.66
231.301	2136.66
231.336	2136.66
231.366	2136.66
231.401	2136.66
231.436	2136.66
231.466	2136.66
231.501	2136.66
231.536	2136.66
231.566	2136.66
231.601	2136.66
231.636	2136.66
231.666	2136.66
231.701	2136.66
231.736	2136.66
231.766	2136.66
231.801	2136.66
231.836	2136.66
231.866	2136.66
231.901	2136.66
231.936	2136.66
231.966	2136.66
232.001	2136.66
232.036	2136.66
232.066	2136.66
232.101	2136.66
232.136	2136.66
232.166	2136.66
232.201	2136.66
232.236	2136.66
232.266	2136.66
232.301	2136.66
232.336	2136.66
232.366	2136.66
232.391	2136.66
232.436	2136.66
232.461	2136.66
232.501	2136.66
232.536	2136.66
232.566	2136.66
232.601	2136.66
232.636	2136.66
232.666	2136.66
232.701	2136.66
232.736	2136.66
232.766	2136.66
232.801	2136.66
232.836	2136.66
232.866	2136.66
232.901	2136.66
232.936	2136.66
232.966	2136.66
233.001	2136.66
233.036	2136.66
233.066	2136.66
233.101	2136.66
233.136	2136.66
233.166	2136.66
233.201	2136.66
233.236	2136.66
233.261	2136.66
233.301	2136.66
233.336	2136.66
233.366	2136.66
233.401	2136.66
233.436	2136.66
233.466	2136.66
233.501	2136.66
233.536	2136.66
233.566	2136.66
233.601	2136.66
233.636	2136.66
233.666	2136.66
233.701	2136.66
233.736	2136.66
233.766	2136.66
233.796	2136.66
233.836	2136.66
233.866	2136.66
233.901	2136.66
233.936	2136.66
233.966	2136.66
234.001	2136.66
234.036	2136.66
234.066	2136.66
234.101	2136.66
234.136	2136.66
234.166	2136.66
234.201	2136.66
234.236	2136.66
234.266	2136.66
234.301	2136.66
234.336	2136.66
234.366	2136.66
234.401	2136.66
234.436	2136.66
234.466	2136.66
234.501	2136.66
234.536	2136.66
234.561	2136.66
234.601	2136.66
234.636	2136.66
234.666	2136.66
234.701	2136.66
234.736	2136.66
234.766	2136.66
234.801	2136.66
234.836	2136.66
234.866	2136.66
234.901	2136.66
234.936	2136.66
234.966	2136.66
235.001	2136.66
235.036	2136.66
235.066	2136.66
235.101	2136.66
235.136	2136.66
235.166	2136.66
235.201	2136.66
235.236	2136.66
235.266	2136.66
235.301	2136.66
235.336	2136.66
235.366	2136.66
235.401	2136.66
235.436	2136.66
235.466	2136.66
235.491	2136.66
235.536	2136.66
235.566	2136.66
235.601	2136.66
235.636	2136.66
235.666	2136.66
235.701	2136.66
235.736	2136.66
235.766	2136.66
235.801	2136.66
235.836	2136.66
235.866	2136.66
235.901	2136.66
235.936	2136.66
235.966	2136.66
236.001	2136.66
236.036	2136.66
236.066	2136.66
236.101	2136.66
236.136	2136.66
236.166	2136.66
236.201	2136.66
236.236	2136.66
236.266	2136.66
236.301	2136.66
236.336	2136.66
236.366	2136.66
236.401	2136.66
236.436	2136.66
236.466	2136.66
236.501	2136.66
236.536	2136.66
236.566	2136.66
236.601	2136.66
236.636	2136.66
236.666	2136.66
236.696	2136.66
236.736	2136.66
236.766	2136.66
236.801	2136.66
236.836	2136.66
236.866	2136.66
236.901	2136.66
236.936	2136.66
236.966	2136.66
237.001	2136.66
237.036	2136.66
237.061	2136.66
237.101	2136.66
237.136	2136.66
237.166	2136.66
237.201	2136.66
237.236	2136.66
237.266	2136.66
237.296	2136.66
237.336	2136.66
237.366	2136.66
237.401	2136.66
237.436	2136.66
237.466	2136.66
237.501	2136.66
237.536	2136.66
237.566	2136.66
237.601	2136.66
237.636	2136.66
237.666	2136.66
237.691	2136.66
237.736	2136.66
237.766	2136.66
237.801	2136.66
237.836	2136.66
237.866	2136.66
237.901	2136.66
237.936	2136.66
237.966	2136.66
238.001	2136.66
238.036	2136.66
238.066	2136.66
238.101	2136.66
238.136	2136.66
238.166	2136.66
238.201	2136.66
238.236	2136.66
238.266	2136.66
238.301	2136.66
238.336	2136.66
238.366	2136.66
238.396	2136.66
238.436	2136.66
238.466	2136.66
238.501	2136.66
238.536	2136.66
238.566	2136.66
238.601	2136.66
238.636	2136.66
238.666	2136.66
238.701	2136.66
238.736	2136.66
238.766	2136.66
238.801	2136.66
238.836	2136.66
238.866	2136.66
238.901	2136.66
238.936	2136.66
238.966	2136.66
239.001	2136.66
239.036	2136.66
239.066	2136.66
239.101	2136.66
239.136	2136.66
239.166	2136.66
239.191	2136.66
239.221	2136.66
239.246	2136.66
239.271	2136.66
239.301	2136.66
239.336	2136.66
239.361	2136.66
239.401	2136.66
239.436	2136.66
239.466	2136.66
239.501	2136.66
239.536	2136.66
239.566	2136.66
239.601	2136.66
239.636	2136.66
239.666	2136.66
239.701	2136.66
239.736	2136.66
239.766	2136.66
239.801	2136.66
239.826	2136.66
239.866	2136.66
239.901	2136.66
239.936	2136.66
239.966	2136.66
240.001	2136.66
240.036	2136.66
240.066	2136.66
240.101	2136.66
240.136	2136.66
240.166	2136.66
240.201	2136.66
240.226	2136.66
240.266	2136.66
240.301	2136.66
240.336	2136.66
240.366	2136.66
240.401	2136.66
240.436	2136.66
240.466	2136.66
240.501	2136.66
240.536	2136.66
240.566	2136.66
240.601	2136.66
240.636	2136.66
240.666	2136.66
240.701	2136.66
240.736	2136.66
240.766	2136.66
240.801	2136.66
240.836	2136.66
240.866	2136.66
240.901	2136.66
240.936	2136.66
240.966	2136.66
241.001	2136.66
241.036	2136.66
241.066	2136.66
241.101	2136.66
241.126	2136.66
241.166	2136.66
241.201	2136.66
241.236	2136.66
241.266	2136.66
241.301	2136.66
241.336	2136.66
241.366	2136.66
241.401	2136.66
241.436	2136.66
241.466	2136.66
241.501	2136.66
241.536	2136.66
241.561	2136.66
241.601	2136.66
241.636	2136.66
241.661	2136.66
241.691	2136.66
241.726	2136.66
241.766	2136.66
241.801	2136.66
241.836	2136.66
241.866	2136.66
241.901	2136.66
241.936	2136.66
241.966	2136.66
242.001	2136.66
242.036	2136.66
242.066	2136.66
242.101	2136.66
242.136	2136.66
242.166	2136.66
242.201	2136.66
242.236	2136.66
242.266	2136.66
242.301	2136.66
242.336	2136.66
242.366	2136.66
242.401	2136.66
242.436	2136.66
242.466	2136.66
242.501	2136.66
242.536	2136.66
242.566	2136.66
242.591	2136.66
242.636	2136.66
242.666	2136.66
242.696	2136.66
242.736	2136.66
242.766	2136.66
242.801	2136.66
242.836	2136.66
242.866	2136.66
242.896	2136.66
242.936	2136.66
242.966	2136.66
243.001	2136.66
243.036	2136.66
243.066	2136.66
243.101	2136.66
243.136	2136.66
243.166	2136.66
243.196	2136.66
243.236	2136.66
243.266	2136.66
243.301	2136.66
243.336	2136.66
243.366	2136.66
243.401	2136.66
243.436	2136.66
243.461	2136.66
243.501	2136.66
243.536	2136.66
243.561	2136.66
243.601	2136.66
243.636	2136.66
243.666	2136.66
243.701	2136.66
243.736	2136.66
243.766	2136.66
243.801	2136.66
243.836	2136.66
243.866	2136.66
243.901	2136.66
243.936	2136.66
243.966	2136.66
244.001	2136.66
244.036	2136.66
244.066	2136.66
244.101	2136.66
244.136	2136.66
244.166	2136.66
244.201	2136.66
244.231	2136.66
244.266	2136.66
244.301	2136.66
244.326	2136.66
244.366	2136.66
244.401	2136.66
244.436	2136.66
244.466	2136.66
244.501	2136.66
244.536	2136.66
244.566	2136.66
244.601	2136.66
244.636	2136.66
244.666	2136.66
244.701	2136.66
244.736	2136.66
244.766	2136.66
244.801	2136.66
244.836	2136.66
244.866	2136.66
244.901	2136.66
244.936	2136.66
244.966	2136.66
245.001	2136.66
245.036	2136.66
245.066	2136.66
245.101	2136.66
245.136	2136.66
245.166	2136.66
245.201	2136.66
245.236	2136.66
245.266	2136.66
245.301	2136.66
245.336	2136.66
245.366	2136.66
245.401	2136.66
245.436	2136.66
245.466	2136.66
245.501	2136.66
245.536	2136.66
245.566	2136.66
245.601	2136.66
245.636	2136.66
245.666	2136.66
245.701	2136.66
245.736	2136.66
245.766	2136.66
245.801	2136.66
245.836	2136.66
245.866	2136.66
245.901	2136.66
245.936	2136.66
245.966	2136.66
246.001	2136.66
246.036	2136.66
246.066	2136.66
246.091	2136.66
246.121	2136.66
246.146	2136.66
246.171	2136.66
246.201	2136.66
246.236	2136.66
246.266	2136.66
246.301	2136.66
246.336	2136.66
246.366	2136.66
246.401	2136.66
246.436	2136.66
246.466	2136.66
246.501	2136.66
246.526	2136.66
246.566	2136.66
246.601	2136.66
246.636	2136.66
246.666	2136.66
246.701	2136.66
246.736	2136.66
246.766	2136.66
246.801	2136.66
246.836	2136.66
246.866	2136.66
246.896	2136.66
246.936	2136.66
246.966	2136.66
247.001	2136.66
247.036	2136.66
247.066	2136.66
247.101	2136.66
247.136	2136.66
247.166	2136.66
247.201	2136.66
247.236	2136.66
247.266	2136.66
247.291	2136.66
247.336	2136.66
247.366	2136.66
247.401	2136.66
247.436	2136.66
247.466	2136.66
247.501	2136.66
247.536	2136.66
247.566	2136.66
247.601	2136.66
247.636	2136.66
247.666	2136.66
247.701	2136.66
247.736	2136.66
247.766	2136.66
247.801	2136.66
247.836	2136.66
247.866	2136.66
247.901	2136.66
247.936	2136.66
247.966	2136.66
248.001	2136.66
248.031	2136.66
248.066	2136.66
248.101	2136.66
248.136	2136.66
248.166	2136.66
248.201	2136.66
248.236	2136.66
248.266	2136.66
248.301	2136.66
248.326	2136.66
248.361	2136.66
248.401	2136.66
248.436	2136.66
248.466	2136.66
248.501	2136.66
248.536	2136.66
248.566	2136.66
248.601	2136.66
248.636	2136.66
248.666	2136.66
248.701	2136.66
248.736	2136.66
248.766	2136.66
248.801	2136.66
248.836	2136.66
248.866	2136.66
248.901	2136.66
248.936	2136.66
248.966	2136.66
249.001	2136.66
249.036	2136.66
249.066	2136.66
249.091	2136.66
249.136	2136.66
249.166	2136.66
249.191	2136.66
249.236	2136.66
249.266	2136.66
249.301	2136.66
249.336	2136.66
249.366	2136.66
249.401	2136.66
249.436	2136.66
249.461	2136.66
249.501	2136.66
249.536	2136.66
249.566	2136.66
249.601	2136.66
249.636	2136.66
249.666	2136.66
249.701	2136.66
249.736	2136.66
249.766	2136.66
249.801	2136.66
249.836	2136.66
249.866	2136.66
249.901	2136.66
249.936	2136.66
249.966	2136.66
250.001	2136.66
250.036	2136.66
250.066	2136.66
250.101	2136.66
250.136	2136.66
250.166	2136.66
250.201	2136.66
250.236	2136.66
250.266	2136.66
250.301	2136.66
250.336	2136.66
250.366	2136.66
250.401	2136.66
250.436	2136.66
250.466	2136.66
250.501	2136.66
250.536	2136.66
250.566	2136.66
250.601	2136.66
250.636	2136.66
250.666	2136.66
250.701	2136.66
250.736	2136.66
250.766	2136.66
250.801	2136.66
250.826	2136.66
250.866	2136.66
250.901	2136.66
250.936	2136.66
250.966	2136.66
251.001	2136.66
251.036	2136.66
251.066	2136.66
251.101	2136.66
251.136	2136.66
251.166	2136.66
251.201	2136.66
251.236	2136.66
251.266	2136.66
251.301	2136.66
251.336	2136.66
251.366	2136.66
251.396	2136.66
251.436	2136.66
251.466	2136.66
251.501	2136.66
251.536	2136.66
251.566	2136.66
251.596	2136.66
251.636	2136.66
251.666	2136.66
251.701	2136.66
251.736	2136.66
251.766	2136.66
251.801	2136.66
251.836	2136.66
251.866	2136.66
251.901	2136.66
251.936	2136.66
251.966	2136.66
252.001	2136.66
252.036	2136.66
252.066	2136.66
252.101	2136.66
252.136	2136.66
252.166	2136.66
252.201	2136.66
252.226	2136.66
252.266	2136.66
252.301	2136.66
252.336	2136.66
252.366	2136.66
252.401	2136.66
252.436	2136.66
252.466	2136.66
252.501	2136.66
252.536	2136.66
252.561	2136.66
252.601	2136.66
252.636	2136.66
252.666	2136.66
252.701	2136.66
252.736	2136.66
252.766	2136.66
252.801	2136.66
252.836	2136.66
252.866	2136.66
252.901	2136.66
252.936	2136.66
252.966	2136.66
253.001	2136.66
253.036	2136.66
253.066	2136.66
253.101	2136.66
253.131	2136.66
253.166	2136.66
253.201	2136.66
253.236	2136.66
253.266	2136.66
253.301	2136.66
253.336	2136.66
253.366	2136.66
253.401	2136.66
253.426	2136.66
253.466	2136.66
253.501	2136.66
253.526	2136.66
253.566	2136.66
253.591	2136.66
253.636	2136.66
253.666	2136.66
253.701	2136.66
253.736	2136.66
253.766	2136.66
253.801	2136.66
253.836	2136.66
253.866	2136.66
253.901	2136.66
253.936	2136.66
253.961	2136.66
254.001	2136.66
254.036	2136.66
254.066	2136.66
254.101	2136.66
254.136	2136.66
254.166	2136.66
254.201	2136.66
254.236	2136.66
254.266	2136.66
254.301	2136.66
254.336	2136.66
254.366	2136.66
254.401	2136.66
254.436	2136.66
254.466	2136.66
254.501	2136.66
254.536	2136.66
254.566	2136.66
254.601	2136.66
254.636	2136.66
254.666	2136.66
254.701	2136.66
254.736	2136.66
254.766	2136.66
254.801	2136.66
254.836	2136.66
254.866	2136.66
254.901	2136.66
254.936	2136.66
254.966	2136.66
255.001	2136.66
255.036	2136.66
255.066	2136.66
255.101	2136.66
255.136	2136.66
255.166	2136.66
255.201	2136.66
255.236	2136.66
255.266	2136.66
255.301	2136.66
255.336	2136.66
255.366	2136.66
255.396	2136.66
255.436	2136.66
255.466	2136.66
255.501	2136.66
255.536	2136.66
255.566	2136.66
255.601	2136.66
255.636	2136.66
255.666	2136.66
255.701	2136.66
255.736	2136.66
255.766	2136.66
255.801	2136.66
255.836	2136.66
255.866	2136.66
255.901	2136.66
255.936	2136.66
255.966	2136.66
256.001	2136.66
256.036	2136.66
256.066	2136.66
256.101	2136.66
256.136	2136.66
256.166	2136.66
256.201	2136.66
256.236	2136.66
256.266	2136.66
256.301	2136.66
256.336	2136.66
256.366	2136.66
256.401	2136.66
256.431	2136.66
256.466	2136.66
256.501	2136.66
256.536	2136.66
256.566	2136.66
256.601	2136.66
256.626	2136.66
256.666	2136.66
256.701	2136.66
256.736	2136.66
256.766	2136.66
256.801	2136.66
256.836	2136.66
256.866	2136.66
256.901	2136.66
256.936	2136.66
256.966	2136.66
257.001	2136.66
257.026	2136.66
257.066	2136.66
257.101	2136.66
257.136	2136.66
257.166	2136.66
257.201	2136.66
257.236	2136.66
257.266	2136.66
257.301	2136.66
257.336	2136.66
257.366	2136.66
257.401	2136.66
257.436	2136.66
257.466	2136.66
257.501	2136.66
257.536	2136.66
257.566	2136.66
257.601	2136.66
257.636	2136.66
257.666	2136.66
257.696	2136.66
257.736	2136.66
257.766	2136.66
257.796	2136.66
257.836	2136.66
257.866	2136.66
257.901	2136.66
257.936	2136.66
257.966	2136.66
258.001	2136.66
258.036	2136.66
258.066	2136.66
258.101	2136.66
258.136	2136.66
258.166	2136.66
258.191	2136.66
258.236	2136.66
258.266	2136.66
258.301	2136.66
258.336	2136.66
258.366	2136.66
258.401	2136.66
258.436	2136.66
258.466	2136.66
258.501	2136.66
258.536	2136.66
258.566	2136.66
258.601	2136.66
258.636	2136.66
258.666	2136.66
258.701	2136.66
258.736	2136.66
258.766	2136.66
258.801	2136.66
258.836	2136.66
258.866	2136.66
258.901	2136.66
258.936	2136.66
258.966	2136.66
259.001	2136.66
259.036	2136.66
259.066	2136.66
259.101	2136.66
259.136	2136.66
259.166	2136.66
259.201	2136.66
259.236	2136.66
259.266	2136.66
259.301	2136.66
259.336	2136.66
259.366	2136.66
259.391	2136.66
259.436	2136.66
259.466	2136.66
259.501	2136.66
259.536	2136.66
259.566	2136.66
259.601	2136.66
259.636	2136.66
259.666	2136.66
259.701	2136.66
259.736	2136.66
259.761	2136.66
259.801	2136.66
259.836	2136.66
259.866	2136.66
259.901	2136.66
259.936	2136.66
259.966	2136.66
260.001	2136.66
260.036	2136.66
260.066	2136.66
260.101	2136.66
260.136	2136.66
260.166	2136.66
260.201	2136.66
260.236	2136.66
260.266	2136.66
260.301	2136.66
260.336	2136.66
260.366	2136.66
260.401	2136.66
260.436	2136.66
260.466	2136.66
260.501	2136.66
260.536	2136.66
260.566	2136.66
260.601	2136.66
260.636	2136.66
260.666	2136.66
260.701	2136.66
260.736	2136.66
260.766	2136.66
260.801	2136.66
260.836	2136.66
260.866	2136.66
260.901	2136.66
260.936	2136.66
260.966	2136.66
261.001	2136.66
261.036	2136.66
261.066	2136.66
261.101	2136.66
261.136	2136.66
261.166	2136.66
261.201	2136.66
261.236	2136.66
261.266	2136.66
261.301	2136.66
261.336	2136.66
261.366	2136.66
261.396	2136.66
261.436	2136.66
261.466	2136.66
261.501	2136.66
261.536	2136.66
261.566	2136.66
261.601	2136.66
261.636	2136.66
261.666	2136.66
261.701	2136.66
261.736	2136.66
261.766	2136.66
261.801	2136.66
261.836	2136.66
261.866	2136.66
261.901	2136.66
261.936	2136.66
261.966	2136.66
262.001	2136.66
262.036	2136.66
262.066	2136.66
262.101	2136.66
262.136	2136.66
262.166	2136.66
262.201	2136.66
262.236	2136.66
262.266	2136.66
262.301	2136.66
262.336	2136.66
262.366	2136.66
262.396	2136.66
262.436	2136.66
262.466	2136.66
262.501	2136.66
262.536	2136.66
262.566	2136.66
262.601	2136.66
262.636	2136.66
262.666	2136.66
262.701	2136.66
262.736	2136.66
262.766	2136.66
262.801	2136.66
262.836	2136.66
262.866	2136.66
262.901	2136.66
262.936	2136.66
262.966	2136.66
263.001	2136.66
263.036	2136.66
263.066	2136.66
263.101	2136.66
263.136	2136.66
263.166	2136.66
263.201	2136.66
263.236	2136.66
263.266	2136.66
263.301	2136.66
263.336	2136.66
263.366	2136.66
263.401	2136.66
263.436	2136.66
263.466	2136.66
263.501	2136.66
263.536	2136.66
263.566	2136.66
263.601	2136.66
263.636	2136.66
263.666	2136.66
263.701	2136.66
263.736	2136.66
263.766	2136.66
263.801	2136.66
263.836	2136.66
263.866	2136.66
263.896	2136.66
263.936	2136.66
263.966	2136.66
264.001	2136.66
264.036	2136.66
264.066	2136.66
264.101	2136.66
264.131	2136.66
264.166	2136.66
264.201	2136.66
264.236	2136.66
264.266	2136.66
264.301	2136.66
264.336	2136.66
264.366	2136.66
264.396	2136.66
264.436	2136.66
264.466	2136.66
264.501	2136.66
264.536	2136.66
264.566	2136.66
264.601	2136.66
264.636	2136.66
264.666	2136.66
264.701	2136.66
264.736	2136.66
264.766	2136.66
264.801	2136.66
264.836	2136.66
264.866	2136.66
264.901	2136.66
264.936	2136.66
264.966	2136.66
265.001	2136.66
265.036	2136.66
265.066	2136.66
265.096	2136.66
265.136	2136.66
265.166	2136.66
265.201	2136.66
265.236	2136.66
265.266	2136.66
265.291	2136.66
265.336	2136.66
265.366	2136.66
265.401	2136.66
265.436	2136.66
265.466	2136.66
265.501	2136.66
265.536	2136.66
265.566	2136.66
265.601	2136.66
265.636	2136.66
265.666	2136.66
265.701	2136.66
265.736	2136.66
265.766	2136.66
265.801	2136.66
265.831	2136.66
265.866	2136.66
265.901	2136.66
265.936	2136.66
265.966	2136.66
266.001	2136.66
266.036	2136.66
266.066	2136.66
266.101	2136.66
266.136	2136.66
266.166	2136.66
266.201	2136.66
266.236	2136.66
266.266	2136.66
266.301	2136.66
266.336	2136.66
266.366	2136.66
266.401	2136.66
266.436	2136.66
266.466	2136.66
266.501	2136.66
266.536	2136.66
266.566	2136.66
266.601	2136.66
266.636	2136.66
266.666	2136.66
266.701	2136.66
266.736	2136.66
266.766	2136.66
266.801	2136.66
266.836	2136.66
266.866	2136.66
266.901	2136.66
266.936	2136.66
266.966	2136.66
267.001	2136.66
267.036	2136.66
267.066	2136.66
267.101	2136.66
267.136	2136.66
267.166	2136.66
267.201	2136.66
267.236	2136.66
267.266	2136.66
267.301	2136.66
267.336	2136.66
267.366	2136.66
267.401	2136.66
267.436	2136.66
267.466	2136.66
267.501	2136.66
267.536	2136.66
267.566	2136.66
267.601	2136.66
267.636	2136.66
267.666	2136.66
267.701	2136.66
267.736	2136.66
267.766	2136.66
267.801	2136.66
267.836	2136.66
267.866	2136.66
267.901	2136.66
267.936	2136.66
267.966	2136.66
268.001	2136.66
268.036	2136.66
268.066	2136.66
268.101	2136.66
268.136	2136.66
268.166	2136.66
268.196	2136.66
268.236	2136.66
268.266	2136.66
268.301	2136.66
268.326	2136.66
268.366	2136.66
268.401	2136.66
268.436	2136.66
268.466	2136.66
268.501	2136.66
268.536	2136.66
268.566	2136.66
268.601	2136.66
268.636	2136.66
268.666	2136.66
268.701	2136.66
268.726	2136.66
268.766	2136.66
268.801	2136.66
268.836	2136.66
268.866	2136.66
268.901	2136.66
268.936	2136.66
268.966	2136.66
269.001	2136.66
269.036	2136.66
269.066	2136.66
269.101	2136.66
269.136	2136.66
269.166	2136.66
269.201	2136.66
269.236	2136.66
269.266	2136.66
269.301	2136.66
269.336	2136.66
269.366	2136.66
269.401	2136.66
269.436	2136.66
269.466	2136.66
269.501	2136.66
269.536	2136.66
269.566	2136.66
269.601	2136.66
269.636	2136.66
269.666	2136.66
269.701	2136.66
269.736	2136.66
269.766	2136.66
269.801	2136.66
269.836	2136.66
269.866	2136.66
269.901	2136.66
269.936	2136.66
269.961	2136.66
270.001	2136.66
270.036	2136.66
270.066	2136.66
270.101	2136.66
270.136	2136.66
270.166	2136.66
270.201	2136.66
270.236	2136.66
270.266	2136.66
270.301	2136.66
270.336	2136.66
270.366	2136.66
270.401	2136.66
270.436	2136.66
270.466	2136.66
270.501	2136.66
270.536	2136.66
270.566	2136.66
270.596	2136.66
270.636	2136.66
270.666	2136.66
270.701	2136.66
270.736	2136.66
270.761	2136.66
270.801	2136.66
270.836	2136.66
270.866	2136.66
270.901	2136.66
270.936	2136.66
270.966	2136.66
271.001	2136.66
271.036	2136.66
271.066	2136.66
271.101	2136.66
271.136	2136.66
271.166	2136.66
271.201	2136.66
271.236	2136.66
271.266	2136.66
271.301	2136.66
271.336	2136.66
271.366	2136.66
271.401	2136.66
271.436	2136.66
271.466	2136.66
271.501	2136.66
271.536	2136.66
271.566	2136.66
271.601	2136.66
271.636	2136.66
271.666	2136.66
271.701	2136.66
271.736	2136.66
271.766	2136.66
271.801	2136.66
271.836	2136.66
271.866	2136.66
271.901	2136.66
271.926	2136.66
271.966	2136.66
272.001	2136.66
272.036	2136.66
272.066	2136.66
272.101	2136.66
272.136	2136.66
272.166	2136.66
272.201	2136.66
272.236	2136.66
272.266	2136.66
272.301	2136.66
272.336	2136.66
272.366	2136.66
272.401	2136.66
272.436	2136.66
272.466	2136.66
272.501	2136.66
272.536	2136.66
272.566	2136.66
272.601	2136.66
272.636	2136.66
272.666	2136.66
272.701	2136.66
272.736	2136.66
272.766	2136.66
272.801	2136.66
272.836	2136.66
272.866	2136.66
272.901	2136.66
272.936	2136.66
272.966	2136.66
273.001	2136.66
273.036	2136.66
273.066	2136.66
273.101	2136.66
273.136	2136.66
273.166	2136.66
273.201	2136.66
273.236	2136.66
273.266	2136.66
273.301	2136.66
273.336	2136.66
273.366	2136.66
273.396	2136.66
273.436	2136.66
273.466	2136.66
273.501	2136.66
273.526	2136.66
273.566	2136.66
273.601	2136.66
273.636	2136.66
273.666	2136.66
273.701	2136.66
273.736	2136.66
273.766	2136.66
273.801	2136.66
273.836	2136.66
273.866	2136.66
273.901	2136.66
273.936	2136.66
273.966	2136.66
274.001	2136.66
274.036	2136.66
274.066	2136.66
274.101	2136.66
274.136	2136.66
274.166	2136.66
274.201	2136.66
274.236	2136.66
274.266	2136.66
274.301	2136.66
274.336	2136.66
274.366	2136.66
274.401	2136.66
274.436	2136.66
274.466	2136.66
274.501	2136.66
274.536	2136.66
274.566	2136.66
274.601	2136.66
274.636	2136.66
274.666	2136.66
274.701	2136.66
274.736	2136.66
274.766	2136.66
274.801	2136.66
274.836	2136.66
274.866	2136.66
274.901	2136.66
274.936	2136.66
274.961	2136.66
275.001	2136.66
275.036	2136.66
275.066	2136.66
275.101	2136.66
275.136	2136.66
275.166	2136.66
275.201	2136.66
275.236	2136.66
275.266	2136.66
275.301	2136.66
275.336	2136.66
275.366	2136.66
275.401	2136.66
275.436	2136.66
275.466	2136.66
275.501	2136.66
275.536	2136.66
275.566	2136.66
275.601	2136.66
275.636	2136.66
275.666	2136.66
275.701	2136.66
275.736	2136.66
275.766	2136.66
275.801	2136.66
275.836	2136.66
275.866	2136.66
275.901	2136.66
275.926	2136.66
275.966	2136.66
276.001	2136.66
276.036	2136.66
276.061	2136.66
276.101	2136.66
276.136	2136.66
276.166	2136.66
276.201	2136.66
276.236	2136.66
276.266	2136.66
276.301	2136.66
276.336	2136.66
276.366	2136.66
276.401	2136.66
276.436	2136.66
276.466	2136.66
276.501	2136.66
276.536	2136.66
276.566	2136.66
276.601	2136.66
276.636	2136.66
276.666	2136.66
276.701	2136.66
276.736	2136.66
276.766	2136.66
276.801	2136.66
276.836	2136.66
276.866	2136.66
276.901	2136.66
276.936	2136.66
276.966	2136.66
277.001	2136.66
277.036	2136.66
277.066	2136.66
277.091	2136.66
277.136	2136.66
277.166	2136.66
277.201	2136.66
277.236	2136.66
277.266	2136.66
277.301	2136.66
277.336	2136.66
277.366	2136.66
277.401	2136.66
277.436	2136.66
277.466	2136.66
277.501	2136.66
277.536	2136.66
277.566	2136.66
277.601	2136.66
277.636	2136.66
277.666	2136.66
277.701	2136.66
277.731	2136.66
277.766	2136.66
277.801	2136.66
277.836	2136.66
277.866	2136.66
277.901	2136.66
277.926	2136.66
277.966	2136.66
278.001	2136.66
278.036	2136.66
278.066	2136.66
278.101	2136.66
278.136	2136.66
278.166	2136.66
278.201	2136.66
278.231	2136.66
278.256	2136.66
278.301	2136.66
278.336	2136.66
278.366	2136.66
278.401	2136.66
278.436	2136.66
278.466	2136.66
278.501	2136.66
278.536	2136.66
278.566	2136.66
278.601	2136.66
278.636	2136.66
278.666	2136.66
278.701	2136.66
278.736	2136.66
278.766	2136.66
278.801	2136.66
278.836	2136.66
278.861	2136.66
278.901	2136.66
278.936	2136.66
278.966	2136.66
279.001	2136.66
279.036	2136.66
279.066	2136.66
279.101	2136.66
279.136	2136.66
279.166	2136.66
279.201	2136.66
279.231	2136.66
279.266	2136.66
279.301	2136.66
279.336	2136.66
279.366	2136.66
279.401	2136.66
279.436	2136.66
279.466	2136.66
279.501	2136.66
279.536	2136.66
279.566	2136.66
279.601	2136.66
279.636	2136.66
279.666	2136.66
279.701	2136.66
279.736	2136.66
279.766	2136.66
279.801	2136.66
279.836	2136.66
279.866	2136.66
279.901	2136.66
279.936	2136.66
279.966	2136.66
280.001	2136.66
280.036	2136.66
280.066	2136.66
280.101	2136.66
280.136	2136.66
280.166	2136.66
280.201	2136.66
280.236	2136.66
280.266	2136.66
280.301	2136.66
280.336	2136.66
280.366	2136.66
280.401	2136.66
280.436	2136.66
280.466	2136.66
280.501	2136.66
280.536	2136.66
280.566	2136.66
280.601	2136.66
280.636	2136.66
280.666	2136.66
280.701	2136.66
280.736	2136.66
280.766	2136.66
280.801	2136.66
280.836	2136.66
280.866	2136.66
280.901	2136.66
280.936	2136.66
280.961	2136.66
281.001	2136.66
281.036	2136.66
281.066	2136.66
281.101	2136.66
281.136	2136.66
281.166	2136.66
281.201	2136.66
281.236	2136.66
281.266	2136.66
281.301	2136.66
281.336	2136.66
281.366	2136.66
281.401	2136.66
281.436	2136.66
281.466	2136.66
281.501	2136.66
281.536	2136.66
281.566	2136.66
281.601	2136.66
281.636	2136.66
281.666	2136.66
281.701	2136.66
281.736	2136.66
281.766	2136.66
281.801	2136.66
281.836	2136.66
281.866	2136.66
281.901	2136.66
281.936	2136.66
281.966	2136.66
282.001	2136.66
282.036	2136.66
282.066	2136.66
282.101	2136.66
282.136	2136.66
282.166	2136.66
282.201	2136.66
282.236	2136.66
282.266	2136.66
282.301	2136.66
282.336	2136.66
282.366	2136.66
282.396	2136.66
282.436	2136.66
282.466	2136.66
282.501	2136.66
282.536	2136.66
282.566	2136.66
282.601	2136.66
282.636	2136.66
282.666	2136.66
282.701	2136.66
282.736	2136.66
282.766	2136.66
282.801	2136.66
282.836	2136.66
282.866	2136.66
282.901	2136.66
282.936	2136.66
282.966	2136.66
283.001	2136.66
283.036	2136.66
283.066	2136.66
283.101	2136.66
283.136	2136.66
283.166	2136.66
283.201	2136.66
283.236	2136.66
283.266	2136.66
283.301	2136.66
283.336	2136.66
283.366	2136.66
283.401	2136.66
283.431	2136.66
283.466	2136.66
283.501	2136.66
283.526	2136.66
283.566	2136.66
283.601	2136.66
283.631	2136.66
283.666	2136.66
283.701	2136.66
283.731	2136.66
283.766	2136.66
283.801	2136.66
283.831	2136.66
283.866	2136.66
283.901	2136.66
283.931	2136.66
283.966	2136.66
284.001	2136.66
284.031	2136.66
284.066	2136.66
284.101	2136.66
284.131	2136.66
284.161	2136.66
284.201	2136.66
284.231	2136.66
284.266	2136.66
284.301	2136.66
284.331	2136.66
284.366	2136.66
284.401	2136.66
284.431	2136.66
284.461	2136.66
284.501	2136.66
284.531	2136.66
284.566	2136.66
284.601	2136.66
284.631	2136.66
284.666	2136.66
284.701	2136.66
284.731	2136.66
284.766	2136.66
284.801	2136.66
284.831	2136.66
284.866	2136.66
284.901	2136.66
284.931	2136.66
284.966	2136.66
285.001	2136.66
285.031	2136.66
285.066	2136.66
285.101	2136.66
285.131	2136.66
285.166	2136.66
285.201	2136.66
285.231	2136.66
285.266	2136.66
285.301	2136.66
285.331	2136.66
285.366	2136.66
285.401	2136.66
285.431	2136.66
285.466	2136.66
285.501	2136.66
285.526	2136.66
285.566	2136.66
285.601	2136.66
285.631	2136.66
285.666	2136.66
285.701	2136.66
285.731	2136.66
285.766	2136.66
285.801	2136.66
285.831	2136.66
285.866	2136.66
285.901	2136.66
285.931	2136.66
285.966	2136.66
286.001	2136.66
286.031	2136.66
286.066	2136.66
286.101	2136.66
286.131	2136.66
286.166	2136.66
286.201	2136.66
286.231	2136.66
286.266	2136.66
286.301	2136.66
286.331	2136.66
286.366	2136.66
286.401	2136.66
286.431	2136.66
286.461	2136.66
286.501	2136.66
286.531	2136.66
286.556	2136.66
286.601	2136.66
286.631	2136.66
286.666	2136.66
286.701	2136.66
286.731	2136.66
286.766	2136.66
286.801	2136.66
286.831	2136.66
286.866	2136.66
286.901	2136.66
286.931	2136.66
286.966	2136.66
287.001	2136.66
287.031	2136.66
287.066	2136.66
287.091	2136.66
287.131	2136.66
287.166	2136.66
287.201	2136.66
287.231	2136.66
287.266	2136.66
287.291	2136.66
287.331	2136.66
287.366	2136.66
287.401	2136.66
287.431	2136.66
287.466	2136.66
287.501	2136.66
287.526	2136.66
287.566	2136.66
287.601	2136.66
287.631	2136.66
287.666	2136.66
287.701	2136.66
287.731	2136.66
287.766	2136.66
287.801	2136.66
287.831	2136.66
287.866	2136.66
287.901	2136.66
287.931	2136.66
287.966	2136.66
288.001	2136.66
288.031	2136.66
288.066	2136.66
288.101	2136.66
288.131	2136.66
288.166	2136.66
288.196	2136.66
288.231	2136.66
288.266	2136.66
288.301	2136.66
288.331	2136.66
288.366	2136.66
288.401	2136.66
288.431	2136.66
288.466	2136.66
288.501	2136.66
288.531	2136.66
288.566	2136.66
288.601	2136.66
288.631	2136.66
288.666	2136.66
288.701	2136.66
288.731	2136.66
288.766	2136.66
288.801	2136.66
288.831	2136.66
288.866	2136.66
288.891	2136.66
288.916	2136.66
288.941	2136.66
288.966	2136.66
289.001	2136.66
289.031	2136.66
289.066	2136.66
289.101	2136.66
289.131	2136.66
289.166	2136.66
289.196	2136.66
289.231	2136.66
289.266	2136.66
289.301	2136.66
289.331	2136.66
289.366	2136.66
289.401	2136.66
289.431	2136.66
289.466	2136.66
289.501	2136.66
289.531	2136.66
289.566	2136.66
289.601	2136.66
289.631	2136.66
289.666	2136.66
289.701	2136.66
289.731	2136.66
289.756	2136.66
289.791	2136.66
289.831	2136.66
289.866	2136.66
289.901	2136.66
289.931	2136.66
289.966	2136.66
290.001	2136.66
290.031	2136.66
290.066	2136.66
290.101	2136.66
290.131	2136.66
290.166	2136.66
290.201	2136.66
290.231	2136.66
290.266	2136.66
290.301	2136.66
290.331	2136.66
290.366	2136.66
290.401	2136.66
290.431	2136.66
290.466	2136.66
290.501	2136.66
290.531	2136.66
290.566	2136.66
290.601	2136.66
290.631	2136.66
290.666	2136.66
290.701	2136.66
290.731	2136.66
290.766	2136.66
290.801	2136.66
290.831	2136.66
290.866	2136.66
290.901	2136.66
290.931	2136.66
290.966	2136.66
291.001	2136.66
291.031	2136.66
291.066	2136.66
291.101	2136.66
291.131	2136.66
291.166	2136.66
291.201	2136.66
291.231	2136.66
291.266	2136.66
291.301	2136.66
291.331	2136.66
291.366	2136.66
291.391	2136.66
291.431	2136.66
291.466	2136.66
291.501	2136.66
291.531	2136.66
291.566	2136.66
291.601	2136.66
291.626	2136.66
291.666	2136.66
291.701	2136.66
291.731	2136.66
291.766	2136.66
291.801	2136.66
291.831	2136.66
291.866	2136.66
291.901	2136.66
291.931	2136.66
291.966	2136.66
292.001	2136.66
292.031	2136.66
292.066	2136.66
292.101	2136.66
292.131	2136.66
292.166	2136.66
292.201	2136.66
292.231	2136.66
292.266	2136.66
292.301	2136.66
292.331	2136.66
292.366	2136.66
292.401	2136.66
292.431	2136.66
292.466	2136.66
292.501	2136.66
292.531	2136.66
292.566	2136.66
292.601	2136.66
292.631	2136.66
292.666	2136.66
292.701	2136.66
292.731	2136.66
292.766	2136.66
292.801	2136.66
292.831	2136.66
292.866	2136.66
292.901	2136.66
292.931	2136.66
292.966	2136.66
293.001	2136.66
293.031	2136.66
293.066	2136.66
293.101	2136.66
293.131	2136.66
293.166	2136.66
293.201	2136.66
293.231	2136.66
293.266	2136.66
293.301	2136.66
293.331	2136.66
293.366	2136.66
293.401	2136.66
293.431	2136.66
293.466	2136.66
293.501	2136.66
293.531	2136.66
293.566	2136.66
293.601	2136.66
293.631	2136.66
293.666	2136.66
293.701	2136.66
293.731	2136.66
293.766	2136.66
293.801	2136.66
293.831	2136.66
293.866	2136.66
293.901	2136.66
293.931	2136.66
293.966	2136.66
294.001	2136.66
294.031	2136.66
294.066	2136.66
294.101	2136.66
294.131	2136.66
294.166	2136.66
294.201	2136.66
294.231	2136.66
294.266	2136.66
294.296	2136.66
294.331	2136.66
294.366	2136.66
294.401	2136.66
294.431	2136.66
294.466	2136.66
294.501	2136.66
294.531	2136.66
294.566	2136.66
294.601	2136.66
294.631	2136.66
294.666	2136.66
294.701	2136.66
294.731	2136.66
294.766	2136.66
294.801	2136.66
294.831	2136.66
294.866	2136.66
294.901	2136.66
294.931	2136.66
294.966	2136.66
294.991	2136.66
295.031	2136.66
295.066	2136.66
295.101	2136.66
295.131	2136.66
295.166	2136.66
295.191	2136.66
295.231	2136.66
295.266	2136.66
295.301	2136.66
295.331	2136.66
295.366	2136.66
295.401	2136.66
295.431	2136.66
295.466	2136.66
295.501	2136.66
295.531	2136.66
295.566	2136.66
295.601	2136.66
295.631	2136.66
295.666	2136.66
295.701	2136.66
295.731	2136.66
295.756	2136.66
295.801	2136.66
295.831	2136.66
295.866	2136.66
295.901	2136.66
295.931	2136.66
295.966	2136.66
296.001	2136.66
296.031	2136.66
296.066	2136.66
296.091	2136.66
296.116	2136.66
296.141	2136.66
296.166	2136.66
296.201	2136.66
296.231	2136.66
296.266	2136.66
296.291	2136.66
296.331	2136.66
296.366	2136.66
296.401	2136.66
296.431	2136.66
296.466	2136.66
296.501	2136.66
296.531	2136.66
296.566	2136.66
296.591	2136.66
296.631	2136.66
296.666	2136.66
296.701	2136.66
296.731	2136.66
296.766	2136.66
296.801	2136.66
296.831	2136.66
296.866	2136.66
296.901	2136.66
296.931	2136.66
296.966	2136.66
297.001	2136.66
297.031	2136.66
297.066	2136.66
297.101	2136.66
297.131	2136.66
297.166	2136.66
297.201	2136.66
297.231	2136.66
297.266	2136.66
297.301	2136.66
297.331	2136.66
297.366	2136.66
297.401	2136.66
297.431	2136.66
297.466	2136.66
297.501	2136.66
297.531	2136.66
297.566	2136.66
297.601	2136.66
297.631	2136.66
297.666	2136.66
297.701	2136.66
297.731	2136.66
297.766	2136.66
297.801	2136.66
297.831	2136.66
297.866	2136.66
297.901	2136.66
297.931	2136.66
297.966	2136.66
298.001	2136.66
298.031	2136.66
298.066	2136.66
298.101	2136.66
298.131	2136.66
298.166	2136.66
298.201	2136.66
298.231	2136.66
298.266	2136.66
298.301	2136.66
298.331	2136.66
298.366	2136.66
298.401	2136.66
298.431	2136.66
298.461	2136.66
298.501	2136.66
298.531	2136.66
298.566	2136.66
298.601	2136.66
298.631	2136.66
298.666	2136.66
298.701	2136.66
298.731	2136.66
298.766	2136.66
298.801	2136.66
298.831	2136.66
298.866	2136.66
298.901	2136.66
298.931	2136.66
298.961	2136.66
299.001	2136.66
299.031	2136.66
299.056	2136.66
299.101	2136.66
299.131	2136.66
299.166	2136.66
299.201	2136.66
299.231	2136.66
299.266	2136.66
299.301	2136.66
299.331	2136.66
299.366	2136.66
299.401	2136.66
299.431	2136.66
299.466	2136.66
299.501	2136.66
299.531	2136.66
299.566	2136.66
299.601	2136.66
299.631	2136.66
299.666	2136.66
299.701	2136.66
299.731	2136.66
299.766	2136.66
299.801	2136.66
299.831	2136.66
299.866	2136.66
299.901	2136.66
299.931	2136.66
299.966	2136.66
300.001	2136.66
300.031	2136.66
300.066	2136.66
300.101	2136.66
300.131	2136.66
300.166	2136.66
300.201	2136.66
300.231	2136.66
300.266	2136.66
300.301	2136.66
300.331	2136.66
300.366	2136.66
300.401	2136.66
300.431	2136.66
300.466	2136.66
300.501	2136.66
300.531	2136.66
300.566	2136.66
300.601	2136.66
300.631	2136.66
300.666	2136.66
300.701	2136.66
300.731	2136.66
300.766	2136.66
300.801	2136.66
300.831	2136.66
300.866	2136.66
300.901	2136.66
300.931	2136.66
300.966	2136.66
301.001	2136.66
301.031	2136.66
301.066	2136.66
301.101	2136.66
301.131	2136.66
301.166	2136.66
301.201	2136.66
301.231	2136.66
301.266	2136.66
301.301	2136.66
301.331	2136.66
301.361	2136.66
301.401	2136.66
301.431	2136.66
301.466	2136.66
301.501	2136.66
301.531	2136.66
301.566	2136.66
301.601	2136.66
301.631	2136.66
301.666	2136.66
301.701	2136.66
301.731	2136.66
301.766	2136.66
301.801	2136.66
301.831	2136.66
301.866	2136.66
301.901	2136.66
301.931	2136.66
301.966	2136.66
302.001	2136.66
302.031	2136.66
302.066	2136.66
302.101	2136.66
302.131	2136.66
302.166	2136.66
302.201	2136.66
302.231	2136.66
302.266	2136.66
302.291	2136.66
302.331	2136.66
302.366	2136.66
302.401	2136.66
302.431	2136.66
302.466	2136.66
302.501	2136.66
302.531	2136.66
302.566	2136.66
302.601	2136.66
302.631	2136.66
302.666	2136.66
302.701	2136.66
302.731	2136.66
302.766	2136.66
302.801	2136.66
302.831	2136.66
302.866	2136.66
302.901	2136.66
302.931	2136.66
302.966	2136.66
303.001	2136.66
303.031	2136.66
303.066	2136.66
303.101	2136.66
303.131	2136.66
303.166	2136.66
303.201	2136.66
303.231	2136.66
303.266	2136.66
303.301	2136.66
303.331	2136.66
303.366	2136.66
303.401	2136.66
303.431	2136.66
303.466	2136.66
303.501	2136.66
303.531	2136.66
303.566	2136.66
303.601	2136.66
303.631	2136.66
303.666	2136.66
303.701	2136.66
303.731	2136.66
303.766	2136.66
303.801	2136.66
303.831	2136.66
303.866	2136.66
303.901	2136.66
303.931	2136.66
303.966	2136.66
304.001	2136.66
304.031	2136.66
304.066	2136.66
304.101	2136.66
304.131	2136.66
304.166	2136.66
304.201	2136.66
304.231	2136.66
304.266	2136.66
304.301	2136.66
304.331	2136.66
304.366	2136.66
304.401	2136.66
304.431	2136.66
304.466	2136.66
304.501	2136.66
304.531	2136.66
304.566	2136.66
304.601	2136.66
304.631	2136.66
304.666	2136.66
304.701	2136.66
304.731	2136.66
304.766	2136.66
304.801	2136.66
304.831	2136.66
304.866	2136.66
304.901	2136.66
304.931	2136.66
304.966	2136.66
305.001	2136.66
305.031	2136.66
305.066	2136.66
305.101	2136.66
305.131	2136.66
305.166	2136.66
305.201	2136.66
305.231	2136.66
305.266	2136.66
305.301	2136.66
305.331	2136.66
305.366	2136.66
305.401	2136.66
305.431	2136.66
305.466	2136.66
305.501	2136.66
305.531	2136.66
305.566	2136.66
305.601	2136.66
305.631	2136.66
305.666	2136.66
305.701	2136.66
305.726	2136.66
305.766	2136.66
305.801	2136.66
305.831	2136.66
305.866	2136.66
305.901	2136.66
305.931	2136.66
305.956	2136.66
306.001	2136.66
306.031	2136.66
306.066	2136.66
306.101	2136.66
306.131	2136.66
306.166	2136.66
306.201	2136.66
306.231	2136.66
306.266	2136.66
306.301	2136.66
306.331	2136.66
306.366	2136.66
306.391	2136.66
306.431	2136.66
306.466	2136.66
306.501	2136.66
306.526	2136.66
306.566	2136.66
306.601	2136.66
306.631	2136.66
306.666	2136.66
306.691	2136.66
306.731	2136.66
306.766	2136.66
306.801	2136.66
306.831	2136.66
306.866	2136.66
306.901	2136.66
306.931	2136.66
306.966	2136.66
307.001	2136.66
307.031	2136.66
307.066	2136.66
307.101	2136.66
307.131	2136.66
307.166	2136.66
307.201	2136.66
307.231	2136.66
307.266	2136.66
307.301	2136.66
307.331	2136.66
307.366	2136.66
307.401	2136.66
307.431	2136.66
307.466	2136.66
307.501	2136.66
307.531	2136.66
307.566	2136.66
307.601	2136.66
307.626	2136.66
307.666	2136.66
307.701	2136.66
307.731	2136.66
307.766	2136.66
307.801	2136.66
307.831	2136.66
307.866	2136.66
307.901	2136.66
307.931	2136.66
307.966	2136.66
308.001	2136.66
308.031	2136.66
308.066	2136.66
308.101	2136.66
308.131	2136.66
308.166	2136.66
308.201	2136.66
308.231	2136.66
308.266	2136.66
308.301	2136.66
308.331	2136.66
308.366	2136.66
308.401	2136.66
308.431	2136.66
308.466	2136.66
308.501	2136.66
308.531	2136.66
308.566	2136.66
308.601	2136.66
308.631	2136.66
308.666	2136.66
308.701	2136.66
308.731	2136.66
308.766	2136.66
308.801	2136.66
308.831	2136.66
308.866	2136.66
308.901	2136.66
308.931	2136.66
308.966	2136.66
309.001	2136.66
309.031	2136.66
309.066	2136.66
309.101	2136.66
309.131	2136.66
309.166	2136.66
309.201	2136.66
309.231	2136.66
309.266	2136.66
309.301	2136.66
309.331	2136.66
309.366	2136.66
309.401	2136.66
309.431	2136.66
309.466	2136.66
309.501	2136.66
309.531	2136.66
309.566	2136.66
309.601	2136.66
309.631	2136.66
309.666	2136.66
309.701	2136.66
309.731	2136.66
309.766	2136.66
309.801	2136.66
309.831	2136.66
309.866	2136.66
309.901	2136.66
309.931	2136.66
309.966	2136.66
