0.035	500
0.063	500
0.113	500
0.138	1489.14
0.168	1489.14
0.203	3046.77
0.237	3046.77
0.272	2985.83
0.302	2924.9
0.337	2924.9
0.372	2863.96
0.402	2863.96
0.437	2803.03
0.472	2863.96
0.502	2803.03
0.537	2742.09
0.572	2681.16
0.602	2681.16
0.637	2742.09
0.672	2803.03
0.702	2863.96
0.737	2924.9
0.772	2985.83
0.802	2985.83
0.837	3107.7
0.862	3046.77
0.902	3107.7
0.937	3168.64
0.972	3107.7
1.002	3168.64
1.037	3229.57
1.072	3168.64
1.102	3229.57
1.137	3290.51
1.172	3229.57
1.202	3229.57
1.237	3229.57
1.272	3168.64
1.302	3168.64
1.337	3168.64
1.372	3229.57
1.402	3290.51
1.437	3351.45
1.472	3412.38
1.502	3351.45
1.527	3290.51
1.557	3351.45
1.582	3412.38
1.607	3351.45
1.637	3412.38
1.672	3351.45
1.702	3351.45
1.732	3412.38
1.772	3412.38
1.802	3351.45
1.832	3412.38
1.872	3412.38
1.902	3351.45
1.937	3290.51
1.972	3351.45
2.002	3412.38
2.037	3473.32
2.072	3534.25
2.102	3595.19
2.137	3656.12
2.172	3534.25
2.202	3534.25
2.237	3412.38
2.272	3351.45
2.302	3229.57
2.337	3168.64
2.372	3107.7
2.402	3046.77
2.437	2985.83
2.472	3046.77
2.502	2985.83
2.537	3046.77
2.572	3107.7
2.602	3168.64
2.637	3229.57
2.672	3168.64
2.702	3107.7
2.737	3046.77
2.772	2985.83
2.797	2985.83
2.837	2924.9
2.872	2863.96
2.902	2863.96
2.937	2863.96
2.972	2863.96
3.002	2803.03
3.037	2742.09
3.072	2681.16
3.102	2620.22
3.137	2681.16
3.172	2742.09
3.202	2803.03
3.237	2742.09
3.272	2681.16
3.302	2681.16
3.337	2803.03
3.372	2742.09
3.402	2803.03
3.437	2863.96
3.472	2924.9
3.502	2985.83
3.537	3046.77
3.572	3107.7
3.602	3168.64
3.637	3229.57
3.672	3290.51
3.702	3351.45
3.737	3290.51
3.772	3351.45
3.802	3351.45
3.837	3290.51
3.872	3229.57
3.902	3168.64
3.937	3107.7
3.972	3046.77
4.002	2985.83
4.037	2924.9
4.072	2863.96
4.102	2803.03
4.137	2863.96
4.172	2924.9
4.202	2985.83
4.237	2924.9
4.272	2985.83
4.302	2924.9
4.337	2803.03
4.372	2742.09
4.402	2742.09
4.437	2803.03
4.462	2742.09
4.502	2803.03
4.537	2863.96
4.572	2803.03
4.602	2742.09
4.637	2681.16
4.667	2681.16
4.702	2742.09
4.737	2803.03
4.762	2742.09
4.797	2681.16
4.837	2803.03
4.867	2863.96
4.902	2924.9
4.937	2985.83
4.972	3046.77
5.002	3107.7
5.037	3168.64
5.072	3229.57
5.102	3229.57
5.137	3107.7
5.172	3046.77
5.202	3046.77
5.237	2985.83
5.272	2924.9
5.302	2863.96
5.337	2863.96
5.372	2803.03
5.402	2863.96
5.437	2924.9
5.472	2985.83
5.502	2985.83
5.537	2985.83
5.572	3046.77
5.602	3046.77
5.637	2985.83
5.672	3046.77
5.702	2985.83
5.737	3046.77
5.772	3107.7
5.802	3046.77
5.837	3046.77
5.872	2985.83
5.902	2924.9
5.937	2985.83
5.972	2924.9
6.002	2985.83
6.027	2985.83
6.067	3107.7
6.102	3046.77
6.137	2985.83
6.172	2924.9
6.202	2924.9
6.237	2924.9
6.262	2924.9
6.302	2985.83
6.337	3046.77
6.372	3046.77
6.402	3107.7
6.437	3168.64
6.472	3107.7
6.502	3168.64
6.537	3107.7
6.572	3046.77
6.602	3107.7
6.632	3046.77
6.672	3107.7
6.702	3168.64
6.737	3107.7
6.772	3046.77
6.802	2985.83
6.837	3107.7
6.862	3168.64
6.902	3229.57
6.937	3168.64
6.972	3107.7
7.002	3046.77
7.037	3107.7
7.072	3046.77
7.102	2985.83
7.137	3046.77
7.172	3107.7
7.202	3107.7
7.237	3107.7
7.272	3107.7
7.302	3168.64
7.337	3290.51
7.372	3412.38
7.402	3412.38
7.437	3412.38
7.472	3473.32
7.502	3534.25
7.537	3473.32
7.572	3534.25
7.602	3595.19
7.637	3656.12
7.672	3717.06
7.702	3656.12
7.737	3717.06
7.772	3717.06
7.802	3717.06
7.837	3777.99
7.872	3838.93
7.902	3899.86
7.937	3899.86
7.972	3838.93
8.002	3899.86
8.037	3960.8
8.072	4021.74
8.102	4021.74
8.137	4082.67
8.172	4143.6
8.202	4204.54
8.237	4204.54
8.272	4265.48
8.302	4265.48
8.337	4204.54
8.372	4204.54
8.402	4143.6
8.432	4204.54
8.472	4143.6
8.502	4204.54
8.527	4143.6
8.572	4143.6
8.602	4204.54
8.637	4143.6
8.672	4021.74
8.697	4021.74
8.722	3960.8
8.747	4021.74
8.772	3960.8
8.802	3838.93
8.827	3777.99
8.872	3777.99
8.902	3838.93
8.937	3899.86
8.972	3899.86
9.002	3838.93
9.037	3899.86
9.072	3899.86
9.102	3899.86
9.132	3960.8
9.172	3960.8
9.202	3899.86
9.237	3960.8
9.272	4021.74
9.302	4082.67
9.332	4021.74
9.372	4082.67
9.397	4143.6
9.437	4082.67
9.472	4143.6
9.502	4082.67
9.537	4082.67
9.572	4143.6
9.602	4204.54
9.637	4265.48
9.667	4204.54
9.702	4204.54
9.737	4204.54
9.772	4143.6
9.802	4326.41
9.837	4265.48
9.872	4204.54
9.902	4265.48
9.937	4387.35
9.972	4326.41
10.002	4387.35
10.037	4448.28
10.072	4387.35
10.097	4509.22
10.137	4570.15
10.172	4509.22
10.202	4570.15
10.237	4509.22
10.267	4509.22
10.302	4387.35
10.332	4326.41
10.357	4387.35
10.382	4509.22
10.407	4448.28
10.432	4387.35
10.457	4326.41
10.482	4387.35
10.507	4448.28
10.532	4509.22
10.572	4448.28
10.602	4570.15
10.627	4570.15
10.672	4509.22
10.702	4570.15
10.727	4570.15
10.772	4509.22
10.802	4570.15
10.827	4570.15
10.872	4570.15
10.902	4509.22
10.927	4509.22
10.972	4570.15
11.002	4509.22
11.027	4570.15
11.057	4570.15
11.102	4509.22
11.127	4570.15
11.172	4570.15
11.202	4509.22
11.237	4509.22
11.272	4448.28
11.302	4509.22
11.337	4570.15
11.362	4570.15
11.402	4509.22
11.437	4570.15
11.462	4509.22
11.502	4570.15
11.527	4509.22
11.552	4570.15
11.577	4570.15
11.602	4570.15
11.627	3919.14
11.672	4387.35
11.702	4326.41
11.737	4448.28
11.772	4387.35
11.802	4265.48
11.837	4326.41
11.872	4326.41
11.902	4387.35
11.937	4265.48
11.972	4204.54
12.002	4143.6
12.037	4204.54
12.072	4143.6
12.102	4265.48
12.127	4204.54
12.172	4265.48
12.202	4326.41
12.227	4265.48
12.272	4387.35
12.297	4509.22
12.322	4448.28
12.347	4387.35
12.372	4509.22
12.402	4570.15
12.437	4509.22
12.467	4448.28
12.502	4509.22
12.532	4448.28
12.572	4448.28
12.602	4509.22
12.627	4570.15
12.672	4509.22
12.702	4570.15
12.727	4570.15
12.772	4509.22
12.802	4448.28
12.827	4509.22
12.872	4387.35
12.902	4387.35
12.927	4448.28
12.972	4387.35
13.002	4326.41
13.037	4387.35
13.072	4387.35
13.102	4387.35
13.137	4509.22
13.172	4448.28
13.202	4509.22
13.237	4570.15
13.272	4570.15
13.302	4509.22
13.337	4570.15
13.372	4509.22
13.402	4448.28
13.437	4448.28
13.472	4570.15
13.502	4570.15
13.537	4570.15
13.572	4570.15
13.602	4570.15
13.637	4570.15
13.672	4570.15
13.702	4570.15
13.737	4060.06
13.772	4509.22
13.802	4570.15
13.837	4509.22
13.872	4570.15
13.902	4570.15
13.937	4509.22
13.972	4509.22
14.002	4570.15
14.037	4509.22
14.072	4570.15
14.102	4509.22
14.127	4570.15
14.157	4570.15
14.182	4570.15
14.207	4570.15
14.237	4509.22
14.272	4509.22
14.302	4448.28
14.327	4387.35
14.362	4448.28
14.387	4509.22
14.412	4570.15
14.437	4509.22
14.472	4448.28
14.502	4448.28
14.537	4509.22
14.567	4509.22
14.597	4570.15
14.622	4570.15
14.672	4570.15
14.702	4509.22
14.737	4570.15
14.767	4570.15
14.797	3919.14
14.822	4570.15
14.872	4509.22
14.897	4570.15
14.927	4509.22
14.957	4570.15
14.982	4570.15
15.007	4570.15
15.037	4570.15
15.062	4509.22
15.102	4509.22
15.132	4448.28
15.162	4509.22
15.192	4570.15
15.222	4509.22
15.262	4570.15
15.302	4570.15
15.337	4509.22
15.372	4448.28
15.402	4509.22
15.437	4570.15
15.472	4509.22
15.502	4570.15
15.527	4509.22
15.572	4570.15
15.602	4570.15
15.637	4448.28
15.672	4509.22
15.702	4448.28
15.737	4509.22
15.772	4326.41
15.802	4387.35
15.837	4083.38
15.872	4387.35
15.897	4448.28
15.937	4387.35
15.972	4570.15
15.997	4509.22
16.037	4570.15
16.072	4570.15
16.102	4509.22
16.127	4448.28
16.152	4509.22
16.177	4448.28
16.202	4570.15
16.237	4509.22
16.267	4570.15
16.302	4509.22
16.337	4570.15
16.362	4509.22
16.387	4509.22
16.412	4570.15
16.437	4509.22
16.467	4448.28
16.497	4509.22
16.522	4570.15
16.547	4509.22
16.572	4570.15
16.602	4509.22
16.637	4448.28
16.662	4509.22
16.697	4448.28
16.722	4570.15
16.747	4570.15
16.772	4570.15
16.802	4570.15
16.837	4570.15
16.867	4509.22
16.892	4570.15
16.937	4570.15
16.962	4509.22
16.987	4509.22
17.037	4570.15
17.067	4509.22
17.102	4570.15
17.137	4570.15
17.167	4570.15
17.202	4570.15
17.237	4570.15
17.267	4570.15
17.302	4570.15
17.337	4509.22
17.367	4509.22
17.402	4509.22
17.437	4448.28
17.467	4509.22
17.502	4570.15
17.537	4509.22
17.567	4570.15
17.592	4509.22
17.637	4509.22
17.667	4448.28
17.702	4509.22
17.727	4448.28
17.762	4509.22
17.802	4570.15
17.837	4509.22
17.867	4570.15
17.892	4570.15
17.927	4448.28
17.967	4509.22
18.002	4509.22
18.027	4570.15
18.052	4509.22
18.077	4570.15
18.102	4509.22
18.137	4448.28
18.167	4509.22
18.202	4448.28
18.237	4387.35
18.262	4448.28
18.287	4509.22
18.312	4509.22
18.337	4448.28
18.362	4509.22
18.397	4448.28
18.422	4509.22
18.447	4509.22
18.472	4570.15
18.502	4570.15
18.537	4509.22
18.562	4387.35
18.587	4387.35
18.637	4570.15
18.662	4509.22
18.692	4448.28
18.737	4448.28
18.762	4509.22
18.787	4570.15
18.837	4509.22
18.862	4448.28
18.902	4570.15
18.937	4509.22
18.962	4570.15
19.002	3936.4
19.037	3936.4
19.067	3936.4
19.102	4509.22
19.127	4570.15
19.167	4509.22
19.202	4509.22
19.237	4570.15
19.267	4509.22
19.302	4448.28
19.337	4509.22
19.367	4570.15
19.402	4448.28
19.437	4448.28
19.467	4570.15
19.502	4509.22
19.537	4570.15
19.567	4570.15
19.602	4570.15
19.637	4570.15
19.667	4570.15
19.697	4509.22
19.737	4509.22
19.762	4570.15
19.802	4570.15
19.837	4509.22
19.862	4570.15
19.892	4570.15
19.937	4570.15
19.962	4570.15
20.002	4509.22
20.027	4183.36
20.052	4570.15
20.077	4509.22
20.102	4570.15
20.127	4509.22
20.162	4448.28
20.187	4570.15
20.212	4509.22
20.237	4570.15
20.262	4570.15
20.287	4570.15
20.312	4570.15
20.337	4509.22
20.362	4448.28
20.387	4570.15
20.417	4570.15
20.442	4509.22
20.467	4448.28
20.492	4570.15
20.537	4509.22
20.562	4570.15
20.602	4570.15
20.637	4509.22
20.662	4448.28
20.702	4570.15
20.737	4509.22
20.767	4570.15
20.802	4570.15
20.837	4570.15
20.867	4570.15
20.902	4570.15
20.937	4570.15
20.967	4570.15
21.002	4570.15
21.037	4509.22
21.067	4448.28
21.102	4509.22
21.137	4448.28
21.167	4509.22
21.202	4570.15
21.237	4509.22
21.267	4570.15
21.302	4387.35
21.337	4387.35
21.367	4387.35
21.402	4387.35
21.437	4448.28
21.462	4387.35
21.502	4448.28
21.537	4448.28
21.567	4509.22
21.602	4570.15
21.627	4570.15
21.662	4570.15
21.702	4570.15
21.737	4509.22
21.767	4448.28
21.802	4570.15
21.837	4509.22
21.862	4570.15
21.902	4509.22
21.937	4509.22
21.967	4448.28
22.002	4509.22
22.037	4509.22
22.062	4509.22
22.102	4509.22
22.132	4570.15
22.162	4509.22
22.202	4448.28
22.237	4570.15
22.262	4509.22
22.287	4570.15
22.337	4570.15
22.362	4509.22
22.397	4570.15
22.427	4509.22
22.452	4448.28
22.477	4570.15
22.502	4509.22
22.537	4448.28
22.562	4509.22
22.602	4570.15
22.637	4570.15
22.662	4570.15
22.702	4509.22
22.737	4570.15
22.762	4570.15
22.802	4570.15
22.827	4570.15
22.852	4570.15
22.902	4509.22
22.927	4570.15
22.967	4509.22
22.997	4570.15
23.037	4570.15
23.067	4570.15
23.102	4509.22
23.137	4570.15
23.167	4509.22
23.202	4570.15
23.237	4570.15
23.267	4570.15
23.297	4570.15
23.337	4509.22
23.367	4570.15
23.402	4509.22
23.437	4570.15
23.467	4509.22
23.502	4570.15
23.537	4448.28
23.567	4509.22
23.602	4570.15
23.637	4570.15
23.667	4509.22
23.692	4448.28
23.737	4570.15
23.767	4509.22
23.802	4570.15
23.827	4509.22
23.852	4570.15
23.877	4509.22
23.902	4570.15
23.937	4570.15
23.962	4570.15
23.987	4509.22
24.012	4448.28
24.037	4509.22
24.067	4570.15
24.097	4570.15
24.132	4509.22
24.162	4448.28
24.187	4509.22
24.212	4570.15
24.237	4236.2
24.262	4570.15
24.302	4509.22
24.337	4570.15
24.362	4509.22
24.402	4570.15
24.432	4509.22
24.462	4448.28
24.502	4570.15
24.532	4509.22
24.562	4570.15
24.602	4570.15
24.637	4509.22
24.662	4570.15
24.692	4570.15
24.722	4570.15
24.747	4509.22
24.772	4570.15
24.802	4509.22
24.837	4570.15
24.862	4509.22
24.902	4570.15
24.932	4570.15
24.967	4509.22
25.002	4570.15
25.037	4570.15
25.067	4509.22
25.102	4448.28
25.137	4509.22
25.167	4448.28
25.202	4509.22
25.227	4448.28
25.267	4509.22
25.302	4025.66
25.337	4509.22
25.367	4570.15
25.402	4509.22
25.437	4509.22
25.467	4570.15
25.497	4509.22
25.537	4570.15
25.567	4570.15
25.602	4570.15
25.637	4509.22
25.667	4570.15
25.702	4570.15
25.737	4570.15
25.767	4570.15
25.802	4509.22
25.837	4448.28
25.867	4448.28
25.902	4570.15
25.937	4509.22
25.967	4570.15
26.002	4570.15
26.027	4570.15
26.052	4570.15
26.077	4509.22
26.102	4570.15
26.137	4509.22
26.162	4570.15
26.202	4509.22
26.237	4570.15
26.262	4509.22
26.297	4570.15
26.322	4570.15
26.347	4509.22
26.372	4570.15
26.402	4570.15
26.437	4509.22
26.462	4448.28
26.487	4509.22
26.512	4448.28
26.537	4570.15
26.562	4509.22
26.602	4387.35
26.627	4509.22
26.652	4570.15
26.702	4570.15
26.727	4570.15
26.752	4509.22
26.802	4509.22
26.832	4509.22
26.857	4448.28
26.902	4570.15
26.927	4570.15
26.967	4570.15
27.002	4509.22
27.037	4570.15
27.067	4570.15
27.102	4509.22
27.137	4509.22
27.167	4509.22
27.202	4570.15
27.227	4509.22
27.257	4448.28
27.302	4448.28
27.337	4509.22
27.367	4448.28
27.402	4387.35
27.437	4448.28
27.467	4509.22
27.502	4570.15
27.537	4570.15
27.567	4570.15
27.602	4570.15
27.632	4509.22
27.667	4570.15
27.702	4570.15
27.732	4570.15
27.767	4570.15
27.802	4509.22
27.837	4570.15
27.867	4570.15
27.897	4509.22
27.927	4448.28
27.967	4570.15
28.002	4509.22
28.027	4570.15
28.052	4509.22
28.077	4570.15
28.102	4509.22
28.137	4570.15
28.162	4570.15
28.192	4509.22
28.222	4570.15
28.247	4509.22
28.272	4570.15
28.302	4570.15
28.337	4570.15
28.362	4509.22
28.397	4509.22
28.422	4509.22
28.447	4052.44
28.472	4052.44
28.502	4570.15
28.537	4509.22
28.562	4570.15
28.592	4570.15
28.637	4509.22
28.662	4570.15
28.702	4570.15
28.737	4509.22
28.762	4570.15
28.787	4509.22
28.827	4570.15
28.867	4570.15
28.902	4509.22
28.927	4509.22
28.957	4570.15
29.002	4509.22
29.037	4448.28
29.067	4509.22
29.102	4448.28
29.127	4448.28
29.167	4448.28
29.202	4387.35
29.227	4387.35
29.267	4570.15
29.302	4509.22
29.337	4570.15
29.367	4570.15
29.402	4509.22
29.437	4570.15
29.467	4509.22
29.502	4570.15
29.537	4509.22
29.567	4570.15
29.602	4448.28
29.637	4387.35
29.667	4509.22
29.702	4570.15
29.737	4509.22
29.767	4509.22
29.802	4448.28
29.837	4387.35
29.867	4326.41
29.897	4387.35
29.927	4509.22
29.952	4509.22
29.977	4570.15
30.002	4509.22
30.037	4570.15
30.067	4570.15
30.102	4570.15
30.132	4509.22
30.162	4448.28
30.202	4570.15
30.232	4448.28
30.262	4509.22
30.302	4448.28
30.337	4570.15
30.362	4570.15
30.402	4509.22
30.432	4570.15
30.467	4509.22
30.502	4570.15
30.532	4509.22
30.557	4570.15
30.582	4570.15
30.607	4509.22
30.637	4570.15
30.662	4509.22
30.702	4570.15
30.737	4570.15
30.762	4570.15
30.802	4509.22
30.827	4570.15
30.852	4570.15
30.902	4509.22
30.937	4509.22
30.967	4570.15
31.002	4570.15
31.032	4570.15
31.062	4570.15
31.102	4509.22
31.137	4570.15
31.167	4570.15
31.202	4509.22
31.237	4509.22
31.267	4509.22
31.302	4570.15
31.337	4509.22
31.367	4570.15
31.402	4570.15
31.437	4509.22
31.467	4570.15
31.502	4509.22
31.537	4570.15
31.567	4570.15
31.602	4509.22
31.637	4448.28
31.667	4509.22
31.702	4448.28
31.727	4448.28
31.767	4570.15
31.802	4570.15
31.837	4570.15
31.867	4570.15
31.902	4570.15
31.937	4570.15
31.967	4509.22
32.002	4570.15
32.037	4509.22
32.067	4570.15
32.102	4509.22
32.137	4448.28
32.162	4509.22
32.187	4448.28
32.212	4570.15
32.237	4570.15
32.262	4570.15
32.287	4570.15
32.312	4570.15
32.337	4509.22
32.362	4570.15
32.397	4570.15
32.422	4509.22
32.447	4570.15
32.472	4509.22
32.502	4570.15
32.532	4570.15
32.562	4509.22
32.602	4570.15
32.637	4024.83
32.662	4448.28
32.687	4509.22
32.737	4509.22
32.762	4570.15
32.787	4570.15
32.837	4570.15
32.862	4570.15
32.887	4570.15
32.937	4570.15
32.967	4509.22
33.002	4570.15
33.037	4509.22
33.067	4509.22
33.102	4570.15
33.137	4570.15
33.167	4509.22
33.202	4570.15
33.237	4509.22
33.267	4448.28
33.302	4570.15
33.337	4570.15
33.367	4570.15
33.402	4570.15
33.437	4570.15
33.467	4509.22
33.502	4570.15
33.537	4509.22
33.567	4448.28
33.602	4509.22
33.637	4448.28
33.667	4509.22
33.697	4448.28
33.737	4509.22
33.767	4570.15
33.802	4509.22
33.837	4570.15
33.867	4570.15
33.902	4570.15
33.937	4509.22
33.967	4570.15
33.992	4509.22
34.027	4570.15
34.052	4570.15
34.077	4570.15
34.102	4570.15
34.137	4509.22
34.162	4448.28
34.187	4509.22
34.212	4570.15
34.237	4570.15
34.267	4570.15
34.302	4509.22
34.327	4448.28
34.352	4509.22
34.377	4570.15
34.402	4570.15
34.432	4509.22
34.462	4448.28
34.502	4509.22
34.537	4570.15
34.562	4509.22
34.602	4570.15
34.632	4509.22
34.662	4570.15
34.702	4570.15
34.737	3883.92
34.762	4570.15
34.802	4570.15
34.832	4509.22
34.867	4570.15
34.902	4570.15
34.932	4570.15
34.962	4570.15
35.002	4509.22
35.037	4448.28
35.067	4509.22
35.102	4570.15
35.137	4570.15
35.167	4570.15
35.197	4509.22
35.237	4509.22
35.267	4448.28
35.297	4387.35
35.322	4265.48
35.362	4326.41
35.402	4326.41
35.437	4387.35
35.467	4326.41
35.497	4265.48
35.537	4387.35
35.567	4448.28
35.602	4448.28
35.637	4387.35
35.667	4448.28
35.702	4387.35
35.727	4509.22
35.767	4570.15
35.802	4448.28
35.832	4448.28
35.867	4509.22
35.902	4570.15
35.937	4509.22
35.962	4448.28
36.002	4509.22
36.037	4448.28
36.067	4509.22
36.102	4509.22
36.132	4509.22
36.162	4570.15
36.202	4570.15
36.232	4570.15
36.262	4509.22
36.297	4570.15
36.332	4570.15
36.362	4570.15
36.402	4570.15
36.432	4509.22
36.457	4509.22
36.482	4570.15
36.507	4509.22
36.537	4448.28
36.562	4448.28
36.602	4570.15
36.632	4509.22
36.662	4570.15
36.702	4509.22
36.732	4570.15
36.762	4509.22
36.802	4570.15
36.837	4509.22
36.862	4509.22
36.902	4570.15
36.937	4570.15
36.967	4570.15
37.002	4509.22
37.027	4570.15
37.067	4570.15
37.102	4509.22
37.137	4509.22
37.167	4570.15
37.202	4509.22
37.237	4570.15
37.267	4570.15
37.302	4570.15
37.337	4570.15
37.367	4570.15
37.402	4570.15
37.432	4570.15
37.467	4570.15
37.502	4509.22
37.537	4448.28
37.567	4509.22
37.602	4570.15
37.637	4509.22
37.667	4387.35
37.702	4448.28
37.737	4509.22
37.767	4570.15
37.797	4509.22
37.837	4509.22
37.867	4570.15
37.902	4570.15
37.937	4509.22
37.967	4509.22
38.002	4570.15
38.027	4570.15
38.067	4509.22
38.102	4570.15
38.137	4570.15
38.162	4570.15
38.202	4570.15
38.237	4570.15
38.267	4509.22
38.302	4570.15
38.327	4509.22
38.352	4570.15
38.377	4570.15
38.402	4570.15
38.432	4570.15
38.462	4509.22
38.487	4509.22
38.512	4570.15
38.537	4509.22
38.562	4570.15
38.602	4570.15
38.637	4509.22
38.667	4570.15
38.692	4509.22
38.722	4570.15
38.747	4509.22
38.772	4570.15
38.802	4570.15
38.837	4448.28
38.867	4570.15
38.902	4509.22
38.927	3753.24
38.967	4570.15
38.992	4570.15
39.037	4570.15
39.067	4570.15
39.102	4509.22
39.137	4570.15
39.162	4509.22
39.192	4448.28
39.237	4509.22
39.267	4570.15
39.302	4509.22
39.337	4448.28
39.367	4509.22
39.402	4448.28
39.437	4509.22
39.467	4570.15
39.502	4509.22
39.537	4570.15
39.567	4509.22
39.602	4570.15
39.637	4509.22
39.667	4570.15
39.702	4509.22
39.737	4509.22
39.767	4570.15
39.802	4509.22
39.837	4570.15
39.867	4570.15
39.892	4509.22
39.937	4509.22
39.967	4570.15
40.002	4509.22
40.032	4570.15
40.062	4570.15
40.087	4570.15
40.112	4570.15
40.137	4570.15
40.162	4509.22
40.202	4570.15
40.227	4570.15
40.252	4509.22
40.277	4509.22
40.302	4570.15
40.337	4509.22
40.362	4448.28
40.387	4509.22
40.412	4448.28
40.437	4509.22
40.462	4509.22
40.487	4570.15
40.512	4509.22
40.537	4448.28
40.567	4387.35
40.592	4387.35
40.632	4570.15
40.667	4509.22
40.697	4448.28
40.722	4387.35
40.767	4570.15
40.792	4570.15
40.817	4570.15
40.842	4570.15
40.867	4570.15
40.892	4570.15
40.937	4570.15
40.967	4509.22
41.002	4570.15
41.037	4509.22
41.067	4570.15
41.102	4570.15
41.137	4509.22
41.167	4570.15
41.202	4509.22
41.237	4570.15
41.267	4570.15
41.302	4570.15
41.337	4509.22
41.367	4570.15
41.402	4570.15
41.437	4570.15
41.467	4509.22
41.502	4448.28
41.537	4387.35
41.567	4448.28
41.602	4570.15
41.632	4570.15
41.657	4509.22
41.702	4570.15
41.737	4570.15
41.767	4509.22
41.802	4570.15
41.837	4509.22
41.867	4570.15
41.902	4570.15
41.937	4509.22
41.967	4448.28
42.002	4509.22
42.027	4448.28
42.052	4448.28
42.077	4570.15
42.102	4570.15
42.137	4509.22
42.162	4570.15
42.202	4570.15
42.237	4570.15
42.262	4509.22
42.302	4570.15
42.337	4570.15
42.362	4509.22
42.387	4448.28
42.417	4570.15
42.442	4570.15
42.467	4509.22
42.492	4570.15
42.537	4509.22
42.562	4570.15
42.587	4570.15
42.637	4509.22
42.662	4570.15
42.687	4570.15
42.737	4509.22
42.762	4509.22
42.787	4509.22
42.837	4570.15
42.867	4509.22
42.892	4570.15
42.937	4570.15
42.967	4570.15
43.002	4570.15
43.032	4509.22
43.067	4448.28
43.102	4509.22
43.137	3766.8
43.167	4509.22
43.202	4570.15
43.237	4509.22
43.267	4570.15
43.302	4570.15
43.337	4509.22
43.367	4448.28
43.402	4509.22
43.437	4570.15
43.467	4509.22
43.502	4570.15
43.537	4570.15
43.567	4509.22
43.602	4570.15
43.637	4509.22
43.667	4570.15
43.702	4570.15
43.737	4509.22
43.767	4448.28
43.802	4509.22
43.837	4570.15
43.867	4509.22
43.902	4448.28
43.937	4509.22
43.967	4570.15
43.992	4570.15
44.037	4509.22
44.067	4570.15
44.102	4509.22
44.127	4570.15
44.152	4570.15
44.177	4570.15
44.202	4570.15
44.237	4570.15
44.262	4570.15
44.287	4570.15
44.312	4570.15
44.337	4509.22
44.362	4570.15
44.387	4570.15
44.412	4570.15
44.437	4570.15
44.462	4509.22
44.487	4570.15
44.512	4570.15
44.537	4570.15
44.567	4509.22
44.602	4570.15
44.627	4509.22
44.662	4570.15
44.697	4509.22
44.737	4570.15
44.762	4570.15
44.802	4570.15
44.832	4509.22
44.862	4448.28
44.887	4509.22
44.937	4387.35
44.967	4509.22
45.002	4570.15
45.037	4509.22
45.067	4570.15
45.102	4570.15
45.137	4570.15
45.167	4570.15
45.202	4570.15
45.237	3910.34
45.267	4570.15
45.302	4570.15
45.337	4448.28
45.367	4509.22
45.402	4570.15
45.437	4509.22
45.467	4570.15
45.502	4570.15
45.537	4509.22
45.567	4570.15
45.602	4509.22
45.637	4448.28
45.667	4509.22
45.702	4570.15
45.732	4509.22
45.767	4509.22
45.802	4570.15
45.837	4509.22
45.867	4509.22
45.902	4570.15
45.937	4570.15
45.967	4570.15
46.002	4509.22
46.027	4448.28
46.052	4387.35
46.077	4570.15
46.102	4570.15
46.132	4570.15
46.162	4509.22
46.187	4570.15
46.212	4570.15
46.237	4509.22
46.262	4448.28
46.302	4509.22
46.327	4570.15
46.352	4570.15
46.377	4509.22
46.402	4570.15
46.437	4509.22
46.462	4509.22
46.502	4509.22
46.532	4570.15
46.562	4570.15
46.602	4448.28
46.637	4448.28
46.662	4509.22
46.702	4448.28
46.732	4387.35
46.762	4326.41
46.802	4448.28
46.837	4387.35
46.862	4570.15
46.902	4509.22
46.937	4387.35
46.962	4448.28
47.002	4570.15
47.037	4448.28
47.067	4448.28
47.102	4448.28
47.137	4509.22
47.167	4570.15
47.202	4509.22
47.227	4509.22
47.252	4570.15
47.287	4570.15
47.337	4509.22
47.362	4570.15
47.402	4509.22
47.437	4570.15
47.467	4509.22
47.502	4509.22
47.537	4570.15
47.567	4509.22
47.602	4570.15
47.637	4570.15
47.667	4509.22
47.702	4570.15
47.737	4509.22
47.762	4570.15
47.802	4570.15
47.837	4570.15
47.867	4509.22
47.902	4509.22
47.937	4509.22
47.967	4570.15
47.992	4509.22
48.027	4570.15
48.067	4570.15
48.097	4570.15
48.127	4509.22
48.152	4570.15
48.177	4570.15
48.202	4570.15
48.227	4509.22
48.252	4570.15
48.277	4570.15
48.302	4570.15
48.327	4509.22
48.352	4448.28
48.377	4248.81
48.402	4509.22
48.427	4448.28
48.452	4448.28
48.477	4509.22
48.502	4448.28
48.532	4448.28
48.562	4509.22
48.602	4509.22
48.627	4448.28
48.652	4570.15
48.702	4448.28
48.732	4570.15
48.762	4570.15
48.802	4570.15
48.837	4448.28
48.862	4570.15
48.902	4509.22
48.927	4570.15
48.952	4570.15
49.002	4570.15
49.037	4509.22
49.067	4570.15
49.102	4509.22
49.137	4448.28
49.167	4509.22
49.202	4570.15
49.237	4509.22
49.267	4570.15
49.302	4509.22
49.337	4570.15
49.367	4509.22
49.402	4570.15
49.437	4130.51
49.467	4570.15
49.502	4509.22
49.537	4387.35
49.567	4509.22
49.602	4448.28
49.637	4387.35
49.667	4448.28
49.697	4387.35
49.737	4570.15
49.767	4570.15
49.802	4570.15
49.827	4570.15
49.867	4570.15
49.902	4509.22
49.927	4509.22
49.962	4570.15
50.002	4509.22
50.027	4509.22
50.052	4570.15
50.077	4570.15
50.102	4509.22
50.132	4448.28
50.157	4570.15
50.202	4570.15
50.227	4570.15
50.252	4570.15
50.277	4570.15
50.302	4509.22
50.327	4448.28
50.352	4509.22
50.402	4509.22
50.432	4387.35
50.457	4509.22
50.502	4570.15
50.532	4509.22
50.557	4570.15
50.602	4509.22
50.627	4448.28
50.652	4448.28
50.702	4448.28
50.737	4448.28
50.762	4509.22
50.802	4570.15
50.837	4570.15
50.867	4570.15
50.902	4509.22
50.937	4570.15
50.967	4570.15
51.002	4570.15
51.037	4509.22
51.067	4570.15
51.102	4570.15
51.127	4509.22
51.167	4448.28
51.202	4570.15
51.237	4448.28
51.267	4448.28
51.302	4570.15
51.337	4509.22
51.367	4570.15
51.397	4509.22
51.437	4448.28
51.467	4509.22
51.502	4448.28
51.537	4236.2
51.567	4509.22
51.602	4570.15
51.637	4448.28
51.667	4570.15
51.702	4570.15
51.737	4570.15
51.767	4570.15
51.802	4509.22
51.837	4509.22
51.867	4570.15
51.897	4570.15
51.932	4509.22
51.957	4570.15
51.987	4509.22
52.012	4570.15
52.037	4570.15
52.062	4509.22
52.102	4448.28
52.137	4570.15
52.162	4570.15
52.202	4570.15
52.232	4570.15
52.257	4509.22
52.282	4509.22
52.307	4570.15
52.337	4570.15
52.362	4509.22
52.402	4509.22
52.437	4570.15
52.462	4570.15
52.502	4509.22
52.527	4387.35
52.552	4448.28
52.577	3839.88
52.602	4570.15
52.627	4448.28
52.652	4448.28
52.702	4570.15
52.727	4570.15
52.767	4570.15
52.802	4570.15
52.837	4570.15
52.867	4570.15
52.902	4509.22
52.937	4570.15
52.967	4509.22
53.002	4448.28
53.037	4387.35
53.067	4448.28
53.102	4509.22
53.137	4448.28
53.167	4387.35
53.202	4509.22
53.237	4448.28
53.267	4448.28
53.302	4570.15
53.337	4570.15
53.367	4570.15
53.402	4570.15
53.437	4570.15
53.467	4509.22
53.502	4448.28
53.537	4509.22
53.567	4570.15
53.602	4509.22
53.637	4570.15
53.667	4570.15
53.702	4509.22
53.737	4509.22
53.767	4509.22
53.802	4570.15
53.827	4570.15
53.852	4509.22
53.877	4448.28
53.902	4448.28
53.932	4448.28
53.962	4448.28
53.997	4387.35
54.022	4387.35
54.047	4448.28
54.072	4509.22
54.102	4448.28
54.127	4570.15
54.152	4570.15
54.177	4509.22
54.202	4570.15
54.227	4570.15
54.252	4570.15
54.277	4570.15
54.302	4570.15
54.327	4509.22
54.352	4448.28
54.377	4570.15
54.402	4570.15
54.427	4570.15
54.452	4509.22
54.502	4570.15
54.537	4570.15
54.562	4570.15
54.602	4509.22
54.627	4570.15
54.662	4570.15
54.702	4509.22
54.727	4570.15
54.767	4570.15
54.802	4509.22
54.827	4509.22
54.867	4570.15
54.902	4570.15
54.937	4570.15
54.967	4570.15
55.002	4509.22
55.037	4448.28
55.067	4387.35
55.102	4387.35
55.137	4448.28
55.167	4387.35
55.202	4448.28
55.237	4448.28
55.267	4448.28
55.302	4265.48
55.337	4326.41
55.367	4448.28
55.402	4326.41
55.437	4387.35
55.467	4326.41
55.502	4326.41
55.537	4204.54
55.567	4143.6
55.602	4265.48
55.637	4204.54
55.667	4265.48
55.702	4265.48
55.737	4265.48
55.767	4387.35
55.802	4570.15
55.837	4570.15
55.862	4570.15
55.887	4570.15
55.912	4570.15
55.937	4570.15
55.967	4509.22
56.002	4570.15
56.032	4509.22
56.057	4509.22
56.082	4570.15
56.107	4570.15
56.137	4509.22
56.162	4570.15
56.187	4509.22
56.212	4570.15
56.237	4509.22
56.262	4570.15
56.287	4509.22
56.312	4509.22
56.337	4570.15
56.362	4509.22
56.402	4570.15
56.437	4509.22
56.462	4448.28
56.487	4570.15
56.532	4570.15
56.562	4509.22
56.592	4570.15
56.637	4570.15
56.667	4570.15
56.702	4509.22
56.737	4509.22
56.762	4570.15
56.787	3864.99
56.837	4509.22
56.867	4570.15
56.902	4570.15
56.937	4570.15
56.967	4570.15
57.002	4570.15
57.037	4570.15
57.067	4509.22
57.102	4570.15
57.137	4509.22
57.167	4570.15
57.202	4509.22
57.237	4570.15
57.267	4509.22
57.302	4448.28
57.337	4509.22
57.367	4448.28
57.402	4387.35
57.437	4509.22
57.467	4448.28
57.502	4509.22
57.537	4509.22
57.567	4570.15
57.602	4509.22
57.637	4570.15
57.667	4570.15
57.702	4570.15
57.737	4509.22
57.767	4448.28
57.802	4570.15
57.827	4570.15
57.852	4570.15
57.877	4570.15
57.902	4570.15
57.932	4509.22
57.962	4448.28
58.002	4509.22
58.032	4570.15
58.062	4570.15
58.102	4570.15
58.132	4570.15
58.157	4570.15
58.202	4509.22
58.227	4570.15
58.252	4509.22
58.302	4448.28
58.327	4326.41
58.352	4387.35
58.377	4448.28
58.402	4509.22
58.432	4448.28
58.462	4570.15
58.502	4570.15
58.527	4509.22
58.552	4509.22
58.602	4509.22
58.637	4509.22
58.662	4509.22
58.702	4570.15
58.727	4570.15
58.767	4509.22
58.802	4509.22
58.837	4509.22
58.867	4570.15
58.902	4509.22
58.937	4570.15
58.967	4509.22
59.002	4570.15
59.037	4448.28
59.067	4448.28
59.102	4448.28
59.137	4509.22
59.167	4509.22
59.202	4570.15
59.237	4509.22
59.267	4570.15
59.302	4570.15
59.337	4509.22
59.367	4509.22
59.402	4570.15
59.437	4509.22
59.467	4570.15
59.502	4448.28
59.537	4570.15
59.562	4509.22
59.602	4570.15
59.637	4509.22
59.667	4570.15
59.702	4570.15
59.737	4570.15
59.762	4570.15
59.787	4509.22
59.812	4570.15
59.837	4570.15
59.862	4509.22
59.887	4570.15
59.912	4509.22
59.937	4570.15
59.962	4570.15
60.002	4570.15
60.037	4509.22
60.062	4448.28
60.092	4570.15
60.137	4448.28
60.162	4509.22
60.202	4570.15
60.237	4570.15
60.262	4570.15
60.287	4570.15
60.337	4570.15
60.362	4509.22
60.387	4570.15
60.437	4509.22
60.462	4570.15
60.502	4570.15
60.537	4570.15
60.562	4509.22
60.602	4570.15
60.637	4570.15
60.662	4570.15
60.702	4509.22
60.737	4509.22
60.767	4570.15
60.802	4570.15
60.827	4509.22
60.867	4570.15
60.902	4570.15
60.937	4570.15
60.967	4509.22
61.002	4570.15
61.037	4570.15
61.067	4509.22
61.102	4448.28
61.137	4570.15
61.167	4570.15
61.202	4570.15
61.237	4509.22
61.267	4570.15
61.302	4509.22
61.337	4570.15
61.367	4570.15
61.402	4570.15
61.437	4448.28
61.467	4570.15
61.502	4570.15
61.537	4570.15
61.567	4570.15
61.602	4570.15
61.637	4570.15
61.667	4509.22
61.702	4570.15
61.737	4509.22
61.767	4570.15
61.802	4570.15
61.837	4448.28
61.867	4570.15
61.902	4570.15
61.937	4509.22
61.962	4509.22
61.987	4570.15
62.012	4570.15
62.037	4570.15
62.067	4509.22
62.102	4570.15
62.127	4509.22
62.152	4570.15
62.177	4570.15
62.202	4570.15
62.227	4570.15
62.252	4509.22
62.277	4570.15
62.302	4570.15
62.327	4509.22
62.352	4509.22
62.402	4509.22
62.432	4509.22
62.462	4570.15
62.502	4570.15
62.527	4509.22
62.562	4570.15
62.602	4448.28
62.627	4509.22
62.662	4570.15
62.702	4509.22
62.727	4570.15
62.752	4509.22
62.802	4570.15
62.837	4448.28
62.867	4448.28
62.902	4509.22
62.937	4570.15
62.967	4570.15
63.002	4570.15
63.037	4509.22
63.067	4570.15
63.102	4070.29
63.137	4509.22
63.167	4448.28
63.202	4387.35
63.237	4509.22
63.267	4448.28
63.302	4509.22
63.337	4448.28
63.367	4387.35
63.397	4448.28
63.437	4570.15
63.467	4570.15
63.502	4509.22
63.537	4570.15
63.567	4570.15
63.602	4509.22
63.637	4509.22
63.667	4570.15
63.702	4570.15
63.727	4570.15
63.752	4509.22
63.777	4570.15
63.802	4509.22
63.832	4509.22
63.867	4570.15
63.902	4570.15
63.927	4509.22
63.962	4570.15
64.002	4570.15
64.037	4570.15
64.062	4509.22
64.097	4509.22
64.122	4570.15
64.147	4204.18
64.172	4204.18
64.202	4509.22
64.237	4570.15
64.262	4570.15
64.297	4570.15
64.337	4509.22
64.362	4570.15
64.392	4509.22
64.422	4509.22
64.447	4570.15
64.472	4570.15
64.502	4570.15
64.532	4448.28
64.562	4570.15
64.602	4509.22
64.637	4509.22
64.667	4570.15
64.702	4570.15
64.732	4509.22
64.767	4570.15
64.802	4570.15
64.837	4448.28
64.867	4448.28
64.902	4448.28
64.937	4448.28
64.967	4387.35
65.002	4448.28
65.037	4509.22
65.067	4448.28
65.102	4509.22
65.137	4509.22
65.167	4448.28
65.202	4326.41
65.237	4387.35
65.267	4448.28
65.302	4509.22
65.337	4448.28
65.367	4509.22
65.402	4570.15
65.437	4570.15
65.467	4509.22
65.502	4570.15
65.537	4509.22
65.567	4570.15
65.602	4570.15
65.637	4509.22
65.667	4448.28
65.692	4570.15
65.717	4509.22
65.742	4570.15
65.767	4509.22
65.802	4570.15
65.837	4570.15
65.862	4570.15
65.887	4570.15
65.912	4509.22
65.937	4570.15
65.962	4570.15
65.987	4570.15
66.012	4509.22
66.037	4570.15
66.062	4570.15
66.087	4570.15
66.112	4570.15
66.137	4509.22
66.162	4448.28
66.187	4570.15
66.222	4570.15
66.247	4097.07
66.272	4097.07
66.302	4387.35
66.337	4387.35
66.362	4448.28
66.402	4387.35
66.437	4448.28
66.462	4387.35
66.497	4448.28
66.537	4509.22
66.562	4509.22
66.602	4509.22
66.637	4570.15
66.667	4570.15
66.702	4448.28
66.737	4387.35
66.767	4570.15
66.802	4570.15
66.837	4509.22
66.867	4570.15
66.902	4570.15
66.937	4509.22
66.967	4570.15
67.002	4509.22
67.037	4570.15
67.067	4570.15
67.102	4448.28
67.137	4387.35
67.167	4448.28
67.192	4387.35
67.237	4387.35
67.267	4448.28
67.302	4387.35
67.337	4448.28
67.367	4387.35
67.402	4448.28
67.437	4509.22
67.467	4570.15
67.502	4570.15
67.537	4570.15
67.567	4570.15
67.602	4509.22
67.627	4448.28
67.652	4448.28
67.677	4509.22
67.702	4570.15
67.737	4570.15
67.762	4509.22
67.802	4570.15
67.827	4570.15
67.852	4570.15
67.877	4509.22
67.902	4570.15
67.937	4570.15
67.962	4509.22
67.992	4570.15
68.022	4570.15
68.047	4570.15
68.072	4570.15
68.102	4509.22
68.132	4509.22
68.162	4509.22
68.202	4570.15
68.237	4509.22
68.262	4570.15
68.302	4570.15
68.327	3892.72
68.352	4509.22
68.402	4570.15
68.437	4509.22
68.462	4570.15
68.502	4570.15
68.537	4448.28
68.562	4509.22
68.602	4509.22
68.637	4570.15
68.667	4509.22
68.702	4509.22
68.737	4509.22
68.767	4570.15
68.802	4570.15
68.837	4509.22
68.867	4448.28
68.902	4570.15
68.937	4570.15
68.967	4509.22
69.002	4570.15
69.037	4509.22
69.067	4570.15
69.102	4509.22
69.137	4570.15
69.167	4509.22
69.202	4570.15
69.237	4570.15
69.267	4570.15
69.302	4509.22
69.337	4570.15
69.367	4570.15
69.402	4570.15
69.437	4448.28
69.467	4570.15
69.502	4570.15
69.537	4509.22
69.567	4570.15
69.597	4570.15
69.622	4509.22
69.647	4448.28
69.672	4570.15
69.697	4509.22
69.722	4448.28
69.747	4448.28
69.772	4570.15
69.802	4509.22
69.827	4570.15
69.852	4509.22
69.877	4570.15
69.902	4570.15
69.927	4509.22
69.952	4570.15
69.977	4570.15
70.002	4509.22
70.032	4570.15
70.057	4570.15
70.102	4509.22
70.132	4570.15
70.157	4509.22
70.202	4570.15
70.227	4509.22
70.252	4509.22
70.302	4509.22
70.332	4570.15
70.362	4570.15
70.402	4509.22
70.437	4448.28
70.462	4509.22
70.502	4509.22
70.537	4570.15
70.562	4570.15
70.602	4570.15
70.632	4570.15
70.662	4570.15
70.702	4448.28
70.737	4509.22
70.767	4509.22
70.802	4570.15
70.837	4509.22
70.867	4570.15
70.902	4570.15
70.937	4570.15
70.967	4570.15
71.002	4570.15
71.037	4570.15
71.067	4509.22
71.102	4570.15
71.137	4570.15
71.167	4570.15
71.202	4570.15
71.237	4509.22
71.267	4448.28
71.302	4509.22
71.337	4509.22
71.367	4570.15
71.402	4448.28
71.437	4570.15
71.467	4509.22
71.502	4570.15
71.537	4448.28
71.567	4570.15
71.602	4570.15
71.637	4509.22
71.667	4570.15
71.702	4509.22
71.727	4570.15
71.752	4509.22
71.777	4509.22
71.802	4387.35
71.832	4387.35
71.867	4448.28
71.897	4448.28
71.922	4509.22
71.947	4448.28
71.972	4570.15
72.002	4509.22
72.027	4509.22
72.062	4570.15
72.102	4570.15
72.132	4509.22
72.162	4570.15
72.192	4570.15
72.227	4509.22
72.252	4570.15
72.302	4509.22
72.332	4570.15
72.357	4570.15
72.402	4448.28
72.437	4448.28
72.462	4509.22
72.502	4509.22
72.537	4509.22
72.562	4509.22
72.602	4570.15
72.637	4509.22
72.662	4570.15
72.702	4509.22
72.727	4448.28
72.752	4509.22
72.802	4570.15
72.837	4570.15
72.867	4570.15
72.902	4509.22
72.937	4509.22
72.967	4570.15
73.002	4509.22
73.037	4509.22
73.067	4448.28
73.102	4387.35
73.137	4387.35
73.167	4387.35
73.202	4509.22
73.237	4448.28
73.267	4570.15
73.302	4570.15
73.337	4509.22
73.367	4570.15
73.402	4570.15
73.437	4448.28
73.467	4387.35
73.502	4509.22
73.537	4448.28
73.567	4509.22
73.602	4570.15
73.637	4509.22
73.667	4570.15
73.702	4509.22
73.737	4570.15
73.762	4509.22
73.797	4448.28
73.827	4570.15
73.852	4570.15
73.877	4570.15
73.902	4570.15
73.937	4448.28
73.962	4509.22
74.002	4509.22
74.037	4509.22
74.062	4570.15
74.102	4509.22
74.127	4570.15
74.152	4509.22
74.177	4570.15
74.202	4509.22
74.237	4570.15
74.262	4570.15
74.302	4570.15
74.327	4570.15
74.352	4509.22
74.402	4509.22
74.427	4448.28
74.452	4448.28
74.502	4509.22
74.527	4448.28
74.552	4448.28
74.602	4570.15
74.637	3972.1
74.662	3972.1
74.702	4570.15
74.737	4509.22
74.767	4570.15
74.802	4570.15
74.837	4570.15
74.867	4570.15
74.902	4448.28
74.937	4387.35
74.967	4326.41
75.002	4265.48
75.037	4387.35
75.067	4326.41
75.102	4265.48
75.137	4387.35
75.167	4326.41
75.202	4265.48
75.237	4326.41
75.267	4265.48
75.302	4387.35
75.337	4326.41
75.367	4448.28
75.402	4387.35
75.437	4448.28
75.467	4387.35
75.502	4448.28
75.537	4570.15
75.567	4509.22
75.602	4509.22
75.637	4570.15
75.667	4570.15
75.702	4570.15
75.727	4509.22
75.752	4448.28
75.777	4570.15
75.802	4570.15
75.832	4509.22
75.862	4570.15
75.887	4509.22
75.912	4570.15
75.937	4570.15
75.962	4570.15
75.987	4509.22
76.012	4570.15
76.037	4570.15
76.062	4509.22
76.102	4570.15
76.137	4509.22
76.162	4570.15
76.187	4509.22
76.237	4570.15
76.262	4570.15
76.287	4509.22
76.312	4570.15
76.337	4570.15
76.362	4509.22
76.387	4509.22
76.437	4570.15
76.462	4509.22
76.502	4570.15
76.537	4570.15
76.567	4570.15
76.602	4570.15
76.637	4509.22
76.667	4509.22
76.702	4570.15
76.737	3795.84
76.767	4570.15
76.802	4570.15
76.837	4509.22
76.867	4509.22
76.902	4570.15
76.937	4570.15
76.967	4570.15
77.002	4570.15
77.037	4509.22
77.067	4448.28
77.102	4570.15
77.137	4509.22
77.167	4570.15
77.202	4570.15
77.237	4509.22
77.267	4509.22
77.297	4570.15
77.337	4509.22
77.367	4570.15
77.402	4570.15
77.437	4509.22
77.467	4448.28
77.502	4570.15
77.537	4570.15
77.567	4509.22
77.602	4570.15
77.637	4509.22
77.667	4570.15
77.702	4509.22
77.727	4570.15
77.752	4509.22
77.777	4570.15
77.802	4570.15
77.837	4509.22
77.862	4448.28
77.902	4570.15
77.937	4570.15
77.962	4570.15
78.002	4570.15
78.027	4570.15
78.052	4570.15
78.077	4509.22
78.102	4570.15
78.137	4570.15
78.162	4509.22
78.202	4570.15
78.227	4570.15
78.262	4570.15
78.292	4509.22
78.322	4570.15
78.347	4570.15
78.372	4570.15
78.402	4570.15
78.432	4448.28
78.462	4509.22
78.502	4448.28
78.537	4387.35
78.562	4509.22
78.602	4509.22
78.637	4509.22
78.662	4570.15
78.702	4509.22
78.727	4570.15
78.752	4509.22
78.797	4570.15
78.837	4570.15
78.862	4570.15
78.892	4570.15
78.937	4570.15
78.967	4570.15
79.002	4509.22
79.037	4448.28
79.067	4509.22
79.102	4448.28
79.137	4509.22
79.167	4570.15
79.202	4509.22
79.237	4509.22
79.267	4509.22
79.302	4387.35
79.337	4326.41
79.367	4387.35
79.402	4509.22
79.437	4570.15
79.467	4570.15
79.502	4509.22
79.537	4448.28
79.562	4509.22
79.602	4509.22
79.632	4509.22
79.667	4570.15
79.702	4509.22
79.727	4448.28
79.767	4570.15
79.802	4570.15
79.837	4509.22
79.867	4448.28
79.897	4387.35
79.932	4509.22
79.962	4570.15
80.002	4509.22
80.027	4509.22
80.052	4448.28
80.077	4509.22
80.102	4570.15
80.137	4570.15
80.162	4509.22
80.202	4509.22
80.237	4509.22
80.267	4570.15
80.302	4509.22
80.332	4448.28
80.362	4448.28
80.402	4387.35
80.432	4509.22
80.462	4448.28
80.502	4387.35
80.537	4448.28
80.562	4387.35
80.602	4448.28
80.637	4509.22
80.667	4570.15
80.702	4509.22
80.737	4387.35
80.767	4448.28
80.797	4387.35
80.837	4326.41
80.862	4387.35
80.902	4265.48
80.937	4265.48
80.967	4204.54
81.002	4265.48
81.037	4265.48
81.067	4326.41
81.102	4387.35
81.127	4326.41
81.167	4448.28
81.202	4570.15
81.237	4570.15
81.267	4509.22
81.302	4570.15
81.337	4509.22
81.367	4570.15
81.402	4448.28
81.437	4570.15
81.467	4570.15
81.502	4570.15
81.537	4509.22
81.567	4509.22
81.592	4509.22
81.637	4509.22
81.667	4509.22
81.702	4570.15
81.737	4448.28
81.762	4509.22
81.792	4570.15
81.832	4570.15
81.862	4509.22
81.887	4509.22
81.912	4570.15
81.937	4509.22
81.962	4570.15
81.987	4239.89
82.012	4239.89
82.037	4239.89
82.062	4509.22
82.102	4509.22
82.137	4509.22
82.162	4509.22
82.197	4448.28
82.237	4509.22
82.262	4570.15
82.287	4509.22
82.327	4570.15
82.362	4509.22
82.387	4570.15
82.437	4570.15
82.467	4509.22
82.502	4570.15
82.537	4570.15
82.562	4509.22
82.602	4509.22
82.632	4448.28
82.667	4448.28
82.702	4509.22
82.737	4570.15
82.767	4509.22
82.802	4570.15
82.837	4570.15
82.867	4509.22
82.902	4570.15
82.937	4509.22
82.967	4448.28
83.002	4570.15
83.037	3954.37
83.067	4570.15
83.102	4570.15
83.137	4509.22
83.167	4570.15
83.192	4509.22
83.237	4570.15
83.267	4509.22
83.302	4570.15
83.337	4570.15
83.367	4509.22
83.402	4570.15
83.437	4509.22
83.462	4448.28
83.502	4570.15
83.537	4570.15
83.567	4509.22
83.602	4509.22
83.637	4387.35
83.662	4387.35
83.687	4448.28
83.712	4509.22
83.737	4448.28
83.762	4509.22
83.787	4509.22
83.812	4570.15
83.837	4570.15
83.862	4509.22
83.887	4570.15
83.912	4570.15
83.937	4570.15
83.962	4509.22
84.002	4509.22
84.032	4570.15
84.062	4570.15
84.102	4509.22
84.127	4570.15
84.157	4509.22
84.182	4448.28
84.207	4509.22
84.237	4509.22
84.267	4570.15
84.302	4570.15
84.327	4570.15
84.352	4570.15
84.402	4509.22
84.437	4570.15
84.462	4570.15
84.492	4509.22
84.527	4448.28
84.552	4448.28
84.602	4570.15
84.637	4509.22
84.667	4570.15
84.702	4448.28
84.737	4509.22
84.767	4448.28
84.802	4387.35
84.832	4448.28
84.867	4387.35
84.892	4509.22
84.937	4448.28
84.967	4509.22
85.002	4448.28
85.037	4387.35
85.067	4326.41
85.102	4265.48
85.137	4387.35
85.167	4326.41
85.202	4326.41
85.232	4387.35
85.262	4326.41
85.292	4448.28
85.322	4387.35
85.347	4326.41
85.372	4265.48
85.402	4387.35
85.432	4326.41
85.467	4387.35
85.502	4448.28
85.537	4326.41
85.567	4448.28
85.602	4448.28
85.627	4509.22
85.667	4448.28
85.702	4326.41
85.727	4387.35
85.767	4509.22
85.802	4448.28
85.827	4387.35
85.852	4448.28
85.877	4509.22
85.902	4509.22
85.937	4509.22
85.967	4509.22
86.002	4509.22
86.027	4509.22
86.067	4509.22
86.102	4509.22
86.137	4509.22
86.162	4509.22
86.202	4104.09
86.232	4104.09
86.267	4104.09
86.302	4104.09
86.332	4104.09
86.362	4104.09
86.402	4104.09
86.437	4104.09
86.467	4104.09
86.502	4104.09
86.537	4104.09
86.567	4104.09
86.602	4104.09
86.627	4104.09
86.667	4104.09
86.702	4104.09
86.727	4104.09
86.767	4104.09
86.802	4104.09
86.832	4104.09
86.867	4104.09
86.902	4104.09
86.937	4104.09
86.967	4104.09
87.002	4104.09
87.037	4104.09
87.067	4104.09
87.102	4104.09
87.137	4104.09
87.167	4104.09
87.202	4104.09
87.237	4104.09
87.267	4104.09
87.302	4104.09
87.332	4104.09
87.367	4104.09
87.402	4104.09
87.437	4104.09
87.467	4104.09
87.502	4104.09
87.537	4104.09
87.567	4104.09
87.597	4104.09
87.637	4104.09
87.662	4104.09
87.702	4104.09
87.737	4104.09
87.767	4104.09
87.802	4104.09
87.837	4104.09
87.862	4104.09
87.887	4104.09
87.912	4104.09
87.937	4104.09
87.962	4104.09
87.987	4104.09
88.012	4104.09
88.037	4104.09
88.067	4104.09
88.102	4104.09
88.127	4104.09
88.152	4104.09
88.177	4104.09
88.202	4104.09
88.237	4104.09
88.267	4104.09
88.302	3775.44
88.332	3775.44
88.362	3775.44
88.402	3775.44
88.427	3775.44
88.467	3775.44
88.502	3775.44
88.537	3775.44
88.567	3775.44
88.602	3775.44
88.627	3775.44
88.667	3775.44
88.702	3775.44
88.737	3775.44
88.767	3775.44
88.802	3775.44
88.837	3775.44
88.867	3775.44
88.902	3775.44
88.927	3775.44
88.967	3775.44
89.002	3775.44
89.037	3775.44
89.067	3775.44
89.102	3775.44
89.137	3775.44
89.167	3775.44
89.202	3775.44
89.237	3775.44
89.267	3775.44
89.302	3775.44
89.337	3775.44
89.367	3775.44
89.402	3775.44
89.437	3775.44
89.467	3775.44
89.502	3775.44
89.537	3775.44
89.567	3775.44
89.602	3775.44
89.632	3775.44
89.667	3775.44
89.702	3775.44
89.737	3775.44
89.767	3775.44
89.802	3775.44
89.832	3775.44
89.867	3775.44
89.902	3775.44
89.937	3775.44
89.967	3775.44
90.002	3775.44
90.037	3775.44
90.067	3775.44
90.102	3775.44
90.137	3775.44
90.167	3775.44
90.202	3775.44
90.237	3775.44
90.267	3775.44
90.302	3775.44
90.337	3775.44
90.367	3775.44
90.392	3775.44
90.422	3775.44
90.447	3775.44
90.472	3775.44
90.502	3775.44
90.537	3775.44
90.567	3775.44
90.592	3775.44
90.637	3775.44
90.662	3775.44
90.702	3775.44
90.737	3775.44
90.767	3775.44
90.802	3775.44
90.837	3775.44
90.867	3775.44
90.902	3775.44
90.937	3775.44
90.967	3775.44
90.997	3775.44
91.037	3775.44
91.067	3775.44
91.102	3775.44
91.137	3775.44
91.167	3775.44
91.202	3775.44
91.237	3775.44
91.267	3775.44
91.302	3775.44
91.337	3775.44
91.367	3775.44
91.402	3775.44
91.427	3775.44
91.467	3775.44
91.502	3775.44
91.537	3775.44
91.567	3775.44
91.602	3775.44
91.637	3775.44
91.667	3775.44
91.702	3775.44
91.727	3775.44
91.767	3775.44
91.802	3775.44
91.837	3775.44
91.867	3775.44
91.902	3775.44
91.927	3775.44
91.967	3775.44
92.002	3775.44
92.037	3775.44
92.067	3775.44
92.102	3775.44
92.137	3775.44
92.167	3775.44
92.202	3775.44
92.237	3775.44
92.267	3775.44
92.302	3775.44
92.337	3775.44
92.367	3775.44
92.402	3775.44
92.437	3775.44
92.467	3775.44
92.502	3775.44
92.537	3775.44
92.567	3775.44
92.602	3775.44
92.637	3775.44
92.667	3775.44
92.702	3775.44
92.737	3775.44
92.767	3775.44
92.802	3775.44
92.837	3775.44
92.867	3775.44
92.902	3775.44
92.927	3775.44
92.967	3775.44
92.997	3775.44
93.037	3775.44
93.067	3775.44
93.097	3775.44
93.127	3775.44
93.167	3775.44
93.202	3775.44
93.227	3775.44
93.267	3775.44
93.302	3775.44
93.337	3775.44
93.362	3775.44
93.402	3775.44
93.437	3775.44
93.467	3775.44
93.502	3775.44
93.537	3775.44
93.567	3775.44
93.602	3775.44
93.637	3775.44
93.662	3775.44
93.702	3775.44
93.737	3775.44
93.767	3775.44
93.802	3775.44
93.837	3775.44
93.867	3775.44
93.897	3775.44
93.922	3775.44
93.947	3775.44
93.972	3775.44
94.002	3775.44
94.037	3775.44
94.067	3775.44
94.102	3775.44
94.137	3775.44
94.167	3775.44
94.202	3775.44
94.237	3775.44
94.267	3775.44
94.302	3775.44
94.337	3775.44
94.367	3775.44
94.402	3775.44
94.437	3775.44
94.467	3775.44
94.502	3775.44
94.527	3775.44
94.562	3775.44
94.602	3775.44
94.637	3775.44
94.667	3775.44
94.702	3775.44
94.737	3775.44
94.767	3775.44
94.802	3775.44
94.827	3775.44
94.867	3775.44
94.902	3775.44
94.937	3775.44
94.967	3775.44
94.992	3775.44
95.037	3775.44
95.067	3775.44
95.102	3775.44
95.137	3775.44
95.167	3775.44
95.202	3775.44
95.237	3775.44
95.262	3775.44
95.297	3775.44
95.337	3775.44
95.367	3775.44
95.402	3775.44
95.437	3775.44
95.467	3775.44
95.502	3775.44
95.527	3775.44
95.562	3775.44
95.602	3775.44
95.637	3775.44
95.667	3775.44
95.702	3775.44
95.737	3775.44
95.767	3775.44
95.802	3775.44
95.837	3775.44
95.862	3775.44
95.902	3775.44
95.937	3775.44
95.967	3775.44
96.002	3775.44
96.032	3775.44
96.062	3775.44
96.102	3775.44
96.137	3775.44
96.167	3775.44
96.192	3775.44
96.237	3775.44
96.267	3775.44
96.302	3775.44
96.337	3775.44
96.367	3775.44
96.402	3775.44
96.437	3775.44
96.467	3775.44
96.497	3775.44
96.537	3775.44
96.567	3775.44
96.602	3775.44
96.637	3775.44
96.667	3775.44
96.702	3775.44
96.737	3775.44
96.767	3775.44
96.802	3775.44
96.837	3775.44
96.867	3775.44
96.902	3775.44
96.937	3775.44
96.967	3775.44
96.997	3775.44
97.037	3775.44
97.067	3775.44
97.102	3775.44
97.137	3775.44
97.167	3775.44
97.202	3775.44
97.237	3775.44
97.267	3775.44
97.302	3775.44
97.337	3775.44
97.367	3775.44
97.402	3775.44
97.437	3775.44
97.467	3775.44
97.502	3775.44
97.537	3775.44
97.567	3775.44
97.602	3775.44
97.637	3775.44
97.667	3775.44
97.702	3775.44
97.737	4078.48
97.767	4078.48
97.802	4078.48
97.837	4078.48
97.867	4078.48
97.902	4078.48
97.937	4078.48
97.962	4078.48
97.987	4078.48
98.012	4078.48
98.037	4078.48
98.067	4078.48
98.092	4078.48
98.117	4078.48
98.142	4078.48
98.167	4078.48
98.202	4078.48
98.237	4078.48
98.267	4078.48
98.302	4078.48
98.327	4078.48
98.362	4078.48
98.402	4078.48
98.427	4078.48
98.452	4078.48
98.477	4078.48
98.502	4078.48
98.537	4078.48
98.567	4078.48
98.602	4078.48
98.637	4078.48
98.667	4078.48
98.702	4078.48
98.737	4405.76
98.767	4405.76
98.802	4164.82
98.837	4164.82
98.867	4164.82
98.902	4164.82
98.937	4164.82
98.967	4164.82
99.002	4164.82
99.037	4164.82
99.067	4164.82
99.102	4164.82
99.137	4164.82
99.167	4164.82
99.202	4164.82
99.237	4164.82
99.267	4164.82
99.302	4164.82
99.337	4164.82
99.362	4164.82
99.402	4164.82
99.427	4164.82
99.467	4164.82
99.497	4164.82
99.527	4164.82
99.552	4164.82
99.577	4164.82
99.602	4164.82
99.637	4164.82
99.662	4164.82
99.702	4164.82
99.737	4164.82
99.762	4164.82
99.802	3937.05
99.837	3937.05
99.862	3937.05
99.902	3937.05
99.937	3937.05
99.962	3937.05
100.002	3937.05
100.037	3937.05
100.062	3937.05
100.102	3937.05
100.137	3937.05
100.167	3937.05
100.202	3937.05
100.237	3937.05
100.267	3937.05
100.292	3937.05
100.337	3937.05
100.367	3937.05
100.402	3937.05
100.437	3937.05
100.467	3937.05
100.502	3937.05
100.537	3937.05
100.567	3937.05
100.602	3937.05
100.637	3937.05
100.667	3937.05
100.702	3937.05
100.737	3937.05
100.767	3937.05
100.802	3937.05
100.837	3937.05
100.867	3937.05
100.902	3937.05
100.937	3937.05
100.967	3937.05
101.002	3937.05
101.037	3937.05
101.067	3937.05
101.102	3937.05
101.137	3937.05
101.167	3937.05
101.192	3937.05
101.237	3937.05
101.267	3937.05
101.302	3937.05
101.327	3937.05
101.352	3937.05
101.377	3937.05
101.402	3937.05
101.437	3937.05
101.467	3937.05
101.502	3937.05
101.537	3937.05
101.567	3937.05
101.597	3937.05
101.637	3937.05
101.667	3937.05
101.702	3937.05
101.737	3937.05
101.762	3937.05
101.802	3937.05
101.837	3937.05
101.867	3937.05
101.902	3937.05
101.937	3937.05
101.967	3937.05
102.002	3937.05
102.037	3937.05
102.067	3937.05
102.102	3937.05
102.137	3937.05
102.167	3937.05
102.202	3937.05
102.237	3937.05
102.267	3937.05
102.302	3937.05
102.337	3937.05
102.367	3937.05
102.402	3937.05
102.432	3937.05
102.467	3937.05
102.502	3937.05
102.537	3937.05
102.567	3937.05
102.592	3937.05
102.637	3937.05
102.667	3937.05
102.692	3937.05
102.737	3937.05
102.762	3937.05
102.787	3937.05
102.812	3937.05
102.837	3937.05
102.862	3937.05
102.887	3937.05
102.912	3937.05
102.937	3937.05
102.967	3937.05
102.992	3937.05
103.037	3937.05
103.067	3937.05
103.097	3937.05
103.137	3937.05
103.167	3937.05
103.202	3937.05
103.237	3937.05
103.267	3937.05
103.302	3937.05
103.337	3937.05
103.367	3937.05
103.402	3937.05
103.437	3937.05
103.467	3937.05
103.497	3937.05
103.532	3937.05
103.567	3937.05
103.602	3937.05
103.637	3937.05
103.667	3937.05
103.702	3937.05
103.737	3937.05
103.767	3937.05
103.802	3937.05
103.837	3937.05
103.867	3937.05
103.902	3937.05
103.937	3937.05
103.967	3937.05
104.002	3937.05
104.037	3937.05
104.067	3937.05
104.102	3937.05
104.137	3937.05
104.167	3937.05
104.202	3937.05
104.237	3937.05
104.267	3937.05
104.302	3937.05
104.337	3937.05
104.367	3937.05
104.397	3937.05
104.437	3937.05
104.467	3937.05
104.497	3937.05
104.537	3937.05
104.567	3937.05
104.602	3937.05
104.637	3937.05
104.667	3937.05
104.702	3937.05
104.737	3937.05
104.767	3937.05
104.802	3937.05
104.837	3937.05
104.867	3937.05
104.902	3937.05
104.937	3937.05
104.967	3937.05
105.002	3937.05
105.037	3937.05
105.067	3937.05
105.102	3937.05
105.137	3937.05
105.167	3937.05
105.202	3937.05
105.237	3937.05
105.267	3937.05
105.302	3937.05
105.337	3937.05
105.367	3937.05
105.402	3937.05
105.437	3937.05
105.467	3937.05
105.497	3937.05
105.537	3937.05
105.567	3937.05
105.602	3937.05
105.637	3937.05
105.667	3937.05
105.702	3937.05
105.737	3937.05
105.767	3937.05
105.802	3937.05
105.837	3937.05
105.867	3937.05
105.902	3937.05
105.937	3937.05
105.967	3937.05
106.002	3937.05
106.037	3937.05
106.067	3937.05
106.102	4253.02
106.137	4253.02
106.167	4253.02
106.202	4253.02
106.237	4253.02
106.267	4253.02
106.302	4253.02
106.337	4253.02
106.367	4253.02
106.402	4253.02
106.432	4253.02
106.457	4253.02
106.502	4253.02
106.532	4253.02
106.562	4253.02
106.602	4253.02
106.637	4253.02
106.662	4253.02
106.702	4253.02
106.737	4253.02
106.762	4253.02
106.792	4253.02
106.827	4253.02
106.852	4253.02
106.877	4253.02
106.902	4253.02
106.932	4253.02
106.967	4253.02
107.002	4253.02
107.037	4253.02
107.062	4253.02
107.087	3812.76
107.137	3812.76
107.162	3812.76
107.202	3812.76
107.237	3812.76
107.267	3812.76
107.302	3812.76
107.337	3812.76
107.367	3812.76
107.397	3812.76
107.437	3812.76
107.467	3812.76
107.502	3812.76
107.537	3812.76
107.567	3812.76
107.602	3812.76
107.637	3812.76
107.667	3812.76
107.702	3812.76
107.737	3812.76
107.767	3812.76
107.802	3812.76
107.837	3812.76
107.867	3812.76
107.902	3812.76
107.937	3812.76
107.967	3812.76
108.002	3812.76
108.037	3812.76
108.067	3812.76
108.102	3812.76
108.137	3812.76
108.167	3812.76
108.202	3812.76
108.237	3812.76
108.267	3812.76
108.302	3812.76
108.327	3812.76
108.352	3812.76
108.377	3812.76
108.402	3812.76
108.437	3812.76
108.467	3812.76
108.502	3812.76
108.537	3812.76
108.567	3812.76
108.602	3812.76
108.637	3812.76
108.667	3812.76
108.702	3812.76
108.737	3812.76
108.767	3812.76
108.792	3812.76
108.837	3812.76
108.867	3812.76
108.902	3812.76
108.937	3812.76
108.967	3812.76
109.002	3812.76
109.037	3812.76
109.067	3812.76
109.102	3812.76
109.137	3812.76
109.167	3812.76
109.202	3812.76
109.237	3812.76
109.267	3812.76
109.302	3812.76
109.337	3812.76
109.367	3812.76
109.402	3812.76
109.437	3812.76
109.467	3812.76
109.502	3812.76
109.532	3812.76
109.567	3812.76
109.602	3812.76
109.637	3812.76
109.667	3812.76
109.697	3812.76
109.737	3812.76
109.767	3812.76
109.802	3812.76
109.837	3812.76
109.867	3812.76
109.902	3812.76
109.937	3812.76
109.967	3812.76
110.002	3812.76
110.032	3812.76
110.067	3812.76
110.102	3812.76
110.137	3812.76
110.167	3812.76
110.202	3812.76
110.237	3812.76
110.267	3812.76
110.302	3812.76
110.337	3812.76
110.367	3812.76
110.402	3812.76
110.427	3812.76
110.467	3812.76
110.502	3812.76
110.537	3812.76
110.567	3812.76
110.602	3812.76
110.637	3812.76
110.667	3812.76
110.702	3812.76
110.737	3812.76
110.762	3812.76
110.802	3812.76
110.837	3812.76
110.867	3812.76
110.902	3812.76
110.937	3812.76
110.962	3812.76
111.002	3812.76
111.037	3812.76
111.067	3812.76
111.097	3812.76
111.137	3812.76
111.167	3812.76
111.202	3812.76
111.237	3812.76
111.267	3812.76
111.302	3812.76
111.337	3812.76
111.367	3812.76
111.402	3812.76
111.437	3812.76
111.467	3812.76
111.502	3812.76
111.537	3812.76
111.567	3812.76
111.597	3812.76
111.637	3812.76
111.667	3812.76
111.702	3812.76
111.737	3812.76
111.767	3812.76
111.802	3812.76
111.827	3812.76
111.857	3812.76
111.882	3812.76
111.907	3812.76
111.937	3812.76
111.967	3812.76
112.002	3812.76
112.032	3812.76
112.067	3812.76
112.102	3812.76
112.137	3812.76
112.167	3812.76
112.197	3812.76
112.237	3812.76
112.267	3812.76
112.302	3812.76
112.337	3812.76
112.367	3812.76
112.402	3812.76
112.437	3812.76
112.467	3812.76
112.502	3812.76
112.537	3812.76
112.567	3812.76
112.602	3812.76
112.637	3812.76
112.667	3812.76
112.702	3812.76
112.737	3812.76
112.767	3812.76
112.802	3812.76
112.837	3812.76
112.867	3812.76
112.902	3812.76
112.937	3812.76
112.967	3812.76
113.002	3812.76
113.037	3812.76
113.067	3812.76
113.102	3812.76
113.137	3812.76
113.167	3812.76
113.202	3812.76
113.237	3812.76
113.267	3812.76
113.302	4118.79
113.337	4118.79
113.367	4118.79
113.392	4118.79
113.437	4118.79
113.467	4118.79
113.502	4118.79
113.537	4118.79
113.567	4118.79
113.602	4118.79
113.637	4118.79
113.667	4118.79
113.692	4118.79
113.732	4118.79
113.762	4118.79
113.802	4118.79
113.837	4118.79
113.862	4118.79
113.902	4118.79
113.937	4118.79
113.962	4118.79
113.987	4118.79
114.012	4118.79
114.037	4118.79
114.062	4118.79
114.102	4118.79
114.132	4118.79
114.167	4118.79
114.202	4118.79
114.237	4118.79
114.267	4118.79
114.302	4449.29
114.337	4084.31
114.362	4084.31
114.387	4084.31
114.437	4084.31
114.467	4084.31
114.502	4084.31
114.537	4084.31
114.567	4084.31
114.602	4084.31
114.637	4084.31
114.667	4084.31
114.702	4084.31
114.737	4084.31
114.767	4084.31
114.797	4084.31
114.837	4084.31
114.867	4084.31
114.892	4084.31
114.932	4084.31
114.967	4084.31
115.002	4084.31
115.037	4084.31
115.067	4084.31
115.102	4084.31
115.137	4084.31
115.167	4084.31
115.202	4084.31
115.237	4084.31
115.267	4084.31
115.302	4084.31
115.337	4084.31
115.367	4084.31
115.402	4084.31
115.437	4084.31
115.467	4084.31
115.502	4084.31
115.537	4084.31
115.562	4084.31
115.587	4084.31
115.612	4084.31
115.637	4084.31
115.667	4084.31
115.702	4084.31
115.737	4084.31
115.767	4084.31
115.802	4084.31
115.837	4084.31
115.862	4084.31
115.897	4084.31
115.922	4084.31
115.947	4084.31
115.972	4084.31
116.002	4084.31
116.037	4084.31
116.062	4084.31
116.102	4084.31
116.127	4084.31
116.152	4084.31
116.177	4084.31
116.202	4084.31
116.227	4084.31
116.252	4084.31
116.277	4084.31
116.302	4084.31
116.337	4084.31
116.362	4084.31
116.402	4084.31
116.437	3733.31
116.467	3733.31
116.502	3733.31
116.537	3733.31
116.567	3733.31
116.602	3733.31
116.632	3733.31
116.667	3733.31
116.702	3733.31
116.737	3733.31
116.767	3733.31
116.802	3733.31
116.827	3733.31
116.867	3733.31
116.902	3733.31
116.937	3733.31
116.967	3733.31
117.002	3733.31
117.037	3733.31
117.067	3733.31
117.102	3733.31
117.137	3733.31
117.167	3733.31
117.197	3733.31
117.227	3733.31
117.267	3733.31
117.302	3733.31
117.337	3733.31
117.367	3733.31
117.402	3733.31
117.437	3733.31
117.467	3733.31
117.502	3733.31
117.537	3733.31
117.567	3733.31
117.602	3733.31
117.637	3733.31
117.667	3733.31
117.692	3733.31
117.737	3733.31
117.767	3733.31
117.802	3733.31
117.837	3733.31
117.862	3733.31
117.892	3733.31
117.937	3733.31
117.967	3733.31
117.992	3733.31
118.037	3733.31
118.067	3733.31
118.102	3733.31
118.132	3733.31
118.167	3733.31
118.202	3733.31
118.237	3733.31
118.267	3733.31
118.302	3733.31
118.337	3733.31
118.367	3733.31
118.402	3733.31
118.437	3733.31
118.467	3733.31
118.502	3733.31
118.537	3733.31
118.567	3733.31
118.602	3733.31
118.637	3733.31
118.667	3733.31
118.702	3733.31
118.737	3733.31
118.767	3733.31
118.802	3733.31
118.837	3733.31
118.867	3733.31
118.902	3733.31
118.937	3733.31
118.967	3733.31
119.002	3733.31
119.037	3733.31
119.067	3733.31
119.102	3733.31
119.137	3733.31
119.167	3733.31
119.202	3733.31
119.237	3733.31
119.267	3733.31
119.302	3733.31
119.337	3733.31
119.367	3733.31
119.402	3733.31
119.437	3733.31
119.467	3733.31
119.502	3733.31
119.537	3733.31
119.567	3733.31
119.602	4032.98
119.637	4032.98
119.667	4032.98
119.702	4032.98
119.737	4032.98
119.767	4032.98
119.802	4032.98
119.837	4032.98
119.867	4032.98
119.902	4032.98
119.937	4032.98
119.967	4032.98
120.002	4032.98
120.037	4032.98
120.067	4032.98
120.102	4032.98
120.137	4032.98
120.167	4032.98
120.202	4032.98
120.237	4032.98
120.267	4032.98
120.302	4032.98
120.337	4032.98
120.367	4032.98
120.402	4032.98
120.427	4032.98
120.452	4032.98
120.477	4032.98
120.502	4032.98
120.532	4032.98
120.562	4032.98
120.602	4032.98
120.637	4032.98
120.662	4032.98
120.702	4032.98
120.737	4032.98
120.767	4032.98
120.802	4032.98
120.837	4032.98
120.867	4032.98
120.902	4032.98
120.937	4032.98
120.967	4032.98
121.002	4032.98
121.037	4032.98
121.067	4032.98
121.102	4032.98
121.137	4032.98
121.167	4032.98
121.202	4032.98
121.237	4032.98
121.267	4032.98
121.302	4032.98
121.337	4032.98
121.367	4032.98
121.397	4032.98
121.437	4032.98
121.467	4032.98
121.502	4032.98
121.537	4032.98
121.567	4032.98
121.602	4032.98
121.637	4032.98
121.667	4032.98
121.692	4032.98
121.737	4032.98
121.767	4032.98
121.802	4032.98
121.837	4032.98
121.867	4032.98
121.902	4032.98
121.937	4032.98
121.967	4032.98
122.002	4032.98
122.037	4032.98
122.067	4032.98
122.102	4032.98
122.137	4032.98
122.167	4032.98
122.202	4032.98
122.237	4032.98
122.267	4032.98
122.297	4032.98
122.322	4032.98
122.347	4032.98
122.372	4032.98
122.402	4032.98
122.437	4032.98
122.467	4032.98
122.502	4032.98
122.537	4032.98
122.567	4032.98
122.602	4032.98
122.637	4032.98
122.667	4032.98
122.702	4032.98
122.737	4032.98
122.767	4032.98
122.802	4032.98
122.837	4032.98
122.867	4032.98
122.902	4032.98
122.937	4032.98
122.967	4032.98
123.002	4032.98
123.037	4032.98
123.067	4032.98
123.102	4032.98
123.137	4032.98
123.167	4032.98
123.202	4032.98
123.237	4032.98
123.267	4032.98
123.302	4032.98
123.332	4032.98
123.367	4032.98
123.402	4032.98
123.437	4032.98
123.467	4032.98
123.502	4032.98
123.537	4032.98
123.567	4032.98
123.602	4032.98
123.637	4032.98
123.662	4032.98
123.702	4032.98
123.737	4032.98
123.767	4032.98
123.792	4032.98
123.832	4032.98
123.862	4032.98
123.902	4032.98
123.937	4032.98
123.967	4032.98
124.002	4032.98
124.032	4032.98
124.062	4032.98
124.097	4032.98
124.137	4032.98
124.167	4032.98
124.197	4032.98
124.222	4032.98
124.247	4032.98
124.272	4032.98
124.302	4032.98
124.337	4032.98
124.367	4032.98
124.402	4032.98
124.437	4032.98
124.462	4032.98
124.502	4032.98
124.537	4032.98
124.562	4032.98
124.602	4032.98
124.637	4032.98
124.667	4032.98
124.702	4032.98
124.737	3757.28
124.767	3757.28
124.802	3757.28
124.837	3757.28
124.867	3757.28
124.902	3757.28
124.937	3757.28
124.967	3757.28
125.002	3757.28
125.037	3757.28
125.067	3757.28
125.102	3757.28
125.137	3757.28
125.167	3757.28
125.202	3757.28
125.237	3757.28
125.267	3757.28
125.302	3757.28
125.337	3757.28
125.367	3757.28
125.402	3757.28
125.437	3757.28
125.467	3757.28
125.502	3757.28
125.537	3757.28
125.567	3757.28
125.602	3757.28
125.637	3757.28
125.667	3757.28
125.702	3757.28
125.737	3757.28
125.767	3757.28
125.802	4058.87
125.837	4058.87
125.867	4058.87
125.902	4058.87
125.937	4058.87
125.967	4058.87
126.002	4058.87
126.037	4058.87
126.067	4058.87
126.102	4058.87
126.137	4058.87
126.167	4058.87
126.202	4058.87
126.227	4058.87
126.252	4058.87
126.277	4058.87
126.302	4058.87
126.337	4058.87
126.362	4058.87
126.402	4058.87
126.437	4058.87
126.467	4058.87
126.502	4058.87
126.537	4058.87
126.567	4058.87
126.602	4058.87
126.627	4058.87
126.657	4058.87
126.702	4058.87
126.732	4058.87
126.767	4058.87
126.802	4384.58
126.827	4384.58
126.852	4384.58
126.877	4384.58
126.902	4384.58
126.937	4384.58
126.967	4384.58
127.002	4384.58
127.037	4384.58
127.062	4384.58
127.102	4384.58
127.127	4384.58
127.152	4384.58
127.177	4384.58
127.202	4384.58
127.237	4384.58
127.262	4384.58
127.302	4384.58
127.332	4384.58
127.367	4384.58
127.402	4384.58
127.437	4384.58
127.462	4384.58
127.502	4384.58
127.537	4384.58
127.567	4384.58
127.602	4384.58
127.637	4384.58
127.667	4384.58
127.702	4384.58
127.727	4384.58
127.767	4384.58
127.802	4384.58
127.827	4384.58
127.867	4384.58
127.902	4084.85
127.937	4084.85
127.967	4084.85
128.002	4084.85
128.037	4084.85
128.067	4084.85
128.102	4084.85
128.137	4084.85
128.167	4084.85
128.202	4084.85
128.237	4084.85
128.262	4084.85
128.302	4084.85
128.337	4084.85
128.362	4084.85
128.402	4084.85
128.437	4084.85
128.467	4084.85
128.502	4084.85
128.537	4084.85
128.567	4084.85
128.602	4084.85
128.637	4084.85
128.667	4084.85
128.702	4084.85
128.737	4084.85
128.767	4084.85
128.802	4084.85
128.837	4084.85
128.867	4084.85
128.902	4412.64
128.937	4412.64
128.967	4412.64
129.002	4412.64
129.027	4412.64
129.057	4412.64
129.087	4412.64
129.112	4412.64
129.137	4412.64
129.162	4412.64
129.202	4412.64
129.237	4412.64
129.267	4412.64
129.292	4412.64
129.322	4412.64
129.347	4412.64
129.372	4412.64
129.402	4412.64
129.427	4412.64
129.452	4412.64
129.477	4412.64
129.502	4412.64
129.527	4412.64
129.552	4412.64
129.577	4412.64
129.602	4412.64
129.627	4412.64
129.652	4412.64
129.682	4412.64
129.707	4412.64
129.732	4412.64
129.762	4412.64
129.802	4412.64
129.837	4412.64
129.862	4412.64
129.902	4509.22
129.932	3910.34
129.962	3910.34
130.002	3910.34
130.037	3910.34
130.067	3910.34
130.102	3910.34
130.137	3910.34
130.167	3910.34
130.197	3910.34
130.237	3910.34
130.267	3910.34
130.302	3910.34
130.337	3910.34
130.367	3910.34
130.402	3910.34
130.437	3910.34
130.467	3910.34
130.502	3910.34
130.537	3910.34
130.567	3910.34
130.602	3910.34
130.637	3910.34
130.667	3910.34
130.702	3910.34
130.737	3910.34
130.767	3910.34
130.802	3910.34
130.837	3910.34
130.867	3910.34
130.902	3910.34
130.937	3910.34
130.967	3910.34
131.002	3910.34
131.037	3910.34
131.067	3910.34
131.102	3910.34
131.137	3910.34
131.167	3910.34
131.202	3910.34
131.237	3910.34
131.267	3910.34
131.302	3910.34
131.327	3910.34
131.352	3910.34
131.377	3910.34
131.402	3910.34
131.437	3910.34
131.467	3910.34
131.502	3910.34
131.537	3910.34
131.567	3910.34
131.602	3910.34
131.637	3910.34
131.667	3910.34
131.702	3910.34
131.737	3910.34
131.767	3910.34
131.802	3910.34
131.837	3910.34
131.867	3910.34
131.902	3910.34
131.932	3910.34
131.967	3910.34
132.002	3910.34
132.037	3910.34
132.067	3910.34
132.097	3910.34
132.137	3910.34
132.167	3910.34
132.202	3910.34
132.237	3910.34
132.267	3910.34
132.302	3910.34
132.337	3910.34
132.367	3910.34
132.402	3910.34
132.437	3910.34
132.467	3910.34
132.502	3910.34
132.537	3910.34
132.567	3910.34
132.602	3910.34
132.637	3910.34
132.667	3910.34
132.692	3910.34
132.737	3910.34
132.767	3910.34
132.802	3910.34
132.837	3910.34
132.867	3910.34
132.902	3910.34
132.937	3910.34
132.967	3910.34
133.002	3910.34
133.037	3910.34
133.067	3910.34
133.102	4224.16
133.137	4224.16
133.167	4224.16
133.202	4224.16
133.237	4224.16
133.267	4224.16
133.302	4224.16
133.332	4224.16
133.362	4224.16
133.392	4224.16
133.427	4224.16
133.452	4224.16
133.477	4224.16
133.502	4224.16
133.527	4224.16
133.552	4224.16
133.577	4224.16
133.602	4224.16
133.637	4224.16
133.662	4224.16
133.687	4224.16
133.712	4224.16
133.737	4224.16
133.762	4224.16
133.802	4224.16
133.837	4224.16
133.862	4224.16
133.902	4224.16
133.932	4224.16
133.962	4224.16
134.002	4224.16
134.037	4224.16
134.062	4224.16
134.102	4509.22
134.127	4024.83
134.162	4024.83
134.202	4024.83
134.227	4024.83
134.252	4024.83
134.277	4024.83
134.302	4024.83
134.337	4024.83
134.367	4024.83
134.402	4024.83
134.437	4024.83
134.467	4024.83
134.492	4024.83
134.527	4024.83
134.567	4024.83
134.602	4024.83
134.637	4024.83
134.667	4024.83
134.702	4024.83
134.737	4024.83
134.767	4024.83
134.802	4024.83
134.837	4024.83
134.867	4024.83
134.902	4024.83
134.937	4024.83
134.967	4024.83
135.002	4024.83
135.037	4024.83
135.067	4024.83
135.102	4024.83
135.137	4024.83
135.167	4024.83
135.202	4024.83
135.237	4024.83
135.267	4024.83
135.302	4024.83
135.337	4024.83
135.367	4024.83
135.402	4024.83
135.437	4024.83
135.467	4024.83
135.502	4024.83
135.537	4024.83
135.567	4024.83
135.602	4024.83
135.627	4024.83
135.667	4024.83
135.702	4024.83
135.737	4024.83
135.767	4024.83
135.802	4024.83
135.837	4024.83
135.867	4024.83
135.902	4024.83
135.937	4024.83
135.967	4024.83
136.002	4024.83
136.027	4024.83
136.067	4024.83
136.102	4024.83
136.127	4024.83
136.167	4024.83
136.202	4024.83
136.237	4024.83
136.267	4024.83
136.302	4024.83
136.337	4024.83
136.367	4024.83
136.402	4024.83
136.437	4024.83
136.467	4024.83
136.502	4024.83
136.537	4024.83
136.567	4024.83
136.602	4024.83
136.637	4024.83
136.667	4024.83
136.702	4024.83
136.732	4024.83
136.767	4024.83
136.802	4024.83
136.837	4024.83
136.867	4024.83
136.902	4024.83
136.937	4024.83
136.962	4024.83
137.002	4024.83
137.037	4024.83
137.067	4024.83
137.102	4024.83
137.137	4024.83
137.167	4024.83
137.202	4024.83
137.237	4024.83
137.262	4024.83
137.302	4024.83
137.337	4024.83
137.367	4024.83
137.402	4024.83
137.437	4024.83
137.467	4024.83
137.502	4024.83
137.527	4024.83
137.552	4024.83
137.577	4024.83
137.602	4024.83
137.637	4024.83
137.667	4024.83
137.702	4024.83
137.737	4024.83
137.767	4024.83
137.802	4024.83
137.837	4024.83
137.867	4024.83
137.902	4024.83
137.937	4024.83
137.967	4024.83
138.002	4024.83
138.037	4024.83
138.067	4024.83
138.102	4024.83
138.137	4024.83
138.167	4024.83
138.202	4024.83
138.237	4024.83
138.267	4024.83
138.302	4024.83
138.337	4024.83
138.367	4024.83
138.402	4024.83
138.437	4024.83
138.467	4024.83
138.502	4024.83
138.537	4024.83
138.567	4024.83
138.602	4024.83
138.637	4024.83
138.667	4024.83
138.702	4024.83
138.737	4024.83
138.767	4024.83
138.802	4024.83
138.837	4024.83
138.867	4024.83
138.902	4024.83
138.937	4024.83
138.962	4024.83
139.002	4024.83
139.037	4024.83
139.062	4024.83
139.102	4024.83
139.137	4024.83
139.167	4024.83
139.202	4024.83
139.237	4024.83
139.267	4024.83
139.302	4024.83
139.337	4024.83
139.367	4024.83
139.402	4024.83
139.437	4024.83
139.467	4024.83
139.502	4024.83
139.537	4024.83
139.567	4024.83
139.602	4024.83
139.637	4024.83
139.667	4024.83
139.702	4024.83
139.727	4024.83
139.767	4024.83
139.792	4024.83
139.837	4024.83
139.867	4024.83
139.902	4024.83
139.937	4024.83
139.967	4024.83
140.002	4024.83
140.037	4024.83
140.067	4024.83
140.102	4024.83
140.137	4024.83
140.167	4024.83
140.202	4024.83
140.237	4024.83
140.267	4024.83
140.302	4024.83
140.337	4024.83
140.367	4024.83
140.402	4024.83
140.437	4347.81
140.467	4347.81
140.502	4347.81
140.537	4347.81
140.567	4347.81
140.602	4347.81
140.627	4347.81
140.652	4347.81
140.677	4347.81
140.702	4347.81
140.737	4347.81
140.762	4347.81
140.802	4347.81
140.832	4347.81
140.867	4347.81
140.902	4347.81
140.927	4347.81
140.952	4347.81
140.977	4347.81
141.002	4347.81
141.027	4347.81
141.052	4347.81
141.077	4347.81
141.102	4347.81
141.137	4347.81
141.167	4347.81
141.202	4347.81
141.227	4347.81
141.252	4347.81
141.302	4347.81
141.337	4347.81
141.362	4347.81
141.402	4347.81
141.437	4509.22
141.462	4509.22
141.502	3945.56
141.537	3945.56
141.562	3945.56
141.602	3945.56
141.632	3945.56
141.667	3945.56
141.702	3945.56
141.737	3945.56
141.767	3945.56
141.797	3945.56
141.837	3945.56
141.867	3945.56
141.902	3945.56
141.937	3945.56
141.967	3945.56
142.002	3945.56
142.037	3945.56
142.067	3945.56
142.102	3945.56
142.137	3945.56
142.167	3945.56
142.202	3945.56
142.237	3945.56
142.267	3945.56
142.302	3945.56
142.337	3945.56
142.367	3945.56
142.402	3945.56
142.437	3945.56
142.467	3945.56
142.492	3945.56
142.527	3945.56
142.567	3945.56
142.602	3945.56
142.637	3945.56
142.667	3945.56
142.697	3945.56
142.732	3945.56
142.767	3945.56
142.802	3945.56
142.837	3945.56
142.867	3945.56
142.902	3945.56
142.937	3945.56
142.967	3945.56
143.002	3945.56
143.037	3945.56
143.067	3945.56
143.102	3945.56
143.137	3945.56
143.167	3945.56
143.202	3945.56
143.237	3945.56
143.267	3945.56
143.302	3945.56
143.337	3945.56
143.367	3945.56
143.402	3945.56
143.437	3945.56
143.467	3945.56
143.502	3945.56
143.532	3945.56
143.557	3945.56
143.602	3945.56
143.637	3945.56
143.667	3945.56
143.702	3945.56
143.737	3945.56
143.767	3945.56
143.802	3945.56
143.837	3945.56
143.862	3945.56
143.902	3945.56
143.932	3945.56
143.967	3945.56
144.002	3945.56
144.037	3945.56
144.067	3945.56
144.102	3945.56
144.137	3945.56
144.167	3945.56
144.202	3945.56
144.237	3945.56
144.267	3945.56
144.302	3945.56
144.337	3945.56
144.367	3945.56
144.402	3945.56
144.437	3945.56
144.467	3945.56
144.502	3945.56
144.537	3945.56
144.567	3945.56
144.602	3945.56
144.637	3945.56
144.667	3945.56
144.702	3945.56
144.732	3945.56
144.767	3945.56
144.792	3945.56
144.837	3945.56
144.867	3945.56
144.902	3945.56
144.927	3945.56
144.957	3945.56
145.002	3945.56
145.037	3945.56
145.067	3945.56
145.102	3945.56
145.137	3945.56
145.167	3945.56
145.202	3945.56
145.237	3945.56
145.267	3945.56
145.302	3945.56
145.337	3945.56
145.367	3945.56
145.402	3945.56
145.437	3945.56
145.467	3945.56
145.502	3945.56
145.537	3945.56
145.567	3945.56
145.602	3945.56
145.637	3945.56
145.667	3945.56
145.702	3945.56
145.737	3945.56
145.767	3945.56
145.802	3945.56
145.837	3945.56
145.867	3945.56
145.902	3945.56
145.937	3945.56
145.967	3945.56
146.002	3945.56
146.037	3945.56
146.067	3945.56
146.102	3945.56
146.137	3945.56
146.167	3945.56
146.202	3945.56
146.237	3945.56
146.267	3945.56
146.297	3945.56
146.337	3945.56
146.367	3945.56
146.402	3945.56
146.437	3945.56
146.467	3945.56
146.502	3945.56
146.537	3945.56
146.567	3945.56
146.602	3945.56
146.637	3945.56
146.667	3945.56
146.697	3945.56
146.737	3945.56
146.767	3945.56
146.802	3945.56
146.837	3945.56
146.867	3945.56
146.892	3945.56
146.937	3945.56
146.967	3945.56
147.002	3945.56
147.037	3945.56
147.067	3945.56
147.102	3945.56
147.137	3945.56
147.167	3945.56
147.202	3945.56
147.237	3945.56
147.267	3945.56
147.302	3945.56
147.337	3945.56
147.367	3945.56
147.402	3945.56
147.437	3945.56
147.467	3945.56
147.502	3945.56
147.537	3945.56
147.567	3945.56
147.602	3945.56
147.637	3945.56
147.667	3945.56
147.702	3945.56
147.737	3945.56
147.767	3945.56
147.802	3945.56
147.837	3945.56
147.867	3945.56
147.902	3945.56
147.937	3945.56
147.967	3945.56
148.002	3945.56
148.027	3945.56
148.067	3945.56
148.102	3945.56
148.127	3945.56
148.167	3945.56
148.202	3945.56
148.237	3945.56
148.267	3945.56
148.302	3945.56
148.337	3945.56
148.367	3945.56
148.402	3945.56
148.437	3945.56
148.467	3945.56
148.502	3945.56
148.537	3945.56
148.567	3945.56
148.592	3945.56
148.637	3945.56
148.667	3945.56
148.702	3945.56
148.737	3945.56
148.767	3945.56
148.802	3945.56
148.837	3945.56
148.867	3945.56
148.902	3945.56
148.937	3945.56
148.967	3945.56
149.002	3945.56
149.037	3945.56
149.067	3945.56
149.102	3945.56
149.137	3945.56
149.167	3945.56
149.192	3945.56
149.237	3945.56
149.267	3945.56
149.297	3945.56
149.337	3945.56
149.367	3945.56
149.402	3945.56
149.437	3945.56
149.462	3945.56
149.487	3945.56
149.512	3945.56
149.537	3945.56
149.567	3945.56
149.592	3945.56
149.637	3945.56
149.667	3945.56
149.697	3945.56
149.727	3945.56
149.767	3945.56
149.792	3945.56
149.817	3945.56
149.842	3945.56
149.867	3945.56
149.902	3945.56
149.937	3945.56
149.962	3945.56
150.002	3945.56
150.037	3945.56
150.067	3945.56
150.102	3945.56
150.137	3945.56
150.167	3945.56
150.202	3945.56
150.237	3945.56
150.267	3945.56
150.302	3945.56
150.337	3945.56
150.367	3945.56
150.402	3945.56
150.437	3945.56
150.467	3945.56
150.502	3945.56
150.537	3945.56
150.567	3945.56
150.602	3945.56
150.637	3945.56
150.667	3945.56
150.702	3945.56
150.727	3945.56
150.767	3945.56
150.792	3945.56
150.822	3945.56
150.847	3945.56
150.872	3945.56
150.902	3945.56
150.927	3945.56
150.952	3945.56
150.977	3945.56
151.002	3945.56
151.037	3945.56
151.067	3945.56
151.102	3945.56
151.137	3945.56
151.167	3945.56
151.202	3945.56
151.237	3945.56
151.267	3945.56
151.302	3945.56
151.337	3945.56
151.367	3945.56
151.402	3945.56
151.437	3945.56
151.467	3945.56
151.502	3945.56
151.537	3945.56
151.567	3945.56
151.602	3945.56
151.637	3945.56
151.667	3945.56
151.702	3945.56
151.737	3945.56
151.767	3945.56
151.802	3945.56
151.837	3945.56
151.867	3945.56
151.902	3945.56
151.937	3945.56
151.967	3945.56
152.002	3945.56
152.037	3945.56
152.067	3945.56
152.102	3945.56
152.137	3945.56
152.167	3945.56
152.202	3945.56
152.237	3945.56
152.267	3945.56
152.302	3945.56
152.337	3945.56
152.367	3945.56
152.402	3945.56
152.437	3945.56
152.467	3945.56
152.502	3945.56
152.537	3945.56
152.567	3945.56
152.592	3945.56
152.637	3945.56
152.667	3945.56
152.702	3945.56
152.737	3945.56
152.767	3945.56
152.802	3945.56
152.837	3945.56
152.867	3945.56
152.902	3945.56
152.937	3945.56
152.967	3945.56
153.002	3945.56
153.037	4262.21
153.067	4262.21
153.102	4262.21
153.137	4262.21
153.167	4262.21
153.192	4262.21
153.237	4262.21
153.267	4262.21
153.302	4262.21
153.337	4262.21
153.367	4262.21
153.402	4262.21
153.437	4262.21
153.467	4262.21
153.492	4262.21
153.537	4262.21
153.562	4262.21
153.587	4262.21
153.612	4262.21
153.637	4262.21
153.667	4262.21
153.702	4262.21
153.737	4262.21
153.762	4262.21
153.787	4262.21
153.812	4262.21
153.837	4262.21
153.862	4262.21
153.902	4262.21
153.927	4262.21
153.952	4262.21
153.977	4262.21
154.002	4262.21
154.037	4509.22
154.062	4509.22
154.102	4112.9
154.137	4112.9
154.167	4112.9
154.202	4112.9
154.237	4112.9
154.262	4112.9
154.302	4112.9
154.337	4112.9
154.367	4112.9
154.402	4112.9
154.437	4112.9
154.467	4112.9
154.502	4112.9
154.537	4112.9
154.567	4112.9
154.602	4112.9
154.637	4112.9
154.667	4112.9
154.702	4112.9
154.737	4112.9
154.767	4112.9
154.792	4112.9
154.837	4112.9
154.867	4112.9
154.902	4112.9
154.937	4112.9
154.967	4112.9
155.002	4112.9
155.032	4112.9
155.067	4112.9
155.102	4112.9
155.137	4112.9
155.167	4112.9
155.202	4112.9
155.227	4112.9
155.267	4112.9
155.302	4112.9
155.337	4112.9
155.367	4112.9
155.402	4112.9
155.437	4112.9
155.467	4112.9
155.502	4112.9
155.537	4112.9
155.567	4112.9
155.602	4112.9
155.627	4112.9
155.652	4112.9
155.677	4112.9
155.702	4112.9
155.737	4112.9
155.767	4112.9
155.802	4112.9
155.832	4112.9
155.862	4112.9
155.887	4112.9
155.912	4112.9
155.937	4112.9
155.967	4112.9
156.002	4112.9
156.037	4112.9
156.062	4112.9
156.092	4112.9
156.137	4112.9
156.162	4112.9
156.202	3879.94
156.237	3879.94
156.262	3879.94
156.302	3879.94
156.337	3879.94
156.367	3879.94
156.402	3879.94
156.427	3879.94
156.467	3879.94
156.502	3879.94
156.537	3879.94
156.567	3879.94
156.602	3879.94
156.637	3879.94
156.667	3879.94
156.702	3879.94
156.737	3879.94
156.767	3879.94
156.802	3879.94
156.832	3879.94
156.867	3879.94
156.902	3879.94
156.937	3879.94
156.967	3879.94
157.002	3879.94
157.037	3879.94
157.067	3879.94
157.102	3879.94
157.137	3879.94
157.167	3879.94
157.202	3879.94
157.237	3879.94
157.267	3879.94
157.302	3879.94
157.337	3879.94
157.367	3879.94
157.402	3879.94
157.437	3879.94
157.467	3879.94
157.502	3879.94
157.537	3879.94
157.567	3879.94
157.602	3879.94
157.637	3879.94
157.667	3879.94
157.697	3879.94
157.737	3879.94
157.767	3879.94
157.802	3879.94
157.837	3879.94
157.867	3879.94
157.897	3879.94
157.937	3879.94
157.967	3879.94
158.002	3879.94
158.027	3879.94
158.067	3879.94
158.102	3879.94
158.137	3879.94
158.167	3879.94
158.202	3879.94
158.237	3879.94
158.267	3879.94
158.302	3879.94
158.337	3879.94
158.367	3879.94
158.402	3879.94
158.437	3879.94
158.467	3879.94
158.502	3879.94
158.537	3879.94
158.567	3879.94
158.602	3879.94
158.637	3879.94
158.667	3879.94
158.702	3879.94
158.737	3879.94
158.767	3879.94
158.802	3879.94
158.837	3879.94
158.867	3879.94
158.902	3879.94
158.937	3879.94
158.967	3879.94
159.002	3879.94
159.037	3879.94
159.067	3879.94
159.102	3879.94
159.137	3879.94
159.167	3879.94
159.202	3879.94
159.237	3879.94
159.267	3879.94
159.302	3879.94
159.337	4191.34
159.367	4191.34
159.397	4191.34
159.422	4191.34
159.447	4191.34
159.472	4191.34
159.502	4191.34
159.537	4191.34
159.567	4191.34
159.597	4191.34
159.622	4191.34
159.647	4191.34
159.672	4191.34
159.697	4191.34
159.722	4191.34
159.747	4191.34
159.772	4191.34
159.797	4191.34
159.827	4191.34
159.867	4191.34
159.902	4191.34
159.937	4191.34
159.962	4191.34
160.002	4191.34
160.037	4191.34
160.067	4191.34
160.092	4191.34
160.122	4191.34
160.147	4191.34
160.172	4191.34
160.197	4191.34
160.222	4191.34
160.262	4191.34
160.302	4191.34
160.337	4509.22
160.367	4509.22
160.392	4007.22
160.437	4007.22
160.467	4007.22
160.502	4007.22
160.537	4007.22
160.567	4007.22
160.602	4007.22
160.637	4007.22
160.667	4007.22
160.702	4007.22
160.737	4007.22
160.767	4007.22
160.802	4007.22
160.837	4007.22
160.867	4007.22
160.902	4007.22
160.937	4007.22
160.967	4007.22
161.002	4007.22
161.037	4007.22
161.067	4007.22
161.102	4007.22
161.137	4007.22
161.167	4007.22
161.202	4007.22
161.237	4007.22
161.267	4007.22
161.302	4007.22
161.337	4007.22
161.367	4007.22
161.402	4007.22
161.437	4007.22
161.467	4007.22
161.502	4007.22
161.537	4007.22
161.567	4007.22
161.602	4007.22
161.637	4007.22
161.667	4007.22
161.702	4007.22
161.737	4007.22
161.767	4007.22
161.802	4007.22
161.837	4007.22
161.862	4007.22
161.902	4007.22
161.937	4007.22
161.962	4007.22
162.002	4007.22
162.037	4007.22
162.067	4007.22
162.102	4007.22
162.137	4007.22
162.167	4007.22
162.202	4007.22
162.227	4007.22
162.267	4007.22
162.302	4007.22
162.327	4007.22
162.367	4007.22
162.402	4007.22
162.427	4007.22
162.467	4007.22
162.502	4007.22
162.537	4007.22
162.562	4007.22
162.602	4007.22
162.637	4007.22
162.667	4007.22
162.702	4007.22
162.727	4007.22
162.752	4007.22
162.777	4007.22
162.802	4007.22
162.837	4007.22
162.867	4007.22
162.897	4007.22
162.937	4007.22
162.967	4007.22
163.002	4007.22
163.037	4007.22
163.067	4007.22
163.102	4007.22
163.137	4007.22
163.167	4007.22
163.202	4007.22
163.237	4007.22
163.267	4007.22
163.302	4007.22
163.337	4007.22
163.367	4007.22
163.397	4007.22
163.437	4007.22
163.467	4007.22
163.497	4007.22
163.537	4007.22
163.567	4007.22
163.602	4007.22
163.637	4007.22
163.667	4007.22
163.702	4007.22
163.737	4007.22
163.767	4007.22
163.802	4007.22
163.837	4007.22
163.867	4007.22
163.902	4007.22
163.937	4007.22
163.967	4007.22
164.002	4007.22
164.037	4007.22
164.067	4007.22
164.102	4007.22
164.137	4007.22
164.167	4007.22
164.202	4007.22
164.237	4007.22
164.267	4007.22
164.302	4007.22
164.337	4007.22
164.367	4007.22
164.402	4007.22
164.437	4007.22
164.467	4007.22
164.502	4007.22
164.537	4007.22
164.567	4007.22
164.602	4328.79
164.637	4328.79
164.667	4328.79
164.702	4328.79
164.737	4328.79
164.767	4328.79
164.802	4328.79
164.837	4328.79
164.867	4328.79
164.902	4328.79
164.932	4328.79
164.957	4328.79
165.002	4328.79
165.027	4328.79
165.052	4328.79
165.077	4328.79
165.102	4328.79
165.127	4328.79
165.152	4328.79
165.177	4328.79
165.202	4328.79
165.227	4328.79
165.252	4328.79
165.277	4328.79
165.302	4328.79
165.327	4328.79
165.352	4328.79
165.377	4328.79
165.402	4328.79
165.437	4328.79
165.462	4328.79
165.502	4328.79
165.532	4328.79
165.562	4328.79
165.602	3779.24
165.637	3779.24
165.662	3779.24
165.702	3779.24
165.737	3779.24
165.762	3779.24
165.802	3779.24
165.837	3779.24
165.867	3779.24
165.902	3779.24
165.937	3779.24
165.967	3779.24
166.002	3779.24
166.037	3779.24
166.067	3779.24
166.102	3779.24
166.137	3779.24
166.167	3779.24
166.202	3779.24
166.232	3779.24
166.267	3779.24
166.302	3779.24
166.337	3779.24
166.367	3779.24
166.402	3779.24
166.437	3779.24
166.467	3779.24
166.502	3779.24
166.537	3779.24
166.567	3779.24
166.602	3779.24
166.637	3779.24
166.667	3779.24
166.702	3779.24
166.737	3779.24
166.767	3779.24
166.802	3779.24
166.837	3779.24
166.867	3779.24
166.902	3779.24
166.937	3779.24
166.967	3779.24
167.002	3779.24
167.037	3779.24
167.067	3779.24
167.102	3779.24
167.137	3779.24
167.167	3779.24
167.202	3779.24
167.237	3779.24
167.267	3779.24
167.302	3779.24
167.337	3779.24
167.367	3779.24
167.402	3779.24
167.437	3779.24
167.467	3779.24
167.502	3779.24
167.537	3779.24
167.567	3779.24
167.602	3779.24
167.637	3779.24
167.667	3779.24
167.702	4082.58
167.737	4082.58
167.767	4082.58
167.802	4082.58
167.837	4082.58
167.867	4082.58
167.902	4082.58
167.937	4082.58
167.967	4082.58
168.002	4082.58
168.037	4082.58
168.067	4082.58
168.102	4082.58
168.132	4082.58
168.167	4082.58
168.192	4082.58
168.217	4082.58
168.242	4082.58
168.267	4082.58
168.302	4082.58
168.337	4082.58
168.367	4082.58
168.402	4082.58
168.437	4082.58
168.467	4082.58
168.502	4082.58
168.537	4082.58
168.562	4082.58
168.602	4082.58
168.627	4082.58
168.652	4082.58
168.677	4082.58
168.702	4082.58
168.737	4082.58
168.762	4082.58
168.797	4082.58
168.837	4082.58
168.862	4082.58
168.902	4082.58
168.937	4082.58
168.967	4082.58
169.002	4082.58
169.032	4082.58
169.062	4082.58
169.102	4082.58
169.137	4082.58
169.162	4082.58
169.202	4082.58
169.237	4082.58
169.267	4082.58
169.302	4082.58
169.337	4082.58
169.367	4082.58
169.402	4082.58
169.437	4082.58
169.467	4082.58
169.502	4082.58
169.537	4082.58
169.567	4082.58
169.602	4082.58
169.637	4082.58
169.667	4082.58
169.702	4082.58
169.737	3867.28
169.767	3867.28
169.802	3867.28
169.832	3867.28
169.867	3867.28
169.902	3867.28
169.937	3867.28
169.962	3867.28
170.002	3867.28
170.037	3867.28
170.067	3867.28
170.092	3867.28
170.137	3867.28
170.167	3867.28
170.202	3867.28
170.237	3867.28
170.267	3867.28
170.302	3867.28
170.337	3867.28
170.367	3867.28
170.402	3867.28
170.437	3867.28
170.467	3867.28
170.502	3867.28
170.537	3867.28
170.567	3867.28
170.602	3867.28
170.627	3867.28
170.667	3867.28
170.697	3867.28
170.737	3867.28
170.767	3867.28
170.802	4177.67
170.837	4177.67
170.867	4177.67
170.902	4177.67
170.937	4177.67
170.967	4177.67
170.997	4177.67
171.037	4177.67
171.067	4177.67
171.102	4177.67
171.137	4177.67
171.167	4177.67
171.202	4177.67
171.237	4177.67
171.267	4177.67
171.302	4177.67
171.337	4177.67
171.367	4177.67
171.402	4177.67
171.427	4177.67
171.452	4177.67
171.477	4177.67
171.502	4177.67
171.537	4177.67
171.562	4177.67
171.602	4177.67
171.637	4177.67
171.667	4177.67
171.702	4177.67
171.732	4177.67
171.762	4177.67
171.802	4509.22
171.837	4509.22
171.862	4509.22
171.902	4509.22
171.937	4509.22
171.967	4509.22
172.002	4509.22
172.027	4509.22
172.057	4509.22
172.082	4509.22
172.107	4509.22
172.137	4509.22
172.162	4509.22
172.202	4509.22
172.237	4509.22
172.262	4509.22
172.297	4509.22
172.337	4509.22
172.367	4509.22
172.397	4509.22
172.427	4509.22
172.457	4509.22
172.497	4509.22
172.537	4509.22
172.567	4509.22
172.592	4509.22
172.627	4509.22
172.652	4509.22
172.702	4509.22
172.737	4509.22
172.767	4509.22
172.802	4509.22
172.827	4509.22
172.867	4509.22
172.902	4033.64
172.937	4033.64
172.967	4033.64
173.002	4033.64
173.037	4033.64
173.067	4033.64
173.102	4033.64
173.137	4033.64
173.167	4033.64
173.202	4033.64
173.237	4033.64
173.267	4033.64
173.302	4033.64
173.337	4033.64
173.367	4033.64
173.402	4033.64
173.437	4033.64
173.467	4033.64
173.502	4033.64
173.537	4033.64
173.567	4033.64
173.602	4033.64
173.632	4033.64
173.667	4033.64
173.702	4033.64
173.737	4033.64
173.767	4033.64
173.802	4033.64
173.837	4033.64
173.867	4033.64
173.902	4033.64
173.937	4033.64
173.967	4033.64
174.002	4033.64
174.037	4033.64
174.067	4033.64
174.102	4033.64
174.137	4033.64
174.167	4033.64
174.202	4033.64
174.237	4033.64
174.267	4033.64
174.302	4033.64
174.337	4033.64
174.367	4033.64
174.402	4033.64
174.437	4033.64
174.467	4033.64
174.502	4033.64
174.527	4033.64
174.552	4033.64
174.577	4033.64
174.602	4033.64
174.637	4033.64
174.662	4033.64
174.702	4033.64
174.737	4033.64
174.767	4033.64
174.802	4033.64
174.837	4033.64
174.867	4033.64
174.892	4033.64
174.937	4033.64
174.967	4033.64
175.002	4033.64
175.037	4033.64
175.067	4033.64
175.102	4033.64
175.137	4033.64
175.167	4033.64
175.202	4033.64
175.237	4033.64
175.267	4033.64
175.302	4033.64
175.337	4033.64
175.367	4033.64
175.402	4033.64
175.437	4033.64
175.467	4033.64
175.492	4033.64
175.537	4033.64
175.567	4033.64
175.602	4033.64
175.637	4033.64
175.667	4033.64
175.702	4033.64
175.737	4033.64
175.767	4033.64
175.802	4033.64
175.837	4033.64
175.867	4033.64
175.897	4033.64
175.937	4033.64
175.967	4033.64
176.002	4033.64
176.037	4033.64
176.067	4033.64
176.102	4033.64
176.137	4033.64
176.167	4033.64
176.202	4033.64
176.237	4033.64
176.267	4033.64
176.302	4033.64
176.337	4033.64
176.367	4033.64
176.402	4033.64
176.437	4033.64
176.467	4033.64
176.502	4033.64
176.537	4033.64
176.567	4033.64
176.602	4033.64
176.637	4033.64
176.667	4033.64
176.702	4033.64
176.737	4033.64
176.767	4033.64
176.802	4033.64
176.837	4033.64
176.867	4033.64
176.902	4033.64
176.937	4033.64
176.967	4033.64
176.997	4033.64
177.037	4033.64
177.067	4033.64
177.102	4033.64
177.137	4033.64
177.167	4033.64
177.202	4033.64
177.237	4033.64
177.267	4033.64
177.302	4033.64
177.337	4033.64
177.367	4033.64
177.402	4033.64
177.437	4033.64
177.467	4033.64
177.497	4033.64
177.537	4033.64
177.567	4033.64
177.602	4033.64
177.637	4033.64
177.667	4033.64
177.697	4033.64
177.737	4033.64
177.767	4033.64
177.802	4033.64
177.837	4033.64
177.867	4033.64
177.902	4033.64
177.937	4033.64
177.967	4033.64
178.002	4033.64
178.037	4033.64
178.067	4033.64
178.102	4033.64
178.137	4033.64
178.167	4033.64
178.202	4033.64
178.232	4033.64
178.267	4033.64
178.302	4033.64
178.337	4033.64
178.362	4033.64
178.402	4033.64
178.427	4033.64
178.452	4033.64
178.477	4033.64
178.502	4033.64
178.537	4033.64
178.567	4033.64
178.602	4033.64
178.637	4033.64
178.667	4033.64
178.702	4033.64
178.737	4033.64
178.767	4033.64
178.802	4033.64
178.837	4033.64
178.867	4033.64
178.902	4033.64
178.937	4033.64
178.967	4033.64
179.002	4033.64
179.037	4033.64
179.067	4033.64
179.102	4033.64
179.137	4033.64
179.167	4033.64
179.202	4033.64
179.237	4033.64
179.262	4033.64
179.302	4033.64
179.337	4033.64
179.367	4033.64
179.402	4033.64
179.437	4033.64
179.467	4033.64
179.502	4033.64
179.537	4033.64
179.567	4033.64
179.602	4033.64
179.637	4033.64
179.667	4033.64
179.702	4033.64
179.737	4033.64
179.767	4033.64
179.802	4033.64
179.837	4033.64
179.867	4033.64
179.902	4033.64
179.937	4033.64
179.967	4033.64
180.002	4033.64
180.037	4033.64
180.067	4033.64
180.102	4033.64
180.137	4033.64
180.167	4033.64
180.202	4033.64
180.237	4033.64
180.267	4033.64
180.302	4033.64
180.337	4033.64
180.367	4033.64
180.402	4033.64
180.437	4033.64
180.467	4033.64
180.502	4033.64
180.537	4033.64
180.567	4033.64
180.602	4033.64
180.627	4033.64
180.667	4033.64
180.702	4033.64
180.737	4033.64
180.762	4033.64
180.802	4033.64
180.827	4033.64
180.852	4033.64
180.877	4033.64
180.902	4033.64
180.937	4033.64
180.967	4033.64
181.002	4033.64
181.027	4033.64
181.052	4033.64
181.077	4033.64
181.102	4033.64
181.137	4033.64
181.167	4033.64
181.202	4033.64
181.237	4033.64
181.267	4033.64
181.302	4033.64
181.337	4033.64
181.367	4033.64
181.397	4033.64
181.437	4033.64
181.462	4033.64
181.502	4033.64
181.537	4033.64
181.567	4033.64
181.602	4033.64
181.637	4033.64
181.667	4033.64
181.702	4033.64
181.737	4033.64
181.767	4033.64
181.802	4033.64
181.837	4033.64
181.867	4033.64
181.902	4033.64
181.937	4033.64
181.967	4033.64
182.002	4033.64
182.037	4033.64
182.067	4033.64
182.102	4033.64
182.137	4033.64
182.167	4033.64
182.202	4033.64
182.237	4033.64
182.267	4033.64
182.302	4033.64
182.337	4357.33
182.362	4357.33
182.402	4357.33
182.427	4357.33
182.467	4357.33
182.492	4357.33
182.522	4357.33
182.547	4357.33
182.572	4357.33
182.597	4357.33
182.622	4357.33
182.647	4357.33
182.672	4357.33
182.702	4357.33
182.727	4357.33
182.762	4357.33
182.787	4357.33
182.812	4357.33
182.837	4357.33
182.867	4357.33
182.902	4357.33
182.927	4357.33
182.952	4357.33
182.977	4357.33
183.002	4357.33
183.027	4357.33
183.067	4357.33
183.102	4357.33
183.137	4357.33
183.162	4357.33
183.202	4357.33
183.227	4357.33
183.267	4357.33
183.302	4357.33
183.327	4509.22
183.362	4509.22
183.402	4007.22
183.427	4007.22
183.462	4007.22
183.502	4007.22
183.532	4007.22
183.567	4007.22
183.602	4007.22
183.632	4007.22
183.667	4007.22
183.702	4007.22
183.732	4007.22
183.762	4007.22
183.802	4007.22
183.832	4007.22
183.867	4007.22
183.902	4007.22
183.927	4007.22
183.967	4007.22
184.002	4007.22
184.027	4007.22
184.067	4007.22
184.097	4007.22
184.132	4007.22
184.167	4007.22
184.202	4007.22
184.232	4007.22
184.267	4007.22
184.302	4007.22
184.332	4007.22
184.367	4007.22
184.402	4007.22
184.432	4007.22
184.467	4007.22
184.502	4007.22
184.532	4007.22
184.567	4007.22
184.602	4007.22
184.632	4007.22
184.667	4007.22
184.702	4007.22
184.732	4007.22
184.757	4007.22
184.797	4007.22
184.832	4007.22
184.867	4007.22
184.902	4007.22
184.932	4007.22
184.967	4007.22
185.002	4007.22
185.032	4007.22
185.067	4007.22
185.102	4007.22
185.132	4007.22
185.167	4007.22
185.202	4007.22
185.232	4007.22
185.267	4007.22
185.292	4007.22
185.332	4007.22
185.367	4007.22
185.402	4007.22
185.432	4007.22
185.467	4007.22
185.502	4007.22
185.532	4007.22
185.567	4007.22
185.602	4007.22
185.632	4007.22
185.667	4007.22
185.702	4007.22
185.732	4007.22
185.767	4007.22
185.802	4007.22
185.832	4007.22
185.857	4007.22
185.902	4007.22
185.932	4007.22
185.967	4007.22
186.002	4007.22
186.032	4007.22
186.067	4007.22
186.102	4007.22
186.132	4007.22
186.167	4007.22
186.202	4007.22
186.232	4007.22
186.257	4007.22
186.302	4007.22
186.332	4007.22
186.367	4007.22
186.402	4007.22
186.432	4007.22
186.467	4007.22
186.502	4007.22
186.532	4007.22
186.567	4007.22
186.602	4007.22
186.632	4007.22
186.667	4007.22
186.702	4007.22
186.732	4007.22
186.767	4007.22
186.802	4007.22
186.832	4007.22
186.867	4007.22
186.902	4007.22
186.932	4007.22
186.967	4007.22
187.002	4007.22
187.032	4007.22
187.067	4007.22
187.102	4007.22
187.132	4007.22
187.167	4007.22
187.202	4007.22
187.232	4007.22
187.267	4007.22
187.302	4007.22
187.332	4007.22
187.367	4007.22
187.402	4007.22
187.432	4007.22
187.467	4007.22
187.497	4007.22
187.522	4007.22
187.567	4007.22
187.592	4007.22
187.617	4007.22
187.642	4007.22
187.667	4007.22
187.697	4007.22
187.722	4007.22
187.767	4007.22
187.802	4007.22
187.832	4007.22
187.867	4007.22
187.897	4007.22
187.932	4007.22
187.967	4007.22
188.002	4007.22
188.032	4007.22
188.067	4007.22
188.102	4007.22
188.132	4007.22
188.167	4007.22
188.202	4007.22
188.232	4007.22
188.267	4007.22
188.302	4007.22
188.332	4007.22
188.367	4007.22
188.402	4007.22
188.432	4007.22
188.467	4007.22
188.502	4007.22
188.532	4007.22
188.567	4007.22
188.602	4007.22
188.632	4007.22
188.667	4007.22
188.702	4007.22
188.732	4007.22
188.767	4007.22
188.802	4007.22
188.832	4007.22
188.867	4007.22
188.902	4007.22
188.932	4007.22
188.967	4007.22
189.002	4007.22
189.032	4007.22
189.067	4007.22
189.102	4007.22
189.132	4007.22
189.167	4007.22
189.202	4007.22
189.232	4007.22
189.267	4007.22
189.302	4007.22
189.332	4007.22
189.367	4007.22
189.402	4007.22
189.432	4007.22
189.467	4007.22
189.502	4007.22
189.532	4007.22
189.567	4007.22
189.602	4007.22
189.632	4007.22
189.667	4007.22
189.702	4328.79
189.732	4328.79
189.767	4328.79
189.802	4328.79
189.832	4328.79
189.867	4328.79
189.892	4328.79
189.917	4328.79
189.942	4328.79
189.967	4328.79
189.992	4328.79
190.017	4328.79
190.042	4328.79
190.067	4328.79
190.102	4328.79
190.127	4328.79
190.167	4328.79
190.197	4328.79
190.222	4328.79
190.267	4328.79
190.292	4328.79
190.317	4328.79
190.342	4328.79
190.367	4328.79
190.392	4328.79
190.417	4328.79
190.442	4328.79
190.467	4328.79
190.492	4328.79
190.517	4328.79
190.567	4328.79
190.597	4328.79
190.622	4328.79
190.667	4328.79
190.702	4509.22
190.732	3998.41
190.767	3998.41
190.802	3998.41
190.832	3998.41
190.867	3998.41
190.902	3998.41
190.932	3998.41
190.967	3998.41
191.002	3998.41
191.032	3998.41
191.067	3998.41
191.102	3998.41
191.132	3998.41
191.167	3998.41
191.202	3998.41
191.232	3998.41
191.257	3998.41
191.302	3998.41
191.332	3998.41
191.367	3998.41
191.402	3998.41
191.432	3998.41
191.462	3998.41
191.502	3998.41
191.532	3998.41
191.567	3998.41
191.602	3998.41
191.632	3998.41
191.667	3998.41
191.702	3998.41
191.732	3998.41
191.757	3998.41
191.802	3998.41
191.827	3998.41
191.867	3998.41
191.902	3998.41
191.932	3998.41
191.967	3998.41
192.002	3998.41
192.032	3998.41
192.067	3998.41
192.102	3998.41
192.132	3998.41
192.167	3998.41
192.202	3998.41
192.232	3998.41
192.267	3998.41
192.302	3998.41
192.332	3998.41
192.367	3998.41
192.402	3998.41
192.432	3998.41
192.467	3998.41
192.502	3998.41
192.532	3998.41
192.567	3998.41
192.602	3998.41
192.627	3998.41
192.652	3998.41
192.677	3998.41
192.702	3998.41
192.732	3998.41
192.767	3998.41
192.802	3998.41
192.832	3998.41
192.867	3998.41
192.902	3998.41
192.932	3998.41
192.962	3998.41
193.002	3998.41
193.032	3998.41
193.067	3998.41
193.102	3998.41
193.132	3998.41
193.157	3998.41
193.202	3998.41
193.232	3998.41
193.267	3998.41
193.297	3998.41
193.332	3998.41
193.367	3998.41
193.402	3998.41
193.432	3998.41
193.467	3998.41
193.502	3998.41
193.532	3998.41
193.567	3998.41
193.602	3998.41
193.632	3998.41
193.667	3998.41
193.702	3998.41
193.732	3998.41
193.767	3998.41
193.802	3998.41
193.832	3998.41
193.867	3998.41
193.902	3998.41
193.932	3998.41
193.967	3998.41
194.002	3998.41
194.032	3998.41
194.067	3998.41
194.102	3998.41
194.132	3998.41
194.167	3998.41
194.202	3998.41
194.232	3998.41
194.267	3998.41
194.302	3998.41
194.332	3998.41
194.367	3998.41
194.402	3998.41
194.432	3998.41
194.467	3998.41
194.492	3998.41
194.532	3998.41
194.567	3998.41
194.602	3998.41
194.632	3998.41
194.667	3998.41
194.702	3998.41
194.732	3998.41
194.767	3998.41
194.802	3998.41
194.832	3998.41
194.867	3998.41
194.902	3998.41
194.932	3998.41
194.967	3998.41
195.002	3998.41
195.032	3998.41
195.067	3998.41
195.102	3998.41
195.132	3998.41
195.167	3998.41
195.202	3998.41
195.232	3998.41
195.267	3998.41
195.302	3998.41
195.332	3998.41
195.367	3998.41
195.402	3998.41
195.432	3998.41
195.467	3998.41
195.502	3998.41
195.532	3998.41
195.567	3998.41
195.602	3998.41
195.632	3998.41
195.667	3998.41
195.702	3998.41
195.732	3998.41
195.767	3998.41
195.802	3998.41
195.832	3998.41
195.867	3998.41
195.902	3998.41
195.932	3998.41
195.967	3998.41
196.002	4319.28
196.032	4319.28
196.067	4319.28
196.102	4319.28
196.132	4319.28
196.157	4319.28
196.202	4319.28
196.232	4319.28
196.267	4319.28
196.302	4319.28
196.332	4319.28
196.362	4319.28
196.397	4319.28
196.422	4319.28
196.452	4319.28
196.477	4319.28
196.502	4319.28
196.532	4319.28
196.567	4319.28
196.602	4319.28
196.627	4319.28
196.667	4319.28
196.702	4319.28
196.732	4319.28
196.757	4319.28
196.802	4319.28
196.832	4319.28
196.867	4319.28
196.902	4319.28
196.932	4319.28
196.967	4319.28
197.002	4509.22
197.032	3954.37
197.067	3954.37
197.102	3954.37
197.132	3954.37
197.167	3954.37
197.202	3954.37
197.232	3954.37
197.257	3954.37
197.302	3954.37
197.332	3954.37
197.367	3954.37
197.402	3954.37
197.432	3954.37
197.467	3954.37
197.502	3954.37
197.532	3954.37
197.567	3954.37
197.602	3954.37
197.632	3954.37
197.667	3954.37
197.702	3954.37
197.732	3954.37
197.767	3954.37
197.802	3954.37
197.832	3954.37
197.867	3954.37
197.902	3954.37
197.932	3954.37
197.967	3954.37
198.002	3954.37
198.032	3954.37
198.062	3954.37
198.102	4271.72
198.132	4271.72
198.157	4271.72
198.187	4271.72
198.212	4271.72
198.237	4271.72
198.267	4271.72
198.292	4271.72
198.332	4271.72
198.362	4271.72
198.392	4271.72
198.422	4271.72
198.447	4271.72
198.472	4271.72
198.502	4271.72
198.532	4271.72
198.562	4271.72
198.602	4271.72
198.632	4271.72
198.662	4271.72
198.687	4271.72
198.712	4271.72
198.737	4271.72
198.767	4271.72
198.802	4271.72
198.827	4271.72
198.862	4271.72
198.902	4271.72
198.927	4271.72
198.952	4271.72
199.002	4271.72
199.032	4271.72
199.062	4271.72
199.102	4509.22
199.132	3989.6
199.167	3989.6
199.202	3989.6
199.232	3989.6
199.267	3989.6
199.302	3989.6
199.332	3989.6
199.367	3989.6
199.402	3989.6
199.432	3989.6
199.467	3989.6
199.492	3989.6
199.532	3989.6
199.567	3989.6
199.597	3989.6
199.632	3989.6
199.667	3989.6
199.702	3989.6
199.732	3989.6
199.767	3989.6
199.802	3989.6
199.832	3989.6
199.867	3989.6
199.902	3989.6
199.932	3989.6
199.967	3989.6
200.002	3989.6
200.032	3989.6
200.067	3989.6
200.102	3989.6
200.132	3989.6
200.167	3989.6
200.202	3989.6
200.232	3989.6
200.267	3989.6
200.302	3989.6
200.332	3989.6
200.367	3989.6
200.402	3989.6
200.432	3989.6
200.467	3989.6
200.497	3989.6
200.532	3989.6
200.567	3989.6
200.602	3989.6
200.632	3989.6
200.667	3989.6
200.702	3989.6
200.732	3989.6
200.767	3989.6
200.802	3989.6
200.832	3989.6
200.867	3989.6
200.892	3989.6
200.922	3989.6
200.947	3989.6
200.972	3989.6
201.002	3989.6
201.032	3989.6
201.067	3989.6
201.102	3989.6
201.132	3989.6
201.167	3989.6
201.202	3989.6
201.232	3989.6
201.267	3989.6
201.302	3989.6
201.332	3989.6
201.367	3989.6
201.402	3989.6
201.432	3989.6
201.467	3989.6
201.502	3989.6
201.532	3989.6
201.567	3989.6
201.602	3989.6
201.632	3989.6
201.667	3989.6
201.702	3989.6
201.732	3989.6
201.767	3989.6
201.802	3989.6
201.832	3989.6
201.867	3989.6
201.902	3989.6
201.932	3989.6
201.967	3989.6
202.002	3989.6
202.032	3989.6
202.067	3989.6
202.092	3989.6
202.132	3989.6
202.167	3989.6
202.202	3989.6
202.232	3989.6
202.267	3989.6
202.302	4309.77
202.332	4309.77
202.367	4309.77
202.402	4309.77
202.432	4309.77
202.467	4309.77
202.502	4309.77
202.532	4309.77
202.567	4309.77
202.592	4309.77
202.617	4309.77
202.642	4309.77
202.667	4309.77
202.692	4309.77
202.722	4309.77
202.767	4309.77
202.797	4309.77
202.822	4309.77
202.867	4309.77
202.902	4309.77
202.932	4309.77
202.957	4309.77
203.002	4309.77
203.027	4309.77
203.067	4309.77
203.092	4309.77
203.117	4309.77
203.142	4309.77
203.167	4309.77
203.202	4309.77
203.232	4309.77
203.267	4309.77
203.302	4509.22
203.332	4121.71
203.367	4121.71
203.392	4121.71
203.417	4121.71
203.467	4121.71
203.502	4121.71
203.532	4121.71
203.567	4121.71
203.602	4121.71
203.632	4121.71
203.667	4121.71
203.702	4121.71
203.732	4121.71
203.767	4121.71
203.802	4121.71
203.832	4121.71
203.867	4121.71
203.902	4121.71
203.932	4121.71
203.967	4121.71
204.002	4121.71
204.032	4121.71
204.067	4121.71
204.102	4121.71
204.132	4121.71
204.167	4121.71
204.202	4121.71
204.232	4121.71
204.267	4121.71
204.302	4121.71
204.332	4121.71
204.367	4121.71
204.402	4121.71
204.432	4121.71
204.467	4121.71
204.502	4121.71
204.532	4121.71
204.567	4121.71
204.602	4121.71
204.632	4121.71
204.667	4121.71
204.702	4121.71
204.732	4121.71
204.767	4121.71
204.802	4121.71
204.832	4121.71
204.867	4121.71
204.902	4121.71
204.932	4121.71
204.967	4121.71
204.997	4121.71
205.032	4121.71
205.067	4121.71
205.092	4121.71
205.117	4121.71
205.142	4121.71
205.167	4121.71
205.192	4121.71
205.232	4121.71
205.267	4121.71
205.302	4121.71
205.332	4121.71
205.367	4121.71
205.402	4121.71
205.432	4121.71
205.467	4121.71
205.502	4121.71
205.532	4121.71
205.567	4121.71
205.602	4121.71
205.632	4121.71
205.667	4121.71
205.702	4121.71
205.732	4121.71
205.767	4121.71
205.802	4121.71
205.827	4121.71
205.867	4121.71
205.897	4121.71
205.932	4121.71
205.967	4121.71
206.002	4121.71
206.032	4121.71
206.067	4121.71
206.102	4121.71
206.132	4121.71
206.167	4121.71
206.202	4121.71
206.232	4121.71
206.267	4121.71
206.302	4121.71
206.332	4121.71
206.367	4121.71
206.402	4121.71
206.432	4121.71
206.467	4121.71
206.502	4452.44
206.532	4452.44
206.567	4452.44
206.602	4452.44
206.627	4452.44
206.652	4452.44
206.677	4452.44
206.702	4452.44
206.732	4452.44
206.767	4452.44
206.802	4452.44
206.832	4452.44
206.867	4452.44
206.897	4452.44
206.922	4452.44
206.947	4452.44
206.972	4452.44
206.997	4452.44
207.022	4452.44
207.067	4452.44
207.097	4452.44
207.122	4452.44
207.167	4452.44
207.202	4452.44
207.227	4452.44
207.267	4452.44
207.302	4452.44
207.327	4452.44
207.367	4452.44
207.402	4452.44
207.427	4452.44
207.467	4452.44
207.502	4509.22
207.532	3866.3
207.567	3866.3
207.602	3866.3
207.632	3866.3
207.667	3866.3
207.702	3866.3
207.732	3866.3
207.767	3866.3
207.802	3866.3
207.832	3866.3
207.867	3866.3
207.902	3866.3
207.932	3866.3
207.967	3866.3
208.002	3866.3
208.032	3866.3
208.067	3866.3
208.102	3866.3
208.132	3866.3
208.167	3866.3
208.202	3866.3
208.232	3866.3
208.267	3866.3
208.302	3866.3
208.332	3866.3
208.367	3866.3
208.402	3866.3
208.432	3866.3
208.467	3866.3
208.502	3866.3
208.527	3866.3
208.567	3866.3
208.602	3866.3
208.632	3866.3
208.667	3866.3
208.702	3866.3
208.732	3866.3
208.767	3866.3
208.802	3866.3
208.832	3866.3
208.867	3866.3
208.902	3866.3
208.932	3866.3
208.967	3866.3
209.002	3866.3
209.032	3866.3
209.067	3866.3
209.102	3866.3
209.132	3866.3
209.167	3866.3
209.202	3866.3
209.232	3866.3
209.267	3866.3
209.302	3866.3
209.332	3866.3
209.367	3866.3
209.402	3866.3
209.432	3866.3
209.467	3866.3
209.492	3866.3
209.532	3866.3
209.567	3866.3
209.602	3866.3
209.632	4176.61
209.667	4176.61
209.702	4176.61
209.727	4176.61
209.767	4176.61
209.802	4176.61
209.832	4176.61
209.862	4176.61
209.892	4176.61
209.917	4176.61
209.942	4176.61
209.967	4176.61
210.002	4176.61
210.032	4176.61
210.067	4176.61
210.097	4176.61
210.122	4176.61
210.167	4176.61
210.192	4176.61
210.217	4176.61
210.242	4176.61
210.267	4176.61
210.302	4176.61
210.332	4176.61
210.367	4176.61
210.402	4176.61
210.432	4176.61
210.467	4176.61
210.502	4176.61
210.532	4176.61
210.567	4176.61
210.602	4176.61
210.632	4509.22
210.667	4509.22
210.702	4130.51
210.732	4130.51
210.762	4130.51
210.802	4130.51
210.832	4130.51
210.867	4130.51
210.902	4130.51
210.932	4130.51
210.967	4130.51
211.002	4130.51
211.027	4130.51
211.067	4130.51
211.102	4130.51
211.132	4130.51
211.167	4130.51
211.202	4130.51
211.232	4130.51
211.262	4130.51
211.302	4130.51
211.332	4130.51
211.367	4130.51
211.402	4130.51
211.432	4130.51
211.467	4130.51
211.502	4130.51
211.532	4130.51
211.567	4130.51
211.602	4130.51
211.632	4130.51
211.667	4130.51
211.702	4130.51
211.732	4130.51
211.767	4130.51
211.802	4130.51
211.832	4130.51
211.867	4130.51
211.902	4130.51
211.927	4130.51
211.967	4130.51
211.992	4130.51
212.017	4130.51
212.042	4130.51
212.067	4130.51
212.102	4130.51
212.132	4130.51
212.167	4130.51
212.202	4130.51
212.232	4130.51
212.267	4130.51
212.302	4130.51
212.332	4130.51
212.367	4130.51
212.402	4130.51
212.432	4130.51
212.467	4130.51
212.497	4130.51
212.522	4130.51
212.567	4130.51
212.602	4130.51
212.632	4130.51
212.657	4130.51
212.702	4130.51
212.732	4130.51
212.767	4130.51
212.802	3783.61
212.832	3783.61
212.867	3783.61
212.902	3783.61
212.932	3783.61
212.967	3783.61
213.002	3783.61
213.032	3783.61
213.067	3783.61
213.097	3783.61
213.132	3783.61
213.162	3783.61
213.202	3783.61
213.232	3783.61
213.262	3783.61
213.302	3783.61
213.332	3783.61
213.367	3783.61
213.402	3783.61
213.432	3783.61
213.467	3783.61
213.502	3783.61
213.532	3783.61
213.567	3783.61
213.602	3783.61
213.632	3783.61
213.667	3783.61
213.702	3783.61
213.732	3783.61
213.767	3783.61
213.802	3783.61
213.832	3783.61
213.867	3783.61
213.902	3783.61
213.932	3783.61
213.967	3783.61
214.002	3783.61
214.032	3783.61
214.062	3783.61
214.102	3783.61
214.132	3783.61
214.167	3783.61
214.202	3783.61
214.232	3783.61
214.267	3783.61
214.302	3783.61
214.332	3783.61
214.367	3783.61
214.402	3783.61
214.432	3783.61
214.467	3783.61
214.502	3783.61
214.532	3783.61
214.567	3783.61
214.597	3783.61
214.632	3783.61
214.667	3783.61
214.702	3783.61
214.732	3783.61
214.767	3783.61
214.802	3783.61
214.832	3783.61
214.867	3783.61
214.897	4087.3
214.932	4087.3
214.967	4087.3
215.002	4087.3
215.032	4087.3
215.067	4087.3
215.102	4087.3
215.132	4087.3
215.167	4087.3
215.202	4087.3
215.232	4087.3
215.267	4087.3
215.297	4087.3
215.322	4087.3
215.367	4087.3
215.402	4087.3
215.432	4087.3
215.467	4087.3
215.497	4087.3
215.522	4087.3
215.567	4087.3
215.602	4087.3
215.627	4087.3
215.652	4087.3
215.677	4087.3
215.702	4087.3
215.732	4087.3
215.767	4087.3
215.797	4087.3
215.822	4087.3
215.867	4087.3
215.902	4415.29
215.932	4070.34
215.967	4070.34
215.997	4070.34
216.022	4070.34
216.067	4070.34
216.102	4070.34
216.132	4070.34
216.167	4070.34
216.202	4070.34
216.232	4070.34
216.267	4070.34
216.302	4070.34
216.332	4070.34
216.367	4070.34
216.402	4070.34
216.432	4070.34
216.467	4070.34
216.502	4070.34
216.532	4070.34
216.567	4070.34
216.602	4070.34
216.632	4070.34
216.667	4070.34
216.692	4070.34
216.732	4070.34
216.767	4070.34
216.802	4070.34
216.832	4070.34
216.867	4070.34
216.892	4070.34
216.932	4070.34
216.967	4070.34
217.002	4070.34
217.032	4070.34
217.067	4070.34
217.102	4070.34
217.132	4070.34
217.167	4070.34
217.202	4070.34
217.232	4070.34
217.257	4070.34
217.302	4070.34
217.332	4070.34
217.367	4070.34
217.402	4070.34
217.432	4070.34
217.467	4070.34
217.497	4070.34
217.522	4070.34
217.567	4070.34
217.602	4070.34
217.632	4070.34
217.667	4070.34
217.702	4070.34
217.732	4070.34
217.767	4070.34
217.802	4070.34
217.832	4070.34
217.867	4070.34
217.902	4070.34
217.932	4070.34
217.967	4070.34
218.002	4070.34
218.032	4070.34
218.067	4070.34
218.102	4070.34
218.132	4070.34
218.167	4070.34
218.202	4070.34
218.232	4070.34
218.267	4070.34
218.302	4070.34
218.332	4070.34
218.367	4070.34
218.402	4070.34
218.432	4070.34
218.467	4070.34
218.502	4070.34
218.532	4070.34
218.567	4070.34
218.602	4070.34
218.632	4070.34
218.667	4070.34
218.702	4070.34
218.732	4070.34
218.767	4070.34
218.802	4070.34
218.832	4070.34
218.867	4070.34
218.902	4070.34
218.932	4070.34
218.967	4070.34
218.997	4070.34
219.027	4070.34
219.052	4070.34
219.077	4070.34
219.102	4070.34
219.132	4070.34
219.157	4070.34
219.192	4070.34
219.217	4070.34
219.242	4070.34
219.267	4070.34
219.302	4070.34
219.332	4070.34
219.367	4070.34
219.397	4070.34
219.422	4070.34
219.467	4070.34
219.502	4070.34
219.532	4070.34
219.567	4070.34
219.602	4070.34
219.632	4070.34
219.667	4070.34
219.702	4070.34
219.732	4070.34
219.767	4070.34
219.802	4070.34
219.832	4070.34
219.867	4070.34
219.897	4070.34
219.932	4070.34
219.967	4070.34
219.997	4070.34
220.032	4070.34
220.067	4070.34
220.102	4070.34
220.132	3839.8
220.167	3839.8
220.202	3839.8
220.232	3839.8
220.267	3839.8
220.302	3839.8
220.327	3839.8
220.367	3839.8
220.402	3839.8
220.432	3839.8
220.467	3839.8
220.502	3839.8
220.532	3839.8
220.567	3839.8
220.602	3839.8
220.632	3839.8
220.667	3839.8
220.702	3839.8
220.732	3839.8
220.757	3839.8
220.787	3839.8
220.812	3839.8
220.837	3839.8
220.867	3839.8
220.897	3839.8
220.932	3839.8
220.967	3839.8
221.002	3839.8
221.032	3839.8
221.067	3839.8
221.102	3839.8
221.132	3839.8
221.167	3839.8
221.197	3839.8
221.232	3839.8
221.267	3839.8
221.302	3839.8
221.332	3839.8
221.367	3839.8
221.402	3839.8
221.432	3839.8
221.467	3839.8
221.502	3839.8
221.532	3839.8
221.567	3839.8
221.602	3839.8
221.632	3839.8
221.667	3839.8
221.702	3839.8
221.732	3839.8
221.767	3839.8
221.802	3839.8
221.832	3839.8
221.867	3839.8
221.902	3839.8
221.932	3839.8
221.957	3839.8
222.002	3839.8
222.032	3839.8
222.067	3839.8
222.102	3839.8
222.132	3839.8
222.167	3839.8
222.202	3839.8
222.232	3839.8
222.267	3839.8
222.302	3839.8
222.332	3839.8
222.367	3839.8
222.402	3839.8
222.432	3839.8
222.467	3839.8
222.502	3839.8
222.532	3839.8
222.567	3839.8
222.602	3839.8
222.632	3839.8
222.667	3839.8
222.697	3839.8
222.732	3839.8
222.767	3839.8
222.802	3839.8
222.832	3839.8
222.867	3839.8
222.902	3839.8
222.932	3839.8
222.967	3839.8
223.002	3839.8
223.032	3839.8
223.067	3839.8
223.102	3839.8
223.132	3839.8
223.167	3839.8
223.202	3839.8
223.232	3839.8
223.267	3839.8
223.302	4147.98
223.332	4147.98
223.357	4147.98
223.402	4147.98
223.432	4147.98
223.467	4147.98
223.502	4147.98
223.527	4147.98
223.552	4147.98
223.577	4147.98
223.602	4147.98
223.632	4147.98
223.667	4147.98
223.702	4147.98
223.732	4147.98
223.762	4147.98
223.802	4147.98
223.832	4147.98
223.867	4147.98
223.902	4147.98
223.932	4147.98
223.967	4147.98
224.002	4147.98
224.032	4147.98
224.067	4147.98
224.102	4147.98
224.132	4147.98
224.167	4147.98
224.202	4147.98
224.232	4147.98
224.267	4147.98
224.302	4480.82
224.332	4165.76
224.367	4165.76
224.402	4165.76
224.432	4165.76
224.467	4165.76
224.502	4165.76
224.532	4165.76
224.567	4165.76
224.602	4165.76
224.632	4165.76
224.667	4165.76
224.702	4165.76
224.732	4165.76
224.767	4165.76
224.802	4165.76
224.832	4165.76
224.867	4165.76
224.902	4165.76
224.932	4165.76
224.967	4165.76
224.997	4165.76
225.032	4165.76
225.067	4165.76
225.092	4165.76
225.122	4165.76
225.167	4165.76
225.202	4165.76
225.232	4165.76
225.257	4165.76
225.302	4165.76
225.332	4165.76
225.367	4165.76
225.402	4165.76
225.432	4165.76
225.467	4165.76
225.492	4165.76
225.517	4165.76
225.542	4165.76
225.567	4165.76
225.592	4165.76
225.622	4165.76
225.667	4165.76
225.697	4165.76
225.722	4165.76
225.767	4165.76
225.802	4165.76
225.832	4165.76
225.867	4165.76
225.902	4165.76
225.932	4165.76
225.967	4165.76
226.002	4165.76
226.032	4165.76
226.067	4165.76
226.102	4165.76
226.132	4165.76
226.167	4165.76
226.202	4165.76
226.232	4165.76
226.267	4165.76
226.302	4165.76
226.332	4165.76
226.367	4165.76
226.402	4165.76
226.432	3856.58
226.467	3856.58
226.502	3856.58
226.532	3856.58
226.567	3856.58
226.602	3856.58
226.632	3856.58
226.667	3856.58
226.697	3856.58
226.732	3856.58
226.767	3856.58
226.802	3856.58
226.832	3856.58
226.867	3856.58
226.902	3856.58
226.932	3856.58
226.967	3856.58
227.002	3856.58
227.032	3856.58
227.067	3856.58
227.102	3856.58
227.132	3856.58
227.167	3856.58
227.202	3856.58
227.232	3856.58
227.267	3856.58
227.302	3856.58
227.332	3856.58
227.367	3856.58
227.402	3856.58
227.432	3856.58
227.467	3856.58
227.502	4166.11
227.532	4166.11
227.567	4166.11
227.602	4166.11
227.632	4166.11
227.667	4166.11
227.692	4166.11
227.717	4166.11
227.742	4166.11
227.767	4166.11
227.802	4166.11
227.832	4166.11
227.867	4166.11
227.897	4166.11
227.927	4166.11
227.967	4166.11
228.002	4166.11
228.032	4166.11
228.057	4166.11
228.082	4166.11
228.107	4166.11
228.132	4166.11
228.167	4166.11
228.202	4166.11
228.232	4166.11
228.267	4166.11
228.302	4166.11
228.332	4166.11
228.367	4166.11
228.402	4166.11
228.432	4166.11
228.467	4166.11
228.502	4500.4
228.532	4087.27
228.567	4087.27
228.602	4087.27
228.632	4087.27
228.662	4087.27
228.702	4087.27
228.732	4087.27
228.767	4087.27
228.802	4087.27
228.832	4087.27
228.857	4087.27
228.902	4087.27
228.932	4087.27
228.967	4087.27
229.002	4087.27
229.032	4087.27
229.067	4087.27
229.102	4087.27
229.132	4087.27
229.167	4087.27
229.202	4087.27
229.232	4087.27
229.267	4087.27
229.302	4087.27
229.332	4087.27
229.367	4087.27
229.402	4087.27
229.432	4087.27
229.467	4087.27
229.502	4087.27
229.532	4087.27
229.567	4087.27
229.602	4087.27
229.632	4087.27
229.667	4087.27
229.702	4087.27
229.732	4087.27
229.767	4087.27
229.802	4087.27
229.832	4087.27
229.867	4087.27
229.902	4087.27
229.932	4087.27
229.967	4087.27
230.002	4087.27
230.032	4087.27
230.067	4087.27
230.102	4087.27
230.132	4087.27
230.167	4087.27
230.202	4087.27
230.232	4087.27
230.267	4087.27
230.302	4087.27
230.332	4087.27
230.367	4087.27
230.402	4087.27
230.432	4087.27
230.467	4087.27
230.502	4087.27
230.532	4087.27
230.567	4087.27
230.602	4087.27
230.632	4087.27
230.667	4087.27
230.702	4087.27
230.732	4087.27
230.767	4087.27
230.802	4087.27
230.832	4087.27
230.867	4087.27
230.902	4087.27
230.932	4087.27
230.967	4087.27
231.002	4087.27
231.027	4087.27
231.062	4087.27
231.102	4087.27
231.132	4087.27
231.167	4087.27
231.192	4087.27
231.217	4087.27
231.242	4087.27
231.267	4087.27
231.292	4087.27
231.317	4087.27
231.342	4087.27
231.367	4087.27
231.402	4087.27
231.432	4087.27
231.467	4087.27
231.502	4087.27
231.532	4087.27
231.567	4087.27
231.602	4087.27
231.632	4087.27
231.667	4087.27
231.702	3847.79
231.732	3847.79
231.767	3847.79
231.802	3847.79
231.832	3847.79
231.867	3847.79
231.902	3847.79
231.932	3847.79
231.967	3847.79
232.002	3847.79
232.032	3847.79
232.067	3847.79
232.092	3847.79
232.117	3847.79
232.167	3847.79
232.192	3847.79
232.222	3847.79
232.267	3847.79
232.292	3847.79
232.322	3847.79
232.362	3847.79
232.402	3847.79
232.432	3847.79
232.467	3847.79
232.502	3847.79
232.532	3847.79
232.567	3847.79
232.602	3847.79
232.632	3847.79
232.667	3847.79
232.702	3847.79
232.732	3629.84
232.767	3629.84
232.802	3629.84
232.832	3629.84
232.867	3629.84
232.902	3629.84
232.932	3629.84
232.967	3629.84
233.002	3629.84
233.032	3629.84
233.067	3629.84
233.102	3629.84
233.127	3629.84
233.167	3629.84
233.202	3629.84
233.232	3629.84
233.267	3629.84
233.297	3629.84
233.332	3629.84
233.367	3629.84
233.402	3629.84
233.432	3629.84
233.467	3629.84
233.502	3629.84
233.532	3629.84
233.567	3629.84
233.602	3629.84
233.632	3629.84
233.667	3629.84
233.702	3629.84
233.732	3629.84
233.767	3629.84
233.802	3921.23
233.832	3921.23
233.867	3921.23
233.902	3921.23
233.932	3921.23
233.967	3921.23
234.002	3921.23
234.032	3921.23
234.067	3921.23
234.102	3921.23
234.132	3921.23
234.167	3921.23
234.202	3921.23
234.232	3921.23
234.267	3921.23
234.302	3921.23
234.332	3921.23
234.367	3921.23
234.402	3921.23
234.432	3921.23
234.467	3921.23
234.502	3921.23
234.532	3921.23
234.567	3921.23
234.602	3921.23
234.632	3921.23
234.667	3921.23
234.702	3921.23
234.732	3921.23
234.767	3921.23
234.802	4235.93
234.832	4235.93
234.867	4235.93
234.902	4235.93
234.932	4235.93
234.967	4235.93
235.002	4235.93
235.032	4235.93
235.067	4235.93
235.092	4235.93
235.117	4235.93
235.142	4235.93
235.167	4235.93
235.202	4235.93
235.227	4235.93
235.252	4235.93
235.277	4235.93
235.302	4235.93
235.332	4235.93
235.367	4235.93
235.402	4235.93
235.432	4235.93
235.467	4235.93
235.502	4235.93
235.532	4235.93
235.567	4235.93
235.602	4235.93
235.632	4235.93
235.667	4235.93
235.702	4235.93
235.732	4235.93
235.767	4235.93
235.802	4509.22
235.832	4509.22
235.867	4509.22
235.892	4077.67
235.917	4077.67
235.967	4077.67
236.002	4077.67
236.032	4077.67
236.067	4077.67
236.102	4077.67
236.132	4077.67
236.167	4077.67
236.202	4077.67
236.232	4077.67
236.267	4077.67
236.302	4077.67
236.332	4077.67
236.367	4077.67
236.402	4077.67
236.432	4077.67
236.467	4077.67
236.502	4077.67
236.532	4077.67
236.567	4077.67
236.597	4077.67
236.627	4077.67
236.667	4077.67
236.702	4077.67
236.732	4077.67
236.757	4077.67
236.802	4077.67
236.832	4077.67
236.867	4077.67
236.902	4077.67
236.932	4077.67
236.967	4077.67
237.002	4077.67
237.032	4077.67
237.067	4077.67
237.102	4077.67
237.132	4077.67
237.167	4077.67
237.202	4077.67
237.232	4077.67
237.267	4077.67
237.302	4077.67
237.332	4077.67
237.357	4077.67
237.382	4077.67
237.407	4077.67
237.432	4077.67
237.467	4077.67
237.502	4077.67
237.527	4077.67
237.567	4077.67
237.602	4077.67
237.632	4077.67
237.667	4077.67
237.697	4077.67
237.722	4077.67
237.757	4077.67
237.802	4077.67
237.832	4077.67
237.867	4077.67
237.902	4077.67
237.932	4077.67
237.967	4077.67
237.997	3798.92
238.022	3798.92
238.062	3798.92
238.102	3798.92
238.132	3798.92
238.167	3798.92
238.202	3798.92
238.232	3798.92
238.267	3798.92
238.302	3798.92
238.332	3798.92
238.367	3798.92
238.402	3798.92
238.432	3798.92
238.467	3798.92
238.502	3798.92
238.532	3798.92
238.567	3798.92
238.602	3798.92
238.632	3798.92
238.667	3798.92
238.697	3798.92
238.732	3798.92
238.767	3798.92
238.802	3798.92
238.832	3798.92
238.867	3798.92
238.902	3798.92
238.932	3798.92
238.967	3798.92
239.002	3798.92
239.032	3798.92
239.067	3798.92
239.102	3798.92
239.132	3798.92
239.167	3798.92
239.202	3798.92
239.232	3798.92
239.267	3798.92
239.302	3798.92
239.332	3798.92
239.367	3798.92
239.402	3798.92
239.427	3798.92
239.467	3798.92
239.502	3798.92
239.532	3798.92
239.567	3798.92
239.602	3798.92
239.632	3798.92
239.667	3798.92
239.702	3798.92
239.727	3798.92
239.767	3798.92
239.802	3798.92
239.832	3798.92
239.867	3798.92
239.902	3798.92
239.932	3798.92
239.967	3798.92
240.002	3798.92
240.032	3798.92
240.067	3798.92
240.102	4103.84
240.132	4103.84
240.167	4103.84
240.202	4103.84
240.232	4103.84
240.267	4103.84
240.302	4103.84
240.332	4103.84
240.367	4103.84
240.402	4103.84
240.432	4103.84
240.467	4103.84
240.502	4103.84
240.532	4103.84
240.567	4103.84
240.602	4103.84
240.632	4103.84
240.667	4103.84
240.702	4103.84
240.732	4103.84
240.767	4103.84
240.792	4103.84
240.817	4103.84
240.842	4103.84
240.867	4103.84
240.902	4103.84
240.932	4103.84
240.957	4103.84
240.982	4103.84
241.007	4103.84
241.032	4103.84
241.067	4103.84
241.097	4433.14
241.122	4433.14
241.167	4182.05
241.202	4182.05
241.232	4182.05
241.267	4182.05
241.302	4182.05
241.332	4182.05
241.367	4182.05
241.402	4182.05
241.432	4182.05
241.467	4182.05
241.502	4182.05
241.532	4182.05
241.567	4182.05
241.602	4182.05
241.632	4182.05
241.667	4182.05
241.702	4182.05
241.732	4182.05
241.762	4182.05
241.802	4182.05
241.832	4182.05
241.867	4182.05
241.902	4182.05
241.932	4182.05
241.967	4182.05
242.002	4182.05
242.032	4182.05
242.067	4182.05
242.102	4182.05
242.132	4182.05
242.167	4182.05
242.202	4182.05
242.232	4182.05
242.267	4182.05
242.302	4182.05
242.332	4182.05
242.367	4182.05
242.402	4182.05
242.432	4182.05
242.467	4182.05
242.502	4182.05
242.532	4182.05
242.567	4182.05
242.602	4182.05
242.632	4182.05
242.667	4182.05
242.702	4182.05
242.732	4182.05
242.767	4182.05
242.792	4182.05
242.832	4182.05
242.867	4182.05
242.902	4182.05
242.932	4182.05
242.967	4182.05
243.002	4182.05
243.032	4182.05
243.067	4182.05
243.092	4182.05
243.132	4182.05
243.167	4182.05
243.202	4182.05
243.232	4182.05
243.267	4182.05
243.302	4182.05
243.332	4182.05
243.367	4182.05
243.392	4182.05
243.417	4182.05
243.442	4182.05
243.467	4182.05
243.502	4182.05
243.532	4182.05
243.567	4182.05
243.602	4182.05
243.632	4182.05
243.667	4182.05
243.702	4182.05
243.732	4182.05
243.767	4182.05
243.802	4182.05
243.832	4182.05
243.867	4182.05
243.897	4182.05
243.932	4182.05
243.967	4182.05
244.002	4182.05
244.032	4182.05
244.067	4182.05
244.102	4182.05
244.132	4182.05
244.167	4182.05
244.202	4182.05
244.232	4182.05
244.267	4182.05
244.292	4182.05
244.332	4182.05
244.367	4182.05
244.402	4182.05
244.432	4182.05
244.467	4182.05
244.502	4182.05
244.532	4182.05
244.567	4182.05
244.602	4182.05
244.632	4182.05
244.667	4182.05
244.702	4182.05
244.732	4182.05
244.767	4182.05
244.802	4182.05
244.832	4182.05
244.867	4182.05
244.902	4182.05
244.932	4182.05
244.967	4182.05
244.992	4182.05
245.017	4182.05
245.042	4182.05
245.067	4182.05
245.102	4182.05
245.132	4182.05
245.167	4182.05
245.202	4182.05
245.232	4182.05
245.267	4182.05
245.297	4182.05
245.322	4182.05
245.367	4182.05
245.392	4182.05
245.417	4182.05
245.442	4182.05
245.467	4182.05
245.502	4182.05
245.532	4182.05
245.567	4182.05
245.602	4182.05
245.632	4182.05
245.667	4182.05
245.697	4182.05
245.732	4182.05
245.767	4182.05
245.802	4182.05
245.832	4182.05
245.867	4182.05
245.902	4182.05
245.932	4182.05
245.967	4182.05
245.997	4182.05
246.022	4182.05
246.067	4182.05
246.102	4182.05
246.132	4182.05
246.162	4182.05
246.202	4182.05
246.232	4182.05
246.267	4182.05
246.302	4182.05
246.332	4182.05
246.367	4182.05
246.402	4182.05
246.432	4182.05
246.457	4182.05
246.502	4182.05
246.532	4182.05
246.567	4182.05
246.602	4182.05
246.632	4182.05
246.667	4182.05
246.702	4182.05
246.732	4182.05
246.767	4182.05
246.802	4182.05
246.832	4182.05
246.867	4182.05
246.902	4182.05
246.932	4182.05
246.967	4182.05
247.002	4182.05
247.032	4182.05
247.067	4182.05
247.102	4182.05
247.132	4182.05
247.167	4182.05
247.192	4182.05
247.217	4182.05
247.242	4182.05
247.267	4182.05
247.292	4182.05
247.322	4182.05
247.367	4182.05
247.392	4182.05
247.417	4182.05
247.442	4182.05
247.467	4182.05
247.502	4182.05
247.532	4182.05
247.567	4182.05
247.602	4182.05
247.632	4182.05
247.667	4182.05
247.702	4182.05
247.732	4182.05
247.767	4182.05
247.792	4182.05
247.817	4182.05
247.842	4182.05
247.867	4182.05
247.902	4182.05
247.932	4182.05
247.967	4182.05
248.002	4182.05
248.032	4182.05
248.067	4182.05
248.102	4182.05
248.132	4182.05
248.167	4182.05
248.202	4182.05
248.232	4182.05
248.267	4182.05
248.302	4182.05
248.332	4182.05
248.367	4182.05
248.402	4182.05
248.432	4182.05
248.467	4182.05
248.502	3937
248.532	3937
248.567	3937
248.602	3937
248.632	3937
248.667	3937
248.692	3937
248.732	3937
248.767	3937
248.802	3937
248.832	3937
248.867	3937
248.902	3937
248.932	3937
248.967	3937
249.002	3937
249.032	3937
249.067	3937
249.102	3937
249.132	3937
249.167	3937
249.202	3937
249.232	3937
249.267	3937
249.302	3937
249.332	3937
249.367	3937
249.397	3937
249.432	3937
249.467	3937
249.502	3937
249.532	3937
249.567	3937
249.602	3937
249.632	3937
249.667	3937
249.702	3937
249.732	3937
249.767	3937
249.802	3937
249.832	3937
249.867	3937
249.902	3937
249.932	3937
249.967	3937
250.002	3937
250.032	3937
250.067	3937
250.102	3937
250.132	3937
250.167	3937
250.202	3937
250.232	3937
250.267	3937
250.302	3937
250.332	3937
250.367	3937
250.402	3937
250.432	3937
250.467	3937
250.497	3937
250.532	4252.96
250.562	4252.96
250.602	4252.96
250.632	4252.96
250.657	4252.96
250.697	4252.96
250.722	4252.96
250.752	4252.96
250.777	4252.96
250.802	4252.96
250.832	4252.96
250.867	4252.96
250.892	4252.96
250.922	4252.96
250.967	4252.96
251.002	4252.96
251.032	4252.96
251.067	4252.96
251.102	4252.96
251.127	4252.96
251.167	4252.96
251.197	4252.96
251.222	4252.96
251.267	4252.96
251.302	4252.96
251.332	4252.96
251.367	4252.96
251.402	4252.96
251.432	4252.96
251.467	4252.96
251.502	4252.96
251.532	4509.22
251.567	4509.22
251.602	3954.37
251.632	3954.37
251.667	3954.37
251.702	3954.37
251.732	3954.37
251.757	3954.37
251.802	3954.37
251.832	3954.37
251.867	3954.37
251.902	3954.37
251.932	3954.37
251.962	3954.37
252.002	3954.37
252.032	3954.37
252.067	3954.37
252.102	3954.37
252.132	3954.37
252.157	3954.37
252.202	3954.37
252.232	3954.37
252.267	3954.37
252.302	3954.37
252.332	3954.37
252.367	3954.37
252.402	3954.37
252.432	3954.37
252.467	3954.37
252.502	3954.37
252.532	3954.37
252.567	3954.37
252.592	3954.37
252.632	3954.37
252.667	3954.37
252.702	3954.37
252.732	3954.37
252.767	3954.37
252.802	3954.37
252.832	3954.37
252.867	3954.37
252.902	3954.37
252.932	3954.37
252.967	3954.37
253.002	3954.37
253.032	3954.37
253.067	3954.37
253.102	3954.37
253.132	3954.37
253.167	3954.37
253.202	3954.37
253.232	3954.37
253.267	3954.37
253.302	3954.37
253.332	3954.37
253.362	3954.37
253.387	3954.37
253.412	3954.37
253.437	3954.37
253.467	3954.37
253.502	3954.37
253.532	3954.37
253.567	3954.37
253.602	3954.37
253.632	3954.37
253.667	3954.37
253.702	3954.37
253.727	3954.37
253.752	3954.37
253.777	3954.37
253.802	3954.37
253.832	3954.37
253.867	3954.37
253.902	3954.37
253.932	3954.37
253.967	3954.37
254.002	3954.37
254.032	3954.37
254.067	3954.37
254.102	3954.37
254.132	3954.37
254.167	3954.37
254.202	3954.37
254.232	3954.37
254.267	3954.37
254.302	3954.37
254.332	3954.37
254.367	3954.37
254.402	3954.37
254.432	3954.37
254.467	3954.37
254.502	3954.37
254.532	3954.37
254.567	3954.37
254.602	3954.37
254.632	3954.37
254.667	3954.37
254.702	3954.37
254.732	3954.37
254.767	3954.37
254.802	3954.37
254.832	3954.37
254.867	3954.37
254.902	3954.37
254.932	3954.37
254.967	3954.37
255.002	3954.37
255.032	3954.37
255.067	3954.37
255.102	3954.37
255.132	3954.37
255.167	3954.37
255.202	3954.37
255.232	3954.37
255.267	3954.37
255.302	3954.37
255.332	3954.37
255.367	3954.37
255.402	3954.37
255.432	3954.37
255.467	3954.37
255.502	3954.37
255.532	3954.37
255.567	3954.37
255.602	3954.37
255.632	3954.37
255.667	3954.37
255.702	3954.37
255.732	3954.37
255.767	3954.37
255.802	4271.72
255.832	4271.72
255.867	4271.72
255.897	4271.72
255.932	4271.72
255.967	4271.72
255.992	4271.72
256.017	4271.72
256.042	4271.72
256.067	4271.72
256.102	4271.72
256.132	4271.72
256.167	4271.72
256.202	4271.72
256.232	4271.72
256.262	4271.72
256.302	4271.72
256.332	4271.72
256.367	4271.72
256.392	4271.72
256.422	4271.72
256.467	4271.72
256.492	4271.72
256.522	4271.72
256.567	4271.72
256.592	4271.72
256.617	4271.72
256.642	4271.72
256.667	4271.72
256.702	4271.72
256.732	4271.72
256.767	4271.72
256.802	4509.22
256.832	4112.9
256.867	4112.9
256.902	4112.9
256.932	4112.9
256.967	4112.9
257.002	4112.9
257.032	4112.9
257.067	4112.9
257.102	4112.9
257.132	4112.9
257.167	4112.9
257.202	4112.9
257.232	4112.9
257.267	4112.9
257.302	4112.9
257.332	4112.9
257.367	4112.9
257.402	4112.9
257.432	4112.9
257.467	4112.9
257.502	4112.9
257.532	4112.9
257.562	4112.9
257.602	4112.9
257.627	4112.9
257.667	4112.9
257.692	4112.9
257.722	4112.9
257.767	4112.9
257.792	4112.9
257.817	4112.9
257.842	4112.9
257.867	4112.9
257.902	4112.9
257.927	4112.9
257.967	4112.9
257.997	4112.9
258.022	4112.9
258.047	4112.9
258.072	4112.9
258.102	4112.9
258.132	4112.9
258.167	4112.9
258.192	4112.9
258.217	4112.9
258.242	4112.9
258.267	4112.9
258.302	4112.9
258.332	4112.9
258.367	4112.9
258.392	4112.9
258.432	4112.9
258.467	4112.9
258.502	4112.9
258.532	4112.9
258.567	4112.9
258.602	4112.9
258.632	4112.9
258.667	4112.9
258.702	4112.9
258.732	4112.9
258.767	4112.9
258.802	4112.9
258.832	4112.9
258.867	4112.9
258.902	4112.9
258.932	3904.04
258.967	3904.04
259.002	3904.04
259.032	3904.04
259.067	3904.04
259.102	3904.04
259.132	3904.04
259.167	3904.04
259.202	3904.04
259.232	3904.04
259.267	3904.04
259.302	3904.04
259.332	3904.04
259.367	3904.04
259.402	3904.04
259.432	3904.04
259.467	3904.04
259.502	3904.04
259.532	3904.04
259.567	3904.04
259.602	3904.04
259.632	3904.04
259.667	3904.04
259.702	3904.04
259.732	3904.04
259.767	3904.04
259.802	3904.04
259.832	3904.04
259.867	3904.04
259.902	3904.04
259.932	3904.04
259.967	3904.04
260.002	4217.36
260.032	4217.36
260.067	4217.36
260.102	4217.36
260.132	4217.36
260.167	4217.36
260.202	4217.36
260.227	4217.36
260.267	4217.36
260.292	4217.36
260.317	4217.36
260.342	4217.36
260.367	4217.36
260.392	4217.36
260.417	4217.36
260.442	4217.36
260.467	4217.36
260.497	4217.36
260.522	4217.36
260.567	4217.36
260.602	4217.36
260.632	4217.36
260.667	4217.36
260.702	4217.36
260.732	4217.36
260.767	4217.36
260.802	4217.36
260.832	4217.36
260.867	4217.36
260.892	4217.36
260.917	4217.36
260.942	4217.36
260.967	4217.36
261.002	3789.04
261.032	3789.04
261.067	3789.04
261.102	3789.04
261.132	3789.04
261.167	3789.04
261.202	3789.04
261.232	3789.04
261.262	3789.04
261.302	3789.04
261.332	3789.04
261.367	3789.04
261.402	3789.04
261.432	3789.04
261.467	3789.04
261.502	3789.04
261.532	3789.04
261.567	3789.04
261.602	3789.04
261.632	3789.04
261.667	3789.04
261.702	3789.04
261.732	3789.04
261.767	3789.04
261.802	3789.04
261.832	3789.04
261.867	3789.04
261.902	3789.04
261.932	3789.04
261.967	3789.04
262.002	3789.04
262.032	3789.04
262.067	3789.04
262.102	3789.04
262.132	3789.04
262.162	3789.04
262.187	3789.04
262.212	3789.04
262.237	3789.04
262.267	3789.04
262.302	3789.04
262.332	3789.04
262.367	3789.04
262.397	3789.04
262.432	3789.04
262.467	3789.04
262.502	3789.04
262.532	3789.04
262.567	3789.04
262.602	3789.04
262.632	3789.04
262.667	3789.04
262.702	3789.04
262.732	3789.04
262.767	3789.04
262.802	3789.04
262.832	3789.04
262.867	3789.04
262.902	3789.04
262.932	3789.04
262.967	3789.04
263.002	3789.04
263.032	3789.04
263.067	3789.04
263.102	3789.04
263.132	3789.04
263.167	3789.04
263.202	3789.04
263.232	3789.04
263.267	3789.04
263.302	3789.04
263.332	3789.04
263.367	3789.04
263.402	3789.04
263.432	3789.04
263.467	3789.04
263.497	3789.04
263.532	3789.04
263.567	3789.04
263.602	3789.04
263.632	3789.04
263.667	3789.04
263.702	3789.04
263.732	3789.04
263.767	3789.04
263.802	3789.04
263.832	3789.04
263.867	3789.04
263.902	3789.04
263.932	3789.04
263.967	3789.04
263.992	3789.04
264.022	3789.04
264.067	3789.04
264.102	3789.04
264.132	4093.16
264.167	4093.16
264.202	4093.16
264.232	4093.16
264.267	4093.16
264.302	4093.16
264.332	4093.16
264.367	4093.16
264.402	4093.16
264.432	4093.16
264.467	4093.16
264.502	4093.16
264.532	4093.16
264.567	4093.16
264.602	4093.16
264.632	4093.16
264.667	4093.16
264.702	4093.16
264.732	4093.16
264.767	4093.16
264.802	4093.16
264.832	4093.16
264.867	4093.16
264.892	4093.16
264.917	4093.16
264.942	4093.16
264.967	4093.16
265.002	4093.16
265.032	4093.16
265.067	4093.16
265.102	4093.16
265.132	4421.61
265.167	4421.61
265.202	4421.61
265.232	4421.61
265.267	4421.61
265.302	4421.61
265.332	4421.61
265.367	4421.61
265.392	4421.61
265.417	4421.61
265.442	4421.61
265.467	4421.61
265.502	4421.61
265.532	4421.61
265.567	4421.61
265.602	4421.61
265.627	4421.61
265.667	4421.61
265.692	4421.61
265.717	4421.61
265.742	4421.61
265.767	4421.61
265.797	4421.61
265.822	4421.61
265.867	4421.61
265.892	4421.61
265.917	4421.61
265.942	4421.61
265.967	4421.61
265.997	4421.61
266.022	4421.61
266.067	4421.61
266.092	4421.61
266.117	4421.61
266.142	4421.61
266.167	4421.61
266.202	4084.81
266.232	4084.81
266.267	4084.81
266.302	4084.81
266.332	4084.81
266.367	4084.81
266.402	4084.81
266.432	4084.81
266.467	4084.81
266.502	4084.81
266.532	4084.81
266.567	4084.81
266.602	4084.81
266.632	4084.81
266.667	4084.81
266.702	4084.81
266.732	4084.81
266.767	4084.81
266.802	4084.81
266.832	4084.81
266.867	4084.81
266.902	4084.81
266.932	4084.81
266.967	4084.81
267.002	4084.81
267.032	4084.81
267.067	4084.81
267.102	4084.81
267.132	4084.81
267.167	4084.81
267.202	4084.81
267.232	4084.81
267.267	4084.81
267.302	4084.81
267.332	4084.81
267.367	4084.81
267.402	4084.81
267.432	4084.81
267.462	4084.81
267.502	4084.81
267.532	4084.81
267.567	4084.81
267.602	4084.81
267.632	4084.81
267.657	4084.81
267.682	4084.81
267.707	4084.81
267.732	4084.81
267.767	4084.81
267.802	4084.81
267.832	4084.81
267.867	4084.81
267.892	4084.81
267.917	4084.81
267.942	4084.81
267.967	4084.81
268.002	4084.81
268.032	4084.81
268.067	4084.81
268.102	4084.81
268.132	4084.81
268.167	4084.81
268.192	4084.81
268.217	4084.81
268.242	4084.81
268.267	4084.81
268.302	4084.81
268.332	4084.81
268.367	4084.81
268.402	4084.81
268.432	4084.81
268.467	4084.81
268.502	4084.81
268.532	4084.81
268.567	4084.81
268.602	4084.81
268.632	4084.81
268.667	4084.81
268.702	4084.81
268.732	4084.81
268.767	4084.81
268.802	4084.81
268.832	4084.81
268.867	4084.81
268.902	4084.81
268.932	4084.81
268.967	4084.81
269.002	4084.81
269.032	4084.81
269.067	4084.81
269.102	4084.81
269.132	4084.81
269.167	4084.81
269.202	4084.81
269.232	4084.81
269.267	4084.81
269.302	4084.81
269.332	4084.81
269.367	4084.81
269.402	4084.81
269.432	4084.81
269.467	4084.81
269.502	4084.81
269.532	4084.81
269.567	4084.81
269.602	4084.81
269.632	4084.81
269.667	4084.81
269.702	4084.81
269.732	4084.81
269.767	4084.81
269.802	4084.81
269.832	4084.81
269.867	4084.81
269.897	4084.81
269.932	4084.81
269.967	4084.81
269.992	4084.81
270.032	4084.81
270.067	4084.81
270.102	4084.81
270.132	4084.81
270.167	4084.81
270.202	4084.81
270.232	4084.81
270.267	4084.81
270.302	4084.81
270.332	4084.81
270.367	4084.81
270.402	4084.81
270.432	4084.81
270.467	4084.81
270.502	4084.81
270.532	4084.81
270.567	4084.81
270.602	4084.81
270.632	4084.81
270.667	4084.81
270.702	4084.81
270.732	4084.81
270.767	4084.81
270.792	4084.81
270.822	4084.81
270.867	4084.81
270.902	4084.81
270.932	4084.81
270.967	4084.81
271.002	4084.81
271.032	4084.81
271.067	4084.81
271.102	4084.81
271.132	4084.81
271.167	4084.81
271.202	4084.81
271.232	4084.81
271.267	4084.81
271.302	4084.81
271.332	4084.81
271.367	4084.81
271.402	4084.81
271.432	3869.4
271.467	3869.4
271.502	3869.4
271.532	3869.4
271.567	3869.4
271.602	3869.4
271.632	3869.4
271.667	3869.4
271.702	3869.4
271.732	3869.4
271.767	3869.4
271.802	3869.4
271.832	3869.4
271.862	3869.4
271.897	3869.4
271.932	3869.4
271.967	3869.4
272.002	3869.4
272.032	3869.4
272.067	3869.4
272.102	3869.4
272.132	3869.4
272.167	3869.4
272.202	3869.4
272.232	3869.4
272.267	3869.4
272.302	3869.4
272.332	3869.4
272.367	3869.4
272.402	3869.4
272.432	3869.4
272.467	3869.4
272.502	4179.95
272.532	4179.95
272.567	4179.95
272.602	4179.95
272.632	4179.95
272.667	4179.95
272.702	4179.95
272.727	4179.95
272.767	4179.95
272.802	4179.95
272.832	4179.95
272.867	4179.95
272.892	4179.95
272.932	4179.95
272.967	4179.95
272.992	4179.95
273.017	4179.95
273.042	4179.95
273.067	4179.95
273.092	4179.95
273.117	4179.95
273.142	4179.95
273.167	4179.95
273.202	4179.95
273.232	4179.95
273.267	4179.95
273.297	4179.95
273.322	4179.95
273.367	4179.95
273.392	4179.95
273.417	4179.95
273.442	4179.95
273.467	4179.95
273.502	3869.72
273.527	3869.72
273.567	3869.72
273.602	3869.72
273.632	3869.72
273.667	3869.72
273.692	3869.72
273.732	3869.72
273.767	3869.72
273.797	3869.72
273.832	3869.72
273.867	3869.72
273.902	3869.72
273.932	3869.72
273.967	3869.72
274.002	3869.72
274.032	3869.72
274.062	3869.72
274.102	3869.72
274.132	3869.72
274.167	3869.72
274.202	3869.72
274.232	3869.72
274.267	3869.72
274.302	3869.72
274.332	3869.72
274.367	3869.72
274.402	3869.72
274.432	3869.72
274.457	3869.72
274.502	3869.72
274.532	3869.72
274.557	3869.72
274.602	3869.72
274.632	3869.72
274.667	3869.72
274.702	3869.72
274.732	3869.72
274.767	3869.72
274.802	3869.72
274.832	3869.72
274.867	3869.72
274.902	3869.72
274.932	3869.72
274.967	3869.72
275.002	3869.72
275.032	3869.72
275.067	3869.72
275.102	3869.72
275.132	3869.72
275.167	3869.72
275.202	3869.72
275.232	3869.72
275.267	3869.72
275.302	3869.72
275.332	3869.72
275.367	3869.72
275.402	3869.72
275.432	3869.72
275.467	3869.72
275.502	3869.72
275.532	3869.72
275.567	3869.72
275.602	4180.3
275.632	4180.3
275.667	4180.3
275.702	4180.3
275.732	4180.3
275.767	4180.3
275.802	4180.3
275.832	4180.3
275.867	4180.3
275.902	4180.3
275.932	4180.3
275.967	4180.3
275.992	4180.3
276.017	4180.3
276.042	4180.3
276.067	4180.3
276.102	4180.3
276.132	4180.3
276.167	4180.3
276.202	4180.3
276.232	4180.3
276.267	4180.3
276.297	4180.3
276.322	4180.3
276.367	4180.3
276.402	4180.3
276.432	4180.3
276.467	4180.3
276.502	4180.3
276.532	4180.3
276.567	4180.3
276.597	3902.7
276.622	3902.7
276.657	3902.7
276.702	3902.7
276.732	3902.7
276.767	3902.7
276.802	3902.7
276.832	3902.7
276.867	3902.7
276.902	3902.7
276.932	3902.7
276.967	3902.7
276.992	3902.7
277.032	3902.7
277.067	3902.7
277.102	3902.7
277.132	3902.7
277.167	3902.7
277.202	3902.7
277.232	3902.7
277.267	3902.7
277.292	3902.7
277.327	3902.7
277.367	3902.7
277.402	3902.7
277.432	3902.7
277.467	3902.7
277.502	3902.7
277.532	3902.7
277.567	3902.7
277.602	3902.7
277.632	3902.7
277.667	3902.7
277.702	3902.7
277.732	3902.7
277.767	3902.7
277.802	3902.7
277.832	3902.7
277.867	3902.7
277.902	3902.7
277.932	3902.7
277.967	3902.7
278.002	3902.7
278.032	3902.7
278.067	3902.7
278.102	3902.7
278.132	3902.7
278.167	3902.7
278.202	3902.7
278.227	3902.7
278.267	3902.7
278.302	3902.7
278.332	3902.7
278.367	3902.7
278.402	3902.7
278.432	3902.7
278.467	3902.7
278.502	3902.7
278.532	3902.7
278.567	3902.7
278.602	3902.7
278.632	3902.7
278.667	3902.7
278.702	4215.92
278.732	4215.92
278.767	4215.92
278.802	4215.92
278.832	4215.92
278.867	4215.92
278.902	4215.92
278.932	4215.92
278.967	4215.92
278.992	4215.92
279.022	4215.92
279.047	4215.92
279.072	4215.92
279.102	4215.92
279.132	4215.92
279.162	4215.92
279.187	4215.92
279.212	4215.92
279.237	4215.92
279.262	4215.92
279.287	4215.92
279.312	4215.92
279.337	4215.92
279.367	4215.92
279.402	4215.92
279.432	4215.92
279.467	4215.92
279.502	4215.92
279.532	4215.92
279.567	4215.92
279.602	4215.92
279.632	4215.92
279.667	4215.92
279.702	3853.61
279.732	3853.61
279.767	3853.61
279.802	3853.61
279.832	3853.61
279.867	3853.61
279.902	3853.61
279.932	3853.61
279.967	3853.61
280.002	3853.61
280.032	3853.61
280.067	3853.61
280.102	3853.61
280.132	3853.61
280.162	3853.61
280.202	3853.61
280.232	3853.61
280.262	3853.61
280.302	3853.61
280.332	3853.61
280.367	3853.61
280.402	3853.61
280.432	3853.61
280.467	3853.61
280.502	3853.61
280.532	3853.61
280.567	3853.61
280.602	3853.61
280.632	3853.61
280.667	3853.61
280.702	3853.61
280.732	3853.61
280.767	3853.61
280.802	3853.61
280.832	3853.61
280.867	3853.61
280.902	3853.61
280.932	3853.61
280.967	3853.61
281.002	3853.61
281.032	3853.61
281.067	3853.61
281.097	3853.61
281.132	3853.61
281.167	3853.61
281.202	3853.61
281.232	3853.61
281.267	3853.61
281.302	3853.61
281.332	3853.61
281.367	3853.61
281.402	3853.61
281.432	3853.61
281.467	3853.61
281.502	3853.61
281.532	3853.61
281.567	3853.61
281.602	3853.61
281.632	3853.61
281.667	3853.61
281.702	3853.61
281.732	3853.61
281.767	3853.61
281.802	4162.9
281.832	4162.9
281.867	4162.9
281.902	4162.9
281.932	4162.9
281.967	4162.9
282.002	4162.9
282.032	4162.9
282.067	4162.9
282.092	4162.9
282.117	4162.9
282.142	4162.9
282.167	4162.9
282.202	4162.9
282.232	4162.9
282.267	4162.9
282.302	4162.9
282.332	4162.9
282.367	4162.9
282.402	4162.9
282.432	4162.9
282.462	4162.9
282.502	4162.9
282.532	4162.9
282.567	4162.9
282.592	4162.9
282.617	4162.9
282.642	4162.9
282.667	4162.9
282.692	4162.9
282.717	4162.9
282.742	4162.9
282.767	4162.9
282.802	3943.37
282.832	3943.37
282.862	3943.37
282.897	3943.37
282.922	3943.37
282.967	3943.37
283.002	3943.37
283.032	3943.37
283.067	3943.37
283.102	3943.37
283.132	3943.37
283.167	3943.37
283.202	3943.37
283.232	3943.37
283.257	3943.37
283.302	3943.37
283.332	3943.37
283.367	3943.37
283.402	3943.37
283.432	3943.37
283.462	3943.37
283.502	3943.37
283.532	3943.37
283.562	3943.37
283.602	3943.37
283.632	3943.37
283.667	3943.37
283.702	3943.37
283.732	3943.37
283.767	3943.37
283.802	3943.37
283.832	3943.37
283.867	3943.37
283.902	3943.37
283.932	3943.37
283.967	3943.37
284.002	3943.37
284.027	3943.37
284.067	3943.37
284.102	3943.37
284.132	3943.37
284.167	3943.37
284.202	3943.37
284.232	3943.37
284.267	3943.37
284.302	3943.37
284.332	3943.37
284.367	3943.37
284.402	3943.37
284.432	3943.37
284.467	3943.37
284.502	3943.37
284.532	3943.37
284.567	3943.37
284.602	3943.37
284.632	3943.37
284.667	3943.37
284.702	3943.37
284.732	3943.37
284.767	3943.37
284.792	3943.37
284.832	3943.37
284.867	3943.37
284.902	4259.84
284.932	4259.84
284.967	4259.84
285.002	4259.84
285.032	4259.84
285.067	4259.84
285.092	4259.84
285.117	4259.84
285.142	4259.84
285.167	4259.84
285.192	4259.84
285.217	4259.84
285.242	4259.84
285.267	4259.84
285.302	4259.84
285.332	4259.84
285.367	4259.84
285.402	4259.84
285.432	4259.84
285.467	4259.84
285.502	4259.84
285.532	4259.84
285.567	4259.84
285.602	4259.84
285.632	4259.84
285.667	4259.84
285.702	4259.84
285.732	4259.84
285.767	4259.84
285.792	4259.84
285.817	4259.84
285.842	4259.84
285.867	4259.84
285.902	4509.22
285.932	4183.36
285.967	4183.36
286.002	4183.36
286.032	4183.36
286.067	4183.36
286.102	4183.36
286.132	4183.36
286.167	4183.36
286.202	4183.36
286.232	4183.36
286.267	4183.36
286.302	4183.36
286.332	4183.36
286.367	4183.36
286.402	4183.36
286.432	4183.36
286.467	4183.36
286.502	4183.36
286.532	4183.36
286.567	4183.36
286.602	4183.36
286.632	4183.36
286.667	4183.36
286.702	4183.36
286.732	4183.36
286.767	4183.36
286.802	4183.36
286.832	4183.36
286.867	4183.36
286.902	4183.36
286.932	4183.36
286.957	4183.36
286.992	4509.22
287.017	4509.22
287.042	4509.22
287.067	4509.22
287.092	4509.22
287.117	4509.22
287.142	4509.22
287.167	4509.22
287.202	4509.22
287.232	4509.22
287.262	4509.22
287.287	4509.22
287.312	4509.22
287.337	4509.22
287.367	4509.22
287.397	4509.22
287.422	4509.22
287.447	4509.22
287.472	4509.22
287.497	4509.22
287.522	4509.22
287.552	4509.22
287.592	4509.22
287.617	4509.22
287.667	4509.22
287.702	4509.22
287.732	4509.22
287.767	4509.22
287.792	4509.22
287.817	4509.22
287.867	4509.22
287.892	4509.22
287.922	4509.22
287.957	4509.22
287.997	3795.84
288.032	3795.84
288.067	3795.84
288.097	3795.84
288.132	3795.84
288.167	3795.84
288.202	3795.84
288.232	3795.84
288.267	3795.84
288.302	3795.84
288.332	3795.84
288.367	3795.84
288.402	3795.84
288.432	3795.84
288.467	3795.84
288.502	3795.84
288.532	3795.84
288.567	3795.84
288.602	3795.84
288.632	3795.84
288.667	3795.84
288.702	3795.84
288.732	3795.84
288.767	3795.84
288.802	3795.84
288.832	3795.84
288.867	3795.84
288.892	3795.84
288.932	3795.84
288.967	3795.84
288.992	3795.84
289.032	3795.84
289.067	3795.84
289.102	3795.84
289.127	3795.84
289.167	3795.84
289.197	3795.84
289.232	3795.84
289.267	3795.84
289.302	3795.84
289.332	3795.84
289.367	3795.84
289.402	3795.84
289.427	3795.84
289.462	3795.84
289.502	3795.84
289.532	3795.84
289.557	3795.84
289.582	3795.84
289.607	3795.84
289.632	3795.84
289.667	3795.84
289.702	3795.84
289.732	3795.84
289.767	3795.84
289.802	3795.84
289.827	3795.84
289.867	3795.84
289.902	3795.84
289.932	3795.84
289.967	3795.84
290.002	3795.84
290.032	3795.84
290.067	3795.84
290.102	3795.84
290.132	3795.84
290.167	3795.84
290.202	3795.84
290.232	3795.84
290.267	3795.84
290.302	3795.84
290.332	3795.84
290.367	3795.84
290.402	3795.84
290.432	3795.84
290.467	3795.84
290.502	3795.84
290.532	3795.84
290.567	3795.84
290.602	3795.84
290.627	3795.84
290.667	3795.84
290.702	3795.84
290.732	3795.84
290.767	3795.84
290.802	3795.84
290.832	3795.84
290.867	3795.84
290.902	3795.84
290.932	3795.84
290.967	3795.84
291.002	3795.84
291.032	3795.84
291.067	3795.84
291.102	3795.84
291.132	4100.51
291.167	4100.51
291.202	4100.51
291.232	4100.51
291.267	4100.51
291.302	4100.51
291.332	4100.51
291.367	4100.51
291.402	4100.51
291.432	4100.51
291.457	4100.51
291.487	4100.51
291.512	4100.51
291.537	4100.51
291.567	4100.51
291.592	4100.51
291.617	4100.51
291.642	4100.51
291.667	4100.51
291.702	4100.51
291.732	4100.51
291.762	4100.51
291.787	4100.51
291.812	4100.51
291.837	4100.51
291.867	4100.51
291.892	4100.51
291.917	4100.51
291.942	4100.51
291.967	4100.51
291.992	4100.51
292.017	4100.51
292.042	4100.51
292.067	4100.51
292.102	4100.51
292.132	4429.55
292.167	4429.55
292.202	4429.55
292.232	4429.55
292.267	4429.55
292.302	4429.55
292.332	4429.55
292.367	4429.55
292.392	4429.55
292.417	4429.55
292.442	4429.55
292.467	4429.55
292.502	4429.55
292.532	4429.55
292.567	4429.55
292.602	4429.55
292.627	4429.55
292.667	4429.55
292.697	4429.55
292.732	4429.55
292.767	4429.55
292.802	4429.55
292.832	4429.55
292.867	4429.55
292.897	4429.55
292.932	4429.55
292.967	4429.55
293.002	4429.55
293.032	4429.55
293.067	4429.55
293.102	4429.55
293.132	4429.55
293.167	4429.55
293.202	4170.01
293.232	4170.01
293.267	4170.01
293.302	4170.01
293.332	4170.01
293.367	4170.01
293.402	4170.01
293.432	4170.01
293.467	4170.01
293.502	4170.01
293.532	4170.01
293.567	4170.01
293.602	4170.01
293.632	4170.01
293.667	4170.01
293.702	4170.01
293.732	4170.01
293.767	4170.01
293.802	4170.01
293.832	4170.01
293.867	4170.01
293.902	4170.01
293.932	4170.01
293.967	4170.01
294.002	4170.01
294.032	4170.01
294.067	4170.01
294.102	4170.01
294.132	4170.01
294.167	4170.01
294.202	4170.01
294.232	4170.01
294.267	4170.01
294.302	4170.01
294.332	4170.01
294.367	4170.01
294.402	4170.01
294.432	4170.01
294.467	4170.01
294.502	4170.01
294.532	4170.01
294.567	4170.01
294.592	4170.01
294.617	4170.01
294.642	4170.01
294.667	4170.01
294.692	4170.01
294.717	4170.01
294.742	4170.01
294.767	4170.01
294.797	4170.01
294.832	4170.01
294.867	4170.01
294.902	4170.01
294.927	4170.01
294.967	4170.01
295.002	4170.01
295.032	4170.01
295.067	4170.01
295.102	4170.01
295.132	4170.01
295.167	4170.01
295.202	4170.01
295.232	4170.01
295.267	4170.01
295.302	3803.5
295.332	3803.5
295.367	3803.5
295.402	3803.5
295.432	3803.5
295.467	3803.5
295.502	3803.5
295.532	3803.5
295.567	3803.5
295.602	3803.5
295.632	3803.5
295.667	3803.5
295.702	3803.5
295.732	3803.5
295.767	3803.5
295.802	3803.5
295.832	3803.5
295.867	3803.5
295.902	3803.5
295.932	3803.5
295.967	3803.5
296.002	3803.5
296.027	3803.5
296.067	3803.5
296.102	3803.5
296.127	3803.5
296.157	3803.5
296.202	3803.5
296.232	3803.5
296.267	3803.5
296.302	3803.5
296.332	3803.5
296.367	3803.5
296.402	3803.5
296.432	3803.5
296.467	3803.5
296.502	3803.5
296.532	3803.5
296.567	3803.5
296.602	3803.5
296.632	3803.5
296.667	3803.5
296.702	3803.5
296.732	3803.5
296.757	3803.5
296.802	3803.5
296.832	3803.5
296.867	3803.5
296.902	3803.5
296.932	3803.5
296.967	3803.5
297.002	3803.5
297.032	3803.5
297.067	3803.5
297.102	3803.5
297.132	3803.5
297.167	3803.5
297.202	3803.5
297.232	3803.5
297.267	3803.5
297.302	3803.5
297.332	4108.78
297.367	4108.78
297.402	4108.78
297.432	4108.78
297.467	4108.78
297.502	4108.78
297.532	4108.78
297.567	4108.78
297.602	4108.78
297.632	4108.78
297.667	4108.78
297.702	4108.78
297.732	4108.78
297.767	4108.78
297.802	4108.78
297.832	4108.78
297.867	4108.78
297.902	4108.78
297.932	4108.78
297.967	4108.78
297.992	4108.78
298.022	4108.78
298.067	4108.78
298.097	4108.78
298.132	4108.78
298.167	4108.78
298.202	4108.78
298.232	4108.78
298.262	4108.78
298.302	4108.78
298.332	4438.49
298.367	4438.49
298.402	4438.49
298.432	4438.49
298.467	4438.49
298.492	4438.49
298.517	4438.49
298.542	4438.49
298.567	4438.49
298.602	4438.49
298.632	4438.49
298.667	4438.49
298.692	4438.49
298.717	4438.49
298.742	4438.49
298.767	4438.49
298.797	4438.49
298.822	4438.49
298.867	4438.49
298.897	4438.49
298.932	4438.49
298.967	4438.49
299.002	4438.49
299.032	4438.49
299.057	4438.49
299.102	4438.49
299.132	4438.49
299.162	4438.49
299.202	4438.49
299.232	4438.49
299.262	4438.49
299.302	4438.49
299.327	4438.49
299.352	4438.49
299.377	4438.49
299.402	4438.49
299.432	4048.39
299.467	4048.39
299.502	4048.39
299.532	4048.39
299.567	4048.39
299.602	4048.39
299.632	4048.39
299.667	4048.39
299.702	4048.39
299.727	4048.39
299.767	4048.39
299.802	4048.39
299.832	4048.39
299.867	4048.39
299.902	4048.39
299.932	4048.39
299.967	4048.39
300.002	4048.39
300.032	4048.39
300.067	4048.39
300.102	4048.39
300.132	4048.39
300.167	4048.39
300.202	4048.39
300.232	4048.39
300.267	4048.39
300.302	4048.39
300.332	4048.39
300.367	4048.39
300.402	4048.39
300.432	4048.39
300.467	4048.39
300.502	4373.26
300.532	4373.26
300.567	4373.26
300.602	4373.26
300.632	4373.26
300.667	4373.26
300.697	4373.26
300.722	4373.26
300.767	4373.26
300.802	4373.26
300.832	4373.26
300.867	4373.26
300.902	4373.26
300.932	4373.26
300.967	4373.26
301.002	4373.26
301.027	4373.26
301.067	4373.26
301.097	4373.26
301.122	4373.26
301.167	4373.26
301.202	4373.26
301.227	4373.26
301.267	4373.26
301.302	4373.26
301.327	4373.26
301.367	4373.26
301.402	4373.26
301.432	4373.26
301.467	4373.26
301.502	3826.6
301.532	3826.6
301.567	3826.6
301.602	3826.6
301.632	3826.6
301.667	3826.6
301.702	3826.6
301.732	3826.6
301.767	3826.6
301.802	3826.6
301.832	3826.6
301.867	3826.6
301.897	3826.6
301.932	3826.6
301.967	3826.6
302.002	3826.6
302.032	3826.6
302.067	3826.6
302.102	3826.6
302.132	3826.6
302.167	3826.6
302.202	3826.6
302.232	3826.6
302.267	3826.6
302.302	3826.6
302.332	3826.6
302.367	3826.6
302.402	3826.6
302.432	3826.6
302.467	3826.6
302.502	3826.6
302.532	3826.6
302.567	3826.6
302.602	3826.6
302.632	3826.6
302.667	3826.6
302.702	3826.6
302.732	3826.6
302.767	3826.6
302.802	3826.6
302.832	3826.6
302.867	3826.6
302.902	3826.6
302.932	3826.6
302.967	3826.6
303.002	3826.6
303.032	3826.6
303.067	3826.6
303.102	3826.6
303.132	3826.6
303.167	3826.6
303.202	3826.6
303.232	3826.6
303.267	3826.6
303.302	3826.6
303.332	3826.6
303.367	3826.6
303.402	3826.6
303.432	3826.6
303.467	3826.6
303.502	3826.6
303.532	3826.6
303.567	3826.6
303.602	4133.73
303.632	4133.73
303.667	4133.73
303.702	4133.73
303.732	4133.73
303.767	4133.73
303.802	4133.73
303.832	4133.73
303.867	4133.73
303.902	4133.73
303.932	4133.73
303.962	4133.73
303.987	4133.73
304.012	4133.73
304.037	4133.73
304.067	4133.73
304.092	4133.73
304.122	4133.73
304.167	4133.73
304.197	4133.73
304.222	4133.73
304.267	4133.73
304.302	4133.73
304.332	4133.73
304.367	4133.73
304.402	4133.73
304.432	4133.73
304.467	4133.73
304.502	4133.73
304.532	4133.73
304.567	4133.73
304.602	4465.42
304.632	4072.96
304.667	4072.96
304.702	4072.96
304.732	4072.96
304.767	4072.96
304.802	4072.96
304.832	4072.96
304.867	4072.96
304.902	4072.96
304.932	4072.96
304.967	4072.96
305.002	4072.96
305.032	4072.96
305.067	4072.96
305.102	4072.96
305.132	4072.96
305.167	4072.96
305.202	4072.96
305.232	4072.96
305.267	4072.96
305.302	4072.96
305.332	4072.96
305.367	4072.96
305.402	4072.96
305.432	4072.96
305.467	4072.96
305.502	4072.96
305.532	4072.96
305.567	4072.96
305.602	4072.96
305.632	4072.96
305.667	4072.96
305.702	4072.96
305.732	4072.96
305.767	4072.96
305.802	4072.96
305.832	4072.96
305.867	4072.96
305.902	4072.96
305.932	4072.96
305.967	4072.96
306.002	4072.96
306.027	4072.96
306.067	4072.96
306.102	4072.96
306.132	4072.96
306.167	4072.96
306.202	4072.96
306.232	4072.96
306.267	4072.96
306.302	4072.96
306.332	4072.96
306.367	4072.96
306.392	4072.96
306.422	4072.96
306.467	4072.96
306.492	4072.96
306.522	4072.96
306.567	4072.96
306.602	4072.96
306.632	4072.96
306.667	4072.96
306.702	4072.96
306.732	3866.13
306.767	3866.13
306.802	3866.13
306.832	3866.13
306.867	3866.13
306.902	3866.13
306.932	3866.13
306.967	3866.13
307.002	3866.13
307.032	3866.13
307.067	3866.13
307.102	3866.13
307.132	3866.13
307.167	3866.13
307.202	3866.13
307.232	3866.13
307.267	3866.13
307.302	3866.13
307.332	3866.13
307.367	3866.13
307.402	3866.13
307.432	3866.13
307.467	3866.13
307.502	3866.13
307.532	3866.13
307.567	3866.13
307.602	3866.13
307.632	3866.13
307.667	3866.13
307.702	3866.13
307.732	3866.13
307.767	3866.13
307.802	4176.42
307.832	4176.42
307.867	4176.42
307.902	4176.42
307.932	4176.42
307.967	4176.42
307.997	4176.42
308.022	4176.42
308.047	4176.42
308.072	4176.42
308.102	4176.42
308.132	4176.42
308.167	4176.42
308.197	4176.42
308.222	4176.42
308.252	4176.42
308.277	4176.42
308.302	4176.42
308.332	4176.42
308.367	4176.42
308.402	4176.42
308.432	4176.42
308.462	4176.42
308.487	4176.42
308.512	4176.42
308.537	4176.42
308.567	4176.42
308.597	4176.42
308.622	4176.42
308.667	4176.42
308.702	4176.42
308.732	4176.42
308.757	4176.42
308.787	4509.22
308.812	4509.22
308.837	4139.32
308.867	4139.32
308.902	4139.32
308.927	4139.32
308.967	4139.32
309.002	4139.32
309.032	4139.32
309.067	4139.32
309.102	4139.32
309.132	4139.32
309.167	4139.32
309.202	4139.32
309.232	4139.32
309.267	4139.32
309.302	4139.32
309.332	4139.32
309.367	4139.32
309.402	4139.32
309.432	4139.32
309.467	4139.32
309.502	4139.32
309.532	4139.32
309.567	4139.32
309.602	4139.32
309.632	4139.32
309.667	4139.32
309.702	4139.32
309.732	4139.32
309.767	4139.32
309.802	4139.32
309.832	4139.32
309.867	4139.32
309.902	4139.32
309.932	4139.32
309.967	4139.32
