0.057	22
0.085	22
0.135	22
0.161	23
0.194	26
0.225	22
0.259	22
0.295	23
0.324	22
0.35	38
0.375	33
0.401	29
0.427	25
0.459	22
0.495	23
0.52	20
0.545	33
0.572	30
0.597	25
0.627	25
0.66	23
0.685	20
0.71	33
0.737	30
0.763	26
0.795	23
0.825	23
0.85	23
0.875	33
0.901	29
0.928	26
0.96	23
0.995	23
1.025	23
1.05	23
1.075	33
1.101	29
1.128	26
1.16	23
1.194	22
1.224	22
1.26	23
1.295	23
1.324	22
1.36	23
1.395	23
1.424	22
1.46	23
1.494	22
1.524	22
1.563	26
1.594	22
1.624	22
1.654	22
1.694	22
1.725	23
1.759	22
1.795	23
1.825	23
1.86	23
1.885	20
1.915	33
1.942	35
1.968	31
1.995	23
2.024	22
2.059	22
2.094	22
2.124	22
2.16	23
2.185	20
2.21	33
2.237	30
2.262	25
2.295	23
2.325	23
2.359	22
2.394	22
2.425	23
2.46	23
2.485	20
2.511	34
2.537	30
2.563	26
2.595	23
2.625	23
2.66	23
2.695	23
2.724	22
2.76	23
2.785	20
2.81	33
2.836	29
2.862	25
2.894	22
2.924	22
2.959	22
2.994	22
3.024	22
3.059	22
3.085	20
3.111	29
3.137	30
3.162	25
3.194	22
3.225	23
3.26	23
3.295	23
3.32	20
3.359	22
3.394	22
3.424	22
3.459	22
3.494	22
3.524	22
3.559	22
3.595	23
3.625	23
3.65	20
3.676	29
3.701	29
3.728	26
3.759	22
3.795	23
3.82	20
3.86	23
3.895	23
3.925	23
3.96	23
3.99	20
4.025	23
4.06	23
4.095	23
4.125	23
4.16	23
4.195	23
4.225	23
4.26	23
4.295	23
4.324	22
4.359	22
4.394	22
4.424	22
4.459	22
4.494	22
4.525	23
4.554	22
4.594	22
4.624	22
4.659	22
4.694	22
4.724	22
4.759	22
4.787	20
4.824	22
4.849	22
4.874	27
4.9	28
4.927	25
4.959	22
4.994	22
5.024	22
5.059	22
5.094	22
5.124	22
5.159	22
5.194	22
5.224	22
5.259	22
5.294	22
5.324	22
5.355	20
5.394	22
5.425	23
5.45	20
5.494	22
5.525	23
5.56	23
5.594	22
5.624	22
5.659	22
5.695	23
5.725	23
5.759	22
5.794	22
5.825	23
5.859	22
5.894	22
5.925	23
5.96	23
5.994	22
6.024	22
6.06	23
6.098	26
6.124	22
6.159	22
6.195	23
6.225	23
6.25	20
6.28	23
6.307	25
6.334	27
6.359	22
6.394	22
6.428	26
6.46	23
6.494	22
6.525	23
6.559	22
6.598	26
6.625	23
6.66	23
6.695	23
6.725	23
6.76	23
6.794	22
6.824	22
6.862	25
6.894	22
6.924	22
6.959	22
6.985	20
7.024	22
7.059	22
7.087	20
7.124	22
7.159	22
7.187	20
7.224	22
7.259	22
7.285	20
7.324	22
7.359	22
7.385	20
7.424	22
7.459	22
7.485	20
7.524	22
7.559	22
7.585	20
7.61	28
7.636	29
7.662	25
7.695	23
7.725	23
7.76	23
7.795	23
7.825	23
7.86	23
7.895	23
7.925	23
7.96	23
7.995	23
8.025	23
8.06	23
8.095	23
8.125	23
8.16	23
8.195	23
8.225	23
8.253	20
8.295	23
8.327	25
8.36	23
8.394	22
8.424	22
8.459	22
8.494	22
8.524	22
8.549	22
8.574	27
8.6	28
8.627	25
8.654	22
8.694	22
8.724	22
8.759	22
8.794	22
8.824	22
8.854	22
8.894	22
8.924	22
8.96	23
8.985	20
9.024	22
9.059	22
9.094	22
9.124	22
9.16	23
9.195	23
9.224	22
9.259	22
9.294	22
9.324	22
9.353	20
9.394	22
9.424	22
9.454	22
9.494	22
9.524	22
9.559	22
9.594	22
9.624	22
9.659	22
9.694	22
9.724	22
9.759	22
9.794	22
9.824	22
9.859	22
9.894	22
9.92	20
9.959	22
9.994	22
10.025	23
10.059	22
10.094	22
10.125	23
10.159	22
10.194	22
10.224	22
10.259	22
10.294	22
10.324	22
10.359	22
10.394	22
10.424	22
10.459	22
10.49	20
10.519	22
10.549	22
10.585	20
10.624	22
10.654	22
10.679	22
10.706	29
10.732	25
10.759	22
10.794	22
10.819	22
10.859	22
10.894	22
10.924	22
10.962	25
10.994	22
11.024	22
11.049	22
11.074	27
11.1	28
11.127	25
11.16	23
11.195	23
11.228	26
11.26	23
11.295	23
11.325	23
11.36	23
11.398	26
11.428	26
11.459	22
11.494	22
11.525	23
11.56	23
11.594	22
11.624	22
11.654	22
11.679	22
11.706	29
11.733	26
11.759	22
11.794	22
11.824	22
11.859	22
11.89	20
11.924	22
11.959	22
11.987	20
12.024	22
12.059	22
12.087	20
12.124	22
12.154	22
12.19	20
12.224	22
12.259	22
12.294	22
12.324	22
12.359	22
12.394	22
12.424	22
12.459	22
12.494	22
12.52	20
12.559	22
12.597	25
12.624	22
12.662	25
12.694	22
12.724	22
12.749	22
12.794	22
12.824	22
12.859	22
12.894	22
12.924	22
12.959	22
12.987	20
13.024	22
13.059	22
13.094	22
13.124	22
13.159	22
13.184	22
13.22	20
13.259	22
13.294	22
13.324	22
13.359	22
13.394	22
13.424	22
13.45	20
13.494	22
13.524	22
13.559	22
13.594	22
13.624	22
13.659	22
13.694	22
13.724	22
13.762	25
13.794	22
13.819	22
13.86	23
13.895	23
13.924	22
13.959	22
13.994	22
14.024	22
14.059	22
14.095	23
14.125	23
14.159	22
14.194	22
14.224	22
14.253	20
14.279	22
14.305	23
14.33	23
14.359	22
14.394	22
14.424	22
14.459	22
14.494	22
14.524	22
14.554	22
14.594	22
14.625	23
14.66	23
14.694	22
14.724	22
14.759	22
14.795	23
14.825	23
14.859	22
14.894	22
14.919	22
14.96	23
14.994	22
15.024	22
15.059	22
15.094	22
15.119	22
15.145	20
15.171	24
15.197	25
15.224	22
15.253	20
15.294	22
15.324	22
15.359	22
15.395	23
15.425	23
15.459	22
15.494	22
15.524	22
15.559	22
15.585	20
15.614	22
15.659	22
15.697	25
15.724	22
15.759	22
15.794	22
15.824	22
15.859	22
15.894	22
15.92	20
15.965	23
15.994	22
16.024	22
16.06	23
16.095	23
16.124	22
16.159	22
16.195	23
16.225	23
16.26	23
16.295	23
16.325	23
16.35	23
16.394	22
16.424	22
16.459	22
16.494	22
16.524	22
16.559	22
16.587	20
16.624	22
16.649	22
16.674	27
16.7	28
16.727	25
16.759	22
16.789	22
16.825	23
16.86	23
16.89	23
16.925	23
16.96	23
16.99	23
17.025	23
17.06	23
17.09	23
17.125	23
17.16	23
17.185	23
17.225	23
17.26	23
17.285	23
17.325	23
17.36	23
17.39	23
17.425	23
17.46	23
17.49	23
17.525	23
17.55	20
17.576	29
17.601	29
17.628	26
17.654	22
17.689	22
17.725	23
17.76	23
17.79	23
17.825	23
17.859	22
17.889	22
17.924	22
17.959	22
17.989	22
18.024	22
18.059	22
18.089	22
18.124	22
18.15	20
18.184	22
18.224	22
18.259	22
18.292	25
18.324	22
18.35	23
18.384	22
18.415	20
18.44	28
18.466	29
18.493	26
18.525	23
18.56	23
18.585	20
18.625	23
18.66	23
18.69	23
18.725	23
18.76	23
18.79	23
18.828	26
18.859	22
18.889	22
18.924	22
18.959	22
18.989	22
19.024	22
19.059	22
19.089	22
19.12	20
19.145	23
19.171	29
19.198	26
19.224	22
19.26	23
19.29	23
19.327	25
19.359	22
19.386	20
19.424	22
19.459	22
19.489	22
19.524	22
19.559	22
19.589	22
19.624	22
19.655	20
19.689	22
19.724	22
19.759	22
19.789	22
19.828	26
19.86	23
19.889	22
19.924	22
19.959	22
19.989	22
20.015	20
20.044	22
20.07	28
20.095	28
20.124	22
20.159	22
20.189	22
20.224	22
20.259	22
20.292	25
20.324	22
20.36	23
20.39	23
20.424	22
20.459	22
20.485	20
20.524	22
20.563	26
20.59	23
20.625	23
20.66	23
20.69	23
20.724	22
20.76	23
20.79	23
20.825	23
20.86	23
20.89	23
20.924	22
20.959	22
20.989	22
21.024	22
21.059	22
21.09	23
21.124	22
21.159	22
21.189	22
21.224	22
21.259	22
21.29	23
21.325	23
21.36	23
21.39	23
21.415	23
21.46	23
21.49	23
21.525	23
21.56	23
21.585	23
21.615	23
21.66	23
21.69	23
21.724	22
21.759	22
21.789	22
21.824	22
21.859	22
21.889	22
21.924	22
21.959	22
21.992	25
22.024	22
22.059	22
22.089	22
22.114	22
22.159	22
22.189	22
22.227	25
22.259	22
22.285	20
22.324	22
22.359	22
22.389	22
22.427	25
22.459	22
22.489	22
22.524	22
22.56	23
22.59	23
22.625	23
22.66	23
22.689	22
22.715	20
22.759	22
22.784	22
22.825	23
22.859	22
22.889	22
22.924	22
22.959	22
22.989	22
23.024	22
23.06	23
23.09	23
23.124	22
23.159	22
23.184	22
23.224	22
23.259	22
23.289	22
23.324	22
23.359	22
23.39	23
23.425	23
23.46	23
23.49	23
23.525	23
23.55	23
23.575	28
23.602	30
23.628	26
23.66	23
23.69	23
23.715	20
23.74	28
23.766	29
23.793	26
23.825	23
23.859	22
23.89	23
23.925	23
23.959	22
23.985	20
24.025	23
24.059	22
24.089	22
24.125	23
24.159	22
24.189	22
24.224	22
24.253	20
24.289	22
24.327	25
24.359	22
24.39	23
24.425	23
24.46	23
24.489	22
24.525	23
24.559	22
24.589	22
24.615	20
24.64	28
24.669	27
24.696	29
24.725	23
24.755	23
24.79	23
24.825	23
24.86	23
24.885	20
24.924	22
24.959	22
24.989	22
25.024	22
25.059	22
25.089	22
25.124	22
25.155	20
25.189	22
25.224	22
25.249	22
25.292	25
25.327	25
25.359	22
25.389	22
25.425	23
25.46	23
25.49	23
25.515	20
25.56	23
25.59	23
25.625	23
25.65	23
25.69	23
25.725	23
25.759	22
25.792	25
25.825	23
25.86	23
25.89	23
25.925	23
25.959	22
25.989	22
26.025	23
26.06	23
26.09	23
26.125	23
26.16	23
26.19	23
26.224	22
26.259	22
26.289	22
26.325	23
26.36	23
26.389	22
26.415	23
26.459	22
26.489	22
26.524	22
26.56	23
26.589	22
26.624	22
26.659	22
26.689	22
26.725	23
26.76	23
26.79	23
26.825	23
26.86	23
26.89	23
26.92	23
26.959	22
26.989	22
27.025	23
27.06	23
27.09	23
27.125	23
27.16	23
27.19	23
27.225	23
27.26	23
27.29	23
27.325	23
27.359	22
27.389	22
27.425	23
27.46	23
27.489	22
27.515	23
27.559	22
27.589	22
27.615	20
27.659	22
27.689	22
27.72	20
27.759	22
27.789	22
27.824	22
27.859	22
27.89	23
27.924	22
27.959	22
27.989	22
28.024	22
28.05	20
28.089	22
28.124	22
28.159	22
28.189	22
28.219	22
28.26	23
28.29	23
28.324	22
28.359	22
28.386	20
28.427	25
28.459	22
28.489	22
28.524	22
28.559	22
28.589	22
28.615	20
28.659	22
28.689	22
28.724	22
28.759	22
28.789	22
28.824	22
28.859	22
28.889	22
28.924	22
28.959	22
28.989	22
29.024	22
29.059	22
29.089	22
29.124	22
29.159	22
29.189	22
29.224	22
29.259	22
29.289	22
29.325	23
29.36	23
29.39	23
29.42	20
29.46	23
29.49	23
29.525	23
29.559	22
29.589	22
29.624	22
29.65	20
29.689	22
29.724	22
29.759	22
29.789	22
29.824	22
29.859	22
29.89	23
29.925	23
29.963	26
29.99	23
30.025	23
30.06	23
30.09	23
30.125	23
30.16	23
30.189	22
30.224	22
30.26	23
30.29	23
30.324	22
30.359	22
30.389	22
30.425	23
30.46	23
30.489	22
30.515	20
30.54	28
30.566	29
30.592	25
30.624	22
30.659	22
30.689	22
30.715	20
30.759	22
30.789	22
30.815	23
30.859	22
30.889	22
30.915	20
30.959	22
30.989	22
31.015	20
31.059	22
31.089	22
31.125	23
31.159	22
31.189	22
31.224	22
31.26	23
31.29	23
31.324	22
31.36	23
31.39	23
31.424	22
31.459	22
31.486	20
31.525	23
31.56	23
31.59	23
31.625	23
31.66	23
31.689	22
31.725	23
31.76	23
31.789	22
31.824	22
31.85	20
31.889	22
31.924	22
31.959	22
31.989	22
32.024	22
32.059	22
32.089	22
32.12	20
32.16	23
32.19	23
32.215	20
32.259	22
32.289	22
32.325	23
32.36	23
32.39	23
32.425	23
32.46	23
32.49	23
32.525	23
32.56	23
32.59	23
32.624	22
32.659	22
32.689	22
32.724	22
32.759	22
32.789	22
32.824	22
32.859	22
32.889	22
32.924	22
32.959	22
32.989	22
33.015	20
33.059	22
33.089	22
33.12	20
33.159	22
33.189	22
33.224	22
33.259	22
33.289	22
33.324	22
33.359	22
33.389	22
33.425	23
33.46	23
33.489	22
33.524	22
33.56	23
33.59	23
33.625	23
33.66	23
33.69	23
33.724	22
33.759	22
33.79	23
33.824	22
33.859	22
33.889	22
33.924	22
33.96	23
33.989	22
34.02	23
34.059	22
34.089	22
34.124	22
34.159	22
34.189	22
34.224	22
34.259	22
34.289	22
34.319	22
34.359	22
34.39	23
34.425	23
34.46	23
34.49	23
34.525	23
34.559	22
34.589	22
34.625	23
34.663	26
34.69	23
34.724	22
34.759	22
34.79	23
34.819	22
34.86	23
34.89	23
34.925	23
34.96	23
34.99	23
35.024	22
35.059	22
35.084	22
35.114	22
35.159	22
35.189	22
35.227	25
35.259	22
35.289	22
35.325	23
35.36	23
35.39	23
35.415	23
35.459	22
35.49	23
35.525	23
35.56	23
35.59	23
35.624	22
35.659	22
35.689	22
35.725	23
35.76	23
35.79	23
35.825	23
35.86	23
35.889	22
35.925	23
35.96	23
35.99	23
36.02	23
36.06	23
36.092	25
36.124	22
36.159	22
36.19	23
36.225	23
36.26	23
36.29	23
36.325	23
36.36	23
36.389	22
36.424	22
36.459	22
36.489	22
36.524	22
36.559	22
36.59	23
36.619	22
36.66	23
36.69	23
36.725	23
36.763	26
36.79	23
36.824	22
36.86	23
36.89	23
36.915	23
36.941	29
36.966	29
36.993	26
37.025	23
37.059	22
37.089	22
37.125	23
37.159	22
37.189	22
37.225	23
37.26	23
37.285	20
37.325	23
37.36	23
37.39	23
37.425	23
37.46	23
37.49	23
37.524	22
37.55	20
37.576	29
37.601	29
37.627	25
37.659	22
37.689	22
37.72	20
37.759	22
37.79	23
37.825	23
37.86	23
37.885	23
37.925	23
37.96	23
37.989	22
38.015	23
38.042	30
38.068	26
38.095	28
38.124	22
38.159	22
38.184	22
38.219	22
38.259	22
38.284	22
38.309	27
38.334	27
38.359	22
38.385	20
38.424	22
38.459	22
38.49	23
38.524	22
38.56	23
38.59	23
38.625	23
38.655	23
38.69	23
38.725	23
38.76	23
38.785	20
38.824	22
38.859	22
38.889	22
38.924	22
38.962	25
38.989	22
39.024	22
39.059	22
39.089	22
39.124	22
39.16	23
39.185	20
39.225	23
39.26	23
39.293	26
39.325	23
39.36	23
39.39	23
39.425	23
39.459	22
39.489	22
39.519	22
39.559	22
39.585	20
39.625	23
39.659	22
39.689	22
39.725	23
39.76	23
39.789	22
39.824	22
39.859	22
39.889	22
39.925	23
39.959	22
39.986	20
40.024	22
40.059	22
40.084	22
40.124	22
40.153	20
40.178	31
40.204	32
40.231	29
40.26	23
40.29	23
40.315	20
40.34	33
40.365	28
40.392	25
40.424	22
40.46	23
40.49	23
40.524	22
40.553	20
40.58	33
40.606	34
40.631	29
40.659	22
40.689	22
40.719	22
40.745	33
40.772	30
40.798	31
40.825	23
40.855	20
40.88	33
40.907	35
40.933	31
40.96	23
40.99	23
41.025	23
41.055	23
41.08	20
41.106	34
41.133	31
41.159	22
41.189	22
41.219	22
41.245	33
41.271	29
41.298	31
41.324	22
41.359	22
41.389	22
41.424	22
41.459	22
41.49	23
41.525	23
41.56	23
41.59	23
41.625	23
41.66	23
41.689	22
41.725	23
41.76	23
41.789	22
41.825	23
41.85	20
41.875	33
41.902	30
41.927	25
41.959	22
41.989	22
42.024	22
42.059	22
42.089	22
42.124	22
42.15	20
42.177	30
42.204	32
42.23	28
42.259	22
42.289	22
42.325	23
42.354	22
42.38	23
42.407	30
42.433	26
42.46	23
42.489	22
42.525	23
42.56	23
42.585	23
42.624	22
42.659	22
42.684	22
42.724	22
42.75	20
42.777	30
42.804	32
42.83	28
42.86	23
42.89	23
42.925	23
42.96	23
42.99	23
43.025	23
43.06	23
43.09	23
43.125	23
43.16	23
43.19	23
43.22	20
43.247	25
43.272	30
43.299	27
43.325	23
43.36	23
43.39	23
43.415	23
43.44	28
43.466	29
43.493	26
43.524	22
43.559	22
43.59	23
43.619	22
43.659	22
43.689	22
43.719	22
43.759	22
43.785	20
43.825	23
43.859	22
43.889	22
43.925	23
43.96	23
43.99	23
44.025	23
44.06	23
44.09	23
44.12	20
44.155	23
44.189	22
44.225	23
44.26	23
44.29	23
44.315	23
44.34	28
44.366	29
44.392	25
44.424	22
44.459	22
44.489	22
44.525	23
44.56	23
44.59	23
44.625	23
44.659	22
44.689	22
44.715	20
44.742	30
44.768	26
44.795	28
44.825	23
44.859	22
44.885	20
44.919	22
44.946	24
44.971	29
44.998	26
45.025	23
45.05	20
45.075	33
45.102	30
45.128	26
45.159	22
45.189	22
45.224	22
45.259	22
45.289	22
45.325	23
45.36	23
45.389	22
45.425	23
45.45	20
45.475	33
45.502	30
45.528	26
45.56	23
45.585	23
45.61	20
45.637	30
45.662	25
45.69	23
45.725	23
45.76	23
45.79	23
45.825	23
45.85	20
45.875	33
45.901	29
45.927	25
45.959	22
45.989	22
46.024	22
46.049	22
46.076	29
46.101	29
46.127	25
46.159	22
46.19	23
46.224	22
46.25	20
46.277	30
46.304	32
46.33	28
46.359	22
46.39	23
46.425	23
46.455	23
46.49	23
46.525	23
46.56	23
46.59	23
46.615	23
46.641	34
46.666	29
46.693	26
46.72	23
46.759	22
46.79	23
46.824	22
46.859	22
46.886	20
46.924	22
46.959	22
46.989	22
47.024	22
47.059	22
47.089	22
47.124	22
47.159	22
47.189	22
47.224	22
47.26	23
47.285	20
47.324	22
47.359	22
47.384	22
47.424	22
47.459	22
47.489	22
47.525	23
47.559	22
47.59	23
47.624	22
47.659	22
47.685	20
47.724	22
47.759	22
47.79	23
47.825	23
47.86	23
47.89	23
47.924	22
47.959	22
47.99	23
48.025	23
48.06	23
48.09	23
48.125	23
48.16	23
48.189	22
48.225	23
48.26	23
48.29	23
48.325	23
48.35	20
48.376	29
48.402	30
48.427	25
48.459	22
48.49	23
48.524	22
48.559	22
48.59	23
48.615	20
48.641	29
48.668	26
48.693	26
48.725	23
48.76	23
48.79	23
48.825	23
48.86	23
48.885	20
48.924	22
48.959	22
48.989	22
49.024	22
49.059	22
49.089	22
49.124	22
49.153	20
49.189	22
49.224	22
49.259	22
49.289	22
49.324	22
49.36	23
49.39	23
49.425	23
49.459	22
49.489	22
49.525	23
49.56	23
49.589	22
49.62	20
49.659	22
49.689	22
49.715	20
49.759	22
49.789	22
49.815	20
49.859	22
49.889	22
49.915	20
49.959	22
49.984	22
50.015	20
50.059	22
50.089	22
50.115	20
50.159	22
50.189	22
50.215	20
50.259	22
50.289	22
50.315	20
50.359	22
50.389	22
50.415	20
50.459	22
50.489	22
50.515	20
50.559	22
50.589	22
50.615	20
50.649	22
50.674	27
50.701	29
50.727	25
50.759	22
50.789	22
50.815	20
50.859	22
50.889	22
50.915	20
50.959	22
50.989	22
51.015	20
51.059	22
51.089	22
51.115	20
51.159	22
51.189	22
51.224	22
51.259	22
51.289	22
51.324	22
51.359	22
51.389	22
51.427	25
51.459	22
51.489	22
51.524	22
51.559	22
51.589	22
51.624	22
51.659	22
51.685	20
51.725	23
51.76	23
51.79	23
51.825	23
51.859	22
51.885	23
51.924	22
51.959	22
51.989	22
52.024	22
52.059	22
52.089	22
52.124	22
52.159	22
52.189	22
52.224	22
52.253	20
52.289	22
52.314	22
52.35	20
52.389	22
52.424	22
52.459	22
52.49	23
52.525	23
52.56	23
52.589	22
52.624	22
52.66	23
52.69	23
52.724	22
52.759	22
52.79	23
52.825	23
52.86	23
52.89	23
52.924	22
52.959	22
52.989	22
53.024	22
53.059	22
53.089	22
53.124	22
53.159	22
53.189	22
53.224	22
53.25	20
53.289	22
53.324	22
53.353	20
53.39	23
53.425	23
53.455	20
53.489	22
53.525	23
53.56	23
53.59	23
53.625	23
53.66	23
53.69	23
53.725	23
53.76	23
53.79	23
53.824	22
53.85	23
53.889	22
53.924	22
53.959	22
53.989	22
54.024	22
54.059	22
54.089	22
54.124	22
54.159	22
54.189	22
54.224	22
54.259	22
54.289	22
54.324	22
54.36	23
54.39	23
54.425	23
54.46	23
54.49	23
54.525	23
54.56	23
54.59	23
54.625	23
54.66	23
54.69	23
54.724	22
54.753	20
54.789	22
54.824	22
54.859	22
54.889	22
54.924	22
54.959	22
54.989	22
55.024	22
55.059	22
55.089	22
55.124	22
55.159	22
55.189	22
55.224	22
55.259	22
55.289	22
55.319	20
55.359	22
55.389	22
55.415	20
55.46	23
55.49	23
55.525	23
55.559	22
55.589	22
55.625	23
55.66	23
55.689	22
55.724	22
55.76	23
55.79	23
55.824	22
55.859	22
55.889	22
55.924	22
55.959	22
55.989	22
56.024	22
56.059	22
56.089	22
56.114	22
56.16	23
56.189	22
56.22	20
56.26	23
56.29	23
56.324	22
56.359	22
56.39	23
56.424	22
56.459	22
56.49	23
56.525	23
56.55	20
56.589	22
56.614	22
56.659	22
56.689	22
56.725	23
56.763	26
56.789	22
56.824	22
56.859	22
56.889	22
56.924	22
56.959	22
56.985	20
57.024	22
57.059	22
57.089	22
57.124	22
57.159	22
57.189	22
57.224	22
57.259	22
57.289	22
57.325	23
57.36	23
57.39	23
57.424	22
57.459	22
57.49	23
57.525	23
57.56	23
57.59	23
57.625	23
57.66	23
57.69	23
57.725	23
57.76	23
57.789	22
57.824	22
57.859	22
57.889	22
57.915	20
57.959	22
57.989	22
58.019	20
58.044	22
58.07	28
58.095	28
58.124	22
58.159	22
58.189	22
58.224	22
58.259	22
58.289	22
58.324	22
58.359	22
58.389	22
58.414	22
58.44	20
58.465	28
58.492	25
58.524	22
58.559	22
58.589	22
58.624	22
58.66	23
58.69	23
58.724	22
58.759	22
58.789	22
58.824	22
58.86	23
58.89	23
58.924	22
58.959	22
58.989	22
59.024	22
59.06	23
59.09	23
59.119	20
59.16	23
59.19	23
59.225	23
59.26	23
59.29	23
59.325	23
59.36	23
59.386	20
59.424	22
59.46	23
59.49	23
59.524	22
59.553	20
59.589	22
59.624	22
59.659	22
59.689	22
59.715	20
59.742	30
59.768	26
59.795	28
59.824	22
59.859	22
59.889	22
59.924	22
59.953	20
59.989	22
60.024	22
60.06	23
60.089	22
60.115	20
60.141	29
60.166	29
60.193	26
60.225	23
60.26	23
60.29	23
60.325	23
60.355	20
60.392	25
60.419	22
60.459	22
60.489	22
60.524	22
60.559	22
60.592	25
60.624	22
60.659	22
60.689	22
60.714	22
60.739	27
60.766	29
60.793	26
60.824	22
60.86	23
60.89	23
60.925	23
60.959	22
60.989	22
61.024	22
61.053	20
61.089	22
61.124	22
61.159	22
61.189	22
61.224	22
61.259	22
61.289	22
61.324	22
61.359	22
61.39	23
61.425	23
61.462	25
61.489	22
61.519	20
61.559	22
61.589	22
61.615	20
61.659	22
61.689	22
61.724	22
61.759	22
61.789	22
61.824	22
61.859	22
61.889	22
61.925	23
61.96	23
61.989	22
62.024	22
62.059	22
62.089	22
62.124	22
62.159	22
62.189	22
62.224	22
62.26	23
62.289	22
62.324	22
62.359	22
62.389	22
62.424	22
62.459	22
62.489	22
62.524	22
62.559	22
62.589	22
62.624	22
62.66	23
62.69	23
62.725	23
62.759	22
62.789	22
62.825	23
62.86	23
62.89	23
62.925	23
62.96	23
62.985	20
63.025	23
63.06	23
63.09	23
63.125	23
63.16	23
63.19	23
63.225	23
63.26	23
63.289	22
63.325	23
63.36	23
63.389	22
63.427	25
63.459	22
63.489	22
63.524	22
63.553	20
63.589	22
63.624	22
63.659	22
63.689	22
63.724	22
63.759	22
63.789	22
63.824	22
63.86	23
63.89	23
63.924	22
63.959	22
63.989	22
64.019	20
64.059	22
64.09	23
64.115	20
64.16	23
64.189	22
64.215	20
64.26	23
64.29	23
64.315	20
64.36	23
64.39	23
64.415	20
64.459	22
64.489	22
64.515	20
64.56	23
64.59	23
64.619	20
64.66	23
64.69	23
64.725	23
64.76	23
64.79	23
64.824	22
64.86	23
64.89	23
64.925	23
64.96	23
64.99	23
65.025	23
65.059	22
65.089	22
65.124	22
65.159	22
65.189	22
65.224	22
65.253	20
65.289	22
65.324	22
65.36	23
65.39	23
65.425	23
65.46	23
65.49	23
65.525	23
65.559	22
65.589	22
65.624	22
65.659	22
65.689	22
65.724	22
65.759	22
65.789	22
65.824	22
65.859	22
65.889	22
65.924	22
65.959	22
65.989	22
66.024	22
66.059	22
66.089	22
66.125	23
66.16	23
66.19	23
66.225	23
66.253	20
66.29	23
66.324	22
66.36	23
66.389	22
66.425	23
66.46	23
66.49	23
66.525	23
66.56	23
66.586	20
66.624	22
66.659	22
66.69	23
66.725	23
66.75	23
66.79	23
66.824	22
66.86	23
66.889	22
66.919	20
66.959	22
66.989	22
67.024	22
67.059	22
67.089	22
67.124	22
67.159	22
67.189	22
67.224	22
67.26	23
67.289	22
67.324	22
67.359	22
67.384	22
67.425	23
67.459	22
67.485	23
67.525	23
67.55	20
67.589	22
67.624	22
67.65	20
67.689	22
67.724	22
67.75	20
67.789	22
67.824	22
67.853	20
67.89	23
67.925	23
67.955	20
67.99	23
68.024	22
68.059	22
68.09	23
68.125	23
68.16	23
68.19	23
68.225	23
68.259	22
68.289	22
68.325	23
68.36	23
68.389	22
68.424	22
68.459	22
68.485	20
68.524	22
68.559	22
68.589	22
68.624	22
68.659	22
68.689	22
68.725	23
68.759	22
68.789	22
68.824	22
68.859	22
68.889	22
68.915	20
68.959	22
68.989	22
69.019	20
69.059	22
69.089	22
69.12	20
69.159	22
69.189	22
69.22	20
69.259	22
69.289	22
69.319	20
69.36	23
69.393	26
69.419	20
69.46	23
69.49	23
69.519	20
69.559	22
69.59	23
69.619	20
69.659	22
69.69	23
69.719	20
69.759	22
69.789	22
69.819	20
69.859	22
69.889	22
69.919	20
69.96	23
69.989	22
70.019	20
70.06	23
70.09	23
70.12	20
70.159	22
70.189	22
70.224	22
70.259	22
70.289	22
70.325	23
70.359	22
70.39	23
70.425	23
70.46	23
70.49	23
70.525	23
70.55	20
70.59	23
70.625	23
70.66	23
70.69	23
70.725	23
70.759	22
70.789	22
70.825	23
70.86	23
70.89	23
70.925	23
70.96	23
70.99	23
71.025	23
71.059	22
71.089	22
71.125	23
71.16	23
71.19	23
71.225	23
71.26	23
71.29	23
71.319	20
71.36	23
71.39	23
71.424	22
71.46	23
71.49	23
71.525	23
71.56	23
71.59	23
71.625	23
71.66	23
71.69	23
71.725	23
71.76	23
71.789	22
71.824	22
71.859	22
71.889	22
71.924	22
71.953	20
71.989	22
72.024	22
72.059	22
72.089	22
72.124	22
72.159	22
72.189	22
72.224	22
72.259	22
72.289	22
72.324	22
72.359	22
72.389	22
72.419	22
72.459	22
72.489	22
72.524	22
72.559	22
72.589	22
72.619	20
72.644	22
72.671	24
72.698	26
72.724	22
72.759	22
72.789	22
72.824	22
72.85	20
72.89	23
72.924	22
72.959	22
72.99	23
73.025	23
73.06	23
73.09	23
73.125	23
73.16	23
73.189	22
73.224	22
73.26	23
73.29	23
73.325	23
73.359	22
73.389	22
73.425	23
73.46	23
73.49	23
73.525	23
73.56	23
73.59	23
73.624	22
73.65	20
73.693	26
73.725	23
73.759	22
73.789	22
73.825	23
73.859	22
73.89	23
73.924	22
73.959	22
73.985	20
74.025	23
74.059	22
74.089	22
74.125	23
74.16	23
74.19	23
74.225	23
74.26	23
74.29	23
74.315	20
74.36	23
74.39	23
74.424	22
74.459	22
74.49	23
74.525	23
74.559	22
74.589	22
74.624	22
74.659	22
74.689	22
74.725	23
74.753	20
74.789	22
74.825	23
74.86	23
74.89	23
74.925	23
74.959	22
74.989	22
75.025	23
75.06	23
75.09	23
75.125	23
75.16	23
75.189	22
75.224	22
75.26	23
75.29	23
75.325	23
75.36	23
75.385	20
75.424	22
75.459	22
75.49	23
75.525	23
75.56	23
75.59	23
75.625	23
75.66	23
75.69	23
75.725	23
75.76	23
75.789	22
75.824	22
75.859	22
75.889	22
75.924	22
75.959	22
75.989	22
76.019	20
76.059	22
76.089	22
76.124	22
76.162	25
76.189	22
76.224	22
76.259	22
76.289	22
76.324	22
76.35	20
76.389	22
76.424	22
76.459	22
76.489	22
76.524	22
76.56	23
76.59	23
76.625	23
76.66	23
76.69	23
76.724	22
76.759	22
76.789	22
76.825	23
76.859	22
76.889	22
76.925	23
76.96	23
76.989	22
77.024	22
77.059	22
77.089	22
77.119	20
77.159	22
77.189	22
77.224	22
77.259	22
77.289	22
77.325	23
77.359	22
77.39	23
77.424	22
77.459	22
77.49	23
77.525	23
77.56	23
77.59	23
77.625	23
77.66	23
77.685	20
77.725	23
77.76	23
77.79	23
77.825	23
77.859	22
77.89	23
77.925	23
77.96	23
77.989	22
78.019	20
78.06	23
78.09	23
78.125	23
78.16	23
78.189	22
78.224	22
78.26	23
78.29	23
78.325	23
78.35	20
78.39	23
78.424	22
78.45	23
78.49	23
78.525	23
78.56	23
78.59	23
78.624	22
78.66	23
78.69	23
78.724	22
78.76	23
78.789	22
78.824	22
78.859	22
78.889	22
78.924	22
78.959	22
78.985	20
79.027	25
79.059	22
79.085	20
79.124	22
79.159	22
79.185	20
79.224	22
79.259	22
79.284	22
79.309	22
79.336	29
79.362	25
79.389	22
79.424	22
79.459	22
79.484	22
79.524	22
79.559	22
79.589	22
79.625	23
79.66	23
79.69	23
79.725	23
79.75	23
79.775	28
79.802	30
79.828	26
79.86	23
79.89	23
79.924	22
79.953	20
79.979	22
80.005	28
80.031	29
80.06	23
80.09	23
80.124	22
80.16	23
80.19	23
80.224	22
80.26	23
80.29	23
80.315	20
80.341	29
80.366	29
80.393	26
80.425	23
80.46	23
80.49	23
80.525	23
80.559	22
80.589	22
80.624	22
80.66	23
80.69	23
80.724	22
80.75	20
80.775	28
80.802	30
80.828	26
80.859	22
80.889	22
80.914	22
80.939	27
80.965	28
80.992	25
81.024	22
81.059	22
81.089	22
81.124	22
81.159	22
81.185	20
81.224	22
81.259	22
81.289	22
81.324	22
81.359	22
81.389	22
81.425	23
81.455	20
81.49	23
81.525	23
81.56	23
81.589	22
81.625	23
81.66	23
81.69	23
81.725	23
81.755	23
81.789	22
81.824	22
81.86	23
81.89	23
81.925	23
81.96	23
81.99	23
82.025	23
82.059	22
82.089	22
82.124	22
82.162	25
82.189	22
82.225	23
82.259	22
82.29	23
82.325	23
82.359	22
82.389	22
82.424	22
82.449	22
82.474	32
82.5	28
82.527	25
82.559	22
82.589	22
82.624	22
82.659	22
82.689	22
82.724	22
82.759	22
82.789	22
82.824	22
82.85	20
82.877	30
82.903	31
82.93	28
82.959	22
82.989	22
83.024	22
83.059	22
83.089	22
83.124	22
83.159	22
83.189	22
83.224	22
83.25	20
83.277	30
83.304	32
83.33	28
83.359	22
83.389	22
83.424	22
83.459	22
83.489	22
83.528	26
83.554	22
83.579	27
83.605	28
83.631	29
83.66	23
83.693	26
83.725	23
83.76	23
83.79	23
83.825	23
83.86	23
83.889	22
83.924	22
83.949	22
83.974	32
84.001	29
84.027	25
84.059	22
84.089	22
84.125	23
84.16	23
84.19	23
84.225	23
84.26	23
84.29	23
84.325	23
84.36	23
84.39	23
84.425	23
84.46	23
84.49	23
84.525	23
84.56	23
84.59	23
84.624	22
84.65	20
84.69	23
84.725	23
84.76	23
84.79	23
84.825	23
84.86	23
84.889	22
84.924	22
84.949	22
84.975	28
85.002	30
85.028	26
85.06	23
85.09	23
85.125	23
85.16	23
85.193	26
85.225	23
85.255	23
85.289	22
85.315	23
85.34	28
85.368	26
85.395	28
85.425	23
85.462	25
85.489	22
85.519	22
85.56	23
85.589	22
85.624	22
85.66	23
85.69	23
85.725	23
85.759	22
85.79	23
85.825	23
85.859	22
85.889	22
85.924	22
85.959	22
85.989	22
86.025	23
86.059	22
86.09	23
86.115	20
86.14	28
86.165	28
86.192	25
86.225	23
86.26	23
86.285	20
86.325	23
86.36	23
86.39	23
86.425	23
86.46	23
86.49	23
86.525	23
86.552	20
86.59	23
86.625	23
86.66	23
86.69	23
86.725	23
86.76	23
86.79	23
86.819	20
86.86	23
86.889	22
86.924	22
86.959	22
86.984	22
87.024	22
87.059	22
87.089	22
87.124	22
87.159	22
87.189	22
87.224	22
87.26	23
87.29	23
87.324	22
87.359	22
87.389	22
87.419	22
87.452	20
87.49	23
87.525	23
87.56	23
87.589	22
87.624	22
87.66	23
87.69	23
87.724	22
87.759	22
87.784	22
87.814	22
87.84	20
87.865	23
87.892	25
87.924	22
87.959	22
87.989	22
88.024	22
88.059	22
88.089	22
88.124	22
88.149	22
88.189	22
88.214	22
88.255	20
88.289	22
88.319	22
88.359	22
88.389	22
88.424	22
88.459	22
88.489	22
88.524	22
88.559	22
88.585	20
88.624	22
88.659	22
88.689	22
88.724	22
88.759	22
88.789	22
88.815	20
88.859	22
88.889	22
88.924	22
88.959	22
88.989	22
89.025	23
89.06	23
89.089	22
89.124	22
89.16	23
89.19	23
89.215	23
89.26	23
89.29	23
89.325	23
89.36	23
89.386	20
89.424	22
89.46	23
89.49	23
89.525	23
89.56	23
89.59	23
89.625	23
89.659	22
89.692	25
89.719	20
89.76	23
89.789	22
89.824	22
89.86	23
89.89	23
89.925	23
89.96	23
89.992	25
90.024	22
90.059	22
90.089	22
90.124	22
90.159	22
90.189	22
90.224	22
90.259	22
90.289	22
90.324	22
90.35	20
90.389	22
90.424	22
90.459	22
90.489	22
90.524	22
90.549	22
90.589	22
90.624	22
90.659	22
90.689	22
90.724	22
90.749	22
90.784	22
90.809	22
90.835	23
90.862	25
90.889	22
90.924	22
90.959	22
90.989	22
91.024	22
91.059	22
91.089	22
91.119	20
91.159	22
91.189	22
91.224	22
91.259	22
91.289	22
91.314	22
91.34	20
91.365	28
91.392	25
91.424	22
91.45	20
91.489	22
91.524	22
91.56	23
91.59	23
91.625	23
91.66	23
91.689	22
91.724	22
91.759	22
91.789	22
91.824	22
91.859	22
91.889	22
91.924	22
91.959	22
91.989	22
92.024	22
92.059	22
92.089	22
92.124	22
92.159	22
92.189	22
92.224	22
92.259	22
92.289	22
92.324	22
92.359	22
92.389	22
92.425	23
92.46	23
92.49	23
92.525	23
92.56	23
92.59	23
92.625	23
92.66	23
92.69	23
92.715	23
92.76	23
92.79	23
92.815	23
92.86	23
92.89	23
92.924	22
92.959	22
92.989	22
93.024	22
93.059	22
93.089	22
93.115	20
93.159	22
93.189	22
93.219	20
93.26	23
93.289	22
93.324	22
93.36	23
93.39	23
93.42	23
93.445	23
93.472	25
93.499	27
93.525	23
93.56	23
93.59	23
93.625	23
93.652	20
93.69	23
93.725	23
93.76	23
93.789	22
93.824	22
93.859	22
93.889	22
93.924	22
93.959	22
93.989	22
94.024	22
94.059	22
94.085	20
94.124	22
94.159	22
94.189	22
94.224	22
94.259	22
94.292	25
94.324	22
94.362	25
94.389	22
94.424	22
94.459	22
94.489	22
94.519	22
94.544	22
94.571	29
94.598	26
94.624	22
94.659	22
94.689	22
94.724	22
94.759	22
94.784	22
94.825	23
94.85	23
94.889	22
94.924	22
94.959	22
94.989	22
95.024	22
95.052	20
95.09	23
95.124	22
95.159	22
95.19	23
95.225	23
95.26	23
95.29	23
95.324	22
95.36	23
95.385	20
95.424	22
95.459	22
95.49	23
95.525	23
95.559	22
95.589	22
95.625	23
95.663	26
95.69	23
95.715	20
95.745	23
95.772	25
95.798	26
95.824	22
95.86	23
95.89	23
95.915	23
95.944	22
95.97	28
95.996	24
96.025	23
96.06	23
96.089	22
96.124	22
96.16	23
96.19	23
96.225	23
96.25	20
96.275	23
96.302	25
96.328	26
96.36	23
96.389	22
96.424	22
96.452	20
96.49	23
96.515	23
96.552	20
96.59	23
96.625	23
96.65	20
96.685	23
96.724	22
96.76	23
96.79	23
96.824	22
96.86	23
96.89	23
96.925	23
96.95	20
96.975	23
97.001	24
97.027	25
97.052	20
97.089	22
97.124	22
97.155	20
97.189	22
97.224	22
97.259	22
97.289	22
97.324	22
97.359	22
97.389	22
97.424	22
97.459	22
97.492	25
97.524	22
97.559	22
97.585	20
97.624	22
97.659	22
97.689	22
97.727	25
97.759	22
97.789	22
97.824	22
97.859	22
97.889	22
97.924	22
97.959	22
97.989	22
98.024	22
98.059	22
98.084	22
98.124	22
98.152	20
98.189	22
98.224	22
98.259	22
98.289	22
98.324	22
98.359	22
98.389	22
98.424	22
98.459	22
98.489	22
98.524	22
98.559	22
98.589	22
98.625	23
98.659	22
98.689	22
98.725	23
98.76	23
98.79	23
98.825	23
98.86	23
98.89	23
98.925	23
98.95	23
98.99	23
99.025	23
99.06	23
99.09	23
99.12	23
99.159	22
99.189	22
99.225	23
99.259	22
99.285	20
99.324	22
99.359	22
99.39	23
99.419	22
99.46	23
99.49	23
99.525	23
99.56	23
99.59	23
99.625	23
99.66	23
99.69	23
99.725	23
99.759	22
99.789	22
99.815	20
99.844	22
99.869	27
99.896	24
99.925	23
99.96	23
99.99	23
100.019	20
100.059	22
100.089	22
100.119	20
100.16	23
100.189	22
100.215	23
100.26	23
100.29	23
100.324	22
100.359	22
100.39	23
100.425	23
100.459	22
100.489	22
100.519	22
100.559	22
100.589	22
100.625	23
100.66	23
100.69	23
100.724	22
100.75	20
100.79	23
100.825	23
100.855	20
100.89	23
100.924	22
100.959	22
100.99	23
101.025	23
101.063	26
101.09	23
101.125	23
101.16	23
101.19	23
101.225	23
101.26	23
101.285	23
101.325	23
101.362	25
101.389	22
101.424	22
101.459	22
101.485	20
101.524	22
101.559	22
101.586	20
101.614	22
101.644	22
101.671	29
101.696	26
101.724	22
101.759	22
101.789	22
101.824	22
101.859	22
101.889	22
101.925	23
101.96	23
101.989	22
102.024	22
102.06	23
102.09	23
102.125	23
102.159	22
102.189	22
102.215	20
102.259	22
102.289	22
102.319	20
102.359	22
102.389	22
102.424	22
102.459	22
102.489	22
102.524	22
102.56	23
102.589	22
102.624	22
102.659	22
102.689	22
102.724	22
102.749	22
102.774	27
102.801	29
102.827	25
102.859	22
102.884	22
102.924	22
102.959	22
102.989	22
103.024	22
103.059	22
103.089	22
103.114	22
103.14	20
103.165	28
103.192	25
103.224	22
103.249	22
103.289	22
103.324	22
103.359	22
103.384	22
103.425	23
103.459	22
103.489	22
103.519	20
103.544	22
103.569	27
103.595	28
103.624	22
103.663	26
103.69	23
103.724	22
103.76	23
103.79	23
103.825	23
103.86	23
103.89	23
103.925	23
103.959	22
103.989	22
104.024	22
104.059	22
104.089	22
104.124	22
104.159	22
104.189	22
104.219	22
104.26	23
104.289	22
104.324	22
104.359	22
104.389	22
104.424	22
104.465	28
104.492	25
104.524	22
104.559	22
104.589	22
104.627	25
104.659	22
104.689	22
104.724	22
104.76	23
104.79	23
104.824	22
104.859	22
104.885	20
104.925	23
104.96	23
104.989	22
105.024	22
105.059	22
105.089	22
105.124	22
105.159	22
105.189	22
105.224	22
105.26	23
105.29	23
105.315	23
105.359	22
105.389	22
105.425	23
105.455	20
105.49	23
105.525	23
105.55	20
105.575	28
105.602	30
105.628	26
105.66	23
105.69	23
105.725	23
105.76	23
105.789	22
105.825	23
105.86	23
105.89	23
105.925	23
105.96	23
105.99	23
106.015	20
106.04	28
106.066	29
106.093	26
106.125	23
106.16	23
106.19	23
106.225	23
106.259	22
106.285	20
106.328	26
106.362	25
106.389	22
106.424	22
106.46	23
106.49	23
106.524	22
106.555	20
106.589	22
106.624	22
106.662	25
106.689	22
106.724	22
106.759	22
106.784	22
106.824	22
106.86	23
106.889	22
106.915	20
106.959	22
106.989	22
107.024	22
107.059	22
107.089	22
107.119	22
107.16	23
107.189	22
107.224	22
107.26	23
107.29	23
107.324	22
107.36	23
107.39	23
107.424	22
107.459	22
107.485	20
107.524	22
107.56	23
107.59	23
107.625	23
107.66	23
107.69	23
107.724	22
107.759	22
107.79	23
107.825	23
107.86	23
107.89	23
107.925	23
107.96	23
107.99	23
108.024	22
108.059	22
108.089	22
108.125	23
108.159	22
108.189	22
108.224	22
108.259	22
108.285	20
108.324	22
108.362	25
108.389	22
108.424	22
108.459	22
108.489	22
108.524	22
108.559	22
108.589	22
108.619	22
108.659	22
108.689	22
108.715	20
108.759	22
108.789	22
108.824	22
108.859	22
108.889	22
108.925	23
108.96	23
108.989	22
109.024	22
109.06	23
109.09	23
109.124	22
109.155	20
109.189	22
109.224	22
109.259	22
109.289	22
109.324	22
109.359	22
109.385	20
109.424	22
109.459	22
109.492	25
109.524	22
109.562	25
109.589	22
109.615	20
109.659	22
109.692	25
109.724	22
109.759	22
109.789	22
109.824	22
109.859	22
109.889	22
109.924	22
109.959	22
109.989	22
110.024	22
110.059	22
110.084	22
110.124	22
110.159	22
110.189	22
110.214	22
110.259	22
110.289	22
110.325	23
110.36	23
110.39	23
110.415	23
110.459	22
110.489	22
110.524	22
110.559	22
110.589	22
110.624	22
110.659	22
110.69	23
110.725	23
110.76	23
110.79	23
110.824	22
110.855	20
110.89	23
110.925	23
110.959	22
110.989	22
111.025	23
111.06	23
111.09	23
111.125	23
111.16	23
111.185	20
111.224	22
111.26	23
111.29	23
111.325	23
111.359	22
111.389	22
111.424	22
111.46	23
111.49	23
111.525	23
111.559	22
111.59	23
111.615	20
111.645	23
111.672	25
111.698	26
111.725	23
111.76	23
111.789	22
111.825	23
111.86	23
111.89	23
111.925	23
111.96	23
111.99	23
112.024	22
112.059	22
112.09	23
112.124	22
112.159	22
112.189	22
112.224	22
112.249	22
112.289	22
112.324	22
112.36	23
112.39	23
112.424	22
112.459	22
112.489	22
112.524	22
112.559	22
112.589	22
112.624	22
112.662	25
112.689	22
112.724	22
112.759	22
112.79	23
112.825	23
112.86	23
112.889	22
112.924	22
112.96	23
112.99	23
113.025	23
113.059	22
113.09	23
113.125	23
113.159	22
113.189	22
113.225	23
113.259	22
113.289	22
113.324	22
113.349	22
113.374	27
113.401	29
113.427	25
113.46	23
113.49	23
113.525	23
113.56	23
113.59	23
113.625	23
113.66	23
113.689	22
113.724	22
113.76	23
113.789	22
113.824	22
113.859	22
113.89	23
113.925	23
113.959	22
113.985	20
114.019	22
114.059	22
114.089	22
114.125	23
114.159	22
114.189	22
114.219	22
114.249	22
114.275	28
114.302	30
114.327	25
114.36	23
114.39	23
114.425	23
114.455	23
114.49	23
114.524	22
114.559	22
114.589	22
114.624	22
114.659	22
114.69	23
114.724	22
114.76	23
114.789	22
114.824	22
114.859	22
114.89	23
114.925	23
114.96	23
114.989	22
115.024	22
115.049	22
115.075	28
115.101	29
115.127	25
115.16	23
115.189	22
115.224	22
115.26	23
115.289	22
115.319	20
115.359	22
115.389	22
115.424	22
115.459	22
115.489	22
115.524	22
115.559	22
115.589	22
115.624	22
115.659	22
115.689	22
115.724	22
115.759	22
115.784	22
115.809	22
115.836	29
115.862	25
115.893	26
115.924	22
115.959	22
115.984	22
116.025	23
116.05	23
116.089	22
116.124	22
116.16	23
116.19	23
116.215	23
116.24	20
116.268	26
116.295	23
116.324	22
116.36	23
116.393	26
116.424	22
116.459	22
116.49	23
116.525	23
116.56	23
116.59	23
116.62	20
116.66	23
116.69	23
116.719	20
116.76	23
116.79	23
116.819	20
116.859	22
116.889	22
116.919	20
116.959	22
116.989	22
117.024	22
117.059	22
117.089	22
117.124	22
117.159	22
117.189	22
117.224	22
117.262	25
117.289	22
117.319	22
117.359	22
117.389	22
117.424	22
117.46	23
117.49	23
117.525	23
117.56	23
117.59	23
117.625	23
117.66	23
117.69	23
117.724	22
117.759	22
117.79	23
117.824	22
117.859	22
117.89	23
117.927	25
117.959	22
117.989	22
118.024	22
118.059	22
118.089	22
118.124	22
118.159	22
118.19	23
118.224	22
118.259	22
118.29	23
118.324	22
118.359	22
118.389	22
118.424	22
118.46	23
118.489	22
118.524	22
118.559	22
118.589	22
118.624	22
118.659	22
118.689	22
118.724	22
118.759	22
118.789	22
118.814	22
118.859	22
118.889	22
118.925	23
118.96	23
118.989	22
119.024	22
119.059	22
119.089	22
119.124	22
119.159	22
119.189	22
119.224	22
119.259	22
119.289	22
119.324	22
119.359	22
119.389	22
119.424	22
119.459	22
119.489	22
119.524	22
119.559	22
119.589	22
119.614	22
119.639	27
119.665	28
119.692	25
119.724	22
119.759	22
119.79	23
119.825	23
119.86	23
119.89	23
119.925	23
119.959	22
119.989	22
120.024	22
120.059	22
120.089	22
120.124	22
120.159	22
120.189	22
120.227	25
120.259	22
120.289	22
120.324	22
120.359	22
120.389	22
120.424	22
120.46	23
120.49	23
120.524	22
120.55	20
120.589	22
120.624	22
120.659	22
120.689	22
120.725	23
120.76	23
120.789	22
120.825	23
120.86	23
120.885	20
120.925	23
120.959	22
120.989	22
121.025	23
121.06	23
121.092	25
121.124	22
121.159	22
121.189	22
121.224	22
121.26	23
121.29	23
121.325	23
121.359	22
121.389	22
121.427	25
121.459	22
121.489	22
121.524	22
121.555	20
121.589	22
121.624	22
121.659	22
121.689	22
121.724	22
121.759	22
121.789	22
121.824	22
121.859	22
121.885	20
121.914	22
121.959	22
121.989	22
122.024	22
122.059	22
122.09	23
122.125	23
122.159	22
122.189	22
122.225	23
122.26	23
122.29	23
122.325	23
122.36	23
122.39	23
122.425	23
122.45	20
122.489	22
122.524	22
122.559	22
122.589	22
122.627	25
122.659	22
122.689	22
122.724	22
122.759	22
122.789	22
122.824	22
122.859	22
122.889	22
122.924	22
122.96	23
122.99	23
123.024	22
123.059	22
123.09	23
123.125	23
123.159	22
123.189	22
123.219	20
123.26	23
123.289	22
123.324	22
123.36	23
123.39	23
123.425	23
123.46	23
123.49	23
123.524	22
123.55	20
123.59	23
123.625	23
123.66	23
123.69	23
123.724	22
123.759	22
123.79	23
123.824	22
123.859	22
123.889	22
123.924	22
123.96	23
123.99	23
124.015	23
124.059	22
124.089	22
124.124	22
124.159	22
124.189	22
124.219	22
124.259	22
124.289	22
124.319	22
124.36	23
124.39	23
124.415	20
124.459	22
124.489	22
124.515	20
124.56	23
124.59	23
124.615	20
124.663	26
124.69	23
124.725	23
124.76	23
124.79	23
124.815	20
124.86	23
124.89	23
124.915	20
124.96	23
124.99	23
125.015	20
125.059	22
125.089	22
125.115	20
125.16	23
125.189	22
125.215	20
125.259	22
125.289	22
125.319	20
125.36	23
125.39	23
125.425	23
125.46	23
125.49	23
125.524	22
125.56	23
125.59	23
125.624	22
125.659	22
125.69	23
125.725	23
125.752	20
125.789	22
125.824	22
125.859	22
125.892	25
125.924	22
125.959	22
125.989	22
126.024	22
126.059	22
126.089	22
126.124	22
126.159	22
126.189	22
126.224	22
126.259	22
126.289	22
126.324	22
126.359	22
126.389	22
126.424	22
126.459	22
126.489	22
126.52	20
126.559	22
126.589	22
126.624	22
126.659	22
126.69	23
126.725	23
126.76	23
126.79	23
126.825	23
126.86	23
126.889	22
126.925	23
126.96	23
126.989	22
127.024	22
127.06	23
127.09	23
127.124	22
127.159	22
127.189	22
127.224	22
127.259	22
127.289	22
127.324	22
127.359	22
127.39	23
127.419	20
127.459	22
127.49	23
127.525	23
127.56	23
127.59	23
127.625	23
127.66	23
127.69	23
127.725	23
127.76	23
127.79	23
127.825	23
127.86	23
127.889	22
127.924	22
127.959	22
127.989	22
128.024	22
128.05	20
128.09	23
128.124	22
128.155	20
128.19	23
128.225	23
128.259	22
128.289	22
128.325	23
128.36	23
128.389	22
128.42	23
128.46	23
128.485	20
128.524	22
128.56	23
128.59	23
128.624	22
128.65	23
128.689	22
128.719	22
128.759	22
128.789	22
128.824	22
128.859	22
128.89	23
128.915	20
128.96	23
128.989	22
129.019	20
129.059	22
129.089	22
129.124	22
129.159	22
129.19	23
129.225	23
129.259	22
129.289	22
129.324	22
129.359	22
129.39	23
129.424	22
129.459	22
129.49	23
129.525	23
129.559	22
129.589	22
129.625	23
129.65	20
129.689	22
129.714	22
129.755	20
129.789	22
129.825	23
129.86	23
129.89	23
129.925	23
129.959	22
129.989	22
130.025	23
130.06	23
130.09	23
130.125	23
130.16	23
130.189	22
130.225	23
130.26	23
130.29	23
130.324	22
130.36	23
130.385	20
130.424	22
130.459	22
130.49	23
130.525	23
130.56	23
130.59	23
130.624	22
130.66	23
130.69	23
130.724	22
130.759	22
130.79	23
130.825	23
130.859	22
130.889	22
130.924	22
130.959	22
130.989	22
131.015	20
131.06	23
131.09	23
131.124	22
131.16	23
131.193	26
131.225	23
131.25	23
131.29	23
131.325	23
131.36	23
131.39	23
131.425	23
131.46	23
131.49	23
131.525	23
131.55	20
131.59	23
131.625	23
131.655	20
131.69	23
131.725	23
131.76	23
131.79	23
131.825	23
131.86	23
131.89	23
131.925	23
131.96	23
131.989	22
132.024	22
132.062	25
132.089	22
132.124	22
132.159	22
132.189	22
132.214	22
132.259	22
132.29	23
132.325	23
132.359	22
132.389	22
132.424	22
132.46	23
132.49	23
132.515	20
132.559	22
132.59	23
132.624	22
132.659	22
132.689	22
132.724	22
132.759	22
132.789	22
132.824	22
132.859	22
132.889	22
132.924	22
132.959	22
132.989	22
133.024	22
133.059	22
133.089	22
133.124	22
133.15	20
133.189	22
133.224	22
133.252	20
133.289	22
133.324	22
133.352	20
133.39	23
133.424	22
133.452	20
133.49	23
133.525	23
133.552	20
133.59	23
133.625	23
133.655	20
133.69	23
133.725	23
133.76	23
133.79	23
133.825	23
133.86	23
133.889	22
133.924	22
133.959	22
133.989	22
134.024	22
134.06	23
134.09	23
134.127	25
134.159	22
134.189	22
134.214	22
134.259	22
134.285	20
134.324	22
134.359	22
134.389	22
134.425	23
134.46	23
134.489	22
134.524	22
134.56	23
134.59	23
134.625	23
134.66	23
134.69	23
134.719	20
134.759	22
134.789	22
134.825	23
134.86	23
134.89	23
134.925	23
134.96	23
134.99	23
135.025	23
135.06	23
135.09	23
135.124	22
135.159	22
135.189	22
135.224	22
135.25	20
135.29	23
135.324	22
135.359	22
135.389	22
135.425	23
135.46	23
135.49	23
135.524	22
135.559	22
135.589	22
135.624	22
135.659	22
135.689	22
135.724	22
135.759	22
135.789	22
135.824	22
135.859	22
135.889	22
135.915	20
135.96	23
135.99	23
136.015	23
136.06	23
136.09	23
136.125	23
136.16	23
136.19	23
136.225	23
136.26	23
136.29	23
136.324	22
136.359	22
136.39	23
136.424	22
136.459	22
136.49	23
136.525	23
136.559	22
136.589	22
136.625	23
136.66	23
136.69	23
136.725	23
136.76	23
136.79	23
136.824	22
136.859	22
136.889	22
136.919	20
136.959	22
136.989	22
137.024	22
137.059	22
137.089	22
137.128	26
137.16	23
137.189	22
137.224	22
137.25	20
137.29	23
137.324	22
137.359	22
137.39	23
137.425	23
137.459	22
137.489	22
137.525	23
137.56	23
137.59	23
137.624	22
137.659	22
137.69	23
137.725	23
137.76	23
137.79	23
137.824	22
137.859	22
137.889	22
137.924	22
137.959	22
137.989	22
138.019	20
138.059	22
138.089	22
138.124	22
138.159	22
138.189	22
138.224	22
138.259	22
138.289	22
138.324	22
138.36	23
138.39	23
138.425	23
138.46	23
138.49	23
138.524	22
138.559	22
138.584	22
138.625	23
138.65	20
138.69	23
138.725	23
138.752	20
138.79	23
138.825	23
138.855	20
138.889	22
138.924	22
138.959	22
138.989	22
139.025	23
139.06	23
139.09	23
139.125	23
139.16	23
139.19	23
139.224	22
139.259	22
139.29	23
139.325	23
139.359	22
139.389	22
139.425	23
139.46	23
139.49	23
139.525	23
139.56	23
139.589	22
139.624	22
139.66	23
139.69	23
139.719	20
139.759	22
139.789	22
139.825	23
139.86	23
139.889	22
139.924	22
139.96	23
139.99	23
140.024	22
140.06	23
140.09	23
140.125	23
140.15	20
140.189	22
140.224	22
140.255	20
140.29	23
140.324	22
140.359	22
140.389	22
140.425	23
140.46	23
140.49	23
140.524	22
140.559	22
140.585	20
140.624	22
140.659	22
140.69	23
140.725	23
140.76	23
140.79	23
140.825	23
140.86	23
140.889	22
140.915	20
140.959	22
140.989	22
141.024	22
141.059	22
141.089	22
141.125	23
141.16	23
141.19	23
141.225	23
141.26	23
141.29	23
141.324	22
141.355	20
141.389	22
141.424	22
141.459	22
141.489	22
141.524	22
141.559	22
141.59	23
141.619	22
141.659	22
141.685	20
141.725	23
141.759	22
141.789	22
141.825	23
141.86	23
141.889	22
141.924	22
141.96	23
141.99	23
142.015	20
142.059	22
142.089	22
142.125	23
142.16	23
142.19	23
142.225	23
142.26	23
142.29	23
142.324	22
142.359	22
142.389	22
142.424	22
142.455	20
142.489	22
142.524	22
142.559	22
142.59	23
142.625	23
142.66	23
142.69	23
142.724	22
142.75	23
142.785	20
142.824	22
142.862	25
142.89	23
142.924	22
142.959	22
142.989	22
143.024	22
143.059	22
143.089	22
143.124	22
143.159	22
143.192	25
143.224	22
143.259	22
143.289	22
143.319	20
143.359	22
143.389	22
143.424	22
143.459	22
143.489	22
143.524	22
143.559	22
143.589	22
143.624	22
143.65	20
143.689	22
143.724	22
143.759	22
143.789	22
143.814	22
143.849	22
143.875	20
143.902	25
143.927	25
143.959	22
143.99	23
144.028	26
144.06	23
144.09	23
144.125	23
144.16	23
144.189	22
144.219	20
144.26	23
144.29	23
144.324	22
144.359	22
144.39	23
144.424	22
144.459	22
144.49	23
144.525	23
144.55	20
144.589	22
144.625	23
144.66	23
144.69	23
144.725	23
144.76	23
144.79	23
144.825	23
144.86	23
144.89	23
144.924	22
144.959	22
144.99	23
145.025	23
145.059	22
145.089	22
145.125	23
145.16	23
145.185	20
145.224	22
145.259	22
145.289	22
145.324	22
145.36	23
145.39	23
145.425	23
145.46	23
145.489	22
145.524	22
145.56	23
145.59	23
145.624	22
145.66	23
145.69	23
145.715	20
145.759	22
145.79	23
145.82	20
145.86	23
145.893	26
145.925	23
145.96	23
145.99	23
146.024	22
146.059	22
146.09	23
146.128	26
146.16	23
146.19	23
146.224	22
146.26	23
146.29	23
146.324	22
146.35	20
146.384	22
146.428	26
146.455	20
146.489	22
146.525	23
146.56	23
146.59	23
146.624	22
146.659	22
146.69	23
146.725	23
146.76	23
146.79	23
146.824	22
146.86	23
146.889	22
146.924	22
146.962	25
146.989	22
147.025	23
147.059	22
147.085	20
147.124	22
147.159	22
147.189	22
147.224	22
147.259	22
147.289	22
147.324	22
147.359	22
147.389	22
147.424	22
147.459	22
147.489	22
147.519	20
147.559	22
147.589	22
147.624	22
147.659	22
147.69	23
147.725	23
147.76	23
147.79	23
147.825	23
147.86	23
147.889	22
147.924	22
147.959	22
147.989	22
148.024	22
148.06	23
148.085	20
148.124	22
148.16	23
148.19	23
148.224	22
148.259	22
148.29	23
148.325	23
148.36	23
148.389	22
148.415	20
148.459	22
148.489	22
148.525	23
148.56	23
148.59	23
148.625	23
148.66	23
148.69	23
148.724	22
148.759	22
148.79	23
148.824	22
148.859	22
148.89	23
148.924	22
148.95	20
148.99	23
149.024	22
149.059	22
149.09	23
149.125	23
149.159	22
149.192	25
149.224	22
149.249	22
149.28	20
149.324	22
149.359	22
149.389	22
149.424	22
149.459	22
149.489	22
149.524	22
149.559	22
149.589	22
149.624	22
149.659	22
149.689	22
149.724	22
149.759	22
149.789	22
149.824	22
149.859	22
149.889	22
149.924	22
149.952	20
149.989	22
150.024	22
150.059	22
150.089	22
150.125	23
150.16	23
150.19	23
150.224	22
150.26	23
150.29	23
150.325	23
150.359	22
150.389	22
150.424	22
150.459	22
150.489	22
150.524	22
150.559	22
150.589	22
150.625	23
150.66	23
150.689	22
150.724	22
150.752	20
150.784	22
150.824	22
150.863	26
150.89	23
150.925	23
150.96	23
150.985	23
151.025	23
151.059	22
151.089	22
151.125	23
151.16	23
151.19	23
151.224	22
151.259	22
151.29	23
151.325	23
151.36	23
151.39	23
151.418	20
151.445	23
151.472	25
151.498	26
151.525	23
151.56	23
151.59	23
151.625	23
151.66	23
151.69	23
151.725	23
151.76	23
151.79	23
151.825	23
151.859	22
151.889	22
151.924	22
151.959	22
151.989	22
152.014	22
152.05	20
152.089	22
152.114	22
152.16	23
152.19	23
152.225	23
152.26	23
152.29	23
152.325	23
152.36	23
152.39	23
152.425	23
152.46	23
152.49	23
152.525	23
152.56	23
152.59	23
152.624	22
152.66	23
152.69	23
152.724	22
152.759	22
152.79	23
152.818	20
152.859	22
152.889	22
152.924	22
152.959	22
152.989	22
153.014	22
153.039	27
153.065	28
153.092	25
153.124	22
153.159	22
153.189	22
153.224	22
153.259	22
153.289	22
153.324	22
153.359	22
153.389	22
153.424	22
153.459	22
153.489	22
153.525	23
153.56	23
153.589	22
153.624	22
153.66	23
153.692	25
153.724	22
153.76	23
153.79	23
153.825	23
153.859	22
153.889	22
153.925	23
153.959	22
153.989	22
154.018	20
154.059	22
154.089	22
154.125	23
154.16	23
154.19	23
154.225	23
154.26	23
154.292	25
154.324	22
154.359	22
154.389	22
154.424	22
154.459	22
154.489	22
154.524	22
154.559	22
154.585	20
154.624	22
154.659	22
154.689	22
154.724	22
154.759	22
154.789	22
154.824	22
154.859	22
154.889	22
154.924	22
154.959	22
154.989	22
155.024	22
155.059	22
155.089	22
155.124	22
155.159	22
155.189	22
155.224	22
155.259	22
155.289	22
155.325	23
155.359	22
155.389	22
155.424	22
155.459	22
155.489	22
155.524	22
155.555	20
155.59	23
155.625	23
155.652	20
155.69	23
155.725	23
155.75	20
155.79	23
155.825	23
155.85	20
155.892	25
155.924	22
155.95	20
155.989	22
156.024	22
156.05	20
156.09	23
156.125	23
156.15	20
156.189	22
156.224	22
156.25	20
156.289	22
156.325	23
156.35	20
156.389	22
156.424	22
156.45	20
156.489	22
156.527	25
156.552	20
156.589	22
156.624	22
156.659	22
156.689	22
156.728	26
156.76	23
156.79	23
156.824	22
156.86	23
156.89	23
156.924	22
156.959	22
156.99	23
157.025	23
157.06	23
157.085	20
157.125	23
157.16	23
157.19	23
157.225	23
157.26	23
157.289	22
157.32	23
157.359	22
157.389	22
157.415	20
157.459	22
157.489	22
157.524	22
157.559	22
157.589	22
157.624	22
157.659	22
157.689	22
157.724	22
157.759	22
157.789	22
157.824	22
157.852	20
157.89	23
157.924	22
157.959	22
157.99	23
158.025	23
158.062	25
158.089	22
158.125	23
158.16	23
158.19	23
158.22	23
158.263	26
158.29	23
158.325	23
158.359	22
158.389	22
158.424	22
158.459	22
158.489	22
158.524	22
158.559	22
158.59	23
158.615	20
158.66	23
158.689	22
158.718	20
158.76	23
158.79	23
158.825	23
158.86	23
158.89	23
158.925	23
158.96	23
158.99	23
159.025	23
159.059	22
159.09	23
159.125	23
159.16	23
159.189	22
159.224	22
159.26	23
159.29	23
159.324	22
159.35	20
159.389	22
159.424	22
159.459	22
159.489	22
159.524	22
159.559	22
159.589	22
159.625	23
159.66	23
159.689	22
159.724	22
159.759	22
159.789	22
159.824	22
159.859	22
159.889	22
159.924	22
159.96	23
159.99	23
160.024	22
160.06	23
160.09	23
160.125	23
160.159	22
160.19	23
160.22	20
160.26	23
160.293	26
160.325	23
160.36	23
160.389	22
160.424	22
160.459	22
160.489	22
160.515	23
160.55	20
160.589	22
160.624	22
160.659	22
160.689	22
160.724	22
160.76	23
160.79	23
160.824	22
160.859	22
160.889	22
160.924	22
160.959	22
160.989	22
161.024	22
161.059	22
161.089	22
161.124	22
161.159	22
161.189	22
161.214	22
161.259	22
161.289	22
161.32	20
161.359	22
161.389	22
161.414	22
161.46	23
161.49	23
161.524	22
161.559	22
161.589	22
161.624	22
161.65	20
161.689	22
161.724	22
161.759	22
161.789	22
161.825	23
161.86	23
161.89	23
161.925	23
161.959	22
161.989	22
162.025	23
162.06	23
162.089	22
162.124	22
162.159	22
162.189	22
162.224	22
162.259	22
162.289	22
162.32	20
162.359	22
162.389	22
162.424	22
162.459	22
162.489	22
162.524	22
162.55	20
162.579	22
162.624	22
162.659	22
162.689	22
162.724	22
162.759	22
162.784	22
162.827	25
162.859	22
162.889	22
162.924	22
162.959	22
162.989	22
163.024	22
163.059	22
163.089	22
163.12	20
163.159	22
163.189	22
163.224	22
163.259	22
163.292	25
163.324	22
163.36	23
163.39	23
163.425	23
163.46	23
163.49	23
163.525	23
163.559	22
163.589	22
163.625	23
163.66	23
163.69	23
163.715	23
163.76	23
163.789	22
163.824	22
163.859	22
163.889	22
163.924	22
163.959	22
163.989	22
164.024	22
164.059	22
164.089	22
164.124	22
164.159	22
164.189	22
164.224	22
164.259	22
164.289	22
164.324	22
164.36	23
164.39	23
164.425	23
164.46	23
164.49	23
164.525	23
164.56	23
164.59	23
164.625	23
164.66	23
164.69	23
164.725	23
164.759	22
164.79	23
164.825	23
164.86	23
164.89	23
164.925	23
164.959	22
164.99	23
165.025	23
165.059	22
165.089	22
165.114	22
165.139	27
165.165	28
165.192	25
165.225	23
165.259	22
165.285	23
165.324	22
165.35	20
165.389	22
165.424	22
165.449	22
165.474	27
165.501	29
165.528	26
165.56	23
165.589	22
165.62	20
165.659	22
165.689	22
165.724	22
165.759	22
165.792	25
165.824	22
165.859	22
165.89	23
165.925	23
165.96	23
165.99	23
166.025	23
166.059	22
166.085	20
166.124	22
166.16	23
166.189	22
166.225	23
166.26	23
166.289	22
166.315	23
166.342	30
166.368	26
166.395	28
166.424	22
166.45	20
166.475	28
166.502	30
166.528	26
166.56	23
166.59	23
166.615	23
166.64	28
166.666	29
166.693	26
166.725	23
166.76	23
166.79	23
166.825	23
166.86	23
166.889	22
166.925	23
166.96	23
166.989	22
167.025	23
167.05	20
167.075	28
167.1	28
167.125	23
167.16	23
167.189	22
167.218	20
167.259	22
167.289	22
167.325	23
167.359	22
167.389	22
167.424	22
167.459	22
167.489	22
167.524	22
167.56	23
167.589	22
167.625	23
167.65	20
167.675	33
167.702	30
167.727	25
167.759	22
167.79	23
167.818	20
167.843	31
167.869	27
167.896	29
167.925	23
167.96	23
167.985	20
168.025	23
168.06	23
168.089	22
168.124	22
168.159	22
168.189	22
168.224	22
168.259	22
168.289	22
168.324	22
168.359	22
168.385	20
168.424	22
168.459	22
168.489	22
168.524	22
168.559	22
168.584	22
168.624	22
168.659	22
168.689	22
168.714	22
168.739	32
168.765	28
168.792	25
168.824	22
168.859	22
168.889	22
168.924	22
168.959	22
168.989	22
169.024	22
169.049	22
169.074	32
169.101	29
169.127	25
169.159	22
169.184	22
169.224	22
169.259	22
169.289	22
169.324	22
169.359	22
169.389	22
169.424	22
169.459	22
169.489	22
169.524	22
169.559	22
169.585	20
169.624	22
169.659	22
169.689	22
169.724	22
169.759	22
169.789	22
169.824	22
169.859	22
169.889	22
169.924	22
169.959	22
169.985	20
170.024	22
170.059	22
170.089	22
170.124	22
170.159	22
170.189	22
170.224	22
170.254	22
170.289	22
170.324	22
170.359	22
170.385	20
170.424	22
170.459	22
170.489	22
170.524	22
170.559	22
170.589	22
170.624	22
170.659	22
170.689	22
170.724	22
170.759	22
170.785	20
170.824	22
170.859	22
170.889	22
170.924	22
170.959	22
170.989	22
171.024	22
171.059	22
171.089	22
171.124	22
171.159	22
171.185	20
171.224	22
171.259	22
171.289	22
171.314	22
171.339	32
171.365	28
171.392	25
171.424	22
171.459	22
171.489	22
171.524	22
171.559	22
171.585	20
171.624	22
171.659	22
171.689	22
171.724	22
171.759	22
171.789	22
171.824	22
171.859	22
171.889	22
171.924	22
171.959	22
171.985	20
172.024	22
172.059	22
172.089	22
172.114	22
172.139	32
172.165	28
172.192	25
172.219	22
172.259	22
172.289	22
172.324	22
172.359	22
172.385	20
172.424	22
172.459	22
172.489	22
172.524	22
172.559	22
172.589	22
172.624	22
172.659	22
172.689	22
172.714	22
172.742	30
172.768	26
172.795	28
172.824	22
172.859	22
172.889	22
172.924	22
172.959	22
172.989	22
173.024	22
173.062	25
173.092	25
173.124	22
173.159	22
173.185	20
173.224	22
173.259	22
173.289	22
173.327	25
173.359	22
173.389	22
173.424	22
173.459	22
173.489	22
173.524	22
173.559	22
173.585	20
173.624	22
173.659	22
173.689	22
173.724	22
173.762	25
173.789	22
173.824	22
173.859	22
173.889	22
173.924	22
173.959	22
173.985	20
174.024	22
174.059	22
174.089	22
174.124	22
174.159	22
174.189	22
174.224	22
174.259	22
174.289	22
174.324	22
174.359	22
174.385	20
174.424	22
174.459	22
174.489	22
174.524	22
174.559	22
174.589	22
174.624	22
174.659	22
174.689	22
174.724	22
174.759	22
174.785	20
174.824	22
174.86	23
174.89	23
174.925	23
174.96	23
174.99	23
175.024	22
175.059	22
175.089	22
175.124	22
175.159	22
175.185	20
175.214	22
175.239	32
175.265	28
175.292	25
175.324	22
175.359	22
175.389	22
175.424	22
175.459	22
175.489	22
175.524	22
175.559	22
175.585	20
175.61	33
175.636	29
175.662	25
175.689	22
175.724	22
175.759	22
175.789	22
175.819	22
175.859	22
175.889	22
175.924	22
175.959	22
175.985	20
176.024	22
176.059	22
176.089	22
176.124	22
176.159	22
176.189	22
176.224	22
176.259	22
176.289	22
176.324	22
176.359	22
176.385	20
176.424	22
176.459	22
176.489	22
176.524	22
176.554	22
176.589	22
176.624	22
176.659	22
176.689	22
176.724	22
176.759	22
176.785	20
176.824	22
176.859	22
176.889	22
176.924	22
176.959	22
176.989	22
177.024	22
177.059	22
177.089	22
177.124	22
177.159	22
177.185	20
177.224	22
177.259	22
177.289	22
177.324	22
177.359	22
177.389	22
177.424	22
177.459	22
177.489	22
177.524	22
177.559	22
177.585	20
177.624	22
177.659	22
177.689	22
177.724	22
177.759	22
177.789	22
177.824	22
177.859	22
177.889	22
177.924	22
177.959	22
177.985	20
178.024	22
178.059	22
178.089	22
178.124	22
178.159	22
178.189	22
178.214	22
178.239	32
178.265	28
178.292	25
178.324	22
178.359	22
178.385	20
178.414	22
178.439	32
178.465	28
178.492	25
178.524	22
178.559	22
178.589	22
178.624	22
178.659	22
178.689	22
178.724	22
178.759	22
178.785	20
178.824	22
178.859	22
178.889	22
178.924	22
178.949	22
178.974	32
179.001	29
179.027	25
179.059	22
179.089	22
179.124	22
179.159	22
179.185	20
179.224	22
179.259	22
179.289	22
179.324	22
179.359	22
179.389	22
179.419	22
179.459	22
179.489	22
179.527	25
179.559	22
179.585	20
179.624	22
179.659	22
179.689	22
179.724	22
179.759	22
179.789	22
179.824	22
179.859	22
179.889	22
179.924	22
179.954	22
179.985	20
180.024	22
180.059	22
180.089	22
180.124	22
180.159	22
180.189	22
180.224	22
180.259	22
180.289	22
180.324	22
180.359	22
180.385	20
180.424	22
180.459	22
180.489	22
180.524	22
180.559	22
180.589	22
180.624	22
180.659	22
180.689	22
180.724	22
180.759	22
180.785	20
180.824	22
180.859	22
180.889	22
180.924	22
180.959	22
180.989	22
181.025	23
181.06	23
181.09	23
181.125	23
181.16	23
181.185	20
181.215	23
181.242	30
181.268	26
181.295	28
181.324	22
181.359	22
181.389	22
181.424	22
181.459	22
181.492	25
181.527	25
181.559	22
181.584	22
181.624	22
181.659	22
181.689	22
181.724	22
181.759	22
181.789	22
181.824	22
181.859	22
181.889	22
181.924	22
181.959	22
181.985	20
182.024	22
182.059	22
182.089	22
182.124	22
182.159	22
182.189	22
182.224	22
182.259	22
182.289	22
182.324	22
182.359	22
182.385	20
182.414	22
182.439	32
182.465	28
182.492	25
182.519	22
182.545	20
182.571	29
182.598	26
182.624	22
182.659	22
182.689	22
182.724	22
182.759	22
182.785	20
182.824	22
182.859	22
182.889	22
182.924	22
182.959	22
182.989	22
183.024	22
183.059	22
183.089	22
183.124	22
183.159	22
183.185	20
183.224	22
183.259	22
183.289	22
183.324	22
183.359	22
183.389	22
183.424	22
183.449	22
183.489	22
183.524	22
183.554	22
183.585	20
183.624	22
183.654	22
183.689	22
183.724	22
183.754	22
183.789	22
183.824	22
183.854	22
183.889	22
183.924	22
183.954	22
183.985	20
184.01	33
184.036	29
184.063	26
184.089	22
184.124	22
184.154	22
184.192	25
184.224	22
184.254	22
184.289	22
184.314	22
184.339	32
184.366	29
184.392	25
184.424	22
184.454	22
184.489	22
184.524	22
184.554	22
184.589	22
184.624	22
184.654	22
184.689	22
184.724	22
184.757	25
184.785	20
184.81	28
184.836	29
184.863	26
184.889	22
184.914	22
184.939	32
184.966	29
184.992	25
185.024	22
185.054	22
185.089	22
185.127	25
185.157	25
185.185	20
185.21	28
185.236	29
185.263	26
185.289	22
185.324	22
185.354	22
185.389	22
185.424	22
185.454	22
185.484	22
185.524	22
185.554	22
185.585	20
185.624	22
185.654	22
185.689	22
185.724	22
185.754	22
185.789	22
185.824	22
185.857	25
185.889	22
185.924	22
185.954	22
185.985	20
186.024	22
186.054	22
186.084	22
186.124	22
186.154	22
186.189	22
186.224	22
186.254	22
186.289	22
186.324	22
186.354	22
186.385	20
186.424	22
186.454	22
186.489	22
186.524	22
186.554	22
186.589	22
186.624	22
186.654	22
186.689	22
186.724	22
186.754	22
186.785	20
186.824	22
186.854	22
186.889	22
186.924	22
186.954	22
186.989	22
187.024	22
187.054	22
187.089	22
187.125	23
187.155	23
187.19	23
187.225	23
187.255	23
187.29	23
187.32	23
187.345	20
187.372	30
187.398	26
187.424	22
187.454	22
187.489	22
187.524	22
187.554	22
187.585	20
187.624	22
187.649	22
187.689	22
187.724	22
187.754	22
187.789	22
187.824	22
187.854	22
187.889	22
187.924	22
187.954	22
187.989	22
188.024	22
188.054	22
188.089	22
188.124	22
188.154	22
188.189	22
188.219	22
188.254	22
188.289	22
188.324	22
188.354	22
188.385	20
188.424	22
188.454	22
188.489	22
188.524	22
188.554	22
188.589	22
188.624	22
188.654	22
188.689	22
188.724	22
188.754	22
188.785	20
188.824	22
188.854	22
188.879	22
188.904	32
188.93	28
188.957	25
188.989	22
189.024	22
189.054	22
189.089	22
189.124	22
189.154	22
189.185	20
189.21	23
189.236	29
189.263	26
189.289	22
189.324	22
189.354	22
189.389	22
189.424	22
189.454	22
189.489	22
189.524	22
189.554	22
189.585	20
189.624	22
189.654	22
189.689	22
189.724	22
189.754	22
189.789	22
189.824	22
189.854	22
189.892	25
189.924	22
189.954	22
189.985	20
190.024	22
190.054	22
190.089	22
190.124	22
190.154	22
190.189	22
190.224	22
190.254	22
190.279	22
190.304	32
190.33	28
190.357	25
190.385	20
190.424	22
190.454	22
190.492	25
190.524	22
190.554	22
190.589	22
190.624	22
190.654	22
190.689	22
190.724	22
190.754	22
190.784	22
190.824	22
190.849	22
190.889	22
190.924	22
190.954	22
190.989	22
191.024	22
191.054	22
191.092	25
191.124	22
191.154	22
191.184	22
191.224	22
191.254	22
191.289	22
191.324	22
191.354	22
191.389	22
191.424	22
191.454	22
191.489	22
191.524	22
191.554	22
191.585	20
191.624	22
191.654	22
191.689	22
191.724	22
191.754	22
191.789	22
191.824	22
191.854	22
191.889	22
191.924	22
191.954	22
191.985	20
192.024	22
192.054	22
192.089	22
192.124	22
192.154	22
192.189	22
192.224	22
192.254	22
192.289	22
192.324	22
192.354	22
192.385	20
192.424	22
192.454	22
192.489	22
192.524	22
192.554	22
192.589	22
192.625	23
192.655	23
192.69	23
192.725	23
192.755	23
192.785	20
192.825	23
192.855	23
192.89	23
192.924	22
192.957	25
192.989	22
193.024	22
193.054	22
193.089	22
193.124	22
193.154	22
193.185	20
193.224	22
193.254	22
193.289	22
193.324	22
193.354	22
193.389	22
193.424	22
193.454	22
193.489	22
193.524	22
193.554	22
193.585	20
193.627	25
193.654	22
193.689	22
193.724	22
193.754	22
193.789	22
193.827	25
193.854	22
193.889	22
193.924	22
193.954	22
193.985	20
194.024	22
194.054	22
194.089	22
194.124	22
194.154	22
194.189	22
194.224	22
194.254	22
194.289	22
194.324	22
194.354	22
194.385	20
194.424	22
194.454	22
194.489	22
194.524	22
194.554	22
194.589	22
194.624	22
194.654	22
194.689	22
194.724	22
194.754	22
194.785	20
194.824	22
194.854	22
194.889	22
194.924	22
194.954	22
194.989	22
195.024	22
195.054	22
195.089	22
195.124	22
195.154	22
195.185	20
195.224	22
195.254	22
195.289	22
195.324	22
195.354	22
195.389	22
195.424	22
195.454	22
195.489	22
195.524	22
195.554	22
195.585	20
195.624	22
195.654	22
195.689	22
195.724	22
195.754	22
195.789	22
195.824	22
195.854	22
195.889	22
195.924	22
195.954	22
195.985	20
196.024	22
196.054	22
196.089	22
196.124	22
196.154	22
196.189	22
196.224	22
196.254	22
196.289	22
196.314	22
196.339	32
196.366	29
196.392	25
196.424	22
196.454	22
196.489	22
196.514	22
196.539	32
196.566	29
196.592	25
196.624	22
196.654	22
196.689	22
196.724	22
196.754	22
196.785	20
196.824	22
196.854	22
196.889	22
196.924	22
196.954	22
196.989	22
197.024	22
197.054	22
197.089	22
197.124	22
197.154	22
197.185	20
197.224	22
197.254	22
197.289	22
197.324	22
197.354	22
197.389	22
197.424	22
197.454	22
197.489	22
197.524	22
197.554	22
197.585	20
197.624	22
197.654	22
197.689	22
197.724	22
197.754	22
197.789	22
197.824	22
197.854	22
197.889	22
197.924	22
197.954	22
197.985	20
198.01	23
198.036	29
198.063	26
198.089	22
198.124	22
198.154	22
198.184	22
198.214	22
198.239	32
198.266	29
198.292	25
198.324	22
198.354	22
198.385	20
198.424	22
198.454	22
198.489	22
198.524	22
198.554	22
198.589	22
198.614	22
198.639	32
198.666	29
198.692	25
198.724	22
198.754	22
198.785	20
198.824	22
198.854	22
198.889	22
198.924	22
198.954	22
198.989	22
199.024	22
199.054	22
199.089	22
199.124	22
199.154	22
199.185	20
199.224	22
199.254	22
199.292	25
199.324	22
199.354	22
199.389	22
199.419	22
199.454	22
199.489	22
199.527	25
199.554	22
199.585	20
199.624	22
199.654	22
199.684	22
199.724	22
199.749	22
199.789	22
199.814	22
199.839	32
199.866	29
199.892	25
199.924	22
199.954	22
199.985	20
200.024	22
200.054	22
200.089	22
200.124	22
200.154	22
200.189	22
200.224	22
200.254	22
200.289	22
200.324	22
200.354	22
200.385	20
200.424	22
200.454	22
200.489	22
200.524	22
200.554	22
200.592	25
200.624	22
200.654	22
200.679	22
200.704	32
200.73	28
200.757	25
200.785	20
200.824	22
200.854	22
200.889	22
200.924	22
200.954	22
200.989	22
201.024	22
201.054	22
201.089	22
201.124	22
201.154	22
201.185	20
201.224	22
201.254	22
201.279	22
201.304	32
201.33	28
201.357	25
201.389	22
201.424	22
201.454	22
201.489	22
201.524	22
201.554	22
201.585	20
201.624	22
201.654	22
201.689	22
201.724	22
201.754	22
201.789	22
201.824	22
201.854	22
201.889	22
201.924	22
201.954	22
201.985	20
202.019	22
202.054	22
202.089	22
202.124	22
202.154	22
202.189	22
202.224	22
202.254	22
202.289	22
202.324	22
202.354	22
202.385	20
202.424	22
202.454	22
202.489	22
202.524	22
202.554	22
202.589	22
202.624	22
202.654	22
202.689	22
202.724	22
202.754	22
202.785	20
202.824	22
202.854	22
202.889	22
202.924	22
202.954	22
202.989	22
203.024	22
203.054	22
203.089	22
203.124	22
203.154	22
203.185	20
203.224	22
203.254	22
203.289	22
203.324	22
203.354	22
203.389	22
203.415	23
203.44	33
203.466	29
203.492	25
203.524	22
203.554	22
203.585	20
203.624	22
203.654	22
203.689	22
203.724	22
203.754	22
203.789	22
203.824	22
203.854	22
203.889	22
203.924	22
203.954	22
203.985	20
204.024	22
204.054	22
204.089	22
204.124	22
204.154	22
204.189	22
204.224	22
204.254	22
204.289	22
204.319	22
204.354	22
204.385	20
204.41	33
204.436	29
204.463	26
204.489	22
204.524	22
204.554	22
204.589	22
204.624	22
204.654	22
204.689	22
204.724	22
204.754	22
204.785	20
204.824	22
204.854	22
204.889	22
204.924	22
204.954	22
204.984	22
205.024	22
205.054	22
205.089	22
205.124	22
205.154	22
205.185	20
205.224	22
205.254	22
205.289	22
205.324	22
205.354	22
205.389	22
205.427	25
205.454	22
205.489	22
205.524	22
205.554	22
205.585	20
205.624	22
205.654	22
205.689	22
205.724	22
205.754	22
205.789	22
205.824	22
205.854	22
205.889	22
205.924	22
205.957	25
205.985	20
206.01	28
206.036	29
206.063	26
206.089	22
206.124	22
206.154	22
206.189	22
206.224	22
206.254	22
206.289	22
206.324	22
206.354	22
206.385	20
206.424	22
206.454	22
206.489	22
206.524	22
206.557	25
206.589	22
206.624	22
206.654	22
206.689	22
206.724	22
206.754	22
206.785	20
206.824	22
206.849	22
206.889	22
206.924	22
206.954	22
206.989	22
207.024	22
207.049	22
207.089	22
207.124	22
207.154	22
207.185	20
207.21	33
207.236	29
207.263	26
207.289	22
207.324	22
207.354	22
207.389	22
207.424	22
207.454	22
207.489	22
207.524	22
207.554	22
207.585	20
207.624	22
207.654	22
207.689	22
207.724	22
207.754	22
207.789	22
207.824	22
207.854	22
207.889	22
207.924	22
207.954	22
207.985	20
208.024	22
208.054	22
208.089	22
208.119	22
208.145	20
208.172	30
208.198	26
208.224	22
208.254	22
208.289	22
208.324	22
208.354	22
208.385	20
208.424	22
208.454	22
208.489	22
208.524	22
208.554	22
208.592	25
208.624	22
208.654	22
208.689	22
208.724	22
208.754	22
208.785	20
208.824	22
208.854	22
208.889	22
208.924	22
208.954	22
208.989	22
209.024	22
209.054	22
209.089	22
209.124	22
209.154	22
209.185	20
209.224	22
209.254	22
209.289	22
209.324	22
209.354	22
209.379	22
209.404	32
209.43	28
209.457	25
209.489	22
209.524	22
209.554	22
209.585	20
209.61	23
209.636	29
209.663	26
209.689	22
209.724	22
209.754	22
209.789	22
209.824	22
209.857	25
209.889	22
209.924	22
209.954	22
209.985	20
210.024	22
210.054	22
210.089	22
210.124	22
210.154	22
210.189	22
210.224	22
210.249	22
210.289	22
210.324	22
210.354	22
210.385	20
210.424	22
210.454	22
210.489	22
210.524	22
210.554	22
210.589	22
210.624	22
210.654	22
210.679	22
210.704	32
210.73	28
210.757	25
210.785	20
210.824	22
210.854	22
210.889	22
210.924	22
210.954	22
210.989	22
211.024	22
211.054	22
211.089	22
211.124	22
211.154	22
211.185	20
211.224	22
211.254	22
211.289	22
211.324	22
211.354	22
211.389	22
211.424	22
211.449	22
211.489	22
211.524	22
211.554	22
211.585	20
211.624	22
211.654	22
211.689	22
211.724	22
211.754	22
211.789	22
211.824	22
211.854	22
211.889	22
211.924	22
211.954	22
211.985	20
212.024	22
212.054	22
212.084	22
212.124	22
212.154	22
212.189	22
212.224	22
212.254	22
212.289	22
212.324	22
212.354	22
212.385	20
212.424	22
212.454	22
212.489	22
212.524	22
212.557	25
212.589	22
212.627	25
212.654	22
212.689	22
212.724	22
212.754	22
212.785	20
212.824	22
212.854	22
212.889	22
212.924	22
212.954	22
212.989	22
213.024	22
213.054	22
213.089	22
213.124	22
213.149	22
213.185	20
213.219	22
213.254	22
213.292	25
213.324	22
213.354	22
213.389	22
213.424	22
213.449	22
213.489	22
213.524	22
213.554	22
213.585	20
213.624	22
213.654	22
213.689	22
213.724	22
213.754	22
213.779	22
213.804	32
213.83	28
213.857	25
213.889	22
213.924	22
213.954	22
213.985	20
214.024	22
214.054	22
214.089	22
214.124	22
214.154	22
214.189	22
214.224	22
214.254	22
214.289	22
214.324	22
214.354	22
214.385	20
214.424	22
214.454	22
214.489	22
214.524	22
214.554	22
214.589	22
214.624	22
214.654	22
214.689	22
214.727	25
214.754	22
214.785	20
214.824	22
214.854	22
214.889	22
214.927	25
214.954	22
214.989	22
215.024	22
215.054	22
215.079	22
215.104	32
215.13	28
215.157	25
215.185	20
215.224	22
215.254	22
215.289	22
215.324	22
215.354	22
215.389	22
215.424	22
215.454	22
215.489	22
215.524	22
215.554	22
215.585	20
215.624	22
215.654	22
215.689	22
215.724	22
215.754	22
215.789	22
215.824	22
215.854	22
215.889	22
215.924	22
215.954	22
215.985	20
216.024	22
216.054	22
216.089	22
216.114	22
216.139	32
216.166	29
216.192	25
216.224	22
216.254	22
216.289	22
216.324	22
216.349	22
216.385	20
216.424	22
216.454	22
216.489	22
216.514	22
216.539	32
216.566	29
216.592	25
216.624	22
216.654	22
216.689	22
216.724	22
216.754	22
216.784	20
216.824	22
216.854	22
216.889	22
216.924	22
216.949	22
216.989	22
217.024	22
217.054	22
217.089	22
217.124	22
217.154	22
217.184	20
217.224	22
217.254	22
217.289	22
217.324	22
217.354	22
217.389	22
217.424	22
217.454	22
217.489	22
217.524	22
217.554	22
217.584	20
217.624	22
217.654	22
217.689	22
217.724	22
217.754	22
217.789	22
217.824	22
217.854	22
217.889	22
217.924	22
217.954	22
217.984	20
218.025	23
218.055	23
218.09	23
218.125	23
218.155	23
218.19	23
218.225	23
218.255	23
218.29	23
218.328	26
218.355	23
218.384	20
218.424	22
218.454	22
218.489	22
218.524	22
218.554	22
218.589	22
218.624	22
218.654	22
218.689	22
218.724	22
218.754	22
218.784	20
218.824	22
218.854	22
218.889	22
218.924	22
218.954	22
218.989	22
219.015	23
219.04	33
219.069	32
219.095	28
219.124	22
219.154	22
219.184	20
219.224	22
219.254	22
219.279	22
219.304	32
219.33	28
219.357	25
219.389	22
219.424	22
219.454	22
219.489	22
219.524	22
219.554	22
219.584	20
219.624	22
219.654	22
219.689	22
219.714	22
219.739	32
219.766	29
219.792	25
219.824	22
219.854	22
219.889	22
219.924	22
219.954	22
219.984	20
220.024	22
220.054	22
220.089	22
220.119	22
220.145	20
220.172	30
220.198	26
220.224	22
220.254	22
220.289	22
220.324	22
220.354	22
220.384	20
220.424	22
220.454	22
220.489	22
220.524	22
220.554	22
220.584	22
220.624	22
220.654	22
220.689	22
220.724	22
220.754	22
220.784	20
220.824	22
220.854	22
220.889	22
220.924	22
220.954	22
220.989	22
221.024	22
221.054	22
221.089	22
221.124	22
221.154	22
221.184	20
221.224	22
221.254	22
221.289	22
221.324	22
221.354	22
221.389	22
221.424	22
221.454	22
221.489	22
221.527	25
221.554	22
221.584	20
221.624	22
221.654	22
221.689	22
221.724	22
221.754	22
221.789	22
221.824	22
221.854	22
221.889	22
221.924	22
221.954	22
221.984	20
222.014	22
222.039	32
222.066	29
222.092	25
222.124	22
222.154	22
222.189	22
222.224	22
222.254	22
222.289	22
222.324	22
222.354	22
222.384	20
222.414	22
222.439	32
222.466	29
222.492	25
222.524	22
222.554	22
222.589	22
222.624	22
222.654	22
222.689	22
222.724	22
222.754	22
222.784	20
222.824	22
222.854	22
222.889	22
222.924	22
222.954	22
222.989	22
223.024	22
223.054	22
223.089	22
223.124	22
223.154	22
223.184	20
223.224	22
223.254	22
223.289	22
223.324	22
223.354	22
223.389	22
223.424	22
223.454	22
223.489	22
223.524	22
223.554	22
223.584	20
223.627	25
223.654	22
223.689	22
223.724	22
223.754	22
223.789	22
223.827	25
223.854	22
223.889	22
223.914	22
223.939	32
223.966	29
223.992	25
224.024	22
224.054	22
224.089	22
224.124	22
224.154	22
224.189	22
224.224	22
224.254	22
224.289	22
224.324	22
224.354	22
224.384	20
224.424	22
224.454	22
224.489	22
224.524	22
224.554	22
224.589	22
224.624	22
224.654	22
224.689	22
224.724	22
224.754	22
224.784	20
224.824	22
224.854	22
224.889	22
224.924	22
224.954	22
224.989	22
225.024	22
225.055	23
225.09	23
225.12	23
225.146	24
225.172	30
225.198	26
225.224	22
225.254	22
225.279	22
225.304	32
225.33	28
225.357	25
225.389	22
225.424	22
225.454	22
225.489	22
225.524	22
225.554	22
225.584	20
225.624	22
225.654	22
225.689	22
225.724	22
225.749	22
225.789	22
225.824	22
225.854	22
225.889	22
225.924	22
225.954	22
225.984	20
226.024	22
226.054	22
226.084	22
226.124	22
226.154	22
226.189	22
226.224	22
226.254	22
226.292	25
226.324	22
226.354	22
226.384	20
226.424	22
226.454	22
226.489	22
226.524	22
226.554	22
226.589	22
226.624	22
226.654	22
226.689	22
226.724	22
226.754	22
226.784	20
226.824	22
226.854	22
226.884	22
226.924	22
226.954	22
226.989	22
227.024	22
227.054	22
227.089	22
227.124	22
227.154	22
227.184	20
227.224	22
227.254	22
227.289	22
227.324	22
227.354	22
227.389	22
227.424	22
227.454	22
227.489	22
227.524	22
227.554	22
227.584	20
227.624	22
227.654	22
227.689	22
227.724	22
227.754	22
227.79	23
227.824	22
227.854	22
227.889	22
227.924	22
227.954	22
227.984	20
228.024	22
228.054	22
228.079	22
228.104	32
228.13	28
228.157	25
228.184	22
228.224	22
228.254	22
228.289	22
228.324	22
228.354	22
228.384	20
228.424	22
228.454	22
228.489	22
228.524	22
228.554	22
228.589	22
228.619	22
228.654	22
228.689	22
228.724	22
228.754	22
228.784	20
228.824	22
228.854	22
228.889	22
228.924	22
228.954	22
228.989	22
229.024	22
229.054	22
229.089	22
229.124	22
229.154	22
229.184	20
229.214	22
229.242	30
229.269	32
229.295	28
229.324	22
229.354	22
229.389	22
229.424	22
229.454	22
229.484	22
229.524	22
229.554	22
229.584	20
229.624	22
229.654	22
229.689	22
229.724	22
229.749	22
229.789	22
229.824	22
229.854	22
229.884	22
229.924	22
229.954	22
229.984	20
230.024	22
230.054	22
230.089	22
230.124	22
230.154	22
230.189	22
230.224	22
230.254	22
230.289	22
230.324	22
230.354	22
230.385	20
230.424	22
230.454	22
230.489	22
230.524	22
230.554	22
230.589	22
230.624	22
230.654	22
230.679	22
230.704	32
230.73	28
230.757	25
230.784	20
230.824	22
230.854	22
230.889	22
230.924	22
230.954	22
230.989	22
231.014	22
231.04	33
231.066	29
231.092	25
231.124	22
231.154	22
231.184	20
231.224	22
231.254	22
231.289	22
231.324	22
231.354	22
231.389	22
231.424	22
231.454	22
231.489	22
231.524	22
231.554	22
231.584	20
231.624	22
231.654	22
231.689	22
231.724	22
231.754	22
231.789	22
231.824	22
231.854	22
231.889	22
231.924	22
231.954	22
231.984	20
232.024	22
232.054	22
232.089	22
232.124	22
232.154	22
232.189	22
232.224	22
232.254	22
232.289	22
232.325	23
232.355	23
232.385	20
232.411	24
232.437	30
232.463	26
232.489	22
232.524	22
232.554	22
232.589	22
232.624	22
232.654	22
232.689	22
232.724	22
232.754	22
232.784	20
232.827	25
232.854	22
232.889	22
232.924	22
232.954	22
232.989	22
233.024	22
233.054	22
233.089	22
233.124	22
233.154	22
233.184	20
233.224	22
233.254	22
233.284	22
233.324	22
233.354	22
233.392	25
233.424	22
233.454	22
233.489	22
233.524	22
233.554	22
233.584	20
233.624	22
233.654	22
233.689	22
233.724	22
233.754	22
233.789	22
233.814	22
233.839	32
233.866	29
233.892	25
233.919	22
233.954	22
233.984	20
234.024	22
234.057	25
234.089	22
234.124	22
234.154	22
234.189	22
234.224	22
234.254	22
234.289	22
234.324	22
234.354	22
234.384	20
234.424	22
234.454	22
234.489	22
234.524	22
234.554	22
234.584	22
234.624	22
234.654	22
234.689	22
234.724	22
234.754	22
234.784	20
234.824	22
234.854	22
234.889	22
234.924	22
234.954	22
234.989	22
235.024	22
235.054	22
235.089	22
235.124	22
235.154	22
235.184	20
235.224	22
235.254	22
235.289	22
235.324	22
235.354	22
235.389	22
235.424	22
235.454	22
235.489	22
235.524	22
235.554	22
235.584	20
235.624	22
235.654	22
235.689	22
235.724	22
235.754	22
235.779	22
235.804	32
235.83	28
235.857	25
235.889	22
235.924	22
235.954	22
235.984	20
236.024	22
236.054	22
236.089	22
236.124	22
236.154	22
236.189	22
236.224	22
236.254	22
236.289	22
236.324	22
236.354	22
236.384	20
236.424	22
236.454	22
236.489	22
236.524	22
236.554	22
236.589	22
236.624	22
236.654	22
236.689	22
236.715	23
236.742	30
236.769	32
236.795	28
236.824	22
236.854	22
236.889	22
236.924	22
236.954	22
236.992	25
237.024	22
237.054	22
237.084	22
237.124	22
237.154	22
237.184	20
237.224	22
237.254	22
237.289	22
237.314	22
237.339	32
237.366	29
237.392	25
237.424	22
237.454	22
237.484	22
237.524	22
237.554	22
237.584	20
237.627	25
237.654	22
237.684	22
237.724	22
237.754	22
237.789	22
237.818	20
237.854	22
237.889	22
237.93	28
237.957	25
237.989	22
238.024	22
238.057	25
238.089	22
238.114	22
238.139	32
238.166	29
238.192	25
238.224	22
238.254	22
238.289	22
238.324	22
238.354	22
238.389	22
238.424	22
238.454	22
238.489	22
238.524	22
238.554	22
238.589	22
238.614	22
238.639	32
238.666	29
238.692	25
238.724	22
238.754	22
238.789	22
238.814	22
238.839	32
238.866	29
238.892	25
238.924	22
238.954	22
238.989	22
239.015	20
239.042	30
239.069	32
239.095	28
239.127	25
239.157	25
239.189	22
239.224	22
239.254	22
239.289	22
239.324	22
239.354	22
239.384	22
239.415	20
239.454	22
239.489	22
239.524	22
239.554	22
239.589	22
239.624	22
239.654	22
239.689	22
239.724	22
239.754	22
239.789	22
239.815	20
239.842	30
239.869	32
239.895	28
239.924	22
239.954	22
239.989	22
240.024	22
240.054	22
240.089	22
240.124	22
240.154	22
240.189	22
240.215	20
240.242	30
240.269	32
240.295	28
240.327	25
240.354	22
240.389	22
240.424	22
240.454	22
240.489	22
240.524	22
240.554	22
240.589	22
240.615	20
240.642	30
240.669	32
240.695	28
240.724	22
240.757	25
240.789	22
240.824	22
240.854	22
240.889	22
240.924	22
240.954	22
240.989	22
241.015	20
241.042	30
241.069	32
241.095	28
241.124	22
241.149	22
241.175	20
241.201	29
241.227	25
241.254	22
241.289	22
241.324	22
241.354	22
241.389	22
241.415	20
241.442	30
241.469	32
241.495	28
241.524	22
241.554	22
241.579	22
241.604	32
241.63	28
241.657	25
241.689	22
241.724	22
241.754	22
241.784	22
241.815	20
241.842	30
241.869	32
241.895	28
241.924	22
241.954	22
241.989	22
242.024	22
242.054	22
242.089	22
242.124	22
242.154	22
242.189	22
242.215	20
242.242	30
242.269	32
242.295	28
242.324	22
242.354	22
242.389	22
242.424	22
242.454	22
242.489	22
242.524	22
242.554	22
242.589	22
242.615	20
242.642	30
242.669	32
242.695	28
242.724	22
242.754	22
242.789	22
242.824	22
242.854	22
242.889	22
242.914	22
242.939	32
242.966	29
242.992	25
243.024	22
243.054	22
243.089	22
243.124	22
243.154	22
243.189	22
243.214	22
243.239	32
243.266	29
243.292	25
243.324	22
243.354	22
243.389	22
243.424	22
243.454	22
243.489	22
243.524	22
243.554	22
243.589	22
243.624	22
243.654	22
243.689	22
243.724	22
243.754	22
243.789	22
243.815	20
243.842	30
243.869	32
243.895	28
243.924	22
243.954	22
243.989	22
244.024	22
244.054	22
244.089	22
244.124	22
244.154	22
244.189	22
244.215	20
244.242	30
244.269	32
244.295	28
244.324	22
244.349	22
244.375	20
244.401	29
244.427	25
244.454	22
244.489	22
244.524	22
244.554	22
244.589	22
244.615	20
244.642	30
244.669	32
244.695	28
244.724	22
244.754	22
244.789	22
244.824	22
244.854	22
244.889	22
244.924	22
244.954	22
244.989	22
245.015	20
245.042	30
245.069	32
245.095	28
245.124	22
245.154	22
245.189	22
245.224	22
245.254	22
245.289	22
245.324	22
245.354	22
245.389	22
245.415	20
245.44	33
245.467	30
245.493	26
245.525	23
245.555	23
245.59	23
245.625	23
245.655	23
245.69	23
245.725	23
245.755	23
245.79	23
245.815	20
245.84	33
245.867	30
245.893	26
245.925	23
245.955	23
245.99	23
246.025	23
246.055	23
246.093	26
246.125	23
246.154	22
246.189	22
246.215	20
246.242	30
246.269	32
246.295	28
246.324	22
246.354	22
246.389	22
246.424	22
246.454	22
246.489	22
246.524	22
246.549	22
246.589	22
246.615	20
246.642	30
246.669	32
246.695	28
246.724	22
246.757	25
246.789	22
246.824	22
246.854	22
246.889	22
246.914	22
246.939	32
246.966	29
246.992	25
247.024	22
247.057	25
247.089	22
247.124	22
247.154	22
247.189	22
247.224	22
247.254	22
247.289	22
247.324	22
247.354	22
247.389	22
247.415	20
247.442	30
247.469	32
247.495	28
247.524	22
247.554	22
247.589	22
247.624	22
247.654	22
247.689	22
247.724	22
247.754	22
247.789	22
247.815	20
247.842	30
247.869	32
247.895	28
247.924	22
247.954	22
247.984	22
248.024	22
248.049	22
248.089	22
248.124	22
248.154	22
248.189	22
248.215	20
248.242	30
248.269	32
248.298	26
248.324	22
248.354	22
248.384	22
248.424	22
248.454	22
248.489	22
248.524	22
248.554	22
248.589	22
248.615	20
248.642	30
248.669	32
248.695	28
248.724	22
248.754	22
248.789	22
248.824	22
248.854	22
248.879	22
248.904	32
248.93	28
248.957	25
248.989	22
249.015	20
249.042	30
249.069	32
249.095	28
249.124	22
249.157	25
249.189	22
249.224	22
249.254	22
249.289	22
249.324	22
249.354	22
249.389	22
249.415	20
249.442	30
249.469	32
249.495	28
249.524	22
249.554	22
249.589	22
249.624	22
249.654	22
249.689	22
249.724	22
249.754	22
249.789	22
249.815	20
249.842	30
249.869	32
249.895	28
249.924	22
249.954	22
249.989	22
250.024	22
250.054	22
250.089	22
250.124	22
250.154	22
250.189	22
250.215	20
250.242	30
250.269	32
250.295	28
250.324	22
250.357	25
250.389	22
250.424	22
250.454	22
250.489	22
250.519	22
250.554	22
250.589	22
250.615	20
250.642	30
250.669	32
250.695	28
250.724	22
250.754	22
250.789	22
250.824	22
250.854	22
250.889	22
250.924	22
250.954	22
250.989	22
251.015	20
251.042	30
251.069	32
251.095	28
251.124	22
251.154	22
251.189	22
251.224	22
251.254	22
251.289	22
251.324	22
251.354	22
251.389	22
251.415	20
251.442	30
251.469	32
251.495	28
251.524	22
251.554	22
251.584	22
251.624	22
251.654	22
251.689	22
251.724	22
251.754	22
251.789	22
251.815	20
251.842	30
251.869	32
251.895	28
251.924	22
251.957	25
251.989	22
252.024	22
252.054	22
252.089	22
252.124	22
252.154	22
252.189	22
252.215	20
252.242	30
252.269	32
252.295	28
252.324	22
252.354	22
252.389	22
252.424	22
252.454	22
252.489	22
252.524	22
252.554	22
252.589	22
252.615	20
252.642	30
252.669	32
252.695	28
252.724	22
252.754	22
252.789	22
252.824	22
252.854	22
252.889	22
252.924	22
252.954	22
252.989	22
253.015	20
253.042	30
253.069	32
253.095	28
253.124	22
253.154	22
253.189	22
253.224	22
253.254	22
253.289	22
253.324	22
253.357	25
253.389	22
253.415	20
253.442	30
253.469	32
253.495	28
253.524	22
253.549	22
253.575	20
253.601	29
253.627	25
253.657	25
253.689	22
253.719	22
253.754	22
253.789	22
253.815	20
253.842	30
253.869	32
253.895	28
253.924	22
253.954	22
253.989	22
254.024	22
254.054	22
254.089	22
254.124	22
254.154	22
254.189	22
254.215	20
254.242	30
254.269	32
254.295	28
254.324	22
254.349	22
254.375	20
254.401	29
254.427	25
254.454	22
254.489	22
254.524	22
254.554	22
254.589	22
254.615	20
254.642	30
254.669	32
254.695	28
254.724	22
254.754	22
254.789	22
254.824	22
254.854	22
254.889	22
254.924	22
254.954	22
254.989	22
255.015	20
255.042	30
255.069	32
255.095	28
255.124	22
255.154	22
255.189	22
255.224	22
255.254	22
255.289	22
255.324	22
255.354	22
255.389	22
255.414	22
255.439	32
255.466	29
255.492	25
255.524	22
255.554	22
255.589	22
255.624	22
255.654	22
255.689	22
255.724	22
255.754	22
255.789	22
255.815	20
255.842	30
255.869	32
255.895	28
255.927	25
255.954	22
255.979	22
256.004	32
256.03	28
256.057	25
256.089	22
256.124	22
256.154	22
256.189	22
256.215	20
256.242	30
256.269	32
256.295	28
256.324	22
256.354	22
256.389	22
256.424	22
256.454	22
256.489	22
256.524	22
256.554	22
256.589	22
256.615	20
256.642	30
256.669	32
256.695	28
256.724	22
256.754	22
256.789	22
256.824	22
256.854	22
256.889	22
256.924	22
256.954	22
256.989	22
257.014	22
257.039	32
257.066	29
257.092	25
257.124	22
257.154	22
257.189	22
257.224	22
257.254	22
257.289	22
257.324	22
257.354	22
257.389	22
257.415	20
257.442	30
257.469	32
257.495	28
257.527	25
257.554	22
257.589	22
257.624	22
257.654	22
257.689	22
257.714	22
257.739	32
257.766	29
257.792	25
257.819	22
257.845	28
257.872	30
257.898	26
257.93	28
257.957	25
257.989	22
258.024	22
258.054	22
258.089	22
258.124	22
258.154	22
258.189	22
258.215	20
258.242	30
258.269	32
258.295	28
258.324	22
258.354	22
258.389	22
258.424	22
258.454	22
258.489	22
258.524	22
258.554	22
258.589	22
258.615	20
258.642	30
258.669	32
258.695	28
258.724	22
258.754	22
258.789	22
258.824	22
258.854	22
258.889	22
258.924	22
258.954	22
258.989	22
259.015	20
259.042	30
259.069	32
259.095	28
259.124	22
259.154	22
259.18	20
259.207	30
259.234	27
259.261	29
259.29	23
259.325	23
259.355	23
259.39	23
259.42	20
259.454	22
259.489	22
259.524	22
259.554	22
259.58	20
259.607	30
259.633	26
259.66	28
259.689	22
259.724	22
259.754	22
259.784	22
259.82	20
259.854	22
259.889	22
259.924	22
259.954	22
259.98	20
260.007	30
260.033	26
260.06	28
260.089	22
260.124	22
260.154	22
260.189	22
260.22	20
260.254	22
260.289	22
260.324	22
260.354	22
260.38	20
260.407	30
260.433	26
260.46	28
260.489	22
260.524	22
260.554	22
260.589	22
260.62	20
260.654	22
260.689	22
260.724	22
260.754	22
260.78	20
260.807	30
260.834	27
260.861	29
260.89	23
260.925	23
260.955	23
260.99	23
261.02	20
261.046	29
261.072	30
261.098	26
261.124	22
261.154	22
261.18	20
261.207	30
261.233	26
261.26	28
261.289	22
261.324	22
261.354	22
261.389	22
261.414	22
261.439	32
261.466	29
261.492	25
261.524	22
261.554	22
261.58	20
261.607	30
261.633	26
261.66	28
261.689	22
261.724	22
261.754	22
261.792	25
261.817	20
261.842	30
261.869	32
261.895	28
261.924	22
261.954	22
261.989	22
262.024	22
262.051	20
262.089	22
262.124	22
262.154	22
262.189	22
262.224	22
262.254	22
262.289	22
262.324	22
262.354	22
262.389	22
262.414	22
262.439	32
262.466	29
262.492	25
262.524	22
262.554	22
262.589	22
262.624	22
262.654	22
262.689	22
262.724	22
262.754	22
262.789	22
262.824	22
262.85	20
262.889	22
262.924	22
262.954	22
262.989	22
263.024	22
263.054	22
263.089	22
263.124	22
263.154	22
263.189	22
263.224	22
263.25	20
263.289	22
263.324	22
263.354	22
263.389	22
263.424	22
263.454	22
263.489	22
263.525	23
263.555	23
263.59	23
263.625	23
263.65	20
263.69	23
263.725	23
263.755	23
263.79	23
263.825	23
263.855	23
263.89	23
263.915	23
263.94	33
263.966	29
263.992	25
264.024	22
264.05	20
264.089	22
264.127	25
264.154	22
264.189	22
264.224	22
264.254	22
264.289	22
264.324	22
264.354	22
264.389	22
264.414	22
264.439	32
264.466	29
264.492	25
264.524	22
264.554	22
264.589	22
264.624	22
264.654	22
264.689	22
264.724	22
264.754	22
264.789	22
264.824	22
264.85	20
264.889	22
264.924	22
264.954	22
264.989	22
265.024	22
265.054	22
265.089	22
265.124	22
265.154	22
265.189	22
265.224	22
265.25	20
265.289	22
265.324	22
265.354	22
265.389	22
265.424	22
265.454	22
265.489	22
265.524	22
265.554	22
265.589	22
265.624	22
265.65	20
265.689	22
265.724	22
265.754	22
265.789	22
265.824	22
265.854	22
265.889	22
265.924	22
265.954	22
265.989	22
266.024	22
266.05	20
266.089	22
266.124	22
266.154	22
266.189	22
266.224	22
266.254	22
266.289	22
266.324	22
266.354	22
266.389	22
266.424	22
266.45	20
266.489	22
266.524	22
266.554	22
266.589	22
266.624	22
266.654	22
266.689	22
266.724	22
266.754	22
266.795	28
266.824	22
266.85	20
266.889	22
266.924	22
266.954	22
266.989	22
267.024	22
267.054	22
267.089	22
267.124	22
267.154	22
267.189	22
267.224	22
267.25	20
267.292	25
267.324	22
267.354	22
267.389	22
267.424	22
267.454	22
267.489	22
267.524	22
267.554	22
267.589	22
267.624	22
267.65	20
267.689	22
267.724	22
267.754	22
267.789	22
267.824	22
267.854	22
267.889	22
267.924	22
267.954	22
267.984	22
268.024	22
268.05	20
268.092	25
268.124	22
268.154	22
268.189	22
268.214	22
268.239	32
268.266	29
268.292	25
268.324	22
268.354	22
268.389	22
268.424	22
268.45	20
268.489	22
268.524	22
268.554	22
268.589	22
268.624	22
268.654	22
268.689	22
268.724	22
268.749	22
268.789	22
268.824	22
268.85	20
268.889	22
268.924	22
268.954	22
268.989	22
269.024	22
269.054	22
269.089	22
269.114	22
269.139	32
269.166	29
269.192	25
269.224	22
269.25	20
269.292	25
269.324	22
269.354	22
269.389	22
269.424	22
269.454	22
269.489	22
269.524	22
269.554	22
269.589	22
269.624	22
269.65	20
269.689	22
269.724	22
269.754	22
269.784	22
269.81	20
269.836	29
269.863	26
269.889	22
269.924	22
269.954	22
269.984	22
270.024	22
270.05	20
270.089	22
270.124	22
270.154	22
270.189	22
270.224	22
270.254	22
270.289	22
270.324	22
270.354	22
270.389	22
270.424	22
270.454	22
270.489	22
270.524	22
270.554	22
270.589	22
270.614	22
270.639	32
270.666	29
270.692	25
270.724	22
270.754	22
270.784	22
270.824	22
270.85	20
270.889	22
270.924	22
270.957	25
270.989	22
271.024	22
271.054	22
271.089	22
271.124	22
271.154	22
271.189	22
271.224	22
271.25	20
271.289	22
271.324	22
271.354	22
271.389	22
271.424	22
271.454	22
271.489	22
271.524	22
271.554	22
271.589	22
271.624	22
271.65	20
271.689	22
271.724	22
271.754	22
271.789	22
271.824	22
271.854	22
271.889	22
271.924	22
271.949	22
271.989	22
272.024	22
272.05	20
272.089	22
272.124	22
272.154	22
272.189	22
272.224	22
272.254	22
272.289	22
272.324	22
272.354	22
272.389	22
272.424	22
272.45	20
272.489	22
272.524	22
272.554	22
272.589	22
272.624	22
272.654	22
272.689	22
272.724	22
272.754	22
272.789	22
272.824	22
272.85	20
272.889	22
272.924	22
272.954	22
272.989	22
273.025	23
273.055	23
273.09	23
273.125	23
273.154	22
273.189	22
273.224	22
273.25	20
273.289	22
273.324	22
273.354	22
273.389	22
273.414	22
273.439	32
273.466	29
273.492	25
273.524	22
273.554	22
273.589	22
273.624	22
273.65	20
273.679	22
273.704	32
273.73	28
273.757	25
273.789	22
273.824	22
273.854	22
273.889	22
273.924	22
273.954	22
273.989	22
274.024	22
274.05	20
274.075	33
274.101	29
274.127	25
274.154	22
274.189	22
274.224	22
274.254	22
274.289	22
274.324	22
274.354	22
274.389	22
274.424	22
274.45	20
274.489	22
274.524	22
274.554	22
274.589	22
274.624	22
274.657	25
274.689	22
274.724	22
274.754	22
274.792	25
274.824	22
274.85	20
274.889	22
274.924	22
274.954	22
274.984	22
275.01	20
275.036	29
275.063	26
275.089	22
275.124	22
275.154	22
275.189	22
275.224	22
275.25	20
275.289	22
275.324	22
275.354	22
275.389	22
275.424	22
275.454	22
275.489	22
275.524	22
275.554	22
275.589	22
275.624	22
275.65	20
275.689	22
275.724	22
275.754	22
275.789	22
275.827	25
275.854	22
275.889	22
275.924	22
275.954	22
275.989	22
276.024	22
276.05	20
276.09	23
276.124	22
276.154	22
276.189	22
276.224	22
276.254	22
276.289	22
276.324	22
276.354	22
276.389	22
276.427	25
276.454	22
276.489	22
276.524	22
276.554	22
276.589	22
276.624	22
276.654	22
276.689	22
276.724	22
276.754	22
276.789	22
276.824	22
276.85	20
276.889	22
276.924	22
276.954	22
276.989	22
277.024	22
277.054	22
277.089	22
277.124	22
277.154	22
277.189	22
277.224	22
277.25	20
277.289	22
277.324	22
277.354	22
277.389	22
277.424	22
277.454	22
277.492	25
277.524	22
277.554	22
277.589	22
277.624	22
277.65	20
277.689	22
277.724	22
277.754	22
277.789	22
277.824	22
277.854	22
277.889	22
277.924	22
277.949	22
277.989	22
278.024	22
278.05	20
278.089	22
278.124	22
278.154	22
278.189	22
278.224	22
278.254	22
278.289	22
278.324	22
278.354	22
278.389	22
278.424	22
278.45	20
278.489	22
278.524	22
278.554	22
278.589	22
278.624	22
278.654	22
278.689	22
278.724	22
278.754	22
278.789	22
278.824	22
278.85	20
278.884	22
278.924	22
278.954	22
278.989	22
279.024	22
279.054	22
279.089	22
279.127	25
279.154	22
279.189	22
279.224	22
279.249	22
279.289	22
279.324	22
279.354	22
279.389	22
279.424	22
279.454	22
279.489	22
279.524	22
279.554	22
279.589	22
279.624	22
279.65	20
279.689	22
279.724	22
279.754	22
279.789	22
279.824	22
279.854	22
279.889	22
279.927	25
279.954	22
279.989	22
280.024	22
280.05	20
280.089	22
280.124	22
280.154	22
280.189	22
280.224	22
280.254	22
280.289	22
280.314	22
280.339	32
280.366	29
280.392	25
280.424	22
280.45	20
280.489	22
280.527	25
280.554	22
280.589	22
280.624	22
280.654	22
280.689	22
280.724	22
280.754	22
280.789	22
280.824	22
280.85	20
280.889	22
280.924	22
280.954	22
280.984	22
281.01	20
281.036	29
281.063	26
281.089	22
281.124	22
281.154	22
281.189	22
281.224	22
281.25	20
281.289	22
281.324	22
281.354	22
281.389	22
281.419	22
281.454	22
281.489	22
281.524	22
281.554	22
281.589	22
281.624	22
281.65	20
281.689	22
281.724	22
281.754	22
281.789	22
281.824	22
281.854	22
281.889	22
281.924	22
281.954	22
281.989	22
282.024	22
282.05	20
282.089	22
282.124	22
282.154	22
282.189	22
282.224	22
282.254	22
282.289	22
282.324	22
282.354	22
282.389	22
282.414	22
282.439	32
282.466	29
282.492	25
282.524	22
282.554	22
282.579	22
282.604	32
282.63	28
282.657	25
282.689	22
282.724	22
282.754	22
282.789	22
282.824	22
282.85	20
282.879	22
282.904	32
282.93	28
282.957	25
282.989	22
283.024	22
283.054	22
283.089	22
283.124	22
283.154	22
283.189	22
283.224	22
283.25	20
283.289	22
283.324	22
283.354	22
283.389	22
283.424	22
283.454	22
283.489	22
283.524	22
283.554	22
283.589	22
283.624	22
283.654	22
283.689	22
283.724	22
283.754	22
283.789	22
283.824	22
283.854	22
283.889	22
283.924	22
283.954	22
283.989	22
284.024	22
284.05	20
284.089	22
284.127	25
284.154	22
284.189	22
284.224	22
284.254	22
284.289	22
284.324	22
284.354	22
284.389	22
284.424	22
284.45	20
284.484	22
284.524	22
284.557	25
284.589	22
284.624	22
284.654	22
284.689	22
284.724	22
284.754	22
284.789	22
284.824	22
284.85	20
284.889	22
284.924	22
284.954	22
284.989	22
285.024	22
285.054	22
285.089	22
285.124	22
285.154	22
285.189	22
285.224	22
285.25	20
285.289	22
285.324	22
285.357	25
285.389	22
285.424	22
285.454	22
285.489	22
285.524	22
285.554	22
285.589	22
285.624	22
285.65	20
285.689	22
285.724	22
285.754	22
285.789	22
285.824	22
285.854	22
285.889	22
285.924	22
285.954	22
285.989	22
286.024	22
286.05	20
286.089	22
286.124	22
286.154	22
286.189	22
286.224	22
286.254	22
286.289	22
286.324	22
286.354	22
286.389	22
286.424	22
286.45	20
286.484	22
286.524	22
286.554	22
286.584	22
286.61	20
286.636	29
286.663	26
286.689	22
286.724	22
286.757	25
286.789	22
286.824	22
286.85	20
286.889	22
286.924	22
286.954	22
286.989	22
287.024	22
287.054	22
287.089	22
287.124	22
287.154	22
287.189	22
287.224	22
287.25	20
287.289	22
287.324	22
287.357	25
287.389	22
287.424	22
287.454	22
287.489	22
287.524	22
287.549	22
287.575	25
287.601	29
287.627	25
287.654	22
287.684	22
287.71	33
287.736	29
287.763	26
287.789	22
287.824	22
287.854	22
287.889	22
287.924	22
287.954	22
287.989	22
288.024	22
288.05	20
288.075	28
288.101	29
288.127	25
288.154	22
288.189	22
288.224	22
288.254	22
288.289	22
288.324	22
288.354	22
288.389	22
288.424	22
288.45	20
288.489	22
288.524	22
288.554	22
288.589	22
288.624	22
288.654	22
288.689	22
288.724	22
288.754	22
288.789	22
288.824	22
288.85	20
288.889	22
288.914	22
288.939	32
288.966	29
288.992	25
289.024	22
289.054	22
289.089	22
289.124	22
289.154	22
289.189	22
289.219	22
289.254	22
289.289	22
289.324	22
289.354	22
289.389	22
289.427	25
289.454	22
289.489	22
289.524	22
289.554	22
289.589	22
289.624	22
289.65	20
289.689	22
289.724	22
289.749	22
289.789	22
289.814	22
289.839	32
289.866	29
289.892	25
289.924	22
289.954	22
289.989	22
290.024	22
290.05	20
290.089	22
290.124	22
290.154	22
290.189	22
290.224	22
290.254	22
290.289	22
290.324	22
290.354	22
290.389	22
290.424	22
290.45	20
290.489	22
290.524	22
290.554	22
290.589	22
290.624	22
290.654	22
290.689	22
290.724	22
290.754	22
290.789	22
290.819	22
290.854	22
290.889	22
290.924	22
290.954	22
290.989	22
291.024	22
291.054	22
291.089	22
291.124	22
291.154	22
291.185	20
291.224	22
291.254	22
291.289	22
291.324	22
291.354	22
291.389	22
291.424	22
291.454	22
291.489	22
291.524	22
291.554	22
291.584	20
291.61	23
291.636	29
291.663	26
291.689	22
291.724	22
291.754	22
291.789	22
291.824	22
291.854	22
291.889	22
291.924	22
291.954	22
291.984	20
292.024	22
292.054	22
292.089	22
292.124	22
292.154	22
292.189	22
292.224	22
292.254	22
292.289	22
292.324	22
292.354	22
292.384	20
292.424	22
292.454	22
292.489	22
292.524	22
292.554	22
292.589	22
292.624	22
292.654	22
292.689	22
292.725	23
292.755	23
292.784	20
292.825	23
292.855	23
292.89	23
292.925	23
292.955	23
292.99	23
293.025	23
293.055	23
293.09	23
293.125	23
293.155	23
293.184	20
293.225	23
293.255	23
293.29	23
293.325	23
293.355	23
293.39	23
293.425	23
293.455	23
293.49	23
293.525	23
293.555	23
293.584	20
293.625	23
293.655	23
293.69	23
293.725	23
293.755	23
293.79	23
293.825	23
293.855	23
293.89	23
293.925	23
293.955	23
293.984	20
294.025	23
294.055	23
294.09	23
294.125	23
294.155	23
294.19	23
294.225	23
294.255	23
294.29	23
294.32	23
294.354	22
294.384	20
294.424	22
294.454	22
294.489	22
294.524	22
294.554	22
294.589	22
294.624	22
294.654	22
294.689	22
294.724	22
294.754	22
294.784	20
294.824	22
294.854	22
294.889	22
294.924	22
294.954	22
294.989	22
295.015	23
295.04	33
295.066	29
295.092	25
295.124	22
295.154	22
295.184	20
295.214	22
295.239	32
295.266	29
295.292	25
295.324	22
295.354	22
295.389	22
295.424	22
295.454	22
295.489	22
295.524	22
295.554	22
295.584	20
295.624	22
295.654	22
295.689	22
295.724	22
295.754	22
295.779	22
295.804	32
295.83	28
295.857	25
295.889	22
295.924	22
295.954	22
295.984	20
296.024	22
296.054	22
296.089	22
296.114	22
296.139	32
296.166	29
296.192	25
296.227	25
296.254	22
296.289	22
296.314	22
296.339	32
296.366	29
296.392	25
296.424	22
296.454	22
296.489	22
296.524	22
296.554	22
296.589	22
296.624	22
296.654	22
296.689	22
296.724	22
296.754	22
296.784	20
296.824	22
296.854	22
296.889	22
296.924	22
296.954	22
296.989	22
297.024	22
297.054	22
297.089	22
297.124	22
297.154	22
297.184	20
297.224	22
297.254	22
297.289	22
297.324	22
297.354	22
297.389	22
297.424	22
297.454	22
297.489	22
297.524	22
297.554	22
297.585	20
297.624	22
297.654	22
297.689	22
297.724	22
297.754	22
297.789	22
297.824	22
297.854	22
297.889	22
297.924	22
297.954	22
297.984	20
298.024	22
298.054	22
298.089	22
298.124	22
298.154	22
298.189	22
298.224	22
298.254	22
298.289	22
298.324	22
298.354	22
298.384	20
298.424	22
298.454	22
298.484	22
298.524	22
298.554	22
298.589	22
298.624	22
298.654	22
298.689	22
298.724	22
298.754	22
298.784	20
298.824	22
298.854	22
298.889	22
298.924	22
298.954	22
298.984	22
299.024	22
299.054	22
299.079	22
299.104	32
299.13	28
299.157	25
299.184	20
299.21	33
299.236	29
299.263	26
299.289	22
299.324	22
299.354	22
299.389	22
299.424	22
299.454	22
299.489	22
299.524	22
299.554	22
299.584	20
299.624	22
299.654	22
299.689	22
299.724	22
299.754	22
299.789	22
299.824	22
299.854	22
299.889	22
299.924	22
299.954	22
299.984	20
300.024	22
300.054	22
300.089	22
300.124	22
300.154	22
300.189	22
300.224	22
300.254	22
300.289	22
300.324	22
300.354	22
300.384	20
300.424	22
300.454	22
300.489	22
300.524	22
300.555	23
300.59	23
300.625	23
300.655	23
300.69	23
300.725	23
300.755	23
300.784	20
300.825	23
300.855	23
300.89	23
300.925	23
300.955	23
300.99	23
301.025	23
301.055	23
301.09	23
301.125	23
301.155	23
301.184	20
301.225	23
301.255	23
301.29	23
301.325	23
301.355	23
301.39	23
301.424	22
301.454	22
301.489	22
301.524	22
301.554	22
301.584	20
301.624	22
301.654	22
301.689	22
301.724	22
301.754	22
301.789	22
301.824	22
301.854	22
301.889	22
301.924	22
301.954	22
301.984	20
302.024	22
302.054	22
302.089	22
302.124	22
302.154	22
302.189	22
302.224	22
302.254	22
302.289	22
302.324	22
302.354	22
302.384	20
302.424	22
302.454	22
302.489	22
302.524	22
302.554	22
302.589	22
302.624	22
302.654	22
302.689	22
302.724	22
302.755	23
302.784	20
302.824	22
302.854	22
302.889	22
302.924	22
302.954	22
302.989	22
303.024	22
303.054	22
303.089	22
303.124	22
303.154	22
303.184	20
303.224	22
303.254	22
303.289	22
303.324	22
303.354	22
303.389	22
303.424	22
303.454	22
303.489	22
303.524	22
303.554	22
303.584	20
303.61	33
303.636	29
303.663	26
303.689	22
303.724	22
303.754	22
303.789	22
303.824	22
303.854	22
303.889	22
303.924	22
303.954	22
303.984	20
304.024	22
304.049	22
304.089	22
304.124	22
304.154	22
304.189	22
304.224	22
304.254	22
304.289	22
304.324	22
304.354	22
304.384	20
304.424	22
304.454	22
304.489	22
304.524	22
304.554	22
304.589	22
304.624	22
304.654	22
304.689	22
304.724	22
304.754	22
304.784	20
304.824	22
304.854	22
304.889	22
304.924	22
304.954	22
304.989	22
305.024	22
305.054	22
305.089	22
305.125	23
305.155	23
305.184	20
305.211	24
305.237	30
305.263	26
305.289	22
305.324	22
305.354	22
305.389	22
305.424	22
305.454	22
305.489	22
305.524	22
305.554	22
305.584	20
305.624	22
305.654	22
305.689	22
305.724	22
305.754	22
305.789	22
305.824	22
305.854	22
305.889	22
305.927	25
305.954	22
305.984	20
306.024	22
306.054	22
306.089	22
306.124	22
306.154	22
306.189	22
306.224	22
306.254	22
306.289	22
306.324	22
306.357	25
306.384	20
306.41	28
306.436	29
306.463	26
306.489	22
306.524	22
306.554	22
306.589	22
306.624	22
306.657	25
306.689	22
306.724	22
306.754	22
306.784	20
306.824	22
306.854	22
306.884	22
306.924	22
306.954	22
306.989	22
307.024	22
307.054	22
307.089	22
307.124	22
307.154	22
307.184	20
307.224	22
307.254	22
307.289	22
307.324	22
307.354	22
307.389	22
307.424	22
307.454	22
307.489	22
307.524	22
307.554	22
307.589	22
307.624	22
307.654	22
307.689	22
307.724	22
307.754	22
307.789	22
307.824	22
307.854	22
307.889	22
307.924	22
307.954	22
307.984	20
308.015	23
308.042	30
308.069	32
308.095	28
308.124	22
308.154	22
308.189	22
308.224	22
308.254	22
308.289	22
308.324	22
308.354	22
308.384	20
308.424	22
308.454	22
308.489	22
308.524	22
308.554	22
308.589	22
308.624	22
308.654	22
308.689	22
308.724	22
308.754	22
308.784	20
308.824	22
308.854	22
308.889	22
308.924	22
308.954	22
308.989	22
309.024	22
309.055	23
309.09	23
309.125	23
309.155	23
309.184	20
309.211	34
309.236	29
309.263	26
309.289	22
309.324	22
309.354	22
309.389	22
309.424	22
309.454	22
309.489	22
309.524	22
309.554	22
309.584	20
309.624	22
309.654	22
309.689	22
309.724	22
309.754	22
309.789	22
309.824	22
309.854	22
309.889	22
309.924	22
309.954	22
309.984	20
