0.058	23
0.086	23
0.135	22
0.161	23
0.194	26
0.225	22
0.26	23
0.295	23
0.325	23
0.36	23
0.395	23
0.422	35
0.448	36
0.475	33
0.501	29
0.528	26
0.56	23
0.595	23
0.621	24
0.646	39
0.672	30
0.698	26
0.725	23
0.75	20
0.776	34
0.801	29
0.826	24
0.86	23
0.885	23
0.911	34
0.937	30
0.963	26
0.995	23
1.02	23
1.046	34
1.072	30
1.098	26
1.125	23
1.16	23
1.195	23
1.225	23
1.26	23
1.295	23
1.322	35
1.347	40
1.372	30
1.398	26
1.425	23
1.45	35
1.476	34
1.504	32
1.531	29
1.56	23
1.59	23
1.618	36
1.643	36
1.669	32
1.694	22
1.725	23
1.759	22
1.788	26
1.814	37
1.839	32
1.866	29
1.895	23
1.925	23
1.95	38
1.976	34
2.001	29
2.027	25
2.06	23
2.087	40
2.113	36
2.138	31
2.163	26
2.188	41
2.214	37
2.239	32
2.266	29
2.295	23
2.32	38
2.346	39
2.373	31
2.398	26
2.423	41
2.449	42
2.476	34
2.501	29
2.527	25
2.553	41
2.579	37
2.604	32
2.63	28
2.656	44
2.682	40
2.707	30
2.733	31
2.76	23
2.785	38
2.81	33
2.835	33
2.86	23
2.887	40
2.913	36
2.938	31
2.963	26
2.995	23
3.021	39
3.047	35
3.072	30
3.098	26
3.125	23
3.15	38
3.175	33
3.201	29
3.226	24
3.251	39
3.278	36
3.304	32
3.33	28
3.357	45
3.384	42
3.411	34
3.437	35
3.462	25
3.49	43
3.517	40
3.543	36
3.569	32
3.594	47
3.619	42
3.645	43
3.67	33
3.695	48
3.72	43
3.746	44
3.771	34
3.796	49
3.821	44
3.846	44
3.872	35
3.897	50
3.922	45
3.947	45
3.972	35
3.998	56
4.023	46
4.049	47
4.074	37
4.099	52
4.124	47
4.149	47
4.174	37
4.2	53
4.225	48
4.251	49
4.276	39
4.301	54
4.328	51
4.353	51
4.379	42
4.405	33
4.431	49
4.457	55
4.482	45
4.508	36
4.535	43
4.56	53
4.585	48
4.61	38
4.637	50
4.662	50
4.689	52
4.714	42
4.741	39
4.768	46
4.793	51
4.818	41
4.845	43
4.87	48
4.895	53
4.92	43
4.945	43
4.971	49
4.996	54
5.022	45
5.048	46
5.073	46
5.099	57
5.124	47
5.149	42
5.176	49
5.201	29
5.228	51
5.255	48
5.281	44
5.307	35
5.334	32
5.359	52
5.384	47
5.409	37
5.434	32
5.46	53
5.485	48
5.51	38
5.536	34
5.561	54
5.587	50
5.612	40
5.637	35
5.662	55
5.687	50
5.712	40
5.737	35
5.762	55
5.787	50
5.812	40
5.837	35
5.864	52
5.889	52
5.914	42
5.939	37
5.969	47
5.994	52
6.019	47
6.044	42
6.069	57
6.094	52
6.121	49
6.146	44
6.173	51
6.198	51
6.225	53
6.25	43
6.282	45
6.309	52
6.334	32
6.36	53
6.385	48
6.41	53
6.436	34
6.462	55
6.487	50
6.512	40
6.537	55
6.564	42
6.589	52
6.614	42
6.639	37
6.666	44
6.691	54
6.718	46
6.745	43
6.773	51
6.798	56
6.825	48
6.851	44
6.877	55
6.904	32
6.93	53
6.956	49
6.982	45
7.007	35
7.033	31
7.06	43
7.087	45
7.112	40
7.139	37
7.164	27
7.189	39
7.216	39
7.242	40
7.267	30
7.293	51
7.319	42
7.345	43
7.372	35
7.398	51
7.423	46
7.448	46
7.473	36
7.499	42
7.524	47
7.55	48
7.576	39
7.601	29
7.626	49
7.651	49
7.679	42
7.707	35
7.734	52
7.759	52
7.784	47
7.809	37
7.834	52
7.859	52
7.887	50
7.914	42
7.939	52
7.964	52
7.989	52
8.015	43
8.041	54
8.066	54
8.091	54
8.117	40
8.142	50
8.167	45
8.193	51
8.219	42
8.244	42
8.27	53
8.295	53
8.32	43
8.346	44
8.371	54
8.397	50
8.426	49
8.451	44
8.479	52
8.505	53
8.531	54
8.557	50
8.583	51
8.608	36
8.633	31
8.658	51
8.683	51
8.708	36
8.733	31
8.76	43
8.785	48
8.81	38
8.837	35
8.864	37
8.891	49
8.918	41
8.943	41
8.97	33
8.995	23
9.025	23
9.05	43
9.075	38
9.101	29
9.128	26
9.16	23
9.186	44
9.213	36
9.24	38
9.266	29
9.295	23
9.32	43
9.345	38
9.372	35
9.398	26
9.425	48
9.45	48
9.475	38
9.501	29
9.527	50
9.553	51
9.578	41
9.603	31
9.629	52
9.655	53
9.68	43
9.706	49
9.732	55
9.758	51
9.784	47
9.81	38
9.836	54
9.862	55
9.888	51
9.913	41
9.939	57
9.964	52
9.99	53
10.017	40
10.043	51
10.068	56
10.093	51
10.12	43
10.146	54
10.172	55
10.197	50
10.222	45
10.247	45
10.273	51
10.298	51
10.323	46
10.348	51
10.373	51
10.398	56
10.425	48
10.45	48
10.475	53
10.503	33
10.529	52
10.554	52
10.579	52
10.604	52
10.629	52
10.656	49
10.681	49
10.708	36
10.735	33
10.76	28
10.786	44
10.811	39
10.837	35
10.865	28
10.89	48
10.919	47
10.945	38
10.97	33
10.995	23
11.025	23
11.05	20
11.077	35
11.103	31
11.128	26
11.16	23
11.195	23
11.224	22
11.255	23
11.282	40
11.307	35
11.334	32
11.363	26
11.39	23
11.417	40
11.442	35
11.469	32
11.498	26
11.523	23
11.548	41
11.574	37
11.6	48
11.625	53
11.652	45
11.677	40
11.703	46
11.728	51
11.754	47
11.781	44
11.807	45
11.833	51
11.859	52
11.885	48
11.911	54
11.936	54
11.962	50
11.987	50
12.012	50
12.037	55
12.064	52
12.089	52
12.122	45
12.148	46
12.174	52
12.2	53
12.225	48
12.251	49
12.277	50
12.302	30
12.327	50
12.352	55
12.377	40
12.403	31
12.428	51
12.453	51
12.479	52
12.506	34
12.533	51
12.558	51
12.583	51
12.609	37
12.634	42
12.659	52
12.685	53
12.712	40
12.737	50
12.762	50
12.789	52
12.814	37
12.839	37
12.864	47
12.889	52
12.914	42
12.939	37
12.966	44
12.991	49
13.018	41
13.043	36
13.069	32
13.095	23
13.125	23
13.15	20
13.175	38
13.201	29
13.228	26
13.26	23
13.295	23
13.324	22
13.35	23
13.375	33
13.401	29
13.428	26
13.46	23
13.495	23
13.524	22
13.566	29
13.595	23
13.621	44
13.647	40
13.672	35
13.698	26
13.723	46
13.749	42
13.775	33
13.801	29
13.827	45
13.853	46
13.878	41
13.903	56
13.928	51
13.953	46
13.979	42
14.007	50
14.036	54
14.061	54
14.086	49
14.113	41
14.139	57
14.164	52
14.19	48
14.216	44
14.242	50
14.268	46
14.293	51
14.319	52
14.345	58
14.37	53
14.395	53
14.42	48
14.446	54
14.475	58
14.501	39
14.526	49
14.551	49
14.577	50
14.603	41
14.63	53
14.655	53
14.683	51
14.708	51
14.733	46
14.758	51
14.783	51
14.809	54
14.834	52
14.86	53
14.886	49
14.912	40
14.937	35
14.962	40
14.988	46
15.013	51
15.038	36
15.063	26
15.091	44
15.121	49
15.148	46
15.173	36
15.201	39
15.226	54
15.253	46
15.285	23
15.31	38
15.335	33
15.362	25
15.394	22
15.424	22
15.46	23
15.495	23
15.525	23
15.555	20
15.582	40
15.609	37
15.635	33
15.66	23
15.69	20
15.716	39
15.741	39
15.766	29
15.795	23
15.822	45
15.847	40
15.872	35
15.898	26
15.923	46
15.948	41
15.976	39
16.001	29
16.027	50
16.053	46
16.079	42
16.104	32
16.129	52
16.155	53
16.18	43
16.206	34
16.232	55
16.258	51
16.284	57
16.31	38
16.335	43
16.362	55
16.387	50
16.413	41
16.438	51
16.464	52
16.49	53
16.515	53
16.541	49
16.567	55
16.592	50
16.617	55
16.642	50
16.667	35
16.695	53
16.721	49
16.746	44
16.771	49
16.797	55
16.824	52
16.849	47
16.874	47
16.899	52
16.926	44
16.952	50
16.978	41
17.003	41
17.028	51
17.054	52
17.079	42
17.105	38
17.13	48
17.155	53
17.18	43
17.205	38
17.232	50
17.259	52
17.284	42
17.311	39
17.337	35
17.362	25
17.389	22
17.42	20
17.449	27
17.475	38
17.505	38
17.531	29
17.56	23
17.59	23
17.625	23
17.655	23
17.683	41
17.708	36
17.734	32
17.76	23
17.786	44
17.812	40
17.837	35
17.863	26
17.891	24
17.917	45
17.944	37
17.969	32
17.996	29
18.023	51
18.049	42
18.076	39
18.101	34
18.126	49
18.152	45
18.177	40
18.203	56
18.229	52
18.258	51
18.283	46
18.309	57
18.334	52
18.36	53
18.386	49
18.412	55
18.437	50
18.462	50
18.488	46
18.514	57
18.539	52
18.565	58
18.591	49
18.617	55
18.642	55
18.668	31
18.695	53
18.72	53
18.746	54
18.771	34
18.796	34
18.822	50
18.847	50
18.872	35
18.898	36
18.924	52
18.949	52
18.974	37
18.999	32
19.024	42
19.049	52
19.074	37
19.1	33
19.125	43
19.15	53
19.175	38
19.2	33
19.225	35
19.25	48
19.278	41
19.304	37
19.329	32
19.354	47
19.381	44
19.407	40
19.434	32
19.46	23
19.485	20
19.52	20
19.545	38
19.571	34
19.598	31
19.625	23
19.66	23
19.689	22
19.725	23
19.75	23
19.776	39
19.801	34
19.828	26
19.859	22
19.888	46
19.913	41
19.941	39
19.969	32
19.994	42
20.021	49
20.046	44
20.071	34
20.096	29
20.123	51
20.15	43
20.175	38
20.2	53
20.226	54
20.252	45
20.277	40
20.303	51
20.329	57
20.355	48
20.381	44
20.406	49
20.432	55
20.459	52
20.484	42
20.51	53
20.535	53
20.56	53
20.586	44
20.612	55
20.637	50
20.662	50
20.687	45
20.713	56
20.738	51
20.764	27
20.79	48
20.815	53
20.841	54
20.866	29
20.891	49
20.916	49
20.942	55
20.968	31
20.994	52
21.02	53
21.045	53
21.07	33
21.095	33
21.12	48
21.145	53
21.17	33
21.195	28
21.221	39
21.246	54
21.271	34
21.297	30
21.322	35
21.347	45
21.374	37
21.399	32
21.424	32
21.451	44
21.477	35
21.504	37
21.531	29
21.562	25
21.59	23
21.625	23
21.66	23
21.687	25
21.712	40
21.737	35
21.763	26
21.79	23
21.824	22
21.859	22
21.89	23
21.925	23
21.95	35
21.976	34
22.002	35
22.028	26
22.054	47
22.079	37
22.105	38
22.131	29
22.16	23
22.187	45
22.212	40
22.237	35
22.262	25
22.288	46
22.313	46
22.339	37
22.365	53
22.394	52
22.42	53
22.445	43
22.473	36
22.498	56
22.525	48
22.55	48
22.576	39
22.602	55
22.627	50
22.653	51
22.678	41
22.704	42
22.73	53
22.756	54
22.782	45
22.808	56
22.834	52
22.86	53
22.885	48
22.911	44
22.939	52
22.964	52
22.99	53
23.016	49
23.042	40
23.068	51
23.093	51
23.118	51
23.144	42
23.172	45
23.199	47
23.225	53
23.25	48
23.275	38
23.3	33
23.328	26
23.353	46
23.38	43
23.405	38
23.432	30
23.459	37
23.485	43
23.512	40
23.537	35
23.562	25
23.59	23
23.615	20
23.641	39
23.666	29
23.692	25
23.717	45
23.744	37
23.771	34
23.796	29
23.825	23
23.85	43
23.876	39
23.901	34
23.928	26
23.953	46
23.978	41
24.003	36
24.028	26
24.053	46
24.078	41
24.103	51
24.13	28
24.155	48
24.18	43
24.208	41
24.233	31
24.261	49
24.287	45
24.316	49
24.342	40
24.367	30
24.393	51
24.419	52
24.445	58
24.474	37
24.499	52
24.525	58
24.554	52
24.579	42
24.604	47
24.63	53
24.656	54
24.681	44
24.706	54
24.732	50
24.758	51
24.784	47
24.809	47
24.834	52
24.859	57
24.884	47
24.909	47
24.935	53
24.961	54
24.986	44
25.012	50
25.037	50
25.063	51
25.088	51
25.113	46
25.138	51
25.165	48
25.191	54
25.216	49
25.241	39
25.266	54
25.291	54
25.316	49
25.341	39
25.366	29
25.391	24
25.418	36
25.443	36
25.468	31
25.493	26
25.525	23
25.56	23
25.59	23
25.615	23
25.64	38
25.666	29
25.693	26
25.725	23
25.76	23
25.79	23
25.825	23
25.85	43
25.876	39
25.903	36
25.928	26
25.953	46
25.978	36
26.004	37
26.03	28
26.057	50
26.082	40
26.107	40
26.133	31
26.159	52
26.185	48
26.21	43
26.235	33
26.26	53
26.285	48
26.31	43
26.339	52
26.364	52
26.39	53
26.416	49
26.442	55
26.468	51
26.493	51
26.519	52
26.545	58
26.57	38
26.595	53
26.621	54
26.647	55
26.672	35
26.698	51
26.724	57
26.752	50
26.778	41
26.806	54
26.831	54
26.857	50
26.882	45
26.907	45
26.932	50
26.958	51
26.983	46
27.009	47
27.034	52
27.06	53
27.085	48
27.111	49
27.139	52
27.165	53
27.192	50
27.221	54
27.25	48
27.275	38
27.301	54
27.326	54
27.351	49
27.376	39
27.401	34
27.428	36
27.453	46
27.478	41
27.505	38
27.53	28
27.56	23
27.59	23
27.615	20
27.64	38
27.666	29
27.693	26
27.725	23
27.76	23
27.786	44
27.813	41
27.839	37
27.866	29
27.891	24
27.916	44
27.941	39
27.968	31
27.993	26
28.024	22
28.049	42
28.074	37
28.1	33
28.126	24
28.151	44
28.176	34
28.203	36
28.228	51
28.253	51
28.278	41
28.307	40
28.332	40
28.36	53
28.385	48
28.41	43
28.435	48
28.46	53
28.485	48
28.51	53
28.537	55
28.563	51
28.588	51
28.616	49
28.641	54
28.666	54
28.692	55
28.717	50
28.742	40
28.767	45
28.793	51
28.819	52
28.844	42
28.87	53
28.895	53
28.921	54
28.946	54
28.972	50
28.997	55
29.023	51
29.048	46
29.073	51
29.099	57
29.124	52
29.149	47
29.176	44
29.201	49
29.228	46
29.253	51
29.278	51
29.305	43
29.33	48
29.357	50
29.382	40
29.409	52
29.436	34
29.462	25
29.489	42
29.514	47
29.54	38
29.565	28
29.59	23
29.624	22
29.659	22
29.689	22
29.724	22
29.76	23
29.79	23
29.82	20
29.847	40
29.873	36
29.9	33
29.925	23
29.955	23
29.982	40
30.009	37
30.035	33
30.06	23
30.087	45
30.112	40
30.138	36
30.163	26
30.188	46
30.213	41
30.238	36
30.264	57
30.292	50
30.319	47
30.345	43
30.371	49
30.398	51
30.426	54
30.451	49
30.476	39
30.501	49
30.526	54
30.551	49
30.576	39
30.601	54
30.627	50
30.652	50
30.677	40
30.703	56
30.728	51
30.754	52
30.779	47
30.804	52
30.83	53
30.855	53
30.88	43
30.906	54
30.931	49
30.956	49
30.982	45
31.007	55
31.033	51
31.058	51
31.085	43
31.113	51
31.14	53
31.166	29
31.192	50
31.218	51
31.243	51
31.269	32
31.294	42
31.32	53
31.346	54
31.372	35
31.398	31
31.425	43
31.451	49
31.476	39
31.503	36
31.528	41
31.553	51
31.579	42
31.605	38
31.63	28
31.66	23
31.689	22
31.724	22
31.759	22
31.789	22
31.815	20
31.84	38
31.866	29
31.893	26
31.924	22
31.949	39
31.976	34
32.002	35
32.028	26
32.06	23
32.085	43
32.111	39
32.137	35
32.163	26
32.188	46
32.213	41
32.24	38
32.266	29
32.291	49
32.317	45
32.343	41
32.369	32
32.394	52
32.42	53
32.446	44
32.472	35
32.497	55
32.523	51
32.549	47
32.575	38
32.601	54
32.627	55
32.652	50
32.678	41
32.703	51
32.728	56
32.754	52
32.779	47
32.806	44
32.831	49
32.856	49
32.881	44
32.907	45
32.932	50
32.957	50
32.982	45
33.007	40
33.033	56
33.059	52
33.084	47
33.111	44
33.136	49
33.162	30
33.187	50
33.212	45
33.237	50
33.263	51
33.288	51
33.313	46
33.338	51
33.363	56
33.388	51
33.414	42
33.439	52
33.465	53
33.49	53
33.517	45
33.543	41
33.57	48
33.598	31
33.623	36
33.659	22
33.684	27
33.71	38
33.736	34
33.763	26
33.793	26
33.825	23
33.851	34
33.878	36
33.905	38
33.931	29
33.96	23
33.985	20
34.011	39
34.038	36
34.063	26
34.088	38
34.115	43
34.141	34
34.166	29
34.193	26
34.219	47
34.245	38
34.27	33
34.296	29
34.323	51
34.352	45
34.377	40
34.402	35
34.427	50
34.452	45
34.477	40
34.503	56
34.529	52
34.555	48
34.582	45
34.608	56
34.634	57
34.661	54
34.687	45
34.713	56
34.739	52
34.765	53
34.79	48
34.816	54
34.841	54
34.868	41
34.893	51
34.919	57
34.945	53
34.97	43
34.996	54
35.022	55
35.047	45
35.073	51
35.098	51
35.123	51
35.149	47
35.174	52
35.202	50
35.227	45
35.253	51
35.278	41
35.306	44
35.333	51
35.359	52
35.384	47
35.414	47
35.439	52
35.465	43
35.49	48
35.516	54
35.541	39
35.567	30
35.592	45
35.618	51
35.643	41
35.668	31
35.693	26
35.724	22
35.755	20
35.785	23
35.82	20
35.853	20
35.886	20
35.912	40
35.939	37
35.965	28
35.992	25
36.025	23
36.06	23
36.085	28
36.112	40
36.139	37
36.166	29
36.193	26
36.218	31
36.243	36
36.269	32
36.294	27
36.319	47
36.346	39
36.371	34
36.399	32
36.424	52
36.451	44
36.476	39
36.501	49
36.526	54
36.552	45
36.578	41
36.604	52
36.63	58
36.655	53
36.681	44
36.707	50
36.733	51
36.758	56
36.784	47
36.81	58
36.836	54
36.861	54
36.887	50
36.913	46
36.939	57
36.964	57
36.993	56
37.018	51
37.043	46
37.068	56
37.094	52
37.12	53
37.145	43
37.17	53
37.196	54
37.221	54
37.246	44
37.272	50
37.297	55
37.323	51
37.348	46
37.373	51
37.398	51
37.425	48
37.45	48
37.475	53
37.5	38
37.525	53
37.551	44
37.576	49
37.602	35
37.627	25
37.654	32
37.679	42
37.706	39
37.733	31
37.76	23
37.79	23
37.82	23
37.846	39
37.872	35
37.898	31
37.925	23
37.96	23
37.985	28
38.012	40
38.037	35
38.063	26
38.09	23
38.125	23
38.151	44
38.178	36
38.205	38
38.231	29
38.26	23
38.287	45
38.312	40
38.337	35
38.363	26
38.39	48
38.417	45
38.442	40
38.467	30
38.493	51
38.519	47
38.545	43
38.57	33
38.595	53
38.62	48
38.645	43
38.671	49
38.698	56
38.723	51
38.749	47
38.775	38
38.801	54
38.826	54
38.852	50
38.877	40
38.905	53
38.931	54
38.957	50
38.982	45
39.008	51
39.033	41
39.059	52
39.084	47
39.11	53
39.135	33
39.16	53
39.186	44
39.211	54
39.237	50
39.263	26
39.289	47
39.315	58
39.341	54
39.366	29
39.393	31
39.42	53
39.445	53
39.47	33
39.496	29
39.523	46
39.548	56
39.575	38
39.602	35
39.627	45
39.654	52
39.68	38
39.706	34
39.734	32
39.759	22
39.789	22
39.824	22
39.859	22
39.889	22
39.915	20
39.94	38
39.966	29
39.996	29
40.025	23
40.05	28
40.077	35
40.104	37
40.131	29
40.159	22
40.187	35
40.214	42
40.24	33
40.266	29
40.293	26
40.318	31
40.344	37
40.369	32
40.401	34
40.427	25
40.453	46
40.479	42
40.505	38
40.531	54
40.556	49
40.582	45
40.608	41
40.634	47
40.66	53
40.685	48
40.71	53
40.736	44
40.763	56
40.788	51
40.814	57
40.841	49
40.867	55
40.893	51
40.919	52
40.945	43
40.971	54
40.997	55
41.022	50
41.048	46
41.076	54
41.101	54
41.126	54
41.151	49
41.176	39
41.202	55
41.227	50
41.253	46
41.278	41
41.303	51
41.329	52
41.355	53
41.38	43
41.405	48
41.431	54
41.456	54
41.483	41
41.508	46
41.533	56
41.559	52
41.584	42
41.61	43
41.636	54
41.661	24
41.686	24
41.711	39
41.736	49
41.763	26
41.789	22
41.816	29
41.842	35
41.868	31
41.893	26
41.925	23
41.95	20
41.975	38
42.002	35
42.028	26
42.06	23
42.09	23
42.125	23
42.151	44
42.176	34
42.202	35
42.228	26
42.253	26
42.279	37
42.305	38
42.331	29
42.363	26
42.388	46
42.414	47
42.439	37
42.464	27
42.491	49
42.517	45
42.543	41
42.568	31
42.596	54
42.621	54
42.646	44
42.672	35
42.698	51
42.723	56
42.752	50
42.778	41
42.804	42
42.829	57
42.855	53
42.881	44
42.906	39
42.931	54
42.956	49
42.982	45
43.007	40
43.036	54
43.061	54
43.088	51
43.114	52
43.139	42
43.165	43
43.19	53
43.215	53
43.24	38
43.266	49
43.291	54
43.316	54
43.341	39
43.366	44
43.391	49
43.416	54
43.442	40
43.468	46
43.493	51
43.519	52
43.544	42
43.569	32
43.596	54
43.621	49
43.648	46
43.675	38
43.703	41
43.728	56
43.754	52
43.781	39
43.806	39
43.831	29
43.86	23
43.885	20
43.91	38
43.938	36
43.963	26
43.99	23
44.025	23
44.059	22
44.084	27
44.11	38
44.137	35
44.163	26
44.19	23
44.215	43
44.241	34
44.266	29
44.293	26
44.325	23
44.351	44
44.378	36
44.405	38
44.431	29
44.46	23
44.487	45
44.512	40
44.54	38
44.567	30
44.592	50
44.617	50
44.643	41
44.669	32
44.694	52
44.719	52
44.744	42
44.769	47
44.795	53
44.82	53
44.845	43
44.871	44
44.896	54
44.922	55
44.947	45
44.973	41
44.998	56
45.024	52
45.05	48
45.075	48
45.101	54
45.13	53
45.155	53
45.181	44
45.206	54
45.232	50
45.257	55
45.282	45
45.307	45
45.332	50
45.357	55
45.383	46
45.408	46
45.434	52
45.459	52
45.485	48
45.51	48
45.537	45
45.563	51
45.588	46
45.613	46
45.638	51
45.664	52
45.689	52
45.716	49
45.741	44
45.766	49
45.792	50
45.818	46
45.844	42
45.869	32
45.896	29
45.925	23
45.96	23
45.99	23
46.02	23
46.045	38
46.07	33
46.096	29
46.125	23
46.153	20
46.18	38
46.207	35
46.234	32
46.26	23
46.29	23
46.32	20
46.346	39
46.371	34
46.396	29
46.425	23
46.45	43
46.475	38
46.5	33
46.525	23
46.55	43
46.576	34
46.602	35
46.627	25
46.652	45
46.678	41
46.703	36
46.729	57
46.755	48
46.78	43
46.805	48
46.832	55
46.857	50
46.882	40
46.907	55
46.933	46
46.958	51
46.983	46
47.009	57
47.035	48
47.06	53
47.087	45
47.113	56
47.141	49
47.167	55
47.193	51
47.218	56
47.243	51
47.269	32
47.296	49
47.321	54
47.347	45
47.373	46
47.398	46
47.425	53
47.45	48
47.475	38
47.5	48
47.525	53
47.55	48
47.575	38
47.6	48
47.625	53
47.651	49
47.676	39
47.702	50
47.727	50
47.752	50
47.777	40
47.804	37
47.829	52
47.856	54
47.883	41
47.908	41
47.934	47
47.959	52
47.984	42
48.01	38
48.036	34
48.063	26
48.09	23
48.124	22
48.16	23
48.185	20
48.21	38
48.237	35
48.263	26
48.29	23
48.315	43
48.341	34
48.366	29
48.393	26
48.418	43
48.443	36
48.469	32
48.496	29
48.525	23
48.551	44
48.576	34
48.602	35
48.63	28
48.656	49
48.681	39
48.706	39
48.732	30
48.758	51
48.784	47
48.81	43
48.836	34
48.861	54
48.886	49
48.912	45
48.938	36
48.963	51
48.988	51
49.013	56
49.039	52
49.064	52
49.089	52
49.114	47
49.14	53
49.165	48
49.19	53
49.215	53
49.24	53
49.266	54
49.292	55
49.317	50
49.343	41
49.37	48
49.396	54
49.422	55
49.447	45
49.473	36
49.499	52
49.524	52
49.55	48
49.575	38
49.6	53
49.626	54
49.651	49
49.676	39
49.701	54
49.727	55
49.752	50
49.777	40
49.803	41
49.828	46
49.853	51
49.881	44
49.906	44
49.933	46
49.958	51
49.985	43
50.01	43
50.035	48
50.061	54
50.09	23
50.124	22
50.159	22
50.19	23
50.224	22
50.26	23
50.289	22
50.325	23
50.36	23
50.39	23
50.419	20
50.445	38
50.47	33
50.496	29
50.525	23
50.55	20
50.577	35
50.602	35
50.628	26
50.66	23
50.688	46
50.713	41
50.74	38
50.766	29
50.794	27
50.82	48
50.845	43
50.87	33
50.896	49
50.922	50
50.947	45
50.975	38
51.002	55
51.028	51
51.053	51
51.079	42
51.105	53
51.13	53
51.156	54
51.181	44
51.207	50
51.232	55
51.258	51
51.284	47
51.309	52
51.335	53
51.36	53
51.386	49
51.412	55
51.438	51
51.464	52
51.492	50
51.517	50
51.542	50
51.568	51
51.593	51
51.619	52
51.644	47
51.669	32
51.695	53
51.721	54
51.746	44
51.772	35
51.797	45
51.823	51
51.848	46
51.874	37
51.9	38
51.926	54
51.951	49
51.976	39
52.002	35
52.027	50
52.052	50
52.079	37
52.104	37
52.129	42
52.156	49
52.183	41
52.209	37
52.236	34
52.262	25
52.289	22
52.325	23
52.36	23
52.39	23
52.425	23
52.46	23
52.485	20
52.512	40
52.538	36
52.563	26
52.589	22
52.615	20
52.64	38
52.666	29
52.693	26
52.725	23
52.753	46
52.779	37
52.805	38
52.831	29
52.856	49
52.882	40
52.908	41
52.933	31
52.959	52
52.984	42
53.009	42
53.035	33
53.06	53
53.085	43
53.11	48
53.136	44
53.161	54
53.187	50
53.213	51
53.239	47
53.264	52
53.29	53
53.316	54
53.341	54
53.366	44
53.391	49
53.417	55
53.445	43
53.47	53
53.497	50
53.523	51
53.548	51
53.575	38
53.6	53
53.625	53
53.65	53
53.676	39
53.701	49
53.726	54
53.751	49
53.776	39
53.802	50
53.828	46
53.853	51
53.879	42
53.907	55
53.933	46
53.958	51
53.984	47
54.01	43
54.035	38
54.061	54
54.086	49
54.111	49
54.136	44
54.161	54
54.186	49
54.211	44
54.238	41
54.265	28
54.291	24
54.316	34
54.341	39
54.366	29
54.393	26
54.424	22
54.45	20
54.477	35
54.504	37
54.531	29
54.56	23
54.59	23
54.625	23
54.66	23
54.689	22
54.725	23
54.76	23
54.79	23
54.815	43
54.842	35
54.869	32
54.895	28
54.92	48
54.948	41
54.975	38
55.001	34
55.026	54
55.052	45
55.077	40
55.103	36
55.131	29
55.156	49
55.182	45
55.208	56
55.233	56
55.259	52
55.285	48
55.31	53
55.335	48
55.36	53
55.386	49
55.411	54
55.437	50
55.462	50
55.487	50
55.512	50
55.538	51
55.564	52
55.59	48
55.616	54
55.641	54
55.667	30
55.693	51
55.718	56
55.744	52
55.77	33
55.796	39
55.821	54
55.847	55
55.873	36
55.898	41
55.923	51
55.949	52
55.974	37
56.001	54
56.027	45
56.052	55
56.078	41
56.103	36
56.129	47
56.155	53
56.182	45
56.209	42
56.234	47
56.259	52
56.284	47
56.31	43
56.337	40
56.363	56
56.388	51
56.414	47
56.44	38
56.465	28
56.49	23
56.525	23
56.551	44
56.576	39
56.603	36
56.63	28
56.659	22
56.686	20
56.713	41
56.74	38
56.769	32
56.796	29
56.825	23
56.851	44
56.876	34
56.903	36
56.928	26
56.96	23
56.985	43
57.011	39
57.037	35
57.063	26
57.088	46
57.114	42
57.14	38
57.165	28
57.191	49
57.216	49
57.242	40
57.268	56
57.294	52
57.319	52
57.344	42
57.37	43
57.396	54
57.421	54
57.446	44
57.471	49
57.497	50
57.522	50
57.547	45
57.573	51
57.599	52
57.624	52
57.65	48
57.676	44
57.701	54
57.727	55
57.753	51
57.778	41
57.803	56
57.828	51
57.854	52
57.88	43
57.906	54
57.931	54
57.957	50
57.984	42
58.009	47
58.035	53
58.06	53
58.085	43
58.111	44
58.136	54
58.162	25
58.188	36
58.214	42
58.24	53
58.265	53
58.29	48
58.315	43
58.342	50
58.368	31
58.395	28
58.422	35
58.448	46
58.475	38
58.502	35
58.528	26
58.56	23
58.59	23
58.625	23
58.66	23
58.689	22
58.725	23
58.759	22
58.789	22
58.825	23
58.86	23
58.885	20
58.913	41
58.94	38
58.965	28
58.99	23
59.015	43
59.041	34
59.066	29
59.091	24
59.116	44
59.143	36
59.169	32
59.194	27
59.219	47
59.245	38
59.271	34
59.296	54
59.322	50
59.347	45
59.372	35
59.397	50
59.422	55
59.447	45
59.473	51
59.499	52
59.524	52
59.557	55
59.582	45
59.607	55
59.633	51
59.659	57
59.684	47
59.709	57
59.735	48
59.761	54
59.786	44
59.812	50
59.837	55
59.862	50
59.887	45
59.912	55
59.938	51
59.963	51
59.989	47
60.014	52
60.04	53
60.067	30
60.092	50
60.117	50
60.142	50
60.168	31
60.196	39
60.221	54
60.246	54
60.272	35
60.297	30
60.323	41
60.348	56
60.373	36
60.399	32
60.424	42
60.449	47
60.474	37
60.501	34
60.526	39
60.551	49
60.577	40
60.603	36
60.628	26
60.66	23
60.69	23
60.715	20
60.741	34
60.766	29
60.793	26
60.82	20
60.846	39
60.871	34
60.898	31
60.925	23
60.96	23
60.985	20
61.012	40
61.037	35
61.063	26
61.09	23
61.115	43
61.14	38
61.166	29
61.192	25
61.218	46
61.244	37
61.269	32
61.295	28
61.32	48
61.346	39
61.372	35
61.397	50
61.422	50
61.45	43
61.475	38
61.501	54
61.527	55
61.553	51
61.578	41
61.603	56
61.629	52
61.654	52
61.679	42
61.705	53
61.73	53
61.757	50
61.783	46
61.808	56
61.833	51
61.858	56
61.883	46
61.909	57
61.934	47
61.959	52
61.984	47
62.01	53
62.037	35
62.063	56
62.088	51
62.113	51
62.138	46
62.164	42
62.19	48
62.215	53
62.24	53
62.266	29
62.293	36
62.319	52
62.344	57
62.371	34
62.396	34
62.422	50
62.448	46
62.473	36
62.498	31
62.523	41
62.549	47
62.574	37
62.599	32
62.625	23
62.653	46
62.678	36
62.704	37
62.731	29
62.76	23
62.785	20
62.811	39
62.837	35
62.863	26
62.89	23
62.925	23
62.96	23
62.99	23
63.015	20
63.041	39
63.066	29
63.093	26
63.125	23
63.15	43
63.176	34
63.202	35
63.228	26
63.26	23
63.285	43
63.31	38
63.335	33
63.36	48
63.385	43
63.411	44
63.437	45
63.462	50
63.487	45
63.512	45
63.538	51
63.563	56
63.589	52
63.615	48
63.64	48
63.666	54
63.692	55
63.717	50
63.743	51
63.769	47
63.794	52
63.82	53
63.845	43
63.87	33
63.895	53
63.921	54
63.946	54
63.971	34
63.996	49
64.022	55
64.047	45
64.073	36
64.098	46
64.123	56
64.149	47
64.176	39
64.201	39
64.227	50
64.252	50
64.279	42
64.305	38
64.333	51
64.358	51
64.384	47
64.409	42
64.434	52
64.461	49
64.486	44
64.511	39
64.536	44
64.563	56
64.59	23
64.615	23
64.642	40
64.667	30
64.692	25
64.724	22
64.759	22
64.79	23
64.815	20
64.84	38
64.865	28
64.89	23
64.925	23
64.96	23
64.99	23
65.025	23
65.06	23
65.086	20
65.113	41
65.138	36
65.163	26
65.19	23
65.216	44
65.241	39
65.266	29
65.292	25
65.318	46
65.344	37
65.369	32
65.395	28
65.422	50
65.447	45
65.472	35
65.498	51
65.524	52
65.55	48
65.576	39
65.603	46
65.628	51
65.654	52
65.681	44
65.707	55
65.732	45
65.758	56
65.784	47
65.809	57
65.835	43
65.861	54
65.887	50
65.913	56
65.938	46
65.964	52
65.99	48
66.015	53
66.041	54
66.067	30
66.094	52
66.12	53
66.145	53
66.171	34
66.199	47
66.226	54
66.252	50
66.278	41
66.304	42
66.329	57
66.355	53
66.381	39
66.406	39
66.433	51
66.459	52
66.487	45
66.512	40
66.537	50
66.563	51
66.589	47
66.614	34
66.641	44
66.666	29
66.692	25
66.719	27
66.745	38
66.773	36
66.8	33
66.827	25
66.86	23
66.885	20
66.91	38
66.936	34
66.962	25
66.989	22
67.025	23
67.06	23
67.09	23
67.125	23
67.153	20
67.18	38
67.205	38
67.231	29
67.26	23
67.285	43
67.312	40
67.337	35
67.363	26
67.39	23
67.416	44
67.441	39
67.466	29
67.492	50
67.518	46
67.544	42
67.572	35
67.597	50
67.623	51
67.648	46
67.674	37
67.699	52
67.725	58
67.75	48
67.779	42
67.805	53
67.831	54
67.856	54
67.882	45
67.908	51
67.934	57
67.959	52
67.985	48
68.01	53
68.036	54
68.061	54
68.086	49
68.111	54
68.136	49
68.162	50
68.187	50
68.212	50
68.237	50
68.262	50
68.287	50
68.313	51
68.338	51
68.363	51
68.389	52
68.414	52
68.44	53
68.465	28
68.49	48
68.516	54
68.542	40
68.569	32
68.594	42
68.619	52
68.644	42
68.67	33
68.695	43
68.721	54
68.746	44
68.771	34
68.796	29
68.821	49
68.846	44
68.871	34
68.898	31
68.925	23
68.96	23
68.99	23
69.025	23
69.06	23
69.09	23
69.119	20
69.144	37
69.17	33
69.196	29
69.225	23
69.26	23
69.285	43
69.311	39
69.338	36
69.363	26
69.39	23
69.417	45
69.444	37
69.469	32
69.496	29
69.525	23
69.55	43
69.575	33
69.601	34
69.626	54
69.653	46
69.678	41
69.703	36
69.728	51
69.754	47
69.78	43
69.805	53
69.831	54
69.857	50
69.882	45
69.908	51
69.933	46
69.958	51
69.983	46
70.012	45
70.038	51
70.064	52
70.089	52
70.114	52
70.14	53
70.166	54
70.192	55
70.223	56
70.249	47
70.274	37
70.299	52
70.324	52
70.35	48
70.376	39
70.402	50
70.427	50
70.452	50
70.479	37
70.504	42
70.529	52
70.555	53
70.58	43
70.606	39
70.631	54
70.657	55
70.682	45
70.708	41
70.734	52
70.761	54
70.787	45
70.813	41
70.838	51
70.863	51
70.888	46
70.913	41
70.94	38
70.965	28
70.992	25
71.024	22
71.06	23
71.09	23
71.125	23
71.16	23
71.19	23
71.215	20
71.241	39
71.266	29
71.292	25
71.325	23
71.35	43
71.375	38
71.4	33
71.425	23
71.452	45
71.478	36
71.503	36
71.528	26
71.555	48
71.581	39
71.608	36
71.634	32
71.66	23
71.687	45
71.712	45
71.737	35
71.762	50
71.788	46
71.814	47
71.839	37
71.867	55
71.892	50
71.917	50
71.942	40
71.967	55
71.993	51
72.019	52
72.045	43
72.07	33
72.095	53
72.121	54
72.146	44
72.172	35
72.197	50
72.223	56
72.249	47
72.275	43
72.3	43
72.325	53
72.351	49
72.377	40
72.405	53
72.43	48
72.455	53
72.48	43
72.505	53
72.53	48
72.556	54
72.582	45
72.608	46
72.633	41
72.659	52
72.684	47
72.712	50
72.739	52
72.764	42
72.791	44
72.816	49
72.841	54
72.866	29
72.893	41
72.918	51
72.943	41
72.969	32
72.995	48
73.021	49
73.047	45
73.072	35
73.099	32
73.125	23
73.15	20
73.175	38
73.202	35
73.228	26
73.26	23
73.285	20
73.319	20
73.346	39
73.372	35
73.399	32
73.425	23
73.46	23
73.49	23
73.525	23
73.56	23
73.585	43
73.612	40
73.637	35
73.663	26
73.69	23
73.716	44
73.743	36
73.768	31
73.794	52
73.82	48
73.845	43
73.871	34
73.897	55
73.923	56
73.948	46
73.973	36
73.999	52
74.024	57
74.05	48
74.076	54
74.101	54
74.126	54
74.151	49
74.177	50
74.203	56
74.228	51
74.254	47
74.28	43
74.305	53
74.33	53
74.356	54
74.382	40
74.407	50
74.432	55
74.458	51
74.485	43
74.511	49
74.536	54
74.562	55
74.59	48
74.617	50
74.643	56
74.669	37
74.695	53
74.721	49
74.746	54
74.771	54
74.798	31
74.823	41
74.848	46
74.873	36
74.899	32
74.925	28
74.951	49
74.976	39
75.002	35
75.027	35
75.052	50
75.077	40
75.102	35
75.129	27
75.159	22
75.19	23
75.215	20
75.24	38
75.266	29
75.293	26
75.32	20
75.347	40
75.372	35
75.399	32
75.425	23
75.46	23
75.49	23
75.52	20
75.547	40
75.572	35
75.597	30
75.624	22
75.651	44
75.676	34
75.702	35
75.729	27
75.755	48
75.78	38
75.806	39
75.832	30
75.86	53
75.885	43
75.911	44
75.938	36
75.964	52
75.989	47
76.014	47
76.039	37
76.067	55
76.092	50
76.118	56
76.143	51
76.168	56
76.194	52
76.219	57
76.244	42
76.269	32
76.297	50
76.322	50
76.347	45
76.373	36
76.399	57
76.424	52
76.449	52
76.475	38
76.501	39
76.526	54
76.552	55
76.577	40
76.605	43
76.63	53
76.655	53
76.68	43
76.705	38
76.73	48
76.756	54
76.783	46
76.808	41
76.834	47
76.859	52
76.884	47
76.909	42
76.935	33
76.96	48
76.985	48
77.012	45
77.037	35
77.064	52
77.091	49
77.118	46
77.145	38
77.171	34
77.198	31
77.225	23
77.26	23
77.285	23
77.311	39
77.337	35
77.363	26
77.39	23
77.425	23
77.459	22
77.485	20
77.511	39
77.537	35
77.563	26
77.59	23
77.616	44
77.643	36
77.669	32
77.695	28
77.721	49
77.746	39
77.773	36
77.799	32
77.824	52
77.849	42
77.874	37
77.9	48
77.926	54
77.952	45
77.978	41
78.003	56
78.029	52
78.055	48
78.081	44
78.106	54
78.132	30
78.158	51
78.184	47
78.21	58
78.235	48
78.261	54
78.287	45
78.313	56
78.338	51
78.364	52
78.394	52
78.42	53
78.446	54
78.473	36
78.498	36
78.524	57
78.549	52
78.575	38
78.6	38
78.625	53
78.65	53
78.675	38
78.701	54
78.727	55
78.754	52
78.78	43
78.81	43
78.836	54
78.861	54
78.886	49
78.912	45
78.939	47
78.965	53
78.99	53
79.015	48
79.045	43
79.071	39
79.097	50
79.122	35
79.148	46
79.174	37
79.199	32
79.224	32
79.249	42
79.275	38
79.302	35
79.328	26
79.36	23
79.39	23
79.424	22
79.465	28
79.492	25
79.524	22
79.55	20
79.575	38
79.602	35
79.628	26
79.655	23
79.68	38
79.707	35
79.734	32
79.76	23
79.786	44
79.811	39
79.837	35
79.863	26
79.889	47
79.915	43
79.94	38
79.965	53
79.991	49
80.016	49
80.044	42
80.069	42
80.095	53
80.12	53
80.146	44
80.172	50
80.198	51
80.224	57
80.249	47
80.274	47
80.3	53
80.325	53
80.351	49
80.377	50
80.402	50
80.427	50
80.453	51
80.479	42
80.504	52
80.53	48
80.556	54
80.582	45
80.608	56
80.633	51
80.659	57
80.685	48
80.711	54
80.736	49
80.762	50
80.787	50
80.812	50
80.841	54
80.866	54
80.895	53
80.92	53
80.946	44
80.971	34
80.998	51
81.023	51
81.049	52
81.074	37
81.099	52
81.125	53
81.15	48
81.175	38
81.2	33
81.225	43
81.25	48
81.277	40
81.302	35
81.328	26
81.36	23
81.389	22
81.425	23
81.46	23
81.489	22
81.525	23
81.55	20
81.575	38
81.602	35
81.628	26
81.659	22
81.684	34
81.711	39
81.737	35
81.763	26
81.79	23
81.815	43
81.841	34
81.866	29
81.893	26
81.918	33
81.944	37
81.969	32
81.994	27
82.021	49
82.046	39
82.071	34
82.096	54
82.121	49
82.146	44
82.172	35
82.198	56
82.224	52
82.249	47
82.275	38
82.301	54
82.326	54
82.351	49
82.377	50
82.402	50
82.428	56
82.453	51
82.479	42
82.504	52
82.53	53
82.555	53
82.581	54
82.607	50
82.632	50
82.658	51
82.685	48
82.711	49
82.737	55
82.762	50
82.787	50
82.813	51
82.838	51
82.864	52
82.889	52
82.915	53
82.94	43
82.965	53
82.992	50
83.018	51
83.044	47
83.069	57
83.094	52
83.119	57
83.144	42
83.171	34
83.196	49
83.221	49
83.246	39
83.271	34
83.297	50
83.322	45
83.349	47
83.375	38
83.4	33
83.431	29
83.46	23
83.485	20
83.515	23
83.54	33
83.566	29
83.593	26
83.624	22
83.659	22
83.689	22
83.725	23
83.76	23
83.785	23
83.813	41
83.84	38
83.866	29
83.893	26
83.925	23
83.952	45
83.978	36
84.007	35
84.034	32
84.061	24
84.087	45
84.112	40
84.138	36
84.163	51
84.189	47
84.215	48
84.241	39
84.266	44
84.291	49
84.316	49
84.342	40
84.368	41
84.394	52
84.419	52
84.444	42
84.469	47
84.495	53
84.52	53
84.546	44
84.571	54
84.596	54
84.621	54
84.647	45
84.673	51
84.698	46
84.725	53
84.75	48
84.775	53
84.8	48
84.825	53
84.85	48
84.876	54
84.901	54
84.926	49
84.952	50
84.978	56
85.004	52
85.029	52
85.055	53
85.08	43
85.105	48
85.131	54
85.158	51
85.185	43
85.21	43
85.236	54
85.261	54
85.286	36
85.311	44
85.336	54
85.361	54
85.388	46
85.415	43
85.442	50
85.468	31
85.493	26
85.519	37
85.544	42
85.57	33
85.596	29
85.625	23
85.66	23
85.69	23
85.724	22
85.76	23
85.789	22
85.819	20
85.846	39
85.872	35
85.899	32
85.925	23
85.955	23
85.982	40
86.008	36
86.034	32
86.06	23
86.085	43
86.113	41
86.141	39
86.166	29
86.192	30
86.217	45
86.247	40
86.272	35
86.298	31
86.323	51
86.348	46
86.373	36
86.398	51
86.423	51
86.448	46
86.474	52
86.499	52
86.524	52
86.55	48
86.576	54
86.601	54
86.627	50
86.652	50
86.678	41
86.703	53
86.728	51
86.753	51
86.778	41
86.803	51
86.829	52
86.855	53
86.881	44
86.906	54
86.931	54
86.957	50
86.982	50
87.01	53
87.035	48
87.06	53
87.085	48
87.11	48
87.136	54
87.161	54
87.187	50
87.212	50
87.237	50
87.263	26
87.291	29
87.319	52
87.344	57
87.369	32
87.395	33
87.42	48
87.445	53
87.47	33
87.497	30
87.522	40
87.548	46
87.575	38
87.605	38
87.63	48
87.655	53
87.682	40
87.707	35
87.734	32
87.759	22
87.785	20
87.811	39
87.837	35
87.863	26
87.89	23
87.925	23
87.95	43
87.976	39
88.003	36
88.028	26
88.06	23
88.09	23
88.115	43
88.141	39
88.166	29
88.192	25
88.218	46
88.244	37
88.27	33
88.295	28
88.321	49
88.347	40
88.373	36
88.398	31
88.425	23
88.45	43
88.475	38
88.5	33
88.525	53
88.551	44
88.576	39
88.601	44
88.627	55
88.652	50
88.677	40
88.705	48
88.73	53
88.756	54
88.782	50
88.808	46
88.834	47
88.86	53
88.887	50
88.912	50
88.938	51
88.963	51
88.989	52
89.014	52
89.04	53
89.065	43
89.092	55
89.118	51
89.143	41
89.168	41
89.194	52
89.22	53
89.245	43
89.273	36
89.298	46
89.323	51
89.348	51
89.373	36
89.4	38
89.425	53
89.45	48
89.476	39
89.501	39
89.527	45
89.552	50
89.577	40
89.602	35
89.628	46
89.653	56
89.68	43
89.706	39
89.731	39
89.758	51
89.789	22
89.816	34
89.843	41
89.869	32
89.896	29
89.925	23
89.951	29
89.976	34
90.002	35
90.028	26
90.06	23
90.09	23
90.119	20
90.146	39
90.172	35
90.199	32
90.225	23
90.259	22
90.29	23
90.325	23
90.35	43
90.376	34
90.403	36
90.428	26
90.455	38
90.48	38
90.505	33
90.534	32
90.563	26
90.588	46
90.613	46
90.638	36
90.664	52
90.69	48
90.716	49
90.742	40
90.767	45
90.792	50
90.818	51
90.843	56
90.868	36
90.894	52
90.92	53
90.945	43
90.971	44
91.002	55
91.028	51
91.054	52
91.08	43
91.105	53
91.131	39
91.157	55
91.182	45
91.207	50
91.236	49
91.262	30
91.288	51
91.314	52
91.34	38
91.365	53
91.39	48
91.416	54
91.442	55
91.467	30
91.492	50
91.518	51
91.544	42
91.57	33
91.597	50
91.622	50
91.647	50
91.672	35
91.697	50
91.723	51
91.748	46
91.773	36
91.798	51
91.823	51
91.848	48
91.875	38
91.902	35
91.93	43
91.959	22
91.985	23
92.011	39
92.037	35
92.063	26
92.09	23
92.12	20
92.16	23
92.19	23
92.215	28
92.241	34
92.268	31
92.295	28
92.32	20
92.347	40
92.372	35
92.399	32
92.425	23
92.452	45
92.478	36
92.506	39
92.531	29
92.56	23
92.587	45
92.612	40
92.637	35
92.663	26
92.688	46
92.713	46
92.738	36
92.763	51
92.788	46
92.814	47
92.84	38
92.865	53
92.89	48
92.916	49
92.942	40
92.968	56
92.993	51
93.019	57
93.045	43
93.071	54
93.096	54
93.122	55
93.147	45
93.173	51
93.199	52
93.225	53
93.25	48
93.276	39
93.304	52
93.329	52
93.354	52
93.38	43
93.405	43
93.431	54
93.456	54
93.482	45
93.508	41
93.533	51
93.558	51
93.583	46
93.613	46
93.638	51
93.663	56
93.688	51
93.713	41
93.738	36
93.764	52
93.789	52
93.815	43
93.84	33
93.865	53
93.891	54
93.918	46
93.944	37
93.971	49
93.996	54
94.025	23
94.051	34
94.079	37
94.106	34
94.131	29
94.16	23
94.19	23
94.225	23
94.259	22
94.285	23
94.311	39
94.339	37
94.365	28
94.39	23
94.415	20
94.441	39
94.466	29
94.492	25
94.518	46
94.543	36
94.569	32
94.594	27
94.619	47
94.646	39
94.671	34
94.696	44
94.721	49
94.747	45
94.772	35
94.798	51
94.823	51
94.849	47
94.874	37
94.9	53
94.926	54
94.951	49
94.98	43
95.006	54
95.032	35
95.058	56
95.084	47
95.11	58
95.136	39
95.162	55
95.188	51
95.216	54
95.241	39
95.267	40
95.293	51
95.319	52
95.345	43
95.37	53
95.397	50
95.423	51
95.448	46
95.473	51
95.498	36
95.523	51
95.548	46
95.574	52
95.599	57
95.625	53
95.65	53
95.676	44
95.701	39
95.726	51
95.754	52
95.779	42
95.806	39
95.834	52
95.859	52
95.884	47
95.912	40
95.94	38
95.965	53
95.992	50
96.025	23
96.055	20
96.081	24
96.119	20
96.16	23
96.185	20
96.219	20
96.255	20
96.29	23
96.32	23
96.355	23
96.39	23
96.415	20
96.441	34
96.468	31
96.493	26
96.524	22
96.555	20
96.59	23
96.615	23
96.644	37
96.669	32
96.699	32
96.725	23
96.759	22
96.789	22
96.814	32
96.84	33
96.87	33
96.895	28
96.92	23
96.948	41
96.975	33
97.002	30
97.028	26
97.06	23
97.085	38
97.111	39
97.138	31
97.163	26
97.19	23
97.215	38
97.241	34
97.266	29
97.293	26
97.325	23
97.351	39
97.376	34
97.403	31
97.428	26
97.46	23
97.486	39
97.512	40
97.538	31
97.563	26
97.59	23
97.616	39
97.641	34
97.666	29
97.693	26
97.719	42
97.745	38
97.77	33
97.796	29
97.825	23
97.851	39
97.878	36
97.905	33
97.932	30
97.959	27
97.986	39
98.013	41
98.038	31
98.063	26
98.09	23
98.116	39
98.142	35
98.17	33
98.196	29
98.225	23
98.251	39
98.276	34
98.303	31
98.328	26
98.355	20
98.38	38
98.406	34
98.431	29
98.46	23
98.486	39
98.513	41
98.539	32
98.565	28
98.59	23
98.616	39
98.642	35
98.668	31
98.693	26
98.725	23
98.752	40
98.778	36
98.805	33
98.831	29
98.86	23
98.887	40
98.914	37
98.943	36
98.969	32
98.996	29
99.024	47
99.051	39
99.078	36
99.105	33
99.131	29
99.16	23
99.187	40
99.212	40
99.237	30
99.263	26
99.29	23
99.315	38
99.343	36
99.369	32
99.396	29
99.421	44
99.446	39
99.472	30
99.499	32
99.525	23
99.552	40
99.578	36
99.605	33
99.631	29
99.66	23
99.687	40
99.714	37
99.74	33
99.766	29
99.793	26
99.825	23
99.852	40
99.878	36
99.905	33
99.931	29
99.96	23
99.987	40
100.014	37
100.04	33
100.066	29
100.093	26
100.12	43
100.146	39
100.172	30
100.199	32
100.225	23
100.252	40
100.278	36
100.305	33
100.33	28
100.355	20
100.381	39
100.408	36
100.434	32
100.46	23
100.487	40
100.514	37
100.54	33
100.566	29
100.593	26
100.62	43
100.646	39
100.672	30
100.699	32
100.725	23
100.752	40
100.778	36
100.805	33
100.831	29
100.86	23
100.887	40
100.914	42
100.94	33
100.969	32
100.996	29
101.023	28
101.05	38
101.075	33
101.102	30
101.128	26
101.155	43
101.182	40
101.209	37
101.234	32
101.261	24
101.288	41
101.315	43
101.341	34
101.366	29
101.393	36
101.419	47
101.445	38
101.473	31
101.499	32
101.526	29
101.552	45
101.579	37
101.606	34
101.631	29
101.66	23
101.686	39
101.713	41
101.738	31
101.763	26
101.79	23
101.816	39
101.841	34
101.866	29
101.893	26
101.925	23
101.951	39
101.976	34
102.003	31
102.028	26
102.06	23
102.086	39
102.113	41
102.138	31
102.163	26
102.189	42
102.216	44
102.241	34
102.266	29
102.293	26
102.325	23
102.352	40
102.378	36
102.405	33
102.431	29
102.46	23
102.487	40
102.514	42
102.543	36
102.572	30
102.599	32
102.624	47
102.654	42
102.681	39
102.706	39
102.733	31
102.763	26
102.79	43
102.817	45
102.843	36
102.87	33
102.896	29
102.925	23
102.951	39
102.98	38
103.006	34
103.031	29
103.06	23
103.086	39
103.112	40
103.139	32
103.166	29
103.193	26
103.225	23
103.251	39
103.277	35
103.303	31
103.331	29
103.36	23
103.386	39
103.412	40
103.438	31
103.466	29
103.492	25
103.521	29
103.547	40
103.573	31
103.598	31
103.624	47
103.653	46
103.679	37
103.705	33
103.73	28
103.76	23
103.785	38
103.812	40
103.838	31
103.863	26
103.889	42
103.914	42
103.941	34
103.966	29
103.993	26
104.025	23
104.051	39
104.076	34
104.102	35
104.128	26
104.16	23
104.186	39
104.212	40
104.238	31
104.263	26
104.29	23
104.316	39
104.341	34
104.366	29
104.393	26
104.425	23
104.451	39
104.477	35
104.504	37
104.531	29
104.56	23
104.586	39
104.612	40
104.639	32
104.666	29
104.693	26
104.725	23
104.752	40
104.778	36
104.805	33
104.831	29
104.86	23
104.887	40
104.917	40
104.943	36
104.97	33
104.997	30
105.022	45
105.049	42
105.077	35
105.102	30
105.128	26
105.155	43
105.182	40
105.209	37
105.236	29
105.263	26
105.289	42
105.316	44
105.341	34
105.366	29
105.393	26
105.425	23
105.451	39
105.476	34
105.503	31
105.528	26
105.56	23
105.587	40
105.614	37
105.64	33
105.666	29
105.693	26
105.725	23
105.752	40
105.778	36
105.805	38
105.832	30
105.859	22
105.886	39
105.913	36
105.939	32
105.966	29
105.993	26
106.02	20
106.046	39
106.072	30
106.099	32
106.125	23
106.152	40
106.179	37
106.206	34
106.232	30
106.258	46
106.284	42
106.314	42
106.341	34
106.367	30
106.394	47
106.42	48
106.446	39
106.473	36
106.499	32
106.525	48
106.552	45
106.578	41
106.604	37
106.63	53
106.656	49
106.682	40
106.709	42
106.735	33
106.764	52
106.79	48
106.816	44
106.842	40
106.868	56
106.894	52
106.92	48
106.946	44
106.972	35
106.998	51
107.024	52
107.051	49
107.076	39
107.102	35
107.128	51
107.157	50
107.183	46
107.208	41
107.234	57
107.259	52
107.284	47
107.309	42
107.334	47
107.359	52
107.384	47
107.409	42
107.44	53
107.467	45
107.493	51
107.519	47
107.545	43
107.571	39
107.597	55
107.623	51
107.65	48
107.675	38
107.701	34
107.727	55
107.752	50
107.778	41
107.803	36
107.828	51
107.853	51
107.878	41
107.905	38
107.93	53
107.955	48
107.985	43
108.012	45
108.037	35
108.064	37
108.091	49
108.118	46
108.143	41
108.169	32
108.195	33
108.221	49
108.247	40
108.272	35
108.299	32
108.325	23
108.352	35
108.378	36
108.405	38
108.431	29
108.46	23
108.49	23
108.517	40
108.543	36
108.569	32
108.596	29
108.625	23
108.65	38
108.676	34
108.702	35
108.731	29
108.76	23
108.786	39
108.813	41
108.838	31
108.863	26
108.89	38
108.915	43
108.94	33
108.966	29
108.993	26
109.018	41
109.043	36
109.069	32
109.094	27
109.119	42
109.144	37
109.169	32
109.195	28
109.22	43
109.247	40
109.272	30
109.298	31
109.325	23
109.35	38
109.376	34
109.401	34
109.428	26
109.454	42
109.48	38
109.505	38
109.531	29
109.557	45
109.583	41
109.608	41
109.634	32
109.66	48
109.685	43
109.711	39
109.737	35
109.762	25
109.788	41
109.814	42
109.84	38
109.869	32
109.898	31
109.923	46
109.949	42
109.975	38
110.001	44
110.026	54
110.052	45
110.078	41
110.103	46
110.129	52
110.154	47
110.179	37
110.205	48
110.23	53
110.255	48
110.28	38
110.305	43
110.333	31
110.358	51
110.383	41
110.408	41
110.433	31
110.461	29
110.488	46
110.513	46
110.541	39
110.568	31
110.593	26
110.62	43
110.646	39
110.675	33
110.7	33
110.725	23
110.752	40
110.778	36
110.806	34
110.831	29
110.86	23
110.887	40
110.912	40
110.937	35
110.963	26
110.991	24
111.016	41
111.043	36
111.069	32
111.094	27
111.119	42
111.147	40
111.172	30
111.197	30
111.223	36
111.248	41
111.273	31
111.298	31
111.324	47
111.349	42
111.376	34
111.401	34
111.428	26
111.453	41
111.479	37
111.504	37
111.53	28
111.556	44
111.581	39
111.607	40
111.632	30
111.658	46
111.684	42
111.709	42
111.735	33
111.76	48
111.786	44
111.811	39
111.837	35
111.863	26
111.888	41
111.914	42
111.94	38
111.965	28
111.99	43
112.016	44
112.041	34
112.066	29
112.091	39
112.117	45
112.142	35
112.168	31
112.193	26
112.219	42
112.244	37
112.27	33
112.295	43
112.32	48
112.346	39
112.371	34
112.397	30
112.422	45
112.447	40
112.472	30
112.501	34
112.528	26
112.554	42
112.579	37
112.605	33
112.631	29
112.66	23
112.685	38
112.711	39
112.737	35
112.762	45
112.788	46
112.814	42
112.839	37
112.865	28
112.89	43
112.916	44
112.942	35
112.969	32
112.995	28
113.021	44
113.047	40
113.073	31
113.098	31
113.125	23
113.151	39
113.176	34
113.202	35
113.228	26
113.254	42
113.279	37
113.305	33
113.331	29
113.36	23
113.386	39
113.412	40
113.438	31
113.464	27
113.489	42
113.515	43
113.54	38
113.566	54
113.591	49
113.617	50
113.642	40
113.667	50
113.693	51
113.718	46
113.743	56
113.769	37
113.797	55
113.822	50
113.847	45
113.872	35
113.899	52
113.924	52
113.949	47
113.976	39
114.003	36
114.028	51
114.053	51
114.079	42
114.104	52
114.13	53
114.155	53
114.18	43
114.207	40
114.232	50
114.257	50
114.283	46
114.309	42
114.334	57
114.359	52
114.385	48
114.411	44
114.437	45
114.466	29
114.5	33
114.527	50
114.552	50
114.577	40
114.604	37
114.629	27
114.656	34
114.683	41
114.71	38
114.737	35
114.763	26
114.79	23
114.819	20
114.846	39
114.872	35
114.899	32
114.925	23
114.952	40
114.979	37
115.007	35
115.034	32
115.06	23
115.086	44
115.112	40
115.138	36
115.163	26
115.19	23
115.217	40
115.243	36
115.269	32
115.294	27
115.319	42
115.346	39
115.373	36
115.398	31
115.425	23
115.45	43
115.476	34
115.502	35
115.529	27
115.555	43
115.583	41
115.61	43
115.64	38
115.668	56
115.695	53
115.72	48
115.747	45
115.772	40
115.798	56
115.824	52
115.849	47
115.876	39
115.902	45
115.928	51
115.954	52
115.98	43
116.005	53
116.031	54
116.057	55
116.082	45
116.107	50
116.132	35
116.157	55
116.184	47
116.209	42
116.237	35
116.263	51
116.289	47
116.315	48
116.341	39
116.367	30
116.392	50
116.418	51
116.443	36
116.469	32
116.494	42
116.52	48
116.545	43
116.57	33
116.595	28
116.625	23
116.655	23
116.682	40
116.709	37
116.734	32
116.76	23
116.785	33
116.812	40
116.838	31
116.863	26
116.89	23
116.925	23
116.96	23
116.99	23
117.024	22
117.052	35
117.078	36
117.105	33
117.137	30
117.163	26
117.188	36
117.215	43
117.241	34
117.266	29
117.291	24
117.316	39
117.341	34
117.366	29
117.392	25
117.418	41
117.444	37
117.47	33
117.496	29
117.525	23
117.552	40
117.578	36
117.605	33
117.631	29
117.66	23
117.687	40
117.714	37
117.74	33
117.766	29
117.793	26
117.818	41
117.843	36
117.872	30
117.899	32
117.927	25
117.957	35
117.984	37
118.012	40
118.037	30
118.064	27
118.091	44
118.118	41
118.144	37
118.17	33
118.196	29
118.224	22
118.251	39
118.277	35
118.304	32
118.331	29
118.358	36
118.385	38
118.412	40
118.437	30
118.463	26
118.49	23
118.517	40
118.543	36
118.569	32
118.596	29
118.625	23
118.652	40
118.677	35
118.702	30
118.727	25
118.752	32
118.777	35
118.804	32
118.831	29
118.86	23
118.887	40
118.914	37
118.94	33
118.966	29
118.993	26
119.025	23
119.052	40
119.078	36
119.103	31
119.128	26
119.16	23
119.187	40
119.212	40
119.237	30
119.263	26
119.29	23
119.315	38
119.34	33
119.366	29
119.391	24
119.416	39
119.443	36
119.469	32
119.494	27
119.519	42
119.544	37
119.569	32
119.594	27
119.619	20
119.646	39
119.672	30
119.697	30
119.725	23
119.752	40
119.778	36
119.805	38
119.83	28
119.857	45
119.882	40
119.909	37
119.934	32
119.959	47
119.986	44
120.011	39
120.036	34
120.063	36
120.088	46
120.115	43
120.14	38
120.165	53
120.192	50
120.217	45
120.244	42
120.269	32
120.294	47
120.321	49
120.346	39
120.373	36
120.398	46
120.425	48
120.45	43
120.477	40
120.504	52
120.529	52
120.555	48
120.581	39
120.607	40
120.633	31
120.66	48
120.686	44
120.712	45
120.739	37
120.764	52
120.79	48
120.816	49
120.841	39
120.867	55
120.893	51
120.918	51
120.944	42
120.969	47
120.994	52
121.02	53
121.045	43
121.07	48
121.097	50
121.122	55
121.147	40
121.174	37
121.2	48
121.226	54
121.252	45
121.277	40
121.303	56
121.328	51
121.353	46
121.378	36
121.404	52
121.432	55
121.457	50
121.484	42
121.511	54
121.536	34
121.562	25
121.588	46
121.613	51
121.638	36
121.664	27
121.69	48
121.715	53
121.74	38
121.765	28
121.79	38
121.815	48
121.84	38
121.865	28
121.89	33
121.917	45
121.942	35
121.968	31
121.995	28
122.024	22
122.06	23
122.09	23
122.119	20
122.146	39
122.172	30
122.199	32
122.225	23
122.26	23
122.29	23
122.315	20
122.341	34
122.366	29
122.393	26
122.419	20
122.446	39
122.471	34
122.501	34
122.528	26
122.553	26
122.578	36
122.605	33
122.631	29
122.66	23
122.686	39
122.712	40
122.737	35
122.763	26
122.79	23
122.817	40
122.843	36
122.869	32
122.894	27
122.919	42
122.944	37
122.969	32
122.994	27
123.02	43
123.047	40
123.072	30
123.097	30
123.125	23
123.15	38
123.176	34
123.201	34
123.228	26
123.253	41
123.279	37
123.304	32
123.331	29
123.357	45
123.382	40
123.408	36
123.434	32
123.46	23
123.485	38
123.511	39
123.537	30
123.563	26
123.588	41
123.614	42
123.641	34
123.666	29
123.692	25
123.718	41
123.744	37
123.769	32
123.795	28
123.821	44
123.847	40
123.872	30
123.898	31
123.925	23
123.95	43
123.975	38
124.003	36
124.028	51
124.053	46
124.078	41
124.103	56
124.128	56
124.153	46
124.178	41
124.203	46
124.228	56
124.255	48
124.28	43
124.308	51
124.335	33
124.362	50
124.388	46
124.413	46
124.44	38
124.466	54
124.491	49
124.517	50
124.543	41
124.569	32
124.594	52
124.62	53
124.645	43
124.67	33
124.695	48
124.72	53
124.748	46
124.775	38
124.8	48
124.827	55
124.854	47
124.88	38
124.906	39
124.932	30
124.958	51
124.985	43
125.012	40
125.039	32
125.066	29
125.093	26
125.125	23
125.152	40
125.178	36
125.205	33
125.231	29
125.26	23
125.287	40
125.314	42
125.34	33
125.366	29
125.391	24
125.418	41
125.443	36
125.469	32
125.494	27
125.52	43
125.547	40
125.573	36
125.599	32
125.625	23
125.651	39
125.678	36
125.705	38
125.732	30
125.757	45
125.782	40
125.807	40
125.835	33
125.86	48
125.885	43
125.91	43
125.935	33
125.961	49
125.986	44
126.011	44
126.037	35
126.062	50
126.087	45
126.112	45
126.137	50
126.162	50
126.19	48
126.217	50
126.242	55
126.267	45
126.293	51
126.318	51
126.344	57
126.37	48
126.396	54
126.421	54
126.447	45
126.472	35
126.497	50
126.522	55
126.547	45
126.575	53
126.6	53
126.626	54
126.651	49
126.677	40
126.702	50
126.727	35
126.752	50
126.777	40
126.802	40
126.827	55
126.854	52
126.88	43
126.905	38
126.931	54
126.956	54
126.981	39
127.006	39
127.031	49
127.056	54
127.082	40
127.107	35
127.133	31
127.16	23
127.19	23
127.225	23
127.26	23
127.29	23
127.325	23
127.352	20
127.379	37
127.406	34
127.431	29
127.46	23
127.485	20
127.511	39
127.537	35
127.563	26
127.59	23
127.615	43
127.641	34
127.666	29
127.693	26
127.725	23
127.752	40
127.777	35
127.805	38
127.831	29
127.856	29
127.882	40
127.908	36
127.935	33
127.96	23
127.987	40
128.012	40
128.039	37
128.064	27
128.089	42
128.115	43
128.14	38
128.165	53
128.19	48
128.215	48
128.241	39
128.266	54
128.291	49
128.317	50
128.342	40
128.367	45
128.392	50
128.417	50
128.442	45
128.467	30
128.493	51
128.519	52
128.544	52
128.57	33
128.595	53
128.621	54
128.646	54
128.671	39
128.696	49
128.721	49
128.746	49
128.771	34
128.796	49
128.822	50
128.847	45
128.872	35
128.899	52
128.924	52
128.949	47
128.975	38
129	53
129.025	53
129.05	48
129.075	38
129.1	48
129.125	53
129.151	49
129.176	39
129.203	36
129.228	41
129.256	49
129.283	41
129.31	38
129.337	35
129.362	25
129.389	22
129.424	22
129.459	22
129.489	22
129.515	20
129.542	35
129.568	31
129.595	28
129.625	23
129.66	23
129.69	23
129.725	23
129.76	23
129.79	23
129.825	23
129.86	23
129.89	23
129.925	23
129.95	43
129.976	34
130.003	36
130.028	26
130.06	23
130.085	40
130.11	38
130.138	36
130.163	26
130.189	42
130.216	44
130.241	39
130.269	32
130.296	49
130.321	49
130.346	44
130.371	34
130.396	49
130.422	50
130.447	45
130.472	40
130.497	50
130.522	50
130.547	40
130.572	50
130.597	50
130.624	52
130.649	42
130.674	37
130.701	44
130.726	49
130.752	45
130.778	41
130.804	57
130.83	53
130.856	49
130.882	40
130.909	52
130.934	32
130.96	48
130.985	43
131.011	44
131.036	34
131.062	25
131.087	45
131.112	50
131.137	35
131.162	50
131.187	45
131.215	48
131.242	40
131.268	31
131.293	46
131.318	46
131.345	38
131.372	30
131.397	30
131.425	23
131.46	23
131.485	35
131.511	39
131.537	30
131.563	26
131.59	23
131.615	38
131.64	33
131.666	29
131.693	26
131.725	23
131.75	38
131.776	34
131.802	30
131.828	26
131.863	26
131.89	23
131.916	39
131.943	36
131.968	31
131.993	26
132.019	42
132.046	39
132.072	35
132.099	32
132.125	23
132.15	38
132.175	33
132.2	33
132.225	48
132.25	43
132.276	34
132.301	34
132.328	26
132.354	42
132.379	37
132.405	33
132.431	29
132.46	23
132.485	38
132.511	39
132.538	31
132.563	26
132.589	42
132.615	43
132.641	34
132.666	29
132.692	25
132.718	41
132.744	37
132.769	32
132.795	28
132.821	44
132.847	40
132.873	31
132.898	31
132.925	23
132.95	38
132.976	34
133.002	35
133.028	26
133.054	42
133.079	37
133.105	33
133.131	29
133.16	23
133.186	39
133.212	40
133.238	31
133.263	26
133.289	42
133.316	44
133.342	35
133.367	30
133.393	46
133.419	47
133.444	42
133.47	33
133.496	54
133.521	49
133.547	45
133.573	36
133.599	52
133.627	55
133.653	46
133.679	42
133.704	52
133.73	58
133.755	48
133.78	43
133.805	48
133.83	53
133.855	53
133.88	43
133.905	53
133.932	55
133.961	54
133.987	50
134.012	50
134.038	51
134.063	51
134.089	52
134.114	52
134.142	40
134.167	45
134.192	50
134.219	52
134.244	42
134.27	33
134.295	48
134.32	53
134.345	38
134.37	33
134.395	48
134.42	53
134.447	40
134.474	32
134.499	47
134.526	49
134.552	45
134.579	37
134.605	33
134.631	29
134.66	23
134.69	23
134.725	23
134.76	23
134.785	20
134.813	41
134.839	32
134.865	28
134.892	25
134.925	23
134.96	23
134.99	23
135.025	23
135.05	43
135.076	34
135.102	35
135.128	26
135.159	22
135.186	39
135.211	39
135.237	35
135.263	26
135.291	24
135.319	42
135.344	37
135.369	32
135.395	28
135.421	44
135.446	39
135.472	35
135.499	32
135.526	24
135.551	44
135.576	34
135.601	34
135.626	49
135.651	44
135.677	40
135.702	35
135.727	55
135.752	45
135.777	40
135.802	40
135.827	50
135.852	45
135.877	40
135.905	53
135.93	53
135.957	50
135.982	40
136.007	42
136.034	42
136.06	53
136.087	45
136.112	50
136.138	36
136.165	28
136.191	44
136.217	50
136.243	41
136.268	31
136.294	47
136.32	53
136.345	43
136.37	33
136.395	48
136.421	54
136.446	39
136.471	34
136.496	44
136.521	49
136.548	41
136.573	36
136.598	31
136.623	46
136.65	43
136.675	33
136.703	36
136.728	26
136.755	23
136.781	39
136.806	39
136.831	29
136.86	23
136.887	40
136.912	40
136.937	35
136.966	29
136.991	24
137.016	44
137.041	39
137.066	29
137.091	44
137.116	44
137.142	35
137.169	32
137.195	28
137.22	43
137.247	40
137.273	31
137.299	32
137.325	23
137.351	39
137.378	36
137.404	37
137.43	28
137.457	45
137.482	40
137.509	42
137.536	34
137.564	27
137.591	44
137.616	44
137.643	41
137.668	31
137.695	48
137.72	48
137.745	40
137.772	35
137.797	50
137.822	50
137.849	42
137.874	37
137.899	52
137.927	50
137.954	47
137.979	42
138.006	54
138.031	29
138.058	46
138.083	41
138.111	44
138.138	36
138.163	43
138.19	48
138.217	50
138.243	41
138.269	32
138.295	48
138.32	53
138.347	40
138.373	36
138.399	47
138.425	53
138.451	44
138.477	40
138.503	51
138.529	52
138.555	48
138.58	43
138.606	39
138.632	30
138.657	50
138.683	41
138.708	41
138.734	32
138.759	47
138.785	43
138.81	43
138.836	34
138.861	49
138.886	44
138.912	45
138.937	35
138.963	26
138.988	46
139.013	41
139.042	40
139.067	30
139.093	41
139.119	47
139.144	42
139.17	33
139.195	28
139.221	49
139.247	40
139.273	31
139.299	32
139.325	23
139.351	39
139.376	34
139.402	35
139.429	27
139.455	43
139.48	38
139.506	34
139.532	30
139.56	23
139.587	40
139.614	42
139.639	37
139.666	29
139.691	44
139.718	46
139.743	41
139.771	34
139.798	51
139.823	51
139.848	41
139.875	38
139.9	48
139.928	51
139.955	48
139.98	43
140.005	45
140.032	30
140.057	47
140.084	42
140.109	42
140.136	34
140.161	49
140.188	46
140.213	46
140.24	38
140.267	30
140.294	47
140.319	52
140.344	37
140.371	34
140.396	49
140.422	50
140.448	41
140.474	37
140.5	48
140.526	54
140.552	45
140.578	41
140.604	37
140.63	53
140.655	48
140.681	39
140.707	40
140.732	30
140.758	51
140.784	42
140.809	42
140.835	33
140.861	24
140.886	44
140.912	40
140.938	36
140.963	26
140.989	42
141.015	43
141.041	34
141.067	30
141.093	46
141.119	47
141.145	38
141.171	34
141.197	30
141.223	46
141.249	42
141.279	37
141.306	34
141.332	30
141.359	47
141.386	44
141.412	40
141.441	39
141.466	44
141.493	51
141.52	48
141.545	43
141.572	35
141.597	50
141.624	52
141.649	42
141.676	39
141.701	49
141.728	51
141.753	46
141.78	38
141.807	55
141.832	30
141.858	46
141.884	42
141.909	57
141.935	33
141.961	49
141.987	45
142.013	46
142.038	36
142.064	27
142.089	47
142.115	48
142.14	38
142.166	29
142.191	44
142.216	49
142.241	39
142.267	30
142.292	45
142.317	45
142.342	40
142.367	30
142.392	25
142.417	45
142.443	36
142.469	32
142.494	27
142.519	42
142.545	38
142.57	33
142.595	28
142.62	43
142.647	40
142.672	35
142.697	30
142.725	23
142.75	43
142.776	34
142.801	34
142.826	24
142.852	45
142.879	37
142.905	38
142.93	38
142.956	49
142.982	40
143.008	41
143.034	32
143.06	48
143.087	45
143.113	41
143.139	37
143.166	29
143.193	46
143.22	48
143.245	43
143.272	35
143.297	50
143.324	52
143.349	42
143.376	39
143.401	34
143.428	51
143.453	46
143.48	43
143.505	38
143.532	30
143.557	50
143.584	42
143.609	42
143.636	34
143.661	49
143.687	45
143.712	55
143.739	37
143.765	28
143.791	44
143.817	50
143.843	41
143.869	32
143.895	48
143.921	54
143.947	45
143.972	35
143.998	51
144.024	52
144.049	47
144.074	37
144.099	52
144.125	53
144.15	43
144.175	38
144.2	48
144.225	53
144.252	45
144.277	35
144.302	35
144.33	28
144.357	45
144.384	42
144.409	37
144.437	35
144.463	26
144.49	28
144.517	45
144.544	37
144.569	32
144.596	29
144.625	23
144.652	40
144.678	36
144.705	38
144.731	29
144.76	23
144.787	40
144.812	40
144.837	35
144.863	26
144.888	41
144.913	41
144.938	36
144.963	26
144.988	41
145.014	42
145.04	38
145.066	29
145.092	25
145.118	46
145.144	37
145.17	33
145.196	29
145.222	45
145.247	40
145.272	35
145.299	32
145.326	24
145.351	44
145.378	36
145.405	38
145.43	28
145.457	45
145.482	40
145.509	42
145.534	32
145.559	47
145.586	44
145.611	44
145.636	34
145.663	51
145.688	46
145.713	46
145.738	36
145.763	38
145.79	48
145.815	48
145.84	38
145.865	53
145.892	50
145.917	50
145.942	40
145.967	30
145.994	47
146.019	52
146.044	42
146.071	34
146.096	49
146.123	51
146.148	46
146.175	38
146.2	53
146.227	55
146.252	50
146.278	41
146.304	47
146.33	58
146.356	54
146.381	44
146.407	50
146.433	56
146.458	51
146.484	42
146.509	42
146.534	57
146.559	52
146.584	42
146.611	44
146.636	49
146.661	54
146.688	46
146.715	43
146.743	41
146.77	33
146.796	49
146.823	51
146.85	43
146.876	34
146.903	31
146.928	26
146.955	43
146.981	39
147.008	36
147.034	32
147.06	23
147.085	38
147.111	39
147.137	30
147.163	26
147.19	23
147.215	38
147.241	34
147.266	29
147.293	26
147.325	23
147.351	39
147.376	34
147.403	31
147.43	28
147.46	23
147.487	40
147.514	42
147.54	33
147.566	29
147.591	24
147.619	42
147.647	40
147.672	35
147.697	30
147.722	45
147.747	40
147.772	30
147.798	31
147.823	46
147.848	41
147.875	33
147.901	34
147.928	26
147.953	41
147.979	37
148.004	32
148.031	29
148.056	44
148.082	40
148.107	40
148.132	30
148.157	45
148.182	40
148.207	40
148.233	31
148.258	51
148.283	41
148.308	41
148.333	56
148.359	52
148.384	42
148.409	42
148.434	32
148.46	53
148.485	48
148.51	53
148.535	33
148.56	48
148.585	43
148.61	53
148.635	33
148.663	51
148.69	48
148.715	48
148.74	38
148.766	54
148.793	51
148.818	51
148.844	42
148.87	33
148.896	49
148.922	55
148.948	41
148.973	36
148.999	47
149.025	53
149.052	45
149.077	40
149.103	51
149.128	56
149.153	46
149.178	41
149.206	54
149.232	55
149.259	52
149.286	44
149.311	54
149.336	34
149.362	25
149.388	46
149.413	46
149.439	37
149.465	28
149.491	39
149.517	45
149.542	40
149.568	31
149.594	27
149.619	27
149.644	37
149.669	32
149.696	29
149.725	23
149.751	44
149.776	34
149.802	35
149.828	26
149.859	22
149.886	39
149.911	39
149.937	35
149.963	26
149.99	23
150.015	43
150.04	33
150.066	29
150.091	24
150.116	44
150.143	36
150.169	32
150.196	29
150.225	23
150.253	41
150.278	36
150.303	36
150.328	26
150.353	41
150.379	37
150.404	32
150.431	29
150.46	23
150.486	39
150.512	40
150.538	31
150.563	26
150.589	42
150.616	44
150.642	40
150.668	31
150.695	48
150.721	49
150.747	40
150.774	37
150.8	33
150.829	52
150.856	49
150.882	45
150.908	41
150.935	58
150.961	54
150.987	45
151.013	46
151.039	42
151.065	53
151.091	49
151.117	45
151.143	41
151.169	32
151.195	48
151.221	49
151.247	45
151.273	36
151.298	51
151.324	52
151.349	47
151.375	38
151.401	34
151.426	49
151.452	45
151.477	40
151.503	36
151.528	51
151.554	47
151.579	37
151.604	37
151.63	28
151.655	43
151.682	40
151.708	36
151.734	32
151.76	23
151.785	38
151.811	39
151.837	35
151.863	26
151.889	42
151.914	42
151.941	34
151.967	30
151.993	31
152.018	46
152.044	37
152.07	33
152.096	29
152.122	45
152.148	41
152.173	31
152.199	32
152.225	23
152.251	39
152.276	34
152.303	36
152.329	27
152.355	43
152.382	40
152.408	41
152.435	33
152.461	49
152.488	46
152.517	45
152.544	42
152.57	33
152.596	49
152.623	51
152.649	42
152.676	39
152.702	55
152.728	51
152.754	47
152.78	43
152.807	40
152.833	31
152.859	47
152.885	43
152.911	44
152.937	35
152.963	51
152.989	47
153.015	48
153.041	39
153.067	30
153.093	46
153.119	47
153.144	42
153.17	33
153.196	49
153.222	50
153.248	41
153.274	37
153.299	52
153.325	53
153.351	44
153.376	39
153.402	35
153.428	51
153.454	47
153.479	37
153.505	38
153.531	29
153.557	45
153.582	40
153.608	41
153.634	32
153.66	48
153.686	44
153.712	40
153.737	35
153.763	26
153.789	29
153.815	43
153.841	34
153.867	30
153.893	26
153.92	43
153.946	39
153.973	31
153.999	32
154.025	23
154.052	40
154.081	39
154.108	41
154.134	32
154.16	48
154.186	44
154.213	41
154.239	37
154.265	53
154.291	49
154.318	46
154.344	42
154.37	33
154.396	49
154.423	51
154.449	42
154.475	38
154.501	34
154.528	51
154.554	47
154.58	38
154.606	39
154.633	31
154.659	47
154.685	43
154.712	40
154.738	36
154.764	27
154.791	44
154.817	45
154.843	36
154.87	33
154.896	49
154.922	50
154.949	42
154.975	38
155.001	34
155.028	51
155.054	47
155.08	38
155.107	40
155.133	31
155.16	48
155.186	44
155.213	41
155.239	37
155.265	28
155.29	48
155.317	45
155.344	42
155.369	32
155.395	48
155.421	49
155.448	46
155.474	37
155.5	53
155.526	54
155.552	50
155.578	41
155.604	37
155.63	58
155.656	54
155.682	45
155.707	40
155.733	56
155.759	52
155.784	47
155.809	42
155.834	57
155.859	52
155.885	48
155.911	44
155.937	55
155.963	56
155.989	52
156.014	47
156.04	48
156.066	54
156.091	54
156.116	44
156.141	54
156.166	54
156.193	51
156.22	48
156.245	43
156.272	50
156.298	31
156.323	51
156.349	42
156.375	53
156.4	33
156.425	53
156.452	45
156.477	40
156.502	35
156.528	26
156.555	28
156.581	39
156.608	36
156.634	32
156.66	23
156.693	26
156.725	23
156.752	35
156.778	36
156.803	36
156.828	26
156.86	23
156.885	43
156.912	40
156.937	35
156.963	26
156.99	23
157.016	44
157.041	34
157.066	29
157.093	26
157.118	41
157.143	36
157.169	32
157.195	28
157.22	43
157.247	40
157.273	36
157.299	32
157.325	23
157.351	44
157.378	36
157.405	38
157.43	28
157.455	48
157.482	40
157.507	40
157.532	30
157.557	50
157.582	40
157.607	40
157.632	55
157.657	50
157.682	40
157.707	40
157.732	55
157.757	50
157.783	46
157.808	41
157.833	46
157.858	51
157.883	46
157.908	56
157.933	46
157.958	51
157.986	44
158.014	47
158.041	39
158.066	29
158.092	50
158.117	50
158.143	41
158.168	46
158.194	52
158.22	53
158.246	44
158.272	35
158.297	50
158.323	51
158.348	46
158.375	38
158.4	53
158.425	53
158.451	44
158.477	40
158.502	45
158.528	56
158.554	47
158.581	39
158.607	40
158.633	31
158.66	23
158.69	23
158.718	20
158.744	37
158.769	32
158.796	29
158.825	23
158.855	20
158.882	40
158.909	37
158.934	32
158.96	23
158.99	23
159.025	23
159.051	29
159.077	35
159.104	32
159.131	29
159.16	23
159.19	23
159.225	23
159.25	38
159.275	33
159.302	30
159.328	26
159.36	23
159.386	39
159.412	40
159.437	30
159.463	26
159.49	33
159.517	40
159.543	36
159.569	32
159.594	27
159.619	42
159.644	37
159.669	32
159.695	28
159.72	43
159.745	38
159.772	30
159.798	31
159.823	46
159.848	41
159.873	31
159.899	32
159.925	23
159.95	38
159.975	33
160.001	34
160.028	26
160.053	41
160.079	37
160.104	32
160.129	27
160.154	42
160.179	37
160.205	38
160.23	28
160.255	43
160.281	39
160.306	34
160.331	29
160.36	23
160.388	41
160.413	41
160.44	33
160.466	29
160.491	24
160.516	39
160.541	34
160.566	29
160.591	24
160.616	39
160.643	36
160.669	32
160.694	27
160.719	42
160.744	37
160.769	32
160.794	27
160.819	42
160.847	40
160.872	30
160.897	30
160.925	23
160.95	38
160.979	37
161.004	32
161.031	29
161.056	44
161.081	39
161.107	35
161.134	32
161.16	23
161.185	38
161.21	38
161.237	30
161.263	26
161.291	24
161.316	39
161.344	37
161.369	32
161.394	27
161.419	42
161.444	37
161.469	32
161.494	27
161.519	42
161.546	39
161.572	30
161.597	30
161.625	23
161.65	38
161.675	33
161.701	34
161.728	26
161.753	41
161.779	37
161.804	32
161.831	29
161.86	23
161.885	38
161.91	38
161.936	34
161.963	26
161.988	41
162.013	41
162.04	33
162.066	29
162.091	24
162.117	40
162.144	37
162.169	32
162.195	28
162.22	43
162.247	40
162.272	30
162.298	31
162.323	26
162.349	42
162.376	34
162.401	34
162.428	26
162.453	41
162.479	37
162.504	37
162.53	28
162.556	44
162.582	40
162.607	40
162.633	31
162.658	46
162.684	42
162.709	42
162.734	32
162.759	47
162.784	47
162.809	42
162.836	34
162.861	49
162.886	44
162.913	46
162.938	36
162.965	28
162.99	48
163.017	50
163.042	40
163.068	31
163.094	52
163.119	52
163.144	42
163.17	33
163.195	48
163.221	54
163.246	44
163.271	34
163.296	49
163.321	49
163.346	44
163.373	36
163.398	51
163.425	48
163.451	44
163.477	40
163.503	51
163.529	57
163.555	48
163.581	44
163.607	40
163.632	30
163.658	51
163.684	42
163.71	38
163.737	35
163.763	26
163.79	23
163.816	44
163.841	34
163.866	29
163.893	26
163.918	20
163.944	37
163.97	33
163.996	29
164.025	23
164.052	40
164.078	36
164.105	33
164.131	29
164.16	23
164.185	40
164.212	40
164.237	35
164.263	26
164.288	41
164.314	42
164.341	34
164.366	29
164.393	26
164.419	42
164.446	39
164.472	35
164.499	32
164.524	47
164.549	42
164.574	37
164.599	32
164.624	47
164.649	42
164.674	37
164.699	32
164.725	53
164.75	43
164.775	38
164.8	53
164.826	54
164.851	44
164.876	39
164.901	54
164.929	52
164.954	47
164.979	42
165.006	54
165.031	44
165.057	50
165.084	47
165.11	58
165.135	48
165.161	54
165.187	45
165.213	51
165.238	51
165.263	51
165.29	48
165.316	54
165.341	54
165.366	54
165.391	49
165.417	55
165.442	50
165.467	55
165.492	50
165.517	50
165.542	50
165.568	31
165.593	46
165.618	56
165.643	41
165.668	31
165.693	41
165.719	52
165.744	42
165.774	37
165.801	39
165.828	46
165.853	51
165.88	38
165.906	39
165.931	29
165.96	23
165.985	20
166.025	23
166.06	23
166.09	23
166.124	22
166.159	22
166.189	22
166.224	22
166.249	22
166.275	33
166.302	35
166.328	26
166.36	23
166.39	23
166.425	23
166.451	24
166.476	34
166.503	31
166.528	26
166.56	23
166.588	36
166.615	43
166.641	34
166.666	29
166.693	26
166.725	23
166.752	40
166.778	36
166.803	36
166.829	27
166.854	42
166.879	37
166.905	33
166.932	30
166.96	23
166.987	40
167.015	43
167.042	35
167.07	33
167.097	30
167.125	48
167.152	45
167.177	35
167.204	37
167.229	27
167.256	44
167.283	41
167.308	41
167.335	33
167.36	48
167.385	43
167.412	40
167.437	35
167.462	42
167.489	47
167.514	42
167.541	39
167.566	44
167.591	49
167.616	49
167.644	42
167.671	34
167.696	49
167.721	49
167.746	44
167.771	34
167.796	49
167.823	51
167.848	46
167.873	36
167.898	51
167.925	53
167.95	48
167.975	38
168.002	55
168.027	50
168.054	47
168.08	43
168.106	54
168.132	55
168.158	51
168.184	47
168.21	58
168.236	44
168.261	54
168.286	44
168.312	50
168.337	50
168.362	50
168.389	47
168.414	47
168.441	39
168.467	30
168.493	51
168.518	51
168.546	44
168.571	34
168.596	49
168.622	50
168.649	47
168.674	37
168.702	50
168.729	42
168.759	52
168.785	43
168.81	48
168.835	43
168.86	53
168.885	43
168.91	48
168.935	33
168.96	53
168.987	45
169.015	48
169.04	38
169.066	29
169.091	39
169.117	45
169.144	37
169.169	32
169.196	29
169.225	23
169.26	23
169.29	23
169.324	22
169.36	23
169.39	23
169.418	20
169.443	36
169.469	32
169.496	29
169.525	23
169.55	43
169.576	34
169.603	36
169.628	26
169.66	23
169.687	40
169.712	40
169.737	35
169.763	26
169.788	41
169.814	42
169.841	34
169.866	29
169.893	26
169.919	42
169.944	37
169.969	32
169.994	27
170.022	45
170.047	40
170.072	35
170.1	53
170.128	51
170.153	46
170.178	41
170.203	51
170.228	51
170.253	46
170.278	41
170.303	51
170.33	53
170.357	50
170.382	45
170.408	51
170.434	57
170.46	53
170.486	49
170.511	54
170.537	50
170.562	50
170.587	50
170.612	55
170.637	50
170.663	56
170.689	52
170.714	57
170.74	38
170.766	44
170.791	49
170.816	54
170.841	39
170.868	31
170.896	49
170.923	51
170.949	42
170.977	40
171.002	50
171.028	56
171.053	46
171.08	38
171.105	48
171.13	28
171.16	23
171.185	38
171.21	43
171.235	33
171.26	23
171.285	28
171.31	38
171.337	35
171.363	26
171.39	23
171.425	23
171.45	20
171.476	34
171.502	35
171.528	26
171.56	23
171.585	20
171.612	40
171.639	32
171.666	29
171.693	26
171.725	23
171.75	43
171.776	34
171.802	35
171.828	26
171.86	23
171.886	39
171.913	41
171.94	33
171.966	29
171.991	24
172.016	44
172.041	34
172.067	30
172.093	26
172.12	48
172.145	38
172.172	35
172.197	30
172.222	45
172.247	40
172.273	36
172.298	31
172.323	51
172.349	42
172.375	38
172.4	53
172.426	54
172.452	45
172.477	40
172.503	41
172.529	52
172.554	47
172.58	43
172.605	53
172.631	54
172.656	49
172.681	44
172.706	54
172.732	40
172.759	52
172.784	47
172.809	47
172.834	32
172.86	53
172.887	45
172.912	55
172.938	36
172.964	27
172.99	48
173.016	54
173.041	39
173.067	30
173.092	50
173.117	50
173.142	40
173.169	32
173.194	47
173.219	52
173.244	42
173.271	34
173.298	46
173.323	56
173.349	42
173.376	34
173.402	35
173.428	26
173.46	23
173.486	29
173.512	40
173.538	31
173.563	26
173.59	23
173.625	23
173.655	20
173.682	40
173.709	37
173.735	33
173.76	23
173.79	23
173.824	22
173.85	20
173.877	35
173.904	32
173.931	29
173.96	23
173.99	23
174.025	23
174.05	38
174.075	33
174.102	30
174.128	26
174.16	23
174.186	39
174.213	41
174.24	33
174.266	29
174.293	26
174.318	41
174.343	36
174.369	32
174.394	27
174.419	42
174.444	37
174.469	32
174.495	28
174.521	44
174.547	40
174.573	31
174.598	31
174.625	23
174.65	38
174.676	34
174.702	35
174.728	26
174.754	42
174.779	37
174.805	33
174.831	29
174.86	23
174.886	39
174.912	40
174.938	31
174.964	27
174.99	43
175.016	44
175.042	35
175.069	32
175.095	28
175.121	44
175.147	40
175.173	31
175.199	32
175.225	23
175.251	39
175.276	34
175.302	35
175.328	26
175.353	41
175.379	37
175.404	37
175.429	27
175.455	48
175.48	38
175.506	39
175.531	54
175.556	49
175.582	45
175.607	40
175.632	55
175.658	51
175.683	46
175.708	46
175.733	56
175.759	52
175.784	42
175.812	55
175.837	50
175.864	52
175.889	47
175.916	49
175.941	39
175.967	30
175.994	52
176.019	52
176.045	43
176.071	34
176.097	50
176.123	56
176.149	47
176.174	37
176.2	43
176.225	53
176.25	48
176.275	38
176.3	48
176.325	53
176.351	49
176.376	39
176.401	49
176.426	49
176.451	44
176.478	41
176.503	36
176.53	53
176.555	48
176.58	38
176.607	40
176.632	30
176.66	23
176.687	40
176.714	42
176.74	33
176.766	29
176.793	26
176.818	41
176.843	36
176.869	32
176.894	27
176.919	42
176.947	40
176.972	35
176.998	31
177.025	23
177.05	43
177.076	34
177.102	35
177.128	26
177.154	47
177.179	37
177.206	39
177.233	31
177.258	46
177.285	43
177.31	43
177.335	33
177.36	48
177.385	43
177.41	43
177.435	33
177.461	54
177.489	47
177.515	48
177.54	38
177.566	54
177.591	49
177.617	50
177.642	40
177.667	30
177.693	51
177.718	51
177.743	51
177.768	31
177.793	51
177.818	51
177.843	41
177.87	33
177.895	48
177.922	50
177.947	45
177.973	36
177.999	52
178.024	52
178.049	47
178.075	38
178.1	53
178.126	54
178.151	49
178.176	39
178.204	42
178.231	54
178.259	52
178.286	44
178.311	44
178.338	51
178.365	53
178.391	49
178.417	50
178.443	41
178.468	31
178.493	26
178.52	33
178.547	40
178.574	32
178.601	34
178.628	26
178.659	22
178.689	22
178.724	22
178.76	23
178.79	23
178.825	23
178.86	23
178.89	23
178.925	23
178.95	38
178.975	33
179.002	30
179.028	26
179.06	23
179.086	39
179.112	40
179.138	31
179.163	26
179.19	23
179.217	40
179.243	36
179.269	32
179.297	30
179.325	23
179.35	38
179.375	33
179.401	34
179.426	24
179.451	39
179.476	34
179.501	34
179.528	26
179.553	41
179.579	37
179.604	37
179.629	27
179.655	48
179.68	38
179.706	39
179.731	54
179.756	49
179.782	45
179.807	40
179.832	55
179.858	51
179.883	46
179.908	41
179.934	57
179.959	52
179.984	47
180.009	42
180.034	47
180.059	52
180.084	42
180.109	42
180.134	47
180.161	49
180.186	44
180.213	46
180.238	51
180.264	52
180.29	48
180.316	49
180.342	40
180.368	31
180.393	51
180.419	52
180.445	43
180.47	33
180.495	48
180.521	54
180.546	39
180.571	34
180.596	49
180.621	54
180.647	45
180.672	35
180.697	40
180.722	50
180.747	40
180.772	35
180.797	45
180.822	50
180.847	40
180.872	35
180.897	30
180.922	45
180.947	40
180.972	35
180.997	30
181.025	23
181.05	43
181.076	34
181.101	34
181.126	49
181.152	45
181.177	35
181.206	39
181.232	30
181.257	25
181.284	42
181.31	38
181.336	34
181.363	26
181.39	43
181.42	43
181.448	41
181.476	34
181.503	36
181.528	51
181.553	46
181.581	44
181.609	42
181.636	49
181.662	50
181.687	45
181.712	45
181.737	50
181.762	50
181.787	45
181.812	45
181.837	50
181.863	51
181.888	46
181.913	46
181.938	51
181.963	51
181.99	48
182.015	48
182.04	53
182.067	30
182.092	50
182.119	47
182.144	42
182.17	33
182.196	49
182.221	49
182.248	46
182.274	37
182.3	33
182.325	53
182.351	49
182.377	40
182.402	35
182.428	51
182.454	52
182.479	42
182.504	52
182.529	52
182.554	47
182.579	42
182.604	52
182.632	35
182.659	52
182.684	42
182.709	42
182.734	52
182.759	52
182.784	42
182.809	37
182.834	32
182.86	23
182.885	43
182.91	38
182.937	35
182.963	26
182.99	23
183.015	38
183.04	33
183.066	29
183.093	26
183.125	23
183.151	39
183.176	34
183.203	31
183.228	26
183.259	22
183.286	39
183.313	41
183.34	33
183.366	29
183.393	26
183.418	41
183.443	36
183.468	36
183.495	28
183.52	43
183.546	39
183.571	34
183.596	29
183.625	23
183.65	38
183.676	39
183.701	34
183.728	26
183.754	42
183.78	43
183.806	34
183.832	30
183.858	26
183.884	42
183.91	38
183.935	33
183.961	29
183.987	45
184.013	41
184.04	33
184.066	34
184.092	50
184.118	46
184.144	37
184.17	38
184.196	34
184.222	50
184.248	41
184.274	42
184.3	33
184.326	49
184.352	45
184.378	41
184.404	37
184.43	28
184.456	44
184.482	45
184.508	36
184.534	32
184.56	28
184.586	44
184.612	40
184.638	31
184.664	32
184.69	48
184.716	44
184.743	36
184.768	36
184.794	27
184.819	47
184.848	41
184.874	42
184.9	33
184.925	53
184.951	49
184.976	44
185.002	45
185.028	51
185.053	51
185.079	47
185.104	52
185.13	53
185.155	48
185.18	48
185.205	53
185.231	54
185.256	54
185.283	46
185.308	56
185.333	46
185.359	52
185.385	48
185.41	48
185.436	49
185.462	50
185.488	51
185.513	46
185.539	52
185.564	52
185.589	52
185.614	47
185.639	37
185.666	54
185.692	50
185.717	50
185.744	37
185.77	38
185.795	53
185.821	54
185.846	39
185.871	34
185.896	44
185.921	49
185.946	39
185.971	39
185.996	29
186.025	23
186.055	23
186.085	20
186.111	39
186.137	35
186.164	32
186.19	23
186.22	20
186.247	40
186.274	37
186.302	35
186.328	26
186.354	37
186.38	43
186.406	34
186.433	31
186.458	26
186.49	23
186.517	40
186.543	36
186.568	36
186.593	26
186.618	41
186.644	37
186.67	38
186.696	29
186.725	23
186.752	40
186.779	42
186.807	35
186.834	32
186.859	27
186.884	47
186.909	37
186.934	32
186.959	47
186.984	47
187.01	43
187.035	33
187.06	48
187.086	49
187.111	44
187.136	34
187.162	50
187.187	50
187.213	46
187.238	36
187.263	51
187.288	51
187.313	46
187.338	36
187.363	51
187.388	51
187.415	48
187.44	38
187.465	53
187.492	50
187.517	50
187.544	42
187.569	52
187.594	52
187.619	52
187.645	43
187.671	54
187.696	54
187.722	50
187.747	40
187.772	40
187.797	50
187.822	50
187.847	40
187.874	42
187.899	52
187.926	49
187.951	44
187.978	46
188.005	38
188.03	28
188.057	30
188.084	47
188.111	39
188.136	34
188.163	31
188.189	22
188.224	22
188.249	42
188.276	39
188.302	35
188.328	26
188.355	23
188.39	23
188.415	20
188.44	33
188.467	30
188.493	26
188.525	23
188.55	38
188.577	40
188.602	30
188.628	26
188.655	23
188.681	39
188.706	34
188.731	29
188.758	26
188.79	23
188.825	23
188.852	40
188.877	40
188.902	30
188.928	26
188.953	41
188.978	41
189.006	34
189.031	29
189.057	45
189.083	46
189.108	36
189.134	32
189.16	28
189.186	44
189.212	40
189.238	31
189.263	31
189.289	47
189.315	43
189.341	34
189.367	35
189.393	26
189.419	42
189.444	37
189.47	33
189.496	29
189.525	23
189.55	38
189.576	39
189.603	31
189.628	26
189.654	42
189.679	42
189.706	34
189.732	30
189.76	28
189.786	44
189.812	40
189.838	31
189.863	31
189.89	23
189.915	38
189.941	34
189.966	34
189.993	26
190.018	41
190.043	36
190.069	37
190.094	27
190.119	47
190.144	37
190.17	38
190.195	53
190.22	48
190.245	43
190.271	39
190.296	54
190.321	49
190.346	44
190.371	54
190.397	30
190.422	50
190.45	43
190.475	53
190.5	33
190.528	51
190.555	48
190.58	53
190.605	38
190.63	40
190.656	49
190.681	49
190.707	40
190.733	31
190.758	51
190.784	57
190.809	42
190.834	32
190.859	47
190.884	52
190.909	42
190.937	35
190.964	52
190.991	49
191.019	47
191.044	37
191.069	52
191.095	53
191.121	49
191.147	40
191.172	40
191.201	34
191.227	25
191.252	45
191.278	41
191.306	34
191.331	29
191.358	26
191.39	23
191.415	43
191.441	34
191.468	36
191.493	26
191.519	37
191.544	37
191.571	34
191.596	29
191.625	23
191.651	39
191.676	39
191.702	35
191.728	26
191.755	23
191.78	43
191.805	33
191.831	29
191.856	29
191.882	45
191.908	36
191.934	32
191.96	28
191.987	45
192.013	41
192.038	31
192.064	32
192.089	47
192.116	44
192.141	34
192.166	34
192.191	49
192.216	44
192.242	40
192.267	35
192.292	55
192.317	45
192.342	40
192.367	35
192.392	50
192.417	50
192.442	40
192.467	50
192.492	50
192.517	50
192.542	40
192.569	52
192.594	52
192.619	47
192.646	39
192.671	54
192.696	39
192.723	51
192.749	42
192.774	57
192.8	38
192.826	54
192.853	46
192.879	47
192.908	41
192.933	31
192.962	50
192.987	50
193.012	45
193.038	36
193.063	51
193.088	56
193.115	43
193.142	40
193.173	56
193.2	33
193.225	23
193.252	35
193.279	47
193.306	34
193.333	31
193.36	28
193.385	20
193.41	38
193.436	34
193.463	31
193.489	22
193.524	22
193.549	42
193.576	39
193.602	35
193.628	26
193.655	23
193.69	23
193.725	23
193.755	23
193.78	25
193.805	33
193.831	29
193.858	26
193.883	41
193.909	37
193.934	32
193.961	29
193.99	23
194.016	39
194.041	34
194.067	30
194.093	26
194.125	23
194.152	40
194.177	40
194.202	30
194.228	26
194.253	41
194.278	41
194.303	36
194.329	27
194.354	42
194.38	43
194.406	34
194.431	29
194.456	24
194.482	40
194.509	37
194.534	32
194.56	28
194.585	43
194.612	40
194.637	30
194.663	31
194.69	23
194.715	38
194.741	34
194.766	34
194.793	26
194.818	41
194.844	37
194.869	32
194.896	29
194.925	23
194.95	38
194.976	39
195.003	31
195.028	26
195.054	42
195.079	42
195.105	33
195.131	29
195.157	25
195.182	40
195.209	37
195.234	32
195.26	28
195.285	43
195.31	38
195.336	34
195.361	29
195.386	49
195.412	40
195.437	35
195.463	51
195.488	51
195.513	46
195.539	37
195.564	52
195.589	52
195.615	48
195.64	38
195.665	53
195.69	53
195.716	49
195.741	39
195.766	49
195.791	49
195.816	49
195.841	39
195.866	49
195.891	49
195.916	46
195.943	41
195.968	56
195.994	52
196.027	55
196.053	46
196.079	47
196.105	53
196.131	29
196.157	50
196.183	51
196.209	57
196.234	32
196.259	47
196.284	52
196.309	42
196.334	32
196.359	47
196.386	54
196.411	44
196.436	34
196.463	31
196.488	46
196.515	48
196.54	38
196.566	34
196.592	50
196.618	51
196.644	42
196.67	38
196.696	29
196.722	50
196.748	41
196.774	37
196.799	32
196.825	23
196.851	44
196.878	41
196.903	36
196.928	26
196.954	22
196.979	39
197.004	32
197.031	29
197.058	26
197.09	23
197.117	40
197.143	36
197.168	36
197.193	26
197.218	41
197.244	37
197.269	37
197.295	28
197.32	43
197.347	40
197.373	41
197.399	32
197.425	23
197.45	43
197.475	43
197.502	35
197.528	26
197.553	46
197.578	41
197.603	36
197.631	29
197.656	49
197.681	44
197.706	39
197.732	30
197.757	50
197.782	50
197.808	41
197.833	31
197.859	52
197.884	52
197.909	42
197.935	33
197.96	48
197.985	53
198.01	43
198.035	33
198.06	53
198.085	53
198.112	45
198.137	35
198.162	50
198.187	55
198.213	46
198.239	37
198.265	53
198.29	53
198.316	49
198.341	39
198.366	49
198.392	50
198.417	45
198.442	40
198.467	55
198.492	50
198.517	45
198.543	36
198.571	49
198.598	31
198.625	23
198.652	40
198.679	47
198.705	38
198.731	29
198.757	25
198.789	22
198.816	24
198.841	34
198.868	31
198.893	26
198.925	23
198.954	22
198.989	22
199.024	22
199.054	22
199.079	24
199.104	32
199.131	29
199.158	26
199.19	23
199.225	23
199.253	41
199.278	41
199.305	33
199.331	29
199.358	26
199.39	23
199.416	39
199.442	35
199.47	33
199.496	29
199.525	23
199.552	40
199.578	41
199.603	31
199.628	26
199.656	29
199.682	45
199.708	36
199.734	32
199.759	47
199.785	48
199.81	38
199.836	34
199.862	30
199.887	45
199.913	41
199.938	31
199.963	31
199.99	23
200.015	38
200.041	34
200.067	35
200.093	26
200.119	42
200.144	37
200.17	33
200.196	29
200.225	23
200.251	39
200.276	39
200.303	31
200.328	26
200.354	42
200.38	43
200.406	34
200.431	29
200.457	25
200.483	41
200.509	37
200.534	32
200.56	33
200.586	49
200.611	44
200.637	35
200.662	50
200.688	51
200.714	47
200.739	37
200.765	53
200.791	54
200.816	44
200.842	40
200.868	51
200.893	51
200.918	46
200.944	42
200.969	57
200.994	52
201.021	49
201.046	39
201.073	51
201.099	32
201.125	48
201.152	45
201.178	56
201.203	36
201.229	27
201.254	47
201.279	47
201.304	37
201.329	27
201.357	45
201.384	52
201.411	39
201.436	34
201.463	46
201.488	56
201.514	42
201.54	33
201.566	44
201.592	55
201.617	45
201.644	37
201.669	37
201.696	29
201.725	23
201.75	43
201.777	40
201.802	35
201.828	26
201.855	23
201.88	43
201.906	34
201.931	29
201.958	26
201.985	23
202.013	41
202.038	36
202.063	31
202.09	23
202.117	40
202.143	36
202.17	38
202.195	28
202.22	43
202.246	39
202.272	35
202.299	32
202.325	23
202.35	43
202.377	40
202.403	31
202.428	26
202.455	43
202.482	45
202.507	35
202.532	30
202.559	27
202.584	47
202.61	38
202.635	33
202.662	50
202.688	51
202.716	44
202.741	39
202.766	54
202.791	54
202.819	47
202.844	42
202.871	54
202.896	54
202.923	51
202.948	46
202.973	51
202.998	56
203.024	52
203.05	48
203.075	53
203.101	49
203.126	54
203.152	50
203.177	45
203.202	35
203.227	55
203.252	50
203.279	52
203.304	37
203.331	49
203.356	49
203.383	51
203.408	36
203.433	31
203.458	51
203.486	54
203.512	40
203.538	36
203.563	51
203.589	52
203.615	43
203.64	38
203.665	48
203.69	53
203.716	44
203.744	37
203.769	47
203.794	27
203.825	23
203.852	35
203.877	40
203.902	35
203.928	26
203.955	23
203.99	23
204.015	20
204.04	33
204.067	35
204.093	26
204.125	23
204.155	23
204.19	23
204.225	23
204.251	44
204.276	39
204.302	35
204.328	26
204.355	23
204.38	43
204.405	33
204.431	29
204.457	25
204.489	22
204.514	39
204.54	33
204.568	36
204.593	26
204.618	41
204.644	37
204.67	38
204.696	29
204.723	31
204.75	43
204.775	38
204.8	33
204.826	49
204.851	44
204.876	44
204.901	34
204.927	50
204.952	45
204.977	45
205.003	36
205.028	51
205.053	46
205.078	46
205.104	37
205.129	52
205.154	47
205.179	47
205.21	43
205.235	33
205.262	50
205.287	50
205.312	45
205.339	37
205.364	52
205.39	53
205.416	44
205.442	40
205.468	56
205.494	52
205.519	47
205.548	41
205.573	56
205.599	32
205.627	50
205.654	47
205.679	47
205.707	40
205.734	32
205.761	44
205.789	52
205.816	44
205.843	36
205.87	38
205.897	30
205.924	22
205.951	39
205.978	41
206.005	33
206.03	28
206.057	25
206.089	22
206.124	22
206.154	22
206.179	24
206.204	32
206.231	29
206.258	26
206.29	23
206.325	23
206.355	23
206.383	41
206.408	36
206.434	32
206.461	29
206.493	26
206.525	23
206.55	38
206.577	40
206.603	31
206.628	26
206.655	23
206.682	40
206.711	39
206.737	30
206.765	33
206.79	48
206.815	43
206.84	33
206.865	33
206.891	24
206.916	39
206.941	34
206.966	34
206.992	25
207.017	40
207.043	36
207.068	36
207.094	27
207.119	42
207.144	37
207.17	38
207.195	28
207.22	43
207.247	40
207.272	35
207.299	32
207.325	23
207.35	38
207.375	38
207.402	30
207.428	26
207.453	41
207.478	41
207.505	33
207.531	29
207.556	24
207.582	40
207.609	37
207.634	32
207.66	28
207.685	43
207.712	40
207.737	30
207.763	31
207.788	46
207.813	41
207.84	33
207.866	34
207.893	26
207.918	41
207.944	37
207.969	32
207.996	29
208.025	23
208.05	38
208.076	39
208.101	34
208.127	25
208.153	41
208.178	41
208.204	32
208.229	27
208.255	43
208.281	44
208.306	34
208.331	29
208.357	25
208.382	40
208.409	37
208.434	32
208.46	28
208.486	44
208.512	40
208.537	30
208.563	31
208.589	47
208.614	42
208.64	33
208.665	33
208.691	24
208.717	40
208.744	37
208.769	32
208.796	29
208.825	23
208.85	38
208.876	39
208.902	30
208.928	26
208.953	41
208.978	41
209.003	36
209.029	27
209.054	47
209.079	42
209.104	37
209.13	53
209.155	48
209.18	48
209.206	39
209.231	54
209.257	50
209.285	53
209.31	43
209.336	34
209.361	54
209.386	54
209.411	44
209.436	34
209.461	49
209.486	54
209.513	46
209.538	36
209.564	52
209.589	57
209.615	48
209.64	38
209.666	49
209.691	54
209.717	50
209.742	40
209.767	50
209.792	50
209.82	53
209.847	40
209.874	52
209.9	48
209.926	54
209.951	44
209.977	45
210.003	51
210.028	26
210.054	47
210.079	42
210.104	37
210.129	27
210.154	47
210.181	44
210.208	36
210.234	32
210.259	27
210.29	23
210.325	23
210.355	23
210.385	20
210.411	39
210.437	35
210.464	32
210.49	23
210.515	43
210.541	34
210.568	31
210.593	26
210.619	37
210.645	38
210.67	33
210.696	29
210.725	23
210.752	40
210.777	40
210.802	35
210.828	26
210.853	41
210.879	42
210.906	34
210.931	29
210.957	25
210.984	42
211.01	38
211.037	35
211.064	32
211.089	47
211.114	42
211.142	37
211.17	38
211.198	31
211.225	48
211.25	43
211.275	43
211.3	33
211.325	48
211.352	45
211.377	45
211.405	38
211.432	30
211.459	47
211.484	52
211.514	42
211.54	38
211.567	55
211.593	51
211.619	47
211.645	43
211.671	54
211.697	55
211.722	50
211.748	46
211.774	47
211.799	37
211.825	53
211.85	43
211.876	44
211.904	37
211.931	29
211.956	44
211.981	49
212.008	41
212.035	33
212.062	50
212.087	50
212.114	42
212.141	34
212.166	34
212.193	26
212.228	26
212.254	22
212.279	39
212.304	32
212.33	28
212.355	23
212.39	23
212.42	23
212.449	37
212.476	39
212.502	30
212.528	26
212.555	23
212.58	38
212.605	33
212.631	29
212.658	26
212.696	29
212.725	23
212.75	38
212.775	38
212.802	30
212.828	26
212.855	23
212.881	39
212.906	34
212.931	29
212.958	26
212.99	23
213.017	40
213.043	36
213.07	33
213.095	28
213.12	43
213.149	37
213.174	37
213.199	32
213.224	32
213.249	42
213.276	39
213.301	34
213.326	44
213.353	41
213.378	41
213.403	31
213.428	26
213.455	23
213.48	38
213.505	33
213.531	29
213.558	26
213.583	41
213.608	36
213.634	32
213.659	27
213.687	45
213.715	38
213.74	33
213.765	33
213.79	23
213.818	41
213.843	36
213.868	31
213.893	26
213.918	41
213.943	36
213.968	31
213.993	26
214.018	41
214.043	36
214.071	34
214.096	29
214.121	44
214.146	39
214.171	34
214.196	29
214.225	23
214.253	41
214.278	41
214.305	33
214.331	29
214.356	24
214.381	39
214.409	37
214.434	32
214.459	27
214.485	43
214.51	38
214.537	30
214.563	31
214.588	46
214.613	41
214.64	33
214.665	33
214.691	24
214.716	39
214.743	36
214.769	37
214.794	27
214.819	42
214.847	40
214.872	35
214.897	30
214.925	23
214.95	38
214.975	38
215	33
215.025	23
215.05	38
215.075	38
215.102	30
215.128	26
215.153	41
215.178	41
215.205	33
215.231	29
215.256	24
215.281	39
215.308	36
215.334	32
215.359	27
215.384	42
215.412	40
215.437	30
215.462	30
215.49	23
215.515	38
215.54	33
215.565	33
215.59	23
215.615	38
215.64	33
215.669	32
215.696	29
215.721	44
215.746	39
215.772	35
215.8	33
215.825	23
215.85	38
215.875	38
215.9	33
215.925	48
215.951	44
215.982	45
216.007	35
216.034	32
216.059	27
216.084	42
216.109	37
216.134	32
216.159	27
216.184	42
216.209	37
216.234	32
216.259	27
216.284	42
216.311	39
216.337	30
216.362	30
216.39	23
216.418	41
216.443	36
216.468	31
216.493	26
216.519	21
216.546	39
216.571	34
216.596	29
216.625	23
216.65	38
216.675	38
216.702	30
216.728	26
216.753	41
216.778	41
216.805	33
216.831	29
216.856	24
216.881	39
216.909	37
216.934	32
216.959	27
216.985	43
217.012	40
217.037	30
217.063	31
217.09	23
217.115	38
217.141	34
217.166	34
217.193	26
217.218	41
217.244	37
217.269	37
217.295	28
217.32	43
217.345	38
217.37	38
217.395	53
217.42	48
217.448	41
217.476	44
217.503	36
217.528	51
217.553	46
217.578	46
217.603	36
217.628	51
217.653	46
217.68	48
217.705	38
217.73	53
217.755	48
217.783	51
217.81	43
217.835	33
217.86	48
217.887	50
217.912	45
217.939	37
217.964	52
217.991	49
218.018	46
218.043	41
218.07	38
218.097	55
218.123	51
218.149	42
218.175	43
218.202	50
218.228	51
218.254	47
218.28	43
218.306	54
218.332	55
218.358	51
218.383	46
218.409	42
218.435	43
218.46	53
218.485	53
218.51	43
218.535	33
218.56	53
218.585	53
218.61	43
218.637	35
218.662	50
218.687	55
218.713	46
218.739	37
218.765	48
218.792	55
218.818	51
218.844	42
218.87	38
218.896	54
218.922	50
218.947	45
218.973	41
218.998	56
219.024	52
219.049	42
219.074	42
219.099	52
219.124	52
219.154	47
219.179	47
219.206	54
219.231	29
219.258	51
219.284	47
219.311	49
219.337	35
219.364	32
219.389	47
219.416	49
219.442	35
219.468	31
219.494	27
219.525	23
219.55	20
219.577	40
219.603	31
219.628	26
219.655	23
219.684	20
219.713	41
219.739	32
219.766	34
219.792	25
219.824	22
219.849	39
219.876	39
219.902	35
219.928	26
219.955	23
219.98	43
220.005	33
220.031	29
220.058	26
220.083	41
220.109	37
220.134	32
220.161	29
220.19	23
220.216	39
220.241	34
220.268	36
220.293	26
220.32	28
220.346	39
220.371	34
220.396	29
220.425	23
220.45	38
220.476	39
220.502	30
220.528	26
220.554	42
220.579	42
220.605	33
220.631	29
220.657	25
220.682	40
220.709	37
220.734	32
220.76	28
220.786	44
220.812	40
220.838	31
220.864	32
220.89	48
220.916	44
220.942	35
220.968	36
220.993	31
221.019	47
221.045	38
221.071	39
221.096	29
221.122	45
221.148	41
221.174	37
221.2	33
221.225	23
221.251	39
221.277	40
221.303	36
221.329	27
221.354	42
221.381	44
221.407	35
221.433	31
221.459	27
221.485	43
221.51	38
221.537	35
221.563	31
221.589	47
221.614	42
221.641	34
221.667	35
221.693	26
221.719	42
221.744	37
221.77	33
221.796	29
221.825	23
221.851	39
221.877	40
221.903	36
221.929	27
221.955	43
221.981	44
222.008	36
222.034	32
222.06	48
222.086	49
222.112	40
222.139	37
222.165	33
222.191	49
222.217	45
222.243	41
222.269	37
222.295	53
222.321	49
222.35	43
222.377	40
222.403	36
222.429	52
222.455	48
222.481	44
222.507	40
222.533	31
222.559	47
222.585	48
222.611	44
222.636	34
222.662	50
222.688	51
222.714	42
222.739	37
222.765	53
222.791	54
222.816	44
222.842	40
222.867	55
222.893	51
222.918	46
222.943	41
222.968	56
222.993	51
223.018	46
223.043	41
223.068	56
223.095	53
223.12	48
223.147	40
223.175	53
223.201	34
223.227	50
223.253	46
223.279	47
223.305	38
223.334	32
223.359	47
223.385	53
223.41	43
223.436	34
223.461	49
223.486	54
223.511	44
223.536	34
223.561	44
223.586	54
223.613	46
223.638	36
223.663	46
223.688	51
223.715	43
223.742	35
223.767	50
223.793	56
223.819	47
223.845	38
223.871	39
223.898	31
223.924	47
223.951	44
223.978	41
224.005	33
224.031	29
224.058	26
224.09	23
224.117	40
224.143	36
224.168	36
224.193	26
224.218	41
224.243	36
224.269	37
224.296	29
224.325	23
224.35	43
224.377	40
224.403	36
224.428	26
224.454	42
224.479	42
224.506	34
224.531	29
224.558	26
224.583	46
224.608	36
224.636	34
224.664	32
224.689	47
224.714	42
224.74	38
224.765	33
224.791	54
224.817	45
224.842	40
224.868	36
224.894	57
224.92	48
224.946	44
224.972	45
225.002	40
225.028	51
225.054	47
225.08	48
225.105	43
225.134	32
225.159	52
225.185	53
225.21	43
225.235	33
225.26	48
225.289	52
225.314	47
225.339	37
225.365	53
225.39	53
225.415	48
225.441	39
225.468	56
225.493	56
225.518	51
225.543	41
225.569	44
225.594	52
225.62	53
225.645	38
225.671	39
225.696	54
225.722	50
225.749	42
225.776	39
225.801	34
225.826	24
225.854	22
225.889	22
225.924	22
225.95	20
225.975	38
226.001	34
226.027	25
226.054	22
226.084	20
226.11	38
226.136	34
226.161	29
226.19	23
226.225	23
226.255	23
226.28	25
226.305	33
226.331	29
226.358	26
226.39	23
226.425	23
226.458	26
226.49	23
226.517	35
226.543	36
226.57	33
226.596	29
226.625	23
226.65	38
226.677	40
226.703	31
226.731	29
226.761	29
226.79	23
226.817	40
226.842	35
226.867	35
226.893	26
226.925	23
226.952	40
226.977	40
227.002	30
227.028	26
227.056	24
227.081	39
227.108	36
227.134	32
227.159	27
227.184	42
227.211	39
227.237	30
227.262	30
227.29	23
227.315	38
227.34	33
227.365	33
227.39	23
227.415	38
227.44	33
227.466	34
227.493	26
227.518	41
227.547	40
227.572	35
227.599	32
227.625	23
227.65	38
227.675	38
227.7	33
227.725	23
227.75	38
227.775	38
227.8	33
227.825	23
227.852	40
227.877	40
227.902	35
227.927	50
227.952	45
227.977	45
228.004	37
228.032	50
228.057	50
228.082	45
228.11	43
228.137	35
228.162	50
228.189	52
228.214	47
228.239	37
228.265	48
228.291	54
228.317	50
228.343	41
228.369	37
228.395	53
228.421	49
228.447	45
228.473	41
228.499	47
228.525	53
228.55	43
228.576	44
228.602	35
228.628	51
228.653	46
228.678	46
228.703	36
228.728	26
228.754	47
228.779	47
228.804	37
228.831	29
228.856	44
228.881	49
228.906	39
228.932	30
228.957	50
228.983	46
229.008	41
229.033	31
229.058	51
229.084	47
229.109	42
229.134	32
229.159	47
229.185	53
229.21	43
229.235	33
229.26	43
229.285	48
229.31	38
229.335	33
229.361	44
229.386	49
229.411	39
229.437	35
229.462	30
229.488	51
229.513	41
229.539	37
229.565	33
229.59	23
229.616	44
229.641	34
229.667	35
229.693	51
229.719	47
229.745	43
229.771	39
229.798	31
229.824	52
229.85	43
229.875	43
229.902	35
229.927	50
229.954	47
229.981	44
230.006	39
230.033	31
230.058	46
230.085	48
230.11	43
230.135	33
230.162	50
230.187	50
230.212	40
230.237	35
230.262	50
230.288	51
230.313	41
230.338	36
230.363	51
230.388	51
230.414	42
230.439	37
230.464	52
230.489	52
230.514	42
230.539	37
230.564	52
230.589	52
230.614	42
230.642	40
230.667	55
230.694	52
230.719	47
230.746	39
230.771	54
230.797	40
230.823	51
230.849	42
230.875	58
230.902	35
230.928	51
230.954	47
230.98	48
231.006	39
231.032	30
231.058	46
231.084	57
231.11	43
231.135	33
231.16	43
231.186	54
231.211	39
231.237	35
231.262	40
231.289	52
231.314	42
231.34	33
231.367	35
231.393	26
231.425	23
231.455	23
231.49	23
231.515	20
231.54	33
231.567	35
231.593	26
231.625	23
231.655	23
231.68	43
231.705	33
231.731	29
231.758	26
231.79	23
231.815	38
231.841	34
231.868	31
231.893	26
231.925	23
231.951	39
231.976	39
232.002	35
232.028	26
232.055	23
232.08	43
232.105	33
232.131	29
232.157	25
232.183	41
232.209	37
232.235	33
232.26	28
232.287	45
232.312	40
232.337	35
232.364	32
232.391	24
232.416	44
232.443	36
232.468	36
232.494	52
232.521	49
232.547	40
232.574	42
232.601	34
232.627	50
232.654	47
232.68	43
232.707	40
232.733	31
232.76	48
232.786	49
232.816	44
232.843	36
232.868	36
232.893	51
232.92	48
232.946	39
232.972	40
232.998	31
233.025	48
233.051	44
233.078	46
233.104	37
233.129	52
233.156	49
233.181	49
233.208	41
233.234	37
233.259	52
233.285	53
233.311	44
233.337	35
233.362	50
233.388	56
233.413	41
233.438	36
233.463	51
233.488	56
233.513	41
233.54	38
233.565	53
233.59	53
233.617	45
233.643	41
233.669	57
233.694	52
233.72	48
233.745	38
233.771	54
233.798	31
233.826	24
233.854	42
233.879	47
233.905	38
233.931	29
233.958	51
233.984	52
234.01	43
234.036	34
234.062	40
234.087	50
234.115	43
234.14	33
234.165	33
234.192	25
234.217	45
234.243	36
234.27	33
234.296	29
234.325	23
234.352	40
234.377	40
234.402	35
234.428	26
234.455	23
234.48	43
234.506	34
234.531	29
234.558	26
234.59	23
234.616	44
234.641	34
234.667	35
234.693	26
234.725	23
234.752	40
234.777	40
234.802	35
234.828	26
234.853	41
234.879	42
234.906	34
234.931	29
234.957	25
234.982	45
235.009	37
235.034	32
235.062	30
235.09	48
235.115	43
235.14	38
235.165	33
235.19	53
235.215	43
235.24	38
235.265	53
235.29	53
235.315	43
235.34	38
235.365	53
235.39	53
235.415	43
235.44	48
235.465	53
235.49	53
235.516	44
235.541	54
235.567	55
235.592	50
235.617	45
235.642	40
235.667	55
235.693	51
235.718	46
235.744	42
235.77	53
235.795	53
235.82	48
235.847	40
235.872	55
235.898	46
235.924	52
235.95	43
235.977	55
236.002	35
236.028	26
236.053	41
236.078	56
236.103	36
236.128	26
236.155	38
236.18	48
236.205	38
236.231	29
236.259	37
236.286	24
236.311	39
236.336	34
236.363	31
236.389	22
236.424	22
236.45	20
236.476	39
236.502	35
236.528	26
236.555	23
236.58	20
236.608	36
236.634	32
236.661	29
236.69	23
236.716	44
236.741	34
236.767	35
236.793	26
236.825	23
236.855	23
236.88	43
236.906	34
236.931	29
236.958	26
236.99	23
237.017	40
237.042	35
237.067	35
237.093	26
237.118	46
237.148	41
237.175	38
237.2	33
237.227	25
237.254	42
237.279	42
237.304	37
237.334	32
237.362	45
237.387	50
237.412	45
237.44	38
237.467	45
237.492	52
237.519	47
237.546	44
237.571	49
237.597	55
237.623	51
237.649	47
237.675	43
237.701	49
237.727	55
237.753	46
237.779	47
237.805	53
237.831	29
237.856	49
237.888	51
237.914	47
237.939	37
237.965	53
237.993	56
238.018	51
238.043	41
238.068	51
238.095	53
238.12	53
238.145	43
238.172	40
238.197	45
238.224	52
238.251	44
238.278	41
238.303	36
238.33	28
238.358	26
238.385	23
238.411	39
238.437	30
238.464	32
238.49	23
238.515	38
238.54	33
238.565	33
238.59	23
238.615	38
238.64	33
238.667	30
238.693	26
238.718	41
238.744	37
238.769	32
238.796	29
238.825	23
238.85	38
238.877	40
238.903	31
238.928	26
238.954	22
238.979	39
239.004	32
239.031	29
239.058	26
239.083	33
239.108	36
239.136	34
239.164	32
239.19	23
239.218	41
239.243	36
239.269	32
239.296	29
239.321	29
239.347	40
239.372	35
239.397	30
239.425	23
239.45	38
239.475	38
239.501	34
239.528	26
239.553	41
239.578	41
239.605	33
239.631	29
239.656	24
239.685	43
239.71	38
239.735	33
239.761	29
239.786	44
239.811	39
239.836	34
239.862	30
239.887	45
239.912	40
239.937	30
239.962	30
239.99	23
240.015	38
240.041	34
240.066	34
240.093	26
240.118	41
240.144	37
240.169	37
240.194	27
240.22	43
240.247	40
240.272	35
240.299	32
240.325	23
240.35	38
240.375	38
240.401	34
240.428	26
240.453	41
240.478	41
240.505	33
240.531	29
240.556	24
240.582	40
240.612	40
240.638	31
240.663	31
240.688	46
240.714	42
240.741	34
240.766	34
240.792	25
240.817	40
240.844	37
240.869	32
240.895	28
240.921	44
240.947	40
240.973	36
240.999	32
241.025	23
241.05	38
241.076	39
241.101	34
241.128	26
241.153	41
241.178	41
241.206	34
241.231	29
241.257	25
241.282	40
241.309	37
241.334	32
241.36	28
241.385	43
241.411	39
241.436	34
241.461	49
241.487	50
241.512	45
241.537	35
241.562	50
241.587	50
241.615	43
241.641	39
241.666	34
241.691	49
241.716	44
241.741	34
241.766	34
241.794	52
241.819	47
241.847	40
241.874	37
241.899	32
241.924	47
241.952	40
241.979	42
242.005	33
242.031	29
242.056	24
242.083	41
242.108	36
242.134	32
242.159	27
242.184	42
242.211	39
242.237	30
242.262	30
242.293	26
242.321	44
242.346	39
242.371	39
242.396	29
242.425	23
242.45	38
242.478	41
242.505	33
242.531	29
242.556	24
242.581	39
242.609	37
242.634	32
242.659	27
242.684	42
242.709	37
242.735	33
242.76	28
242.785	43
242.812	40
242.837	30
242.863	31
242.89	23
242.915	38
242.941	34
242.966	34
242.993	26
243.018	41
243.044	37
243.069	32
243.096	29
243.121	34
243.147	40
243.176	39
243.201	34
243.228	26
243.253	41
243.278	41
243.304	32
243.331	29
243.356	24
243.382	40
243.409	37
243.434	32
243.46	28
243.485	43
243.511	39
243.536	34
243.561	29
243.587	45
243.612	40
243.637	30
243.663	31
243.69	23
243.715	38
243.741	34
243.766	34
243.793	26
243.818	41
243.844	37
243.869	32
243.895	28
243.92	43
243.947	40
243.972	35
243.997	30
244.025	23
244.05	38
244.075	38
244.102	30
244.128	26
244.153	41
244.178	41
244.204	32
244.229	27
244.254	42
244.28	43
244.306	34
244.331	29
244.356	24
244.382	40
244.409	37
244.434	32
244.459	27
244.485	43
244.512	40
244.537	30
244.563	31
244.59	23
244.615	38
244.64	33
244.665	33
244.69	48
244.716	44
244.741	39
244.766	34
244.791	49
244.816	44
244.841	39
244.867	35
244.892	50
244.917	45
244.942	40
244.967	50
244.992	50
245.018	46
245.043	41
245.068	51
245.093	51
245.118	46
245.143	41
245.169	52
245.194	52
245.219	47
245.244	42
245.272	55
245.299	32
245.324	47
245.349	42
245.376	54
245.401	34
245.428	51
245.455	48
245.48	48
245.506	39
245.533	31
245.559	47
245.584	52
245.61	43
245.636	34
245.661	49
245.686	54
245.711	39
245.736	34
245.761	49
245.786	49
245.811	39
245.838	36
245.863	51
245.888	56
245.915	43
245.941	39
245.967	50
245.994	54
246.02	48
246.046	44
246.072	50
246.098	31
246.123	51
246.149	42
246.178	46
246.204	37
246.229	27
246.254	47
246.28	48
246.305	38
246.331	29
246.356	49
246.381	54
246.406	39
246.435	33
246.46	43
246.485	53
246.51	43
246.535	33
246.56	43
246.585	53
246.61	38
246.635	33
246.66	43
246.685	53
246.71	38
246.735	33
246.76	43
246.786	49
246.811	39
246.837	35
246.864	32
246.89	23
246.916	44
246.941	34
246.968	31
246.996	29
247.025	23
247.051	39
247.078	41
247.104	32
247.131	29
247.158	26
247.19	23
247.217	40
247.243	36
247.268	36
247.293	26
247.318	41
247.343	36
247.369	37
247.396	29
247.425	23
247.45	43
247.477	40
247.503	31
247.528	26
247.554	42
247.579	42
247.606	34
247.631	29
247.658	36
247.683	46
247.711	39
247.738	36
247.763	31
247.788	51
247.813	41
247.84	38
247.865	53
247.89	53
247.917	45
247.942	40
247.967	45
247.993	51
248.019	47
248.045	43
248.071	54
248.097	55
248.123	51
248.149	47
248.175	58
248.2	33
248.225	48
248.254	52
248.279	57
248.304	37
248.331	49
248.357	50
248.383	51
248.408	41
248.433	31
248.459	52
248.484	57
248.509	42
248.536	34
248.561	49
248.586	54
248.612	40
248.638	36
248.664	52
248.689	57
248.714	42
248.739	37
248.764	42
248.79	53
248.82	48
248.847	40
248.873	51
248.899	42
248.927	25
248.954	27
248.982	45
249.008	36
249.034	32
249.061	29
249.09	23
249.115	25
249.14	33
249.167	35
249.193	26
249.225	23
249.255	23
249.284	20
249.309	37
249.334	32
249.361	29
249.39	23
249.425	23
249.455	23
249.48	43
249.505	33
249.531	29
249.558	26
249.59	23
249.616	44
249.643	36
249.67	33
249.696	29
249.725	23
249.75	43
249.776	39
249.803	36
249.828	26
249.855	43
249.882	45
249.907	35
249.932	30
249.957	45
249.982	45
250.007	40
250.033	31
250.058	46
250.083	46
250.109	42
250.134	32
250.16	53
250.185	48
250.211	44
250.236	34
250.262	50
250.287	50
250.312	45
250.338	36
250.363	51
250.389	52
250.414	47
250.439	37
250.465	53
250.493	51
250.518	51
250.546	44
250.573	56
250.599	47
250.626	54
250.651	49
250.677	55
250.704	37
250.733	46
250.759	52
250.785	53
250.81	43
250.835	33
250.86	53
250.885	53
250.912	40
250.937	35
250.962	50
250.988	56
251.014	42
251.041	34
251.067	45
251.093	56
251.119	47
251.144	37
251.171	34
251.196	29
251.225	23
251.255	23
251.284	20
251.309	37
251.334	32
251.361	29
251.39	23
251.42	20
251.447	40
251.474	37
251.503	31
251.528	26
251.555	23
251.59	23
251.615	20
251.641	34
251.667	35
251.693	26
251.725	23
251.755	23
251.78	38
251.805	33
251.831	29
251.858	26
251.884	20
251.909	37
251.935	33
251.961	29
251.986	34
252.011	39
252.037	30
252.065	33
252.09	23
252.115	38
252.141	34
252.166	34
252.191	24
252.217	40
252.242	35
252.267	35
252.293	26
252.318	41
252.344	37
252.369	32
252.394	27
252.42	43
252.447	40
252.472	35
252.499	32
252.525	23
252.55	38
252.575	38
252.602	30
252.628	26
252.653	41
252.678	41
252.704	32
252.731	29
252.756	24
252.781	39
252.809	37
252.834	32
252.859	27
252.885	43
252.912	40
252.937	30
252.963	31
252.99	23
253.015	38
253.041	34
253.066	34
253.091	24
253.117	40
253.144	37
253.172	35
253.199	32
253.225	23
253.25	38
253.276	39
253.302	30
253.328	26
253.353	41
253.379	42
253.406	34
253.431	29
253.456	44
253.482	45
253.508	36
253.533	31
253.558	41
253.584	47
253.609	37
253.634	32
253.659	47
253.685	48
253.71	38
253.735	33
253.76	28
253.785	43
253.811	39
253.836	34
253.861	29
253.886	44
253.911	39
253.937	30
253.962	30
253.987	45
254.012	40
254.037	35
254.062	30
254.087	45
254.112	40
254.137	30
254.162	30
254.187	30
254.212	40
254.237	30
254.262	30
254.29	23
254.317	40
254.343	36
254.368	36
254.393	26
254.42	43
254.446	39
254.471	34
254.496	29
254.525	23
254.553	41
254.581	39
254.608	36
254.634	32
254.659	27
254.684	42
254.709	37
254.734	32
254.759	27
254.784	42
254.812	40
254.837	30
254.862	30
254.89	23
254.915	38
254.94	33
254.966	34
254.993	26
255.018	41
255.044	37
255.069	32
255.096	29
255.125	23
255.15	43
255.175	43
255.2	33
255.225	48
255.25	43
255.275	43
255.3	33
255.326	49
255.351	44
255.376	44
255.401	34
255.426	49
255.451	44
255.476	44
255.501	34
255.526	49
255.552	45
255.577	55
255.605	38
255.633	31
255.66	48
255.685	53
255.71	43
255.737	35
255.762	50
255.787	50
255.813	46
255.84	38
255.866	54
255.892	55
255.918	51
255.944	42
255.974	52
255.999	57
256.025	53
256.05	43
256.076	44
256.101	49
256.126	54
256.151	44
256.176	44
256.201	49
256.226	54
256.253	46
256.278	46
256.303	36
256.328	26
256.355	43
256.382	50
256.407	40
256.434	32
256.464	47
256.491	54
256.516	44
256.543	41
256.57	38
256.598	31
256.625	23
256.652	40
256.677	40
256.702	35
256.728	26
256.755	23
256.78	43
256.805	33
256.831	29
256.856	24
256.881	44
256.908	36
256.934	32
256.96	28
256.985	43
257.01	38
257.038	36
257.064	32
257.09	23
257.116	44
257.141	34
257.167	35
257.194	27
257.221	44
257.246	39
257.271	39
257.296	29
257.321	49
257.346	39
257.371	39
257.396	54
257.421	49
257.446	41
257.472	40
257.497	55
257.523	51
257.551	44
257.577	45
257.602	45
257.631	54
257.656	49
257.681	49
257.707	50
257.732	50
257.757	50
257.785	48
257.813	51
257.838	36
257.864	52
257.896	54
257.921	54
257.947	45
257.972	40
257.997	50
258.023	51
258.048	41
258.074	42
258.101	54
258.127	50
258.153	46
258.179	42
258.204	52
258.23	53
258.255	48
258.281	44
258.307	45
258.332	30
258.358	26
258.383	26
258.408	36
258.434	32
258.461	29
258.49	23
258.515	20
258.54	33
258.567	30
258.593	26
258.625	23
258.65	20
258.676	39
258.702	30
258.728	26
258.755	23
258.79	23
258.825	23
258.855	23
258.89	23
258.924	22
258.95	20
258.975	38
259.001	34
259.028	26
259.055	23
259.08	35
259.105	33
259.131	29
259.158	26
259.185	20
259.213	41
259.24	33
259.265	33
259.29	23
259.317	40
259.344	37
259.369	32
259.396	29
259.421	44
259.447	40
259.473	36
259.499	32
259.525	23
259.55	38
259.576	39
259.606	34
259.631	29
259.657	25
259.682	40
259.708	36
259.734	32
259.76	28
259.785	43
259.812	40
259.837	30
259.863	31
259.89	23
259.915	38
259.941	34
259.966	34
259.993	26
260.018	41
260.044	37
260.069	32
260.096	29
260.125	23
260.15	38
260.176	39
260.202	30
260.228	26
260.253	41
260.279	42
260.306	34
260.331	29
260.356	44
260.381	44
260.406	39
260.431	29
260.456	44
260.481	44
260.506	39
260.531	29
260.556	49
260.581	44
260.606	39
260.631	54
260.656	49
260.681	49
260.706	39
260.731	29
260.756	49
260.781	49
260.806	39
260.831	29
260.856	49
260.881	49
260.908	41
260.933	31
260.958	46
260.983	51
261.01	43
261.035	33
261.062	50
261.088	51
261.114	42
261.14	38
261.167	55
261.193	51
261.219	47
261.245	38
261.271	54
261.297	30
261.323	51
261.348	46
261.374	57
261.399	32
261.426	54
261.451	44
261.476	54
261.502	35
261.529	52
261.554	47
261.581	49
261.606	39
261.632	30
261.658	46
261.683	51
261.708	41
261.734	32
261.762	50
261.787	55
261.814	42
261.839	37
261.866	49
261.891	49
261.918	46
261.944	37
261.969	52
261.994	27
262.025	23
262.051	44
262.077	45
262.103	36
262.129	27
262.157	35
262.187	50
262.213	46
262.238	36
262.264	52
262.29	53
262.316	44
262.345	38
262.375	38
262.4	33
262.425	23
262.451	44
262.476	39
262.502	35
262.528	26
262.555	23
262.58	35
262.605	33
262.631	29
262.658	26
262.69	23
262.715	38
262.741	34
262.768	31
262.793	26
262.819	27
262.844	37
262.87	33
262.896	29
262.925	23
262.952	40
262.977	40
263.002	35
263.028	26
263.053	41
263.079	42
263.106	34
263.131	29
263.157	25
263.183	41
263.209	37
263.235	33
263.261	29
263.287	45
263.314	42
263.341	34
263.367	35
263.394	27
263.421	44
263.446	39
263.473	36
263.498	31
263.523	46
263.549	42
263.575	43
263.602	35
263.628	51
263.655	48
263.681	49
263.707	40
263.733	56
263.76	53
263.786	54
263.812	45
263.838	51
263.864	52
263.89	58
263.915	43
263.941	39
263.967	55
263.992	50
264.017	45
264.042	40
264.067	55
264.095	53
264.121	49
264.147	45
264.173	51
264.199	52
264.225	53
264.254	47
264.28	53
264.305	38
264.33	53
264.356	49
264.381	54
264.407	40
264.433	31
264.458	51
264.484	52
264.509	37
264.535	33
264.561	49
264.586	54
264.612	40
264.637	35
264.663	41
264.69	53
264.715	43
264.74	33
264.767	35
264.793	26
264.825	23
264.855	23
264.88	20
264.905	33
264.931	29
264.958	26
264.99	23
265.015	20
265.04	33
265.065	33
265.09	23
265.125	23
265.154	22
265.189	22
265.216	24
265.243	36
265.27	33
265.296	29
265.325	23
265.35	43
265.378	41
265.403	31
265.428	26
265.455	23
265.48	43
265.505	33
265.531	29
265.557	25
265.583	41
265.609	37
265.635	33
265.661	29
265.688	46
265.713	41
265.74	33
265.768	36
265.793	51
265.82	48
265.845	43
265.87	38
265.897	30
265.922	50
265.947	40
265.974	42
265.999	32
266.026	49
266.051	44
266.076	44
266.103	36
266.128	51
266.155	48
266.18	48
266.207	40
266.232	30
266.259	47
266.284	52
266.311	39
266.336	34
266.363	46
266.389	52
266.415	43
266.442	40
266.468	51
266.495	53
266.521	49
266.547	40
266.574	42
266.6	33
266.626	49
266.652	45
266.678	46
266.704	37
266.73	53
266.756	49
266.782	45
266.808	41
266.834	32
266.86	48
266.886	49
266.912	40
266.938	36
266.964	47
266.99	53
267.016	44
267.042	40
267.068	36
267.093	51
267.119	47
267.145	38
267.171	39
267.197	55
267.223	51
267.249	42
267.278	46
267.304	37
267.33	53
267.36	48
267.386	49
267.412	40
267.438	36
267.464	52
267.49	53
267.516	44
267.542	40
267.568	51
267.594	52
267.62	48
267.646	39
267.671	39
267.697	30
267.723	46
267.749	42
267.775	43
267.801	34
267.826	49
267.852	45
267.878	46
267.903	36
267.929	27
267.955	48
267.981	49
268.006	39
268.032	30
268.058	46
268.083	51
268.109	42
268.134	32
268.16	48
268.185	48
268.211	39
268.236	34
268.261	44
268.29	53
268.315	43
268.34	38
268.366	34
268.391	54
268.416	44
268.442	40
268.467	35
268.492	50
268.518	46
268.543	36
268.569	37
268.595	28
268.62	43
268.647	40
268.673	41
268.699	32
268.725	23
268.75	43
268.776	39
268.803	31
268.829	27
268.855	43
268.881	44
268.907	40
268.933	31
268.958	46
268.988	46
269.014	42
269.04	33
269.066	34
269.092	50
269.119	47
269.145	38
269.171	39
269.204	37
269.231	29
269.257	45
269.282	50
269.307	40
269.335	33
269.361	49
269.388	51
269.415	48
269.441	39
269.467	35
269.494	52
269.52	48
269.546	44
269.573	41
269.599	57
269.625	53
269.652	45
269.678	46
269.705	38
269.731	54
269.758	51
269.784	47
269.81	43
269.837	35
269.863	51
269.889	52
269.916	49
269.942	40
269.969	47
269.995	58
270.021	49
270.047	45
270.073	41
270.099	57
270.126	54
270.152	45
270.177	45
270.203	51
270.229	52
270.255	48
270.281	44
270.307	40
270.333	56
270.359	52
270.384	47
270.41	43
270.436	44
270.462	55
270.487	50
270.513	46
270.539	37
270.565	53
270.59	53
270.616	44
270.642	40
270.668	41
270.693	56
270.719	47
270.745	43
270.77	38
270.796	54
270.821	49
270.847	40
270.872	40
270.898	46
270.923	51
270.949	42
270.974	42
271	33
271.026	54
271.051	44
271.077	45
271.103	36
271.129	27
271.154	42
271.18	43
271.206	34
271.232	30
271.258	26
271.284	42
271.31	38
271.335	33
271.361	29
271.387	45
271.414	42
271.441	34
271.469	37
271.494	27
271.521	44
271.548	41
271.573	41
271.6	33
271.627	30
271.654	47
271.679	42
271.706	39
271.731	29
271.758	46
271.786	49
271.813	41
271.838	36
271.868	36
271.893	51
271.918	46
271.945	43
271.97	38
271.997	30
272.022	50
272.049	47
272.074	52
272.1	33
272.126	54
272.152	50
272.178	51
272.204	37
272.23	53
272.26	53
272.285	53
272.31	43
272.336	49
272.361	54
272.386	54
272.411	44
272.436	34
272.463	56
272.489	52
272.514	42
272.54	38
272.566	54
272.592	55
272.617	45
272.642	40
272.667	45
272.692	55
272.717	45
272.742	40
272.769	52
272.794	32
272.821	49
272.847	40
272.873	46
272.899	57
272.924	52
272.949	42
272.975	43
273	33
273.025	23
273.052	25
273.077	40
273.102	30
273.128	26
273.155	23
273.19	23
273.225	23
273.255	23
273.284	20
273.312	40
273.337	30
273.364	32
273.39	23
273.415	28
273.441	34
273.471	34
273.496	29
273.525	23
273.555	23
273.59	23
273.625	23
273.652	40
273.677	40
273.702	30
273.728	26
273.753	31
273.779	42
273.806	34
273.831	29
273.857	25
273.885	43
273.911	39
273.937	30
273.962	30
273.99	23
274.015	38
274.041	34
274.066	34
274.093	26
274.118	41
274.144	37
274.169	32
274.196	29
274.225	23
274.25	38
274.276	39
274.301	34
274.328	26
274.353	41
274.379	42
274.404	32
274.434	32
274.459	27
274.485	43
274.51	38
274.537	30
274.563	31
274.59	23
274.615	38
274.641	34
274.666	34
274.693	26
274.718	41
274.744	37
274.769	32
274.796	29
274.825	23
274.85	38
274.876	39
274.903	31
274.928	26
274.954	42
274.979	42
275.005	33
275.031	29
275.056	44
275.081	44
275.106	39
275.132	30
275.157	45
275.182	45
275.208	41
275.233	31
275.258	51
275.284	47
275.309	42
275.334	32
275.36	53
275.385	53
275.41	43
275.436	34
275.461	49
275.486	49
275.512	45
275.537	35
275.562	50
275.587	50
275.612	45
275.638	36
275.665	53
275.691	54
275.719	47
275.746	39
275.771	54
275.798	41
275.823	51
275.85	43
275.875	53
275.902	35
275.929	52
275.954	47
275.981	49
276.006	39
276.031	39
276.058	51
276.083	51
276.11	43
276.135	33
276.162	50
276.187	55
276.213	41
276.239	37
276.265	48
276.291	54
276.317	45
276.344	37
276.37	38
276.395	28
276.425	23
276.45	43
276.476	39
276.502	35
276.528	26
276.555	23
276.58	43
276.606	34
276.631	29
276.658	26
276.69	23
276.716	44
276.741	34
276.767	35
276.794	27
276.825	23
276.851	39
276.876	39
276.902	35
276.928	26
276.955	23
276.981	44
277.008	36
277.034	32
277.059	27
277.085	48
277.111	39
277.138	36
277.163	31
277.188	38
277.215	43
277.24	33
277.265	33
277.29	30
277.315	43
277.34	38
277.365	33
277.39	53
277.415	43
277.44	38
277.465	53
277.49	53
277.515	43
277.54	38
277.565	53
277.59	53
277.615	43
277.642	40
277.667	55
277.692	50
277.719	47
277.744	42
277.77	48
277.795	28
277.821	49
277.848	41
277.873	56
277.899	32
277.925	48
277.95	43
277.976	54
278.001	34
278.026	24
278.051	44
278.077	52
278.104	37
278.129	27
278.154	47
278.179	47
278.204	37
278.231	29
278.256	39
278.281	49
278.308	41
278.333	31
278.358	26
278.39	23
278.425	23
278.45	20
278.476	39
278.502	35
278.528	26
278.555	23
278.59	23
278.615	35
278.64	33
278.667	30
278.693	26
278.725	23
278.75	38
278.777	40
278.803	31
278.831	29
278.858	26
278.885	28
278.91	38
278.935	33
278.961	29
278.99	23
279.017	40
279.043	36
279.068	31
279.093	26
279.118	41
279.143	36
279.169	37
279.194	27
279.22	43
279.247	40
279.273	36
279.299	32
279.325	23
279.351	39
279.377	40
279.403	31
279.428	26
279.454	42
279.48	43
279.506	34
279.531	29
279.557	25
279.583	41
279.609	37
279.634	32
279.66	28
279.687	45
279.713	41
279.739	32
279.764	32
279.79	33
279.816	44
279.842	35
279.868	36
279.894	27
279.92	43
279.947	40
279.973	36
279.999	32
280.025	23
280.051	39
280.077	40
280.103	31
280.128	26
280.154	42
280.18	43
280.206	34
280.231	29
280.257	25
280.283	46
280.308	41
280.334	32
280.359	47
280.385	48
280.41	43
280.435	33
280.461	49
280.486	49
280.512	45
280.537	35
280.563	51
280.588	51
280.613	46
280.639	37
280.664	52
280.689	52
280.714	47
280.74	38
280.765	53
280.79	53
280.815	48
280.84	38
280.868	36
280.895	53
280.92	53
280.945	43
280.972	40
281	53
281.027	50
281.053	46
281.079	47
281.104	57
281.13	53
281.155	48
281.181	44
281.207	45
281.232	55
281.257	50
281.282	45
281.307	40
281.332	45
281.359	52
281.384	52
281.409	42
281.436	34
281.463	51
281.489	52
281.514	47
281.541	39
281.567	35
281.593	56
281.619	52
281.645	38
281.67	38
281.696	29
281.722	25
281.747	40
281.774	37
281.799	32
281.825	23
281.851	44
281.877	40
281.903	36
281.928	26
281.955	23
281.981	44
282.006	34
282.031	29
282.058	26
282.09	23
282.117	40
282.143	36
282.168	36
282.193	26
282.218	41
282.244	37
282.269	37
282.296	29
282.325	23
282.351	44
282.377	40
282.403	36
282.429	27
282.454	42
282.481	44
282.506	39
282.531	29
282.556	49
282.581	44
282.607	40
282.632	30
282.658	51
282.683	51
282.709	42
282.734	32
282.76	53
282.785	53
282.811	44
282.836	34
282.862	50
282.887	55
282.912	45
282.937	35
282.962	50
282.987	55
283.012	45
283.037	35
283.067	50
283.092	55
283.118	51
283.144	42
283.17	48
283.195	53
283.221	54
283.246	39
283.272	55
283.297	45
283.322	50
283.347	40
283.372	50
283.398	41
283.424	52
283.451	44
283.476	49
283.501	39
283.528	33
283.554	47
283.581	49
283.608	41
283.633	31
283.66	28
283.69	23
283.725	23
283.755	23
283.784	20
283.811	39
283.837	30
283.864	32
283.89	23
283.92	20
283.947	40
283.974	37
283.999	32
284.025	23
284.055	23
284.09	23
284.115	20
284.141	34
284.166	34
284.192	25
284.217	20
284.243	36
284.27	33
284.296	29
284.325	23
284.35	38
284.377	40
284.406	34
284.431	29
284.458	26
284.485	43
284.511	39
284.537	30
284.562	30
284.587	45
284.612	40
284.637	30
284.663	31
284.69	23
284.715	38
284.741	34
284.767	35
284.793	26
284.818	41
284.844	37
284.869	32
284.896	29
284.925	23
284.95	38
284.976	39
285.002	30
285.028	26
285.054	42
285.079	42
285.106	34
285.131	29
285.157	25
285.182	40
285.209	37
285.234	32
285.26	28
285.286	44
285.312	40
285.338	31
285.363	31
285.39	23
285.415	38
285.444	37
285.47	33
285.496	29
285.522	45
285.547	40
285.572	40
285.598	31
285.623	46
285.648	41
285.674	42
285.699	52
285.724	52
285.75	48
285.775	43
285.8	33
285.826	54
285.851	44
285.876	44
285.902	40
285.927	50
285.952	45
285.977	45
286.002	50
286.027	50
286.052	45
286.077	45
286.102	50
286.127	50
286.154	47
286.179	47
286.204	37
286.229	52
286.254	47
286.279	47
286.304	37
286.331	34
286.356	49
286.381	49
286.406	39
286.431	29
286.456	49
286.484	52
286.512	45
286.539	37
286.564	47
286.589	52
286.616	49
286.641	39
286.668	51
286.694	42
286.72	48
286.746	39
286.772	50
286.798	31
286.824	52
286.849	42
286.874	42
286.9	33
286.925	23
286.95	43
286.979	42
287.005	33
287.031	29
287.056	24
287.082	45
287.109	37
287.134	32
287.161	29
287.19	23
287.215	43
287.241	34
287.268	36
287.293	26
287.319	37
287.345	38
287.372	35
287.4	33
287.427	25
287.455	23
287.482	40
287.508	36
287.535	33
287.56	28
287.585	43
287.61	38
287.635	33
287.662	30
287.69	23
287.717	40
287.743	36
287.768	31
287.793	26
287.818	41
287.844	37
287.869	32
287.896	29
287.925	23
287.951	39
287.976	39
288.003	31
288.029	27
288.055	43
288.081	44
288.107	35
288.133	31
288.159	27
288.185	43
288.211	39
288.237	35
288.263	31
288.289	47
288.315	43
288.341	34
288.367	35
288.393	26
288.419	42
288.444	37
288.471	34
288.497	30
288.525	23
288.551	39
288.577	40
288.604	32
288.631	29
288.658	26
288.684	47
288.71	38
288.736	34
288.762	50
288.788	51
288.814	47
288.84	38
288.866	54
288.892	55
288.919	47
288.945	43
288.971	49
288.997	55
289.022	50
289.048	41
289.074	42
289.099	37
289.125	53
289.15	48
289.175	53
289.203	51
289.228	51
289.254	47
289.279	47
289.304	52
289.33	43
289.355	48
289.38	48
289.405	53
289.43	53
289.457	50
289.482	50
289.508	51
289.533	31
289.559	52
289.584	47
289.61	53
289.635	33
289.66	53
289.686	49
289.711	49
289.736	34
289.761	29
289.788	36
289.814	47
289.841	39
289.866	34
289.893	26
289.925	23
289.955	23
289.99	23
290.015	20
290.041	34
290.066	34
290.092	25
290.124	22
290.154	22
290.189	22
290.225	23
290.255	23
290.28	20
290.305	33
290.331	29
290.358	26
290.39	23
290.425	23
290.454	22
290.489	22
290.525	23
290.55	43
290.576	39
290.602	35
290.628	26
290.655	23
290.682	40
290.708	36
290.734	32
290.759	27
290.785	43
290.81	38
290.835	33
290.861	29
290.887	45
290.914	42
290.94	33
290.967	35
290.992	25
291.019	42
291.044	37
291.071	39
291.096	29
291.123	46
291.15	43
291.175	38
291.202	35
291.227	25
291.254	42
291.279	42
291.306	39
291.331	29
291.358	46
291.383	46
291.41	38
291.435	33
291.462	50
291.487	50
291.514	42
291.539	37
291.566	44
291.593	51
291.618	46
291.645	43
291.672	40
291.699	57
291.725	53
291.752	45
291.778	46
291.805	38
291.831	54
291.857	50
291.883	51
291.909	42
291.935	33
291.961	54
291.987	55
292.012	45
292.038	36
292.064	52
292.089	52
292.115	48
292.14	38
292.166	54
292.191	54
292.216	49
292.241	39
292.266	44
292.293	56
292.318	51
292.343	41
292.37	38
292.395	53
292.421	54
292.448	46
292.474	42
292.499	47
292.525	53
292.551	49
292.576	44
292.602	45
292.627	50
292.652	45
292.678	46
292.703	51
292.728	51
292.754	47
292.779	47
292.804	47
292.83	28
292.856	49
292.881	49
292.908	41
292.933	31
292.959	27
292.986	49
293.011	44
293.038	36
293.064	32
293.09	23
293.116	44
293.141	34
293.167	35
293.193	26
293.22	20
293.246	39
293.273	36
293.299	32
293.325	23
293.352	40
293.377	40
293.402	35
293.428	26
293.453	41
293.479	42
293.506	34
293.531	29
293.557	25
293.584	47
293.61	38
293.637	35
293.664	32
293.689	47
293.714	42
293.742	35
293.767	35
293.792	50
293.817	45
293.842	40
293.868	36
293.894	52
293.919	47
293.945	43
293.971	39
293.997	55
294.023	51
294.049	47
294.075	43
294.101	34
294.127	55
294.153	51
294.179	47
294.205	38
294.23	53
294.256	49
294.282	55
294.307	40
294.333	56
294.358	51
294.383	56
294.408	41
294.433	46
294.459	52
294.484	52
294.51	43
294.536	34
294.562	55
294.587	50
294.613	41
294.638	36
294.663	51
294.688	51
294.713	41
294.74	38
294.765	53
294.791	54
294.817	45
294.843	36
294.87	48
294.895	28
294.921	49
294.947	40
294.973	41
294.998	31
295.025	23
295.05	28
295.075	38
295.102	30
295.128	26
295.155	23
295.19	23
295.215	23
295.24	33
295.267	30
295.293	26
295.325	23
295.355	23
295.39	23
295.425	23
295.454	22
295.489	22
295.524	22
295.555	23
295.59	23
295.625	23
295.65	20
295.677	40
295.702	30
295.728	26
295.754	22
295.781	39
295.807	35
295.833	31
295.858	26
295.89	23
295.917	40
295.943	36
295.968	31
295.993	26
296.018	41
296.044	37
296.069	37
296.094	27
296.12	43
296.145	38
296.17	38
296.196	54
296.221	49
296.246	39
296.271	39
296.296	39
296.321	49
296.347	40
296.372	40
296.397	30
296.425	23
296.45	38
296.475	38
296.5	33
296.525	23
296.55	38
296.575	38
296.602	30
296.628	26
296.653	41
296.678	41
296.705	33
296.731	29
296.756	24
296.781	39
296.808	36
296.834	32
296.859	27
296.884	42
296.911	39
296.937	30
296.962	30
296.99	23
297.015	38
297.04	33
297.065	33
297.09	23
297.115	38
297.14	33
297.166	34
297.193	26
297.218	41
297.244	37
297.27	33
297.296	29
297.325	23
297.35	38
297.376	39
297.403	31
297.428	26
297.454	42
297.479	42
297.506	34
297.531	29
297.557	35
297.583	46
297.608	36
297.634	32
297.659	47
297.685	48
297.711	39
297.736	34
297.762	30
297.788	46
297.813	41
297.839	32
297.864	32
297.89	23
297.915	38
297.941	34
297.966	34
297.993	26
298.018	41
298.044	37
298.07	33
298.096	29
298.125	23
298.15	43
298.175	38
298.2	33
298.225	48
298.25	43
298.275	43
298.3	33
298.325	48
298.35	43
298.375	43
298.401	34
298.426	49
298.451	44
298.476	44
298.504	37
298.532	30
298.559	47
298.584	52
298.609	42
298.634	32
298.661	49
298.686	54
298.714	47
298.741	39
298.766	44
298.793	51
298.818	46
298.843	41
298.869	57
298.894	57
298.921	49
298.947	45
298.973	56
298.999	57
299.024	52
299.05	43
299.075	53
299.101	49
299.126	54
299.151	44
299.178	46
299.203	36
299.228	56
299.253	46
299.278	46
299.303	36
299.33	43
299.355	48
299.38	48
299.406	39
299.434	32
299.461	49
299.486	54
299.512	45
299.538	36
299.563	41
299.589	52
299.614	42
299.641	34
299.666	34
299.693	26
299.725	23
299.75	43
299.777	40
299.803	36
299.828	26
299.855	23
299.881	44
299.906	34
299.931	29
299.958	26
299.99	23
300.017	40
300.043	36
300.07	33
300.096	29
300.125	23
300.15	43
300.175	38
300.202	35
300.228	26
300.255	23
300.28	43
300.305	33
300.331	29
300.356	24
300.381	39
300.406	34
300.431	29
300.457	25
300.483	41
300.509	37
300.535	33
300.561	29
300.588	46
300.615	43
300.64	33
300.667	35
300.692	25
300.719	42
300.744	37
300.772	40
300.799	32
300.824	47
300.851	44
300.876	39
300.903	36
300.928	26
300.953	46
300.98	43
301.005	38
301.033	31
301.06	48
301.085	48
301.112	40
301.137	35
301.165	53
301.192	55
301.219	47
301.244	42
301.269	37
301.295	53
301.322	50
301.348	46
301.374	42
301.401	59
301.427	55
301.453	51
301.48	48
301.506	49
301.532	55
301.558	51
301.584	52
301.609	57
301.635	48
301.661	54
301.686	49
301.711	44
301.736	49
301.761	49
301.786	49
301.813	46
301.838	51
301.864	52
301.889	52
301.915	48
301.941	44
301.971	49
301.997	45
302.023	56
302.049	47
302.075	58
302.102	35
302.128	51
302.154	52
302.18	58
302.206	39
302.232	30
302.258	46
302.284	52
302.311	39
302.337	35
302.364	47
302.391	54
302.418	46
302.445	38
302.47	38
302.496	29
302.525	23
302.555	23
302.581	24
302.606	34
302.633	31
302.66	28
302.689	22
302.725	23
302.755	23
302.785	20
302.811	39
302.837	35
302.864	32
302.89	23
302.915	43
302.941	34
302.968	36
302.993	26
303.025	23
303.051	39
303.076	39
303.102	35
303.128	26
303.153	41
303.178	41
303.206	34
303.231	29
303.257	25
303.283	41
303.31	38
303.335	33
303.362	30
303.387	45
303.412	40
303.437	35
303.462	30
303.487	50
303.513	41
303.538	36
303.563	51
303.588	51
303.614	42
303.639	37
303.665	53
303.69	53
303.715	48
303.741	39
303.766	54
303.791	54
303.816	44
303.841	39
303.867	45
303.892	50
303.917	45
303.942	40
303.967	52
303.994	52
304.019	47
304.046	44
304.071	49
304.097	55
304.123	51
304.149	47
304.175	53
304.201	34
304.227	55
304.253	46
304.278	46
304.304	37
304.329	52
304.354	47
304.38	48
304.405	38
304.43	28
304.456	44
304.481	49
304.507	40
304.533	31
304.558	31
304.584	47
304.61	38
304.635	33
304.661	29
304.69	23
304.715	38
304.74	33
304.767	30
304.793	26
304.825	23
304.855	23
304.88	20
304.906	34
304.931	29
304.957	25
304.982	40
305.009	37
305.034	32
305.061	29
305.09	23
305.116	39
305.141	34
305.167	35
305.193	26
305.225	23
305.252	40
305.277	40
305.302	35
305.328	26
305.356	24
305.381	39
305.409	37
305.434	32
305.459	27
305.485	43
305.511	39
305.537	30
305.563	31
305.59	23
305.615	38
305.641	34
305.667	35
305.693	26
305.719	42
305.745	38
305.771	34
305.797	30
305.825	23
305.851	39
305.877	40
305.903	31
305.928	26
305.954	42
305.98	43
306.006	34
306.031	29
306.057	25
306.084	42
306.11	38
306.135	33
306.161	29
306.187	45
306.213	41
306.238	31
306.264	32
306.29	23
306.317	40
306.344	37
306.371	34
306.397	30
306.425	23
306.451	39
306.477	40
306.504	32
306.531	29
306.557	45
306.583	46
306.609	42
306.635	33
306.661	54
306.686	49
306.712	45
306.738	36
306.764	52
306.79	53
306.816	49
306.842	40
306.868	46
306.893	56
306.919	52
306.945	43
306.97	38
306.995	53
307.021	54
307.046	44
307.071	39
307.096	54
307.121	49
307.146	44
307.173	41
307.198	56
307.225	53
307.25	48
307.276	44
307.302	50
307.327	50
307.353	51
307.378	46
307.404	52
307.429	57
307.454	52
307.479	47
307.504	37
307.529	42
307.556	49
307.581	49
307.606	39
307.633	31
307.66	48
307.687	50
307.712	45
307.737	35
307.763	31
307.789	52
307.816	44
307.841	34
307.866	34
307.892	25
307.917	40
307.943	36
307.97	33
307.996	29
308.025	23
308.052	40
308.077	40
308.102	35
308.128	26
308.153	41
308.178	41
308.205	33
308.231	29
308.257	25
308.283	46
308.309	37
308.335	33
308.361	29
308.388	46
308.415	43
308.44	33
308.465	33
308.493	26
308.52	43
308.546	39
308.571	39
308.596	29
308.621	49
308.647	45
308.672	40
308.698	56
308.724	52
308.75	43
308.775	43
308.801	49
308.827	55
308.852	45
308.878	46
308.903	46
308.929	52
308.954	47
308.979	47
309.005	53
309.03	53
309.055	48
309.082	50
309.107	55
309.132	30
309.159	52
309.184	52
309.21	48
309.236	34
309.262	50
309.287	55
309.313	46
309.339	37
309.364	42
309.389	52
309.415	48
309.44	38
309.468	36
309.493	51
309.518	51
309.543	41
309.57	38
309.595	38
309.622	50
309.647	45
309.674	42
309.699	32
309.726	44
309.751	44
309.778	41
309.805	33
309.831	29
309.858	26
309.89	23
309.925	23
309.95	20
309.976	39
310.002	35
