0.035	500
0.063	500
0.113	500
0.138	1489.14
0.168	1489.14
0.203	3046.77
0.237	3046.77
0.272	2985.83
0.302	2924.9
0.337	2863.96
0.372	2803.03
0.402	2803.03
0.437	2742.09
0.472	2681.16
0.502	2620.22
0.537	2681.16
0.572	2742.09
0.602	2742.09
0.637	2681.16
0.667	2620.22
0.702	2559.28
0.737	2620.22
0.762	2620.22
0.802	2681.16
0.832	2742.09
0.872	2681.16
0.902	2742.09
0.937	2681.16
0.972	2620.22
1.002	2620.22
1.037	2498.35
1.072	2498.35
1.102	2437.42
1.137	2376.48
1.172	2437.42
1.202	2437.42
1.237	2498.35
1.272	2437.42
1.302	2498.35
1.337	2437.42
1.372	2437.42
1.402	2376.48
1.437	2315.54
1.472	2376.48
1.502	2376.48
1.537	2315.54
1.572	2254.61
1.602	2315.54
1.637	2315.54
1.667	2254.61
1.702	2193.67
1.737	2254.61
1.772	2254.61
1.802	2193.67
1.837	2254.61
1.872	2315.54
1.902	2315.54
1.937	2376.48
1.972	2315.54
2.002	2315.54
2.037	2376.48
2.072	2315.54
2.097	2315.54
2.137	2315.54
2.172	2315.54
2.202	2254.61
2.237	2315.54
2.272	2376.48
2.302	2376.48
2.337	2315.54
2.372	2376.48
2.402	2376.48
2.437	2315.54
2.472	2254.61
2.502	2315.54
2.537	2254.61
2.572	2254.61
2.602	2193.67
2.637	2254.61
2.672	2193.67
2.702	2193.67
2.732	2132.74
2.772	2193.67
2.802	2193.67
2.837	2132.74
2.872	2071.8
2.902	2071.8
2.937	2132.74
2.972	2071.8
3.002	2132.74
3.037	2132.74
3.072	2071.8
3.102	2132.74
3.127	2132.74
3.172	2071.8
3.202	2132.74
3.227	2132.74
3.272	2193.67
3.302	2132.74
3.337	2193.67
3.367	2193.67
3.402	2132.74
3.437	2071.8
3.472	2010.87
3.502	2010.87
3.537	1949.93
3.572	2010.87
3.602	2010.87
3.637	2071.8
3.672	2071.8
3.702	2010.87
3.737	2071.8
3.772	2071.8
3.802	2010.87
3.837	2071.8
3.872	2071.8
3.902	2010.87
3.937	2071.8
3.972	2071.8
3.997	2071.8
4.037	2071.8
4.072	2071.8
4.097	2071.8
4.137	2132.74
4.172	2071.8
4.202	2132.74
4.237	2132.74
4.272	2071.8
4.302	2071.8
4.337	2132.74
4.372	2071.8
4.402	2071.8
4.437	2132.74
4.472	2071.8
4.502	2071.8
4.537	2010.87
4.572	2071.8
4.602	2071.8
4.637	2010.87
4.672	2071.8
4.702	2071.8
4.732	2132.74
4.772	2071.8
4.802	2071.8
4.837	2010.87
4.872	1949.93
4.902	1949.93
4.937	2010.87
4.972	1949.93
5.002	1949.93
5.037	2010.87
5.072	2010.87
5.102	2071.8
5.137	2132.74
5.172	2132.74
5.202	2193.67
5.237	2254.61
5.272	2315.54
5.302	2315.54
5.337	2254.61
5.372	2315.54
5.402	2315.54
5.437	2254.61
5.472	2193.67
5.502	2254.61
5.537	2254.61
5.572	2193.67
5.602	2132.74
5.632	2132.74
5.672	2193.67
5.702	2132.74
5.737	2071.8
5.772	2132.74
5.802	2132.74
5.837	2071.8
5.872	2132.74
5.902	2132.74
5.937	2071.8
5.972	2132.74
6.002	2132.74
6.037	2071.8
6.072	2010.87
6.102	2010.87
6.137	2071.8
6.172	2010.87
6.202	2010.87
6.237	2071.8
6.272	2010.87
6.302	2010.87
6.337	1949.93
6.372	2010.87
6.402	2010.87
6.437	1949.93
6.472	2010.87
6.502	2010.87
6.537	1949.93
6.572	2010.87
6.602	2010.87
6.637	1949.93
6.672	1889
6.702	1889
6.737	1828.06
6.772	1828.06
6.802	1889
6.837	1949.93
6.872	1949.93
6.902	2010.87
6.937	2071.8
6.972	2071.8
7.002	2132.74
7.037	2193.67
7.072	2193.67
7.102	2254.61
7.137	2315.54
7.172	2315.54
7.202	2254.61
7.237	2193.67
7.272	2254.61
7.302	2254.61
7.337	2193.67
7.372	2132.74
7.402	2132.74
7.437	2071.8
7.472	2010.87
7.502	2071.8
7.537	2071.8
7.572	2010.87
7.602	2010.87
7.637	2071.8
7.672	2010.87
7.697	2010.87
7.737	2071.8
7.772	2132.74
7.802	2132.74
7.837	2071.8
7.872	2010.87
7.902	2010.87
7.937	2071.8
7.972	2010.87
8.002	2010.87
8.037	1949.93
8.072	2010.87
8.102	2010.87
8.137	2071.8
8.172	2132.74
8.202	2132.74
8.237	2193.67
8.272	2254.61
8.302	2254.61
8.337	2315.54
8.372	2254.61
8.402	2254.61
8.437	2315.54
8.472	2376.48
8.502	2315.54
8.537	2376.48
8.572	2376.48
8.602	2315.54
8.637	2376.48
8.672	2437.42
8.702	2437.42
8.737	2376.48
8.772	2315.54
8.802	2315.54
8.837	2376.48
8.872	2315.54
8.902	2376.48
8.937	2437.42
8.972	2437.42
9.002	2376.48
9.037	2437.42
9.072	2498.35
9.102	2498.35
9.137	2437.42
9.172	2376.48
9.197	2376.48
9.237	2437.42
9.272	2376.48
9.302	2437.42
9.337	2376.48
9.372	2376.48
9.402	2315.54
9.437	2376.48
9.472	2315.54
9.502	2315.54
9.537	2254.61
9.572	2315.54
9.602	2315.54
9.637	2376.48
9.672	2315.54
9.702	2376.48
9.737	2376.48
9.772	2315.54
9.802	2376.48
9.837	2437.42
9.872	2437.42
9.902	2376.48
9.927	2315.54
9.972	2376.48
10.002	2376.48
10.037	2315.54
10.072	2254.61
10.102	2254.61
10.137	2315.54
10.172	2254.61
10.202	2193.67
10.237	2254.61
10.272	2254.61
10.302	2193.67
10.337	2132.74
10.372	2193.67
10.402	2193.67
10.437	2132.74
10.472	2071.8
10.502	2071.8
10.537	2132.74
10.572	2071.8
10.602	2071.8
10.627	2132.74
10.672	2071.8
10.702	2132.74
10.737	2132.74
10.772	2071.8
10.802	2071.8
10.837	2132.74
10.872	2071.8
10.902	2071.8
10.927	2132.74
10.972	2193.67
11.002	2193.67
11.037	2254.61
11.072	2193.67
11.102	2132.74
11.137	2193.67
11.172	2193.67
11.197	2132.74
11.237	2193.67
11.272	2132.74
11.302	2132.74
11.337	2071.8
11.372	2132.74
11.402	2132.74
11.437	2071.8
11.472	2010.87
11.502	2010.87
11.537	1949.93
11.572	2010.87
11.602	2010.87
11.637	1949.93
11.672	2010.87
11.702	2010.87
11.737	1949.93
11.762	1949.93
11.802	2010.87
11.837	2071.8
11.862	2071.8
11.902	2010.87
11.937	2071.8
11.972	2071.8
12.002	2010.87
12.037	2071.8
12.072	2071.8
12.102	2010.87
12.137	2071.8
12.172	2071.8
12.202	2010.87
12.237	2071.8
12.272	2071.8
12.297	2071.8
12.337	2010.87
12.372	1949.93
12.402	2010.87
12.437	2010.87
12.472	1949.93
12.497	1949.93
12.537	2010.87
12.572	1949.93
12.602	1949.93
12.627	1889
12.672	1949.93
12.702	1949.93
12.737	1889
12.772	1949.93
12.797	1949.93
12.837	1889
12.872	1889
12.902	1949.93
12.937	2010.87
12.972	2010.87
13.002	1949.93
13.037	2010.87
13.072	2010.87
13.102	1949.93
13.137	2010.87
13.172	2010.87
13.202	1949.93
13.237	2010.87
13.272	2010.87
13.302	2071.8
13.337	2071.8
13.372	2010.87
13.402	2071.8
13.437	2071.8
13.472	2010.87
13.502	2010.87
13.537	2071.8
13.572	2010.87
13.602	2010.87
13.637	2071.8
13.672	2132.74
13.702	2132.74
13.732	2193.67
13.772	2254.61
13.802	2254.61
13.837	2315.54
13.872	2254.61
13.902	2193.67
13.937	2254.61
13.972	2254.61
14.002	2193.67
14.037	2254.61
14.072	2315.54
14.102	2315.54
14.137	2254.61
14.172	2315.54
14.202	2315.54
14.237	2254.61
14.272	2193.67
14.302	2254.61
14.327	2254.61
14.372	2193.67
14.402	2254.61
14.437	2315.54
14.472	2315.54
14.502	2254.61
14.537	2315.54
14.572	2376.48
14.602	2376.48
14.637	2315.54
14.672	2376.48
14.702	2376.48
14.737	2315.54
14.772	2254.61
14.802	2315.54
14.837	2376.48
14.872	2376.48
14.902	2437.42
14.932	2437.42
14.972	2498.35
15.002	2559.28
15.037	2498.35
15.072	2559.28
15.102	2498.35
15.137	2437.42
15.172	2437.42
15.202	2498.35
15.237	2437.42
15.272	2498.35
15.302	2498.35
15.337	2559.28
15.362	2498.35
15.402	2437.42
15.437	2498.35
15.472	2559.28
15.502	2559.28
15.537	2498.35
15.572	2437.42
15.602	2376.48
15.637	2437.42
15.672	2498.35
15.702	2498.35
15.737	2437.42
15.772	2498.35
15.802	2498.35
15.837	2559.28
15.872	2498.35
15.902	2437.42
15.937	2376.48
15.972	2437.42
16.002	2437.42
16.037	2498.35
16.072	2437.42
16.102	2498.35
16.137	2559.28
16.162	2559.28
16.202	2498.35
16.237	2559.28
16.272	2620.22
16.297	2620.22
16.337	2620.22
16.372	2559.28
16.402	2559.28
16.437	2620.22
16.472	2559.28
16.502	2498.35
16.537	2559.28
16.572	2620.22
16.602	2620.22
16.637	2559.28
16.672	2620.22
16.702	2559.28
16.737	2620.22
16.767	2559.28
16.802	2498.35
16.837	2498.35
16.867	2437.42
16.902	2376.48
16.937	2437.42
16.967	2437.42
17.002	2498.35
17.037	2437.42
17.067	2376.48
17.102	2437.42
17.137	2437.42
17.167	2376.48
17.202	2315.54
17.237	2376.48
17.267	2376.48
17.302	2315.54
17.337	2254.61
17.367	2254.61
17.402	2193.67
17.437	2132.74
17.467	2071.8
17.502	2010.87
17.537	2010.87
17.567	1949.93
17.602	2010.87
17.637	2010.87
17.667	1949.93
17.702	1889
17.737	1889
17.767	1949.93
17.802	1949.93
17.837	1889
17.867	1889
17.902	1949.93
17.937	2010.87
17.967	2010.87
18.002	2071.8
18.037	2132.74
18.067	2132.74
18.102	2071.8
18.137	2010.87
18.167	2010.87
18.202	2071.8
18.237	2010.87
18.267	2010.87
18.297	2071.8
18.337	2132.74
18.367	2132.74
18.402	2071.8
18.437	2010.87
18.462	2010.87
18.502	1949.93
18.537	2010.87
18.567	2010.87
18.602	1949.93
18.637	2010.87
18.667	2010.87
18.702	2071.8
18.737	2132.74
18.767	2132.74
18.802	2071.8
18.837	2132.74
18.867	2132.74
18.902	2071.8
18.937	2132.74
18.967	2132.74
19.002	2071.8
19.037	2071.8
19.067	2132.74
19.102	2071.8
19.137	2010.87
19.167	2010.87
19.202	1949.93
19.227	1949.93
19.267	2010.87
19.302	2071.8
19.337	2071.8
19.367	2010.87
19.402	2071.8
19.437	2071.8
19.467	2010.87
19.502	2071.8
19.537	2071.8
19.567	2010.87
19.602	2010.87
19.637	1949.93
19.667	2010.87
19.697	2010.87
19.737	1949.93
19.767	1949.93
19.802	2010.87
19.837	1949.93
19.867	1949.93
19.902	2010.87
19.937	1949.93
19.962	1949.93
20.002	1889
20.037	1949.93
20.067	1949.93
20.102	1889
20.137	1949.93
20.167	1949.93
20.202	1889
20.237	1949.93
20.267	1949.93
20.302	1889
20.337	1828.06
20.367	1828.06
20.402	1889
20.427	1889
20.467	1828.06
20.502	1889
20.537	1889
20.567	1828.06
20.602	1889
20.637	1889
20.667	1949.93
20.702	1889
20.737	1889
20.767	1949.93
20.802	1949.93
20.837	1889
20.867	1889
20.902	1949.93
20.937	2010.87
20.967	2010.87
21.002	2071.8
21.037	2132.74
21.067	2132.74
21.102	2071.8
21.137	2132.74
21.167	2132.74
21.202	2071.8
21.237	2010.87
21.267	2010.87
21.302	2071.8
21.337	2132.74
21.367	2132.74
21.402	2071.8
21.437	2010.87
21.467	2010.87
21.502	2071.8
21.537	2132.74
21.567	2132.74
21.602	2071.8
21.637	2010.87
21.667	2010.87
21.702	1949.93
21.737	2010.87
21.767	2010.87
21.802	2071.8
21.837	2132.74
21.867	2132.74
21.902	2071.8
21.927	2071.8
21.967	2010.87
22.002	2071.8
22.027	2071.8
22.067	2010.87
22.102	2071.8
22.137	2071.8
22.167	2010.87
22.202	2071.8
22.237	2071.8
22.267	2010.87
22.302	2010.87
22.337	1949.93
22.367	2010.87
22.402	2010.87
22.437	1949.93
22.467	1949.93
22.502	2010.87
22.537	1949.93
22.567	1949.93
22.602	2010.87
22.637	1949.93
22.667	1949.93
22.702	1889
22.737	1828.06
22.767	1828.06
22.802	1767.13
22.837	1828.06
22.867	1828.06
22.902	1889
22.937	1949.93
22.967	1949.93
23.002	1889
23.037	1889
23.067	1828.06
23.102	1889
23.137	1889
23.167	1828.06
23.202	1889
23.237	1889
23.267	1949.93
23.302	1949.93
23.337	2010.87
23.367	2071.8
23.402	2071.8
23.437	2010.87
23.467	2071.8
23.502	2071.8
23.537	2010.87
23.567	2010.87
23.602	2071.8
23.637	2010.87
23.667	2010.87
23.702	2071.8
23.737	2010.87
23.767	2010.87
23.802	1949.93
23.837	2010.87
23.867	2010.87
23.902	1949.93
23.937	2010.87
23.967	2010.87
24.002	1949.93
24.037	2010.87
24.067	2010.87
24.102	1949.93
24.137	1949.93
24.167	1889
24.197	1889
24.237	1949.93
24.267	1889
24.302	1828.06
24.337	1828.06
24.367	1889
24.402	1949.93
24.437	1949.93
24.467	1889
24.502	1889
24.537	1828.06
24.567	1889
24.602	1889
24.637	1828.06
24.667	1889
24.702	1889
24.737	1828.06
24.767	1828.06
24.802	1889
24.837	1949.93
24.867	1949.93
24.902	1889
24.937	1949.93
24.967	1949.93
25.002	1889
25.037	1949.93
25.067	1949.93
25.097	1889
25.137	1889
25.167	1828.06
25.202	1889
25.237	1889
25.267	1828.06
25.302	1889
25.337	1889
25.367	1949.93
25.402	2010.87
25.437	2010.87
25.462	2010.87
25.502	2010.87
25.537	2010.87
25.567	2071.8
25.602	2071.8
25.637	2010.87
25.667	2071.8
25.702	2071.8
25.737	2010.87
25.767	2010.87
25.802	2071.8
25.837	2132.74
25.867	2132.74
25.902	2193.67
25.937	2254.61
25.967	2315.54
25.997	2315.54
26.037	2254.61
26.067	2315.54
26.102	2376.48
26.137	2376.48
26.167	2315.54
26.202	2254.61
26.237	2193.67
26.267	2193.67
26.302	2132.74
26.337	2193.67
26.367	2193.67
26.402	2254.61
26.437	2193.67
26.467	2254.61
26.502	2315.54
26.537	2315.54
26.567	2254.61
26.597	2254.61
26.637	2254.61
26.667	2254.61
26.702	2193.67
26.737	2254.61
26.767	2254.61
26.797	2193.67
26.837	2254.61
26.867	2254.61
26.902	2315.54
26.937	2254.61
26.967	2193.67
27.002	2254.61
27.037	2254.61
27.067	2193.67
27.097	2132.74
27.137	2193.67
27.167	2193.67
27.202	2132.74
27.237	2193.67
27.267	2193.67
27.302	2254.61
27.337	2193.67
27.367	2254.61
27.402	2315.54
27.437	2315.54
27.467	2254.61
27.502	2315.54
27.537	2376.48
27.567	2376.48
27.602	2315.54
27.637	2376.48
27.667	2376.48
27.702	2315.54
27.737	2254.61
27.767	2315.54
27.802	2315.54
27.837	2254.61
27.867	2193.67
27.902	2254.61
27.937	2254.61
27.967	2193.67
28.002	2254.61
28.037	2315.54
28.067	2315.54
28.102	2254.61
28.137	2193.67
28.167	2193.67
28.202	2254.61
28.237	2193.67
28.267	2254.61
28.302	2315.54
28.337	2315.54
28.367	2254.61
28.402	2315.54
28.437	2376.48
28.467	2376.48
28.502	2315.54
28.537	2376.48
28.567	2376.48
28.602	2437.42
28.637	2376.48
28.667	2437.42
28.702	2437.42
28.737	2376.48
28.767	2315.54
28.802	2376.48
28.832	2376.48
28.867	2315.54
28.902	2376.48
28.937	2437.42
28.962	2437.42
29.002	2376.48
29.037	2315.54
29.067	2315.54
29.102	2376.48
29.137	2315.54
29.167	2376.48
29.202	2315.54
29.237	2315.54
29.267	2254.61
29.297	2315.54
29.337	2376.48
29.367	2376.48
29.402	2315.54
29.437	2376.48
29.467	2376.48
29.502	2437.42
29.537	2376.48
29.567	2437.42
29.592	2437.42
29.637	2498.35
29.667	2437.42
29.702	2498.35
29.737	2437.42
29.767	2437.42
29.802	2376.48
29.837	2315.54
29.867	2376.48
29.902	2376.48
29.937	2315.54
29.967	2254.61
30.002	2315.54
30.037	2315.54
30.067	2254.61
30.102	2193.67
30.137	2254.61
30.167	2254.61
30.202	2193.67
30.237	2254.61
30.262	2254.61
30.302	2193.67
30.337	2254.61
30.362	2254.61
30.402	2376.48
30.437	2376.48
30.467	2315.54
30.497	2315.54
30.537	2376.48
30.562	2315.54
30.602	2254.61
30.637	2315.54
30.667	2315.54
30.702	2376.48
30.737	2315.54
30.767	2376.48
30.802	2376.48
30.837	2315.54
30.867	2254.61
30.902	2315.54
30.937	2315.54
30.967	2254.61
31.002	2193.67
31.037	2254.61
31.062	2254.61
31.102	2193.67
31.137	2254.61
31.167	2254.61
31.202	2193.67
31.237	2132.74
31.267	2071.8
31.302	2071.8
31.337	2010.87
31.367	2010.87
31.402	2071.8
31.437	2010.87
31.467	2010.87
31.502	2071.8
31.537	2010.87
31.567	2010.87
31.602	2071.8
31.637	2132.74
31.667	2132.74
31.702	2193.67
31.737	2132.74
31.767	2193.67
31.802	2193.67
31.837	2132.74
31.867	2071.8
31.902	2132.74
31.937	2132.74
31.967	2071.8
32.002	2132.74
32.037	2132.74
32.067	2071.8
32.102	2132.74
32.137	2193.67
32.167	2193.67
32.202	2132.74
32.237	2193.67
32.267	2193.67
32.302	2254.61
32.337	2193.67
32.367	2254.61
32.402	2315.54
32.437	2315.54
32.467	2254.61
32.502	2315.54
32.537	2315.54
32.567	2254.61
32.602	2193.67
32.637	2254.61
32.667	2254.61
32.702	2193.67
32.737	2132.74
32.767	2193.67
32.802	2193.67
32.837	2132.74
32.867	2193.67
32.902	2254.61
32.937	2254.61
32.967	2193.67
33.002	2254.61
33.037	2315.54
33.067	2315.54
33.102	2254.61
33.137	2315.54
33.167	2315.54
33.197	2254.61
33.237	2315.54
33.267	2315.54
33.302	2254.61
33.337	2193.67
33.367	2254.61
33.402	2315.54
33.427	2315.54
33.467	2254.61
33.502	2315.54
33.537	2376.48
33.567	2376.48
33.602	2315.54
33.637	2376.48
33.667	2376.48
33.702	2437.42
33.737	2376.48
33.767	2437.42
33.802	2437.42
33.837	2376.48
33.867	2315.54
33.902	2376.48
33.937	2376.48
33.967	2315.54
33.997	2376.48
34.037	2437.42
34.067	2437.42
34.102	2376.48
34.137	2315.54
34.167	2315.54
34.202	2376.48
34.237	2315.54
34.267	2376.48
34.302	2315.54
34.332	2315.54
34.367	2254.61
34.402	2315.54
34.437	2376.48
34.467	2376.48
34.502	2315.54
34.527	2315.54
34.567	2376.48
34.602	2437.42
34.627	2437.42
34.667	2437.42
34.702	2437.42
34.737	2376.48
34.767	2315.54
34.802	2376.48
34.837	2376.48
34.867	2315.54
34.902	2254.61
34.937	2315.54
34.967	2315.54
35.002	2254.61
35.037	2193.67
35.067	2254.61
35.102	2254.61
35.137	2193.67
35.167	2254.61
35.202	2254.61
35.237	2315.54
35.267	2254.61
35.302	2315.54
35.337	2254.61
35.367	2254.61
35.402	2193.67
35.427	2193.67
35.467	2254.61
35.502	2315.54
35.537	2254.61
35.567	2315.54
35.602	2376.48
35.637	2376.48
35.667	2315.54
35.702	2376.48
35.737	2315.54
35.767	2315.54
35.802	2254.61
35.837	2315.54
35.867	2315.54
35.902	2254.61
35.937	2193.67
35.967	2254.61
36.002	2254.61
36.037	2193.67
36.067	2132.74
36.102	2193.67
36.137	2193.67
36.167	2132.74
36.202	2193.67
36.237	2254.61
36.267	2254.61
36.302	2193.67
36.337	2254.61
36.367	2254.61
36.402	2193.67
36.437	2132.74
36.467	2193.67
36.502	2254.61
36.537	2254.61
36.567	2193.67
36.602	2254.61
36.637	2315.54
36.667	2315.54
36.702	2254.61
36.737	2315.54
36.767	2315.54
36.802	2254.61
36.837	2193.67
36.867	2254.61
36.902	2254.61
36.927	2193.67
36.967	2132.74
37.002	2193.67
37.037	2193.67
37.067	2132.74
37.102	2071.8
37.137	2132.74
37.167	2132.74
37.202	2071.8
37.237	2132.74
37.267	2132.74
37.302	2071.8
37.337	2010.87
37.367	2010.87
37.402	1949.93
37.437	2010.87
37.467	2010.87
37.502	2071.8
37.537	2010.87
37.567	2010.87
37.602	1949.93
37.637	2010.87
37.667	2010.87
37.702	1949.93
37.737	1949.93
37.767	2010.87
37.802	2071.8
37.837	2071.8
37.867	2010.87
37.897	2010.87
37.937	2071.8
37.967	2010.87
38.002	2071.8
38.037	2071.8
38.067	2010.87
38.102	1949.93
38.137	1949.93
38.167	1949.93
38.202	2010.87
38.237	1949.93
38.267	2010.87
38.302	2010.87
38.337	1949.93
38.367	1949.93
38.402	2010.87
38.437	2071.8
38.467	2071.8
38.492	2132.74
38.537	2193.67
38.567	2193.67
38.602	2254.61
38.637	2193.67
38.667	2254.61
38.702	2254.61
38.737	2315.54
38.767	2254.61
38.802	2193.67
38.837	2193.67
38.867	2132.74
38.902	2071.8
38.937	2132.74
38.967	2132.74
39.002	2071.8
39.037	2132.74
39.067	2132.74
39.102	2071.8
39.137	2132.74
39.167	2132.74
39.202	2071.8
39.237	2010.87
39.267	2010.87
39.302	1949.93
39.337	1889
39.367	1889
39.402	1828.06
39.437	1828.06
39.467	1767.13
39.502	1828.06
39.537	1828.06
39.567	1767.13
39.602	1828.06
39.637	1828.06
39.667	1767.13
39.702	1828.06
39.737	1828.06
39.767	1889
39.802	1889
39.837	1828.06
39.867	1889
39.902	1889
39.937	1828.06
39.967	1889
40.002	1889
40.037	1828.06
40.067	1828.06
40.102	1889
40.137	1828.06
40.167	1828.06
40.202	1767.13
40.237	1828.06
40.267	1828.06
40.302	1767.13
40.337	1828.06
40.367	1828.06
40.402	1767.13
40.437	1706.19
40.467	1706.19
40.502	1645.26
40.537	1645.26
40.567	1706.19
40.602	1706.19
40.637	1645.26
40.667	1645.26
40.702	1706.19
40.737	1706.19
40.767	1645.26
40.802	1706.19
40.837	1706.19
40.867	1706.19
40.902	1645.26
40.937	1584.32
40.967	1584.32
41.002	1645.26
41.037	1645.26
41.067	1584.32
41.102	1584.32
41.137	1523.38
41.167	1523.38
41.202	1584.32
41.237	1523.38
41.267	1523.38
41.302	1584.32
41.337	1584.32
41.367	1584.32
41.402	1523.38
41.437	1584.32
41.467	1584.32
41.502	1645.25
41.537	1645.25
41.567	1706.19
41.602	1706.19
41.637	1767.12
41.667	1767.12
41.702	1706.19
41.737	1767.12
41.767	1767.12
41.802	1706.19
41.837	1706.19
41.867	1767.12
41.902	1767.12
41.937	1828.06
41.967	1767.12
42.002	1767.12
42.037	1706.19
42.067	1706.19
42.102	1767.12
42.137	1706.19
42.167	1706.19
42.202	1767.12
42.237	1767.12
42.267	1706.19
42.302	1645.25
42.337	1645.25
42.367	1706.19
42.402	1706.19
42.437	1645.25
42.467	1645.25
42.502	1706.19
42.537	1706.19
42.567	1645.25
42.602	1645.25
42.637	1706.19
42.667	1706.19
42.697	1645.25
42.737	1584.32
42.767	1584.32
42.802	1645.25
42.837	1645.25
42.862	1645.25
42.902	1584.32
42.937	1523.38
42.962	1523.38
43.002	1584.32
43.037	1584.32
43.067	1523.38
43.102	1523.38
43.137	1584.32
43.167	1584.32
43.202	1523.38
43.237	1584.32
43.267	1584.32
43.302	1523.38
43.337	1523.38
43.367	1584.32
43.402	1584.32
43.437	1645.25
43.467	1645.25
43.502	1584.32
43.537	1584.32
43.567	1645.25
43.602	1645.25
43.637	1584.32
43.667	1584.32
43.702	1645.25
43.737	1706.19
43.767	1706.19
43.802	1645.25
43.837	1645.25
43.867	1645.25
43.902	1584.32
43.937	1645.25
43.967	1645.25
44.002	1584.32
44.037	1584.32
44.067	1523.38
44.102	1523.38
44.137	1584.32
44.167	1584.32
44.197	1584.32
44.237	1523.38
44.267	1584.32
44.302	1584.32
44.337	1523.38
44.367	1523.38
44.402	1584.32
44.437	1584.32
44.467	1523.38
44.502	1584.32
44.537	1584.32
44.567	1523.38
44.602	1523.38
44.637	1523.38
44.667	1523.38
44.702	1584.32
44.737	1584.32
44.767	1523.38
44.802	1523.38
44.837	1523.38
44.867	1523.38
44.902	1584.32
44.937	1584.32
44.967	1523.38
45.002	1523.38
45.037	1523.38
45.067	1523.38
45.102	1584.32
45.137	1645.25
45.167	1645.25
45.202	1584.32
45.237	1584.32
45.267	1645.25
45.302	1645.25
45.337	1584.32
45.367	1584.32
45.402	1645.25
45.437	1645.25
45.467	1706.19
45.502	1706.19
45.537	1645.25
45.567	1645.25
45.602	1584.32
45.637	1645.25
45.667	1645.25
45.702	1584.32
45.737	1584.32
45.767	1523.38
45.802	1523.38
45.837	1584.32
45.867	1584.32
45.902	1523.38
45.937	1523.38
45.967	1584.32
46.002	1584.32
46.037	1523.38
46.067	1523.38
46.102	1584.32
46.137	1523.38
46.167	1523.38
46.202	1584.32
46.237	1584.32
46.267	1584.32
46.302	1645.25
46.337	1584.32
46.367	1584.32
46.402	1645.25
46.437	1645.25
46.467	1706.19
46.502	1706.19
46.537	1645.25
46.567	1645.25
46.602	1584.32
46.637	1584.32
46.667	1645.25
46.702	1584.32
46.737	1584.32
46.767	1584.32
46.802	1523.38
46.837	1523.38
46.867	1523.38
46.902	1523.38
46.937	1523.38
46.967	1584.32
47.002	1584.32
47.037	1523.38
47.067	1523.38
47.102	1584.32
47.127	1584.32
47.167	1523.38
47.202	1523.38
47.237	1584.32
47.267	1584.32
47.302	1645.25
47.337	1706.19
47.367	1706.19
47.402	1645.25
47.437	1645.25
47.467	1706.19
47.497	1706.19
47.537	1767.12
47.567	1767.12
47.602	1706.19
47.637	1645.25
47.667	1645.25
47.702	1584.32
47.737	1584.32
47.767	1584.32
47.802	1645.25
47.837	1584.32
47.867	1584.32
47.902	1645.25
47.937	1645.25
47.967	1584.32
48.002	1584.32
48.037	1523.38
48.067	1523.38
48.102	1584.32
48.137	1523.38
48.167	1523.38
48.202	1584.32
48.237	1584.32
48.267	1584.32
48.302	1645.25
48.337	1584.32
48.367	1584.32
48.402	1523.38
48.437	1523.38
48.467	1523.38
48.502	1523.38
48.537	1584.32
48.562	1584.32
48.602	1645.25
48.637	1645.25
48.667	1584.32
48.702	1523.38
48.737	1523.38
48.767	1523.38
48.802	1584.32
48.837	1523.38
48.867	1523.38
48.902	1584.32
48.937	1584.32
48.967	1523.38
49.002	1523.38
49.037	1584.32
49.067	1584.32
49.102	1645.25
49.137	1645.25
49.167	1584.32
49.202	1584.32
49.237	1645.25
49.267	1645.25
49.302	1584.32
49.327	1584.32
49.367	1645.25
49.402	1706.19
49.437	1706.19
49.467	1706.19
49.502	1645.25
49.537	1584.32
49.567	1584.32
49.602	1645.25
49.637	1645.25
49.667	1706.19
49.702	1706.19
49.737	1767.12
49.767	1767.12
49.802	1706.19
49.837	1645.25
49.867	1645.25
49.902	1706.19
49.937	1706.19
49.967	1706.19
50.002	1645.25
50.037	1706.19
50.067	1706.19
50.102	1767.12
50.137	1767.12
50.167	1706.19
50.202	1706.19
50.237	1645.25
50.267	1645.25
50.302	1584.32
50.337	1584.32
50.367	1645.25
50.402	1584.32
50.437	1584.32
50.462	1584.32
50.502	1645.25
50.537	1706.19
50.567	1706.19
50.602	1645.25
50.637	1645.25
50.667	1706.19
50.702	1706.19
50.737	1645.25
50.767	1645.25
50.802	1584.32
50.827	1584.32
50.867	1645.25
50.902	1584.32
50.937	1584.32
50.967	1584.32
51.002	1645.25
51.037	1584.32
51.067	1584.32
51.102	1645.25
51.137	1645.25
51.167	1645.25
51.202	1584.32
51.237	1645.25
51.267	1645.25
51.302	1706.19
51.337	1706.19
51.367	1645.25
51.402	1645.25
51.437	1706.19
51.467	1706.19
51.502	1767.12
51.537	1767.12
51.562	1706.19
51.602	1645.25
51.637	1645.25
51.667	1584.32
51.702	1584.32
51.737	1645.25
51.767	1645.25
51.802	1706.19
51.837	1706.19
51.867	1645.25
51.902	1645.25
51.937	1706.19
51.967	1706.19
52.002	1645.25
52.037	1706.19
52.067	1706.19
52.102	1767.12
52.137	1767.12
52.167	1767.12
52.202	1706.19
52.237	1645.25
52.267	1645.25
52.302	1706.19
52.327	1706.19
52.367	1645.25
52.402	1645.25
52.437	1584.32
52.467	1584.32
52.502	1645.25
52.537	1584.32
52.567	1584.32
52.602	1645.25
52.637	1645.25
52.667	1645.25
52.702	1706.19
52.737	1645.25
52.767	1645.25
52.797	1645.25
52.837	1584.32
52.867	1645.25
52.902	1645.25
52.937	1706.19
52.967	1706.19
53.002	1645.25
53.027	1645.25
53.067	1706.19
53.102	1645.25
53.137	1645.25
53.167	1645.25
53.202	1584.32
53.237	1523.38
53.267	1523.38
53.302	1523.38
53.337	1523.38
53.367	1584.32
53.402	1584.32
53.437	1645.25
53.467	1645.25
53.502	1584.32
53.537	1584.32
53.567	1523.38
53.602	1523.38
53.637	1584.32
53.667	1584.32
53.702	1523.38
53.737	1584.32
53.767	1584.32
53.802	1523.38
53.837	1523.38
53.867	1523.38
53.902	1523.38
53.937	1584.32
53.967	1584.32
54.002	1523.38
54.037	1523.38
54.067	1584.32
54.102	1584.32
54.137	1523.38
54.167	1523.38
54.202	1523.38
54.237	1523.38
54.262	1523.38
54.302	1584.32
54.337	1584.32
54.367	1584.32
54.402	1645.25
54.437	1584.32
54.467	1584.32
54.502	1645.25
54.537	1645.25
54.567	1706.19
54.602	1706.19
54.637	1645.25
54.667	1645.25
54.702	1584.32
54.737	1584.32
54.767	1645.25
54.802	1584.32
54.837	1584.32
54.867	1584.32
54.902	1645.25
54.937	1706.19
54.967	1706.19
55.002	1645.25
55.037	1645.25
55.062	1645.25
55.097	1706.19
55.137	1767.12
55.167	1767.12
55.202	1706.19
55.237	1706.19
55.267	1645.25
55.302	1645.25
55.337	1706.19
55.367	1706.19
55.402	1645.25
55.437	1706.19
55.467	1706.19
55.502	1645.25
55.537	1645.25
55.567	1584.32
55.602	1584.32
55.637	1645.25
55.667	1645.25
55.702	1584.32
55.737	1584.32
55.767	1523.38
55.802	1523.38
55.837	1584.32
55.867	1584.32
55.902	1645.25
55.937	1706.19
55.967	1706.19
56.002	1645.25
56.037	1645.25
56.067	1645.25
56.102	1706.19
56.137	1645.25
56.167	1645.25
56.202	1706.19
56.237	1706.19
56.267	1767.12
56.302	1767.12
56.337	1706.19
56.367	1706.19
56.402	1645.25
56.437	1584.32
56.467	1584.32
56.502	1645.25
56.537	1645.25
56.567	1706.19
56.602	1706.19
56.637	1645.25
56.667	1645.25
56.697	1584.32
56.737	1584.32
56.767	1645.25
56.802	1645.25
56.837	1584.32
56.867	1584.32
56.902	1645.25
56.937	1706.19
56.967	1706.19
57.002	1767.12
57.037	1767.12
57.067	1706.19
57.102	1706.19
57.137	1645.25
57.167	1645.25
57.202	1706.19
57.237	1645.25
57.267	1645.25
57.302	1584.32
57.337	1584.32
57.367	1584.32
57.402	1645.25
57.437	1584.32
57.467	1584.32
57.502	1645.25
57.537	1645.25
57.567	1706.19
57.602	1706.19
57.637	1645.25
57.667	1645.25
57.702	1706.19
57.737	1645.25
57.767	1645.25
57.802	1706.19
57.837	1706.19
57.867	1706.19
57.902	1645.25
57.937	1584.32
57.967	1584.32
58.002	1645.25
58.037	1645.25
58.067	1584.32
58.102	1584.32
58.137	1645.25
58.167	1645.25
58.202	1584.32
58.237	1584.32
58.267	1523.38
58.302	1523.38
58.337	1523.38
58.367	1523.38
58.392	1584.32
58.437	1645.25
58.467	1645.25
58.492	1645.25
58.537	1584.32
58.567	1645.25
58.602	1645.25
58.637	1706.19
58.667	1706.19
58.702	1645.25
58.737	1645.25
58.767	1706.19
58.802	1645.25
58.837	1645.25
58.867	1645.25
58.902	1706.19
58.937	1767.12
58.967	1767.12
59.002	1706.19
59.037	1706.19
59.067	1645.25
59.102	1645.25
59.137	1706.19
59.167	1706.19
59.202	1767.12
59.237	1767.12
59.267	1706.19
59.302	1706.19
59.337	1645.25
59.367	1645.25
59.397	1706.19
59.437	1706.19
59.467	1645.25
59.502	1584.32
59.537	1584.32
59.567	1645.25
59.602	1645.25
59.637	1706.19
59.667	1706.19
59.702	1645.25
59.737	1645.25
59.767	1584.32
59.802	1584.32
59.837	1645.25
59.867	1645.25
59.902	1706.19
59.937	1645.25
59.967	1645.25
60.002	1584.32
60.037	1584.32
60.067	1584.32
60.092	1645.25
60.137	1706.19
60.167	1706.19
60.202	1645.25
60.237	1645.25
60.267	1706.19
60.302	1706.19
60.337	1645.25
60.367	1645.25
60.402	1706.19
60.437	1706.19
60.467	1645.25
60.497	1645.25
60.537	1584.32
60.567	1523.38
60.602	1523.38
60.637	1523.38
60.667	1523.38
60.702	1584.32
60.737	1584.32
60.767	1523.38
60.802	1523.38
60.837	1584.32
60.867	1584.32
60.902	1645.25
60.937	1645.25
60.962	1584.32
61.002	1645.25
61.037	1645.25
61.067	1584.32
61.102	1584.32
61.137	1645.25
61.167	1645.25
61.202	1706.19
61.237	1706.19
61.267	1767.12
61.302	1767.12
61.337	1706.19
61.367	1706.19
61.402	1645.25
61.427	1645.25
61.467	1706.19
61.502	1767.12
61.537	1767.12
61.567	1767.12
61.602	1706.19
61.637	1645.25
61.662	1645.25
61.687	1645.25
61.712	1584.32
61.737	1584.32
61.767	1523.38
61.802	1523.38
61.837	1584.32
61.867	1584.32
61.902	1645.25
61.937	1645.25
61.967	1584.32
62.002	1584.32
62.037	1523.38
62.067	1523.38
62.102	1523.38
62.137	1523.38
62.167	1584.32
62.202	1523.38
62.237	1523.38
62.267	1584.32
62.302	1584.32
62.337	1523.38
62.367	1523.38
62.402	1523.38
62.437	1523.38
62.467	1584.32
62.502	1584.32
62.537	1523.38
62.567	1523.38
62.602	1584.32
62.637	1523.38
62.667	1523.38
62.702	1523.38
62.737	1584.32
62.767	1584.32
62.802	1523.38
62.837	1523.38
62.867	1523.38
62.902	1584.32
62.937	1584.32
62.967	1523.38
63.002	1523.38
63.037	1584.32
63.067	1584.32
63.102	1645.25
63.137	1645.25
63.167	1706.19
63.202	1645.25
63.237	1645.25
63.267	1645.25
63.302	1706.19
63.337	1767.12
63.367	1767.12
63.402	1706.19
63.437	1706.19
63.467	1706.19
63.502	1767.12
63.537	1828.06
63.567	1828.06
63.602	1889
63.637	1949.93
63.667	1949.93
63.702	2010.87
63.727	2010.87
63.757	2071.8
63.802	2132.74
63.837	2132.74
63.867	2071.8
63.902	2132.74
63.937	2132.74
63.967	2071.8
64.002	2132.74
64.037	2132.74
64.067	2071.8
64.102	2071.8
64.137	2010.87
64.167	2071.8
64.202	2071.8
64.237	2010.87
64.267	2010.87
64.302	2071.8
64.337	2010.87
64.367	2010.87
64.402	2071.8
64.437	2132.74
64.467	2132.74
64.502	2193.67
64.537	2132.74
64.567	2193.67
64.602	2193.67
64.637	2132.74
64.667	2193.67
64.702	2132.74
64.737	2132.74
64.767	2193.67
64.802	2254.61
64.837	2315.54
64.867	2315.54
64.902	2254.61
64.937	2315.54
64.967	2315.54
65.002	2254.61
65.037	2315.54
65.067	2315.54
65.102	2254.61
65.137	2193.67
65.167	2254.61
65.202	2315.54
65.237	2315.54
65.267	2254.61
65.302	2193.67
65.337	2254.61
65.367	2254.61
65.402	2193.67
65.437	2254.61
65.467	2254.61
65.502	2193.67
65.537	2132.74
65.562	2132.74
65.602	2254.61
65.637	2254.61
65.667	2193.67
65.702	2254.61
65.737	2315.54
65.767	2315.54
65.802	2254.61
65.837	2315.54
65.867	2315.54
65.902	2254.61
65.937	2193.67
65.967	2254.61
66.002	2254.61
66.037	2193.67
66.067	2132.74
66.102	2193.67
66.137	2193.67
66.167	2132.74
66.202	2071.8
66.237	2132.74
66.267	2132.74
66.302	2071.8
66.337	2132.74
66.367	2132.74
66.397	2071.8
66.437	2010.87
66.467	2010.87
66.492	1949.93
66.537	2010.87
66.567	2010.87
66.602	1949.93
66.637	2010.87
66.662	2010.87
66.702	1949.93
66.737	2010.87
66.767	2010.87
66.802	1949.93
66.837	2010.87
66.867	2010.87
66.902	2071.8
66.937	2071.8
66.967	2010.87
67.002	2071.8
67.037	2071.8
67.067	2010.87
67.102	2071.8
67.137	2071.8
67.167	2010.87
67.202	2071.8
67.237	2071.8
67.267	2132.74
67.302	2071.8
67.337	2071.8
67.367	2010.87
67.397	2010.87
67.437	1949.93
67.467	2010.87
67.502	2010.87
67.537	1949.93
67.567	1949.93
67.602	2010.87
67.637	1949.93
67.667	1949.93
67.702	2010.87
67.737	1949.93
67.767	1949.93
67.802	2010.87
67.837	2071.8
67.867	2071.8
67.902	2010.87
67.937	2071.8
67.967	2071.8
68.002	2010.87
68.037	2071.8
68.067	2071.8
68.102	2010.87
68.127	2010.87
68.167	1949.93
68.202	1949.93
68.237	1889
68.267	1828.06
68.302	1889
68.337	1889
68.362	1889
68.402	1949.93
68.437	1889
68.467	1949.93
68.502	1949.93
68.537	1889
68.562	1889
68.602	1949.93
68.637	1889
68.667	1828.06
68.702	1828.06
68.737	1889
68.767	1889
68.802	1828.06
68.837	1767.12
68.867	1767.12
68.902	1706.19
68.937	1645.25
68.967	1645.25
69.002	1706.19
69.037	1706.19
69.067	1767.12
69.102	1767.12
69.137	1706.19
69.167	1706.19
69.202	1645.25
69.237	1645.25
69.267	1584.32
69.302	1584.32
69.337	1645.25
69.367	1645.25
69.402	1584.32
69.437	1645.25
69.467	1645.25
69.502	1584.32
69.537	1584.32
69.567	1645.25
69.602	1645.25
69.637	1706.19
69.667	1706.19
69.702	1767.12
69.737	1767.12
69.767	1706.19
69.802	1767.12
69.837	1767.12
69.867	1706.19
69.902	1706.19
69.937	1645.25
69.967	1645.25
70.002	1706.19
70.037	1767.12
70.067	1767.12
70.102	1767.12
70.137	1706.19
70.167	1767.12
70.202	1767.12
70.237	1706.19
70.267	1706.19
70.302	1645.25
70.337	1584.32
70.367	1584.32
70.402	1645.25
70.437	1645.25
70.467	1584.32
70.502	1584.32
70.537	1645.25
70.567	1645.25
70.602	1706.19
70.637	1645.25
70.667	1645.25
70.702	1584.32
70.737	1584.32
70.767	1584.32
70.802	1523.38
70.837	1523.38
70.867	1523.38
70.902	1523.38
70.937	1523.38
70.967	1584.32
71.002	1584.32
71.037	1645.25
71.067	1645.25
71.102	1706.19
71.137	1706.19
71.167	1645.25
71.202	1584.32
71.237	1584.32
71.267	1584.32
71.302	1645.25
71.337	1584.32
71.367	1584.32
71.402	1645.25
71.427	1645.25
71.467	1645.25
71.502	1706.19
71.537	1645.25
71.567	1645.25
71.602	1706.19
71.637	1706.19
71.667	1645.25
71.702	1645.25
71.737	1706.19
71.767	1706.19
71.802	1645.25
71.837	1706.19
71.867	1706.19
71.902	1767.12
71.937	1767.12
71.967	1706.19
72.002	1706.19
72.037	1767.12
72.067	1767.12
72.102	1706.19
72.137	1767.12
72.167	1767.12
72.202	1706.19
72.227	1706.19
72.262	1706.19
72.302	1767.12
72.337	1828.06
72.367	1828.06
72.402	1767.12
72.437	1767.12
72.462	1828.06
72.502	1889
72.537	1889
72.567	1828.06
72.602	1889
72.637	1889
72.667	1949.93
72.702	1889
72.737	1889
72.767	1949.93
72.802	1949.93
72.837	1889
72.867	1949.93
72.902	1949.93
72.937	1889
72.967	1889
73.002	1949.93
73.037	1889
73.067	1889
73.102	1828.06
73.137	1889
73.167	1889
73.202	1828.06
73.237	1889
73.267	1889
73.302	1949.93
73.337	2010.87
73.367	2010.87
73.402	1949.93
73.437	1949.93
73.467	1889
73.502	1949.93
73.537	1949.93
73.567	1889
73.602	1949.93
73.637	1949.93
73.667	1889
73.702	1949.93
73.737	1949.93
73.767	2010.87
73.802	2010.87
73.837	1949.93
73.867	1949.93
73.902	2010.87
73.937	1949.93
73.967	1949.93
74.002	1889
74.037	1828.06
74.067	1828.06
74.092	1828.06
74.137	1828.06
74.167	1828.06
74.202	1767.12
74.227	1767.12
74.252	1767.12
74.277	1706.19
74.302	1767.12
74.337	1767.12
74.367	1706.19
74.402	1706.19
74.437	1767.12
74.467	1767.12
74.502	1828.06
74.537	1767.12
74.567	1767.12
74.602	1706.19
74.637	1767.12
74.667	1767.12
74.702	1828.06
74.737	1767.12
74.767	1767.12
74.802	1828.06
74.837	1828.06
74.867	1767.12
74.902	1828.06
74.937	1828.06
74.967	1767.12
75.002	1828.06
75.037	1828.06
75.067	1889
75.102	1828.06
75.137	1828.06
75.167	1889
75.202	1889
75.237	1828.06
75.267	1889
75.302	1889
75.337	1828.06
75.367	1828.06
75.402	1889
75.437	1828.06
75.467	1828.06
75.502	1767.12
75.537	1828.06
75.567	1828.06
75.602	1767.12
75.637	1828.06
75.667	1828.06
75.702	1767.12
75.737	1828.06
75.767	1828.06
75.802	1767.12
75.837	1767.12
75.867	1828.06
75.902	1889
75.937	1889
75.962	1889
76.002	1889
76.037	1889
76.067	1828.06
76.102	1767.12
76.137	1767.12
76.167	1828.06
76.202	1828.06
76.237	1767.12
76.267	1767.12
76.302	1828.06
76.337	1767.12
76.367	1767.12
76.402	1706.19
76.437	1767.12
76.467	1767.12
76.502	1706.19
76.537	1706.19
76.567	1645.25
76.602	1706.19
76.637	1706.19
76.667	1706.19
76.702	1767.12
76.727	1767.12
76.767	1706.19
76.802	1645.25
76.837	1645.25
76.867	1706.19
76.902	1706.19
76.937	1645.25
76.967	1645.25
77.002	1706.19
77.037	1767.12
77.067	1767.12
77.102	1706.19
77.137	1706.19
77.167	1706.19
77.202	1645.25
77.237	1584.32
77.267	1584.32
77.302	1645.25
77.337	1645.25
77.367	1706.19
77.402	1706.19
77.437	1645.25
77.467	1645.25
77.502	1706.19
77.537	1706.19
77.567	1767.12
77.602	1828.06
77.637	1828.06
77.667	1889
77.702	1889
77.737	1828.06
77.762	1828.06
77.802	1767.12
77.837	1706.19
77.867	1706.19
77.902	1767.12
77.937	1767.12
77.967	1706.19
78.002	1706.19
78.037	1767.12
78.067	1767.12
78.102	1706.19
78.137	1767.12
78.167	1767.12
78.202	1828.06
78.237	1828.06
78.267	1889
78.302	1889
78.337	1828.06
78.367	1889
78.397	1889
78.437	1949.93
78.467	1949.93
78.502	1889
78.537	1828.06
78.562	1828.06
78.602	1767.12
78.637	1828.06
78.667	1828.06
78.702	1767.12
78.737	1828.06
78.767	1828.06
78.802	1889
78.837	1949.93
78.867	1949.93
78.902	1889
78.937	1889
78.967	1828.06
79.002	1889
79.037	1889
79.067	1828.06
79.102	1889
79.137	1889
79.162	1889
79.202	1889
79.237	1889
79.267	1949.93
79.302	1949.93
79.337	1889
79.367	1949.93
79.402	1949.93
79.437	1889
79.467	1889
79.502	1949.93
79.537	1889
79.567	1889
79.602	1949.93
79.637	1889
79.667	1889
79.702	1828.06
79.737	1889
79.767	1889
79.802	1828.06
79.837	1889
79.867	1889
79.897	1949.93
79.937	2010.87
79.967	2010.87
79.997	2010.87
80.037	1949.93
80.067	2010.87
80.102	1949.93
80.137	1949.93
80.167	1889
80.202	1828.06
80.237	1828.06
80.267	1889
80.302	1828.06
80.337	1828.06
80.367	1889
80.402	1889
80.437	1828.06
80.467	1889
80.502	1889
80.537	1949.93
80.567	1949.93
80.597	2010.87
80.637	2071.8
80.667	2071.8
80.702	2010.87
80.737	2071.8
80.767	2071.8
80.802	2010.87
80.837	2071.8
80.867	2071.8
80.902	2010.87
80.937	2071.8
80.967	2071.8
81.002	2132.74
81.037	2193.67
81.067	2193.67
81.092	2193.67
81.137	2193.67
81.167	2193.67
81.202	2132.74
81.237	2071.8
81.267	2071.8
81.302	2010.87
81.337	1949.93
81.367	1949.93
81.392	2010.87
81.437	2071.8
81.467	2071.8
81.502	2010.87
81.537	2071.8
81.567	2071.8
81.602	2010.87
81.637	2071.8
81.667	2071.8
81.702	2010.87
81.737	2071.8
81.767	2071.8
81.802	2132.74
81.837	2132.74
81.867	2193.67
81.902	2254.61
81.937	2315.54
81.967	2315.54
82.002	2254.61
82.037	2193.67
82.067	2254.61
82.102	2254.61
82.137	2193.67
82.167	2254.61
82.202	2315.54
82.237	2315.54
82.267	2254.61
82.302	2315.54
82.337	2254.61
82.367	2254.61
82.402	2193.67
82.437	2254.61
82.467	2254.61
82.502	2315.54
82.537	2254.61
82.567	2315.54
82.602	2315.54
82.637	2254.61
82.667	2193.67
82.702	2254.61
82.737	2254.61
82.767	2193.67
82.802	2132.74
82.837	2193.67
82.867	2193.67
82.902	2132.74
82.937	2071.8
82.967	2071.8
83.002	2132.74
83.037	2071.8
83.067	2071.8
83.102	2132.74
83.137	2071.8
83.167	2132.74
83.202	2132.74
83.237	2071.8
83.267	2132.74
83.302	2132.74
83.337	2071.8
83.367	2010.87
83.402	2071.8
83.437	2071.8
83.467	2010.87
83.502	1949.93
83.537	1949.93
83.567	1889
83.592	1889
83.637	1949.93
83.667	1889
83.702	1828.06
83.737	1828.06
83.767	1767.12
83.802	1828.06
83.837	1828.06
83.867	1889
83.902	1889
83.937	1828.06
83.967	1889
84.002	1889
84.037	1828.06
84.067	1889
84.102	1889
84.137	1949.93
84.167	1949.93
84.202	1889
84.237	1949.93
84.267	1949.93
84.302	1889
84.337	1949.93
84.367	1949.93
84.402	1889
84.437	1949.93
84.467	1949.93
84.502	1889
84.537	1949.93
84.567	1949.93
84.602	1889
84.637	1889
84.667	1828.06
84.702	1889
84.737	1889
84.767	1828.06
84.802	1889
84.837	1889
84.867	1949.93
84.902	1949.93
84.937	1889
84.967	1889
85.002	1949.93
85.037	1889
85.067	1889
85.102	1949.93
85.137	1889
85.167	1889
85.202	1949.93
85.237	1889
85.267	1889
85.302	1828.06
85.337	1889
85.367	1889
85.402	1949.93
85.437	1889
85.467	1889
85.502	1949.93
85.527	1949.93
85.567	1889
85.602	1949.93
85.637	1949.93
85.667	1889
85.702	1949.93
85.737	1949.93
85.767	2010.87
85.802	1949.93
85.837	1949.93
85.867	2010.87
85.902	1949.93
85.937	1949.93
85.967	2010.87
86.002	2010.87
86.037	1949.93
86.067	1949.93
86.102	2010.87
86.137	1949.93
86.167	1949.93
86.197	2010.87
86.227	2010.87
86.267	2071.8
86.302	2010.87
86.337	1949.93
86.367	1949.93
86.402	1889
86.437	1949.93
86.467	1949.93
86.502	1889
86.537	1949.93
86.567	1949.93
86.602	2010.87
86.637	1949.93
86.667	1949.93
86.702	2010.87
86.737	2010.87
86.767	1949.93
86.802	2010.87
86.837	2010.87
86.867	1949.93
86.902	2010.87
86.937	2010.87
86.967	2071.8
87.002	2071.8
87.037	2010.87
87.067	2010.87
87.092	1949.93
87.127	2010.87
87.162	2010.87
87.202	2071.8
87.237	2010.87
87.267	2010.87
87.302	2071.8
87.337	2010.87
87.367	2010.87
87.402	2071.8
87.437	2132.74
87.467	2132.74
87.502	2071.8
87.537	2132.74
87.567	2132.74
87.602	2071.8
87.637	2132.74
87.667	2132.74
87.702	2193.67
87.737	2132.74
87.767	2132.74
87.802	2071.8
87.827	2071.8
87.867	2132.74
87.902	2071.8
87.937	2132.74
87.967	2132.74
88.002	2193.67
88.037	2193.67
88.067	2132.74
88.102	2071.8
88.137	2132.74
88.167	2132.74
88.202	2071.8
88.237	2132.74
88.267	2132.74
88.302	2193.67
88.337	2132.74
88.367	2132.74
88.402	2071.8
88.437	2132.74
88.467	2132.74
88.502	2071.8
88.537	2010.87
88.567	2010.87
88.602	2071.8
88.637	2010.87
88.662	2010.87
88.702	1949.93
88.737	2010.87
88.767	2010.87
88.802	1949.93
88.837	2010.87
88.867	2010.87
88.902	1949.93
88.937	2010.87
88.967	2010.87
89.002	1949.93
89.037	1949.93
89.062	1889
89.102	1949.93
89.137	1949.93
89.167	1889
89.202	1949.93
89.237	1949.93
89.267	1889
89.302	1949.93
89.337	1949.93
89.367	2010.87
89.402	1949.93
89.437	1949.93
89.467	2010.87
89.502	2010.87
89.537	1949.93
89.567	2010.87
89.602	2010.87
89.637	1949.93
89.667	1949.93
89.702	2010.87
89.737	2071.8
89.767	2071.8
89.797	2132.74
89.837	2193.67
89.867	2193.67
89.902	2132.74
89.937	2071.8
89.967	2132.74
90.002	2132.74
90.037	2071.8
90.067	2132.74
90.102	2132.74
90.137	2193.67
90.167	2254.61
90.202	2315.54
90.237	2315.54
90.267	2254.61
90.302	2193.67
90.337	2254.61
90.367	2254.61
90.402	2315.54
90.437	2254.61
90.467	2254.61
90.502	2193.67
90.537	2132.74
90.567	2193.67
90.602	2193.67
90.627	2254.61
90.667	2193.67
90.702	2254.61
90.737	2193.67
90.767	2193.67
90.802	2132.74
90.837	2193.67
90.867	2193.67
90.902	2132.74
90.937	2071.8
90.967	2132.74
91.002	2132.74
91.037	2071.8
91.067	2132.74
91.102	2132.74
91.137	2071.8
91.167	2132.74
91.202	2071.8
91.237	2071.8
91.267	2010.87
91.302	2010.87
91.337	1949.93
91.367	2010.87
91.402	2010.87
91.437	1949.93
91.467	2010.87
91.502	2010.87
91.537	1949.93
91.567	1949.93
91.602	2010.87
91.637	1949.93
91.667	1949.93
91.702	2010.87
91.737	1949.93
91.767	1949.93
91.802	1889
91.837	1828.06
91.867	1828.06
91.902	1889
91.937	1828.06
91.967	1828.06
92.002	1767.12
92.037	1828.06
92.067	1828.06
92.102	1889
92.137	1889
92.167	1949.93
92.202	1949.93
92.237	1889
92.267	1828.06
92.302	1828.06
92.337	1889
92.367	1949.93
92.397	1949.93
92.437	1889
92.467	1949.93
92.502	1949.93
92.537	1889
92.567	1889
92.602	1828.06
92.637	1889
92.667	1889
92.702	1828.06
92.737	1889
92.767	1889
92.802	1828.06
92.827	1828.06
92.852	1767.12
92.877	1767.12
92.902	1828.06
92.927	1828.06
92.967	1889
93.002	1828.06
93.037	1828.06
93.067	1767.12
93.102	1828.06
93.137	1828.06
93.167	1767.12
93.202	1767.12
93.237	1828.06
93.267	1828.06
93.302	1767.12
93.337	1828.06
93.367	1828.06
93.402	1767.12
93.437	1767.12
93.467	1706.19
93.502	1767.12
93.537	1767.12
93.567	1706.19
93.602	1706.19
93.637	1767.12
93.667	1767.12
93.702	1706.19
93.737	1767.12
93.767	1767.12
93.792	1767.12
93.837	1828.06
93.867	1767.12
93.902	1706.19
93.937	1706.19
93.967	1767.12
94.002	1767.12
94.037	1706.19
94.067	1706.19
94.102	1767.12
94.137	1828.06
94.167	1828.06
94.202	1767.12
94.237	1767.12
94.267	1706.19
94.302	1645.25
94.337	1645.25
94.362	1645.25
94.387	1706.19
94.412	1706.19
94.437	1767.12
94.467	1767.12
94.502	1706.19
94.527	1706.19
94.567	1767.12
94.602	1706.19
94.637	1706.19
94.667	1706.19
94.702	1767.12
94.737	1706.19
94.767	1706.19
94.802	1645.25
94.837	1645.25
94.867	1706.19
94.902	1706.19
94.937	1645.25
94.967	1645.25
95.002	1584.32
95.037	1584.32
95.067	1645.25
95.102	1645.25
95.137	1706.19
95.167	1706.19
95.202	1645.25
95.237	1706.19
95.267	1706.19
95.302	1645.25
95.337	1645.25
95.367	1584.32
95.402	1584.32
95.437	1523.38
95.467	1523.38
95.502	1584.32
95.537	1584.32
95.567	1523.38
95.602	1523.38
95.637	1584.32
95.667	1584.32
95.702	1645.25
95.737	1706.19
95.767	1706.19
95.802	1645.25
95.837	1645.25
95.867	1584.32
95.902	1584.32
95.937	1645.25
95.967	1645.25
96.002	1584.32
96.037	1584.32
96.067	1645.25
96.092	1645.25
96.137	1706.19
96.167	1706.19
96.202	1645.25
96.237	1584.32
96.267	1584.32
96.302	1645.25
96.337	1645.25
96.367	1645.25
96.402	1706.19
96.437	1645.25
96.467	1645.25
96.502	1706.19
96.537	1706.19
96.567	1645.25
96.602	1645.25
96.637	1584.32
96.667	1584.32
96.702	1645.25
96.737	1706.19
96.767	1706.19
96.802	1645.25
96.837	1645.25
96.867	1645.25
96.902	1584.32
96.937	1645.25
96.967	1645.25
97.002	1584.32
97.037	1584.32
97.067	1645.25
97.102	1645.25
97.137	1706.19
97.167	1706.19
97.202	1645.25
97.237	1645.25
97.267	1584.32
97.302	1523.38
97.337	1523.38
97.367	1523.38
97.402	1584.32
97.437	1523.38
97.467	1523.38
97.502	1584.32
97.537	1584.32
97.567	1523.38
97.602	1523.38
97.637	1523.38
97.667	1523.38
97.702	1584.32
97.737	1584.32
97.767	1523.38
97.802	1523.38
97.837	1584.32
97.867	1584.32
97.902	1523.38
97.937	1584.32
97.967	1584.32
98.002	1523.38
98.037	1523.38
98.067	1584.32
98.102	1584.32
98.137	1523.38
98.167	1523.38
98.202	1584.32
98.237	1584.32
98.267	1523.38
98.302	1523.38
98.337	1523.38
98.367	1523.38
98.402	1584.32
98.437	1584.32
98.467	1523.38
98.497	1523.38
98.537	1523.38
98.567	1523.38
98.602	1584.32
98.637	1645.25
98.667	1645.25
98.702	1584.32
98.737	1584.32
98.767	1584.32
98.802	1523.38
98.837	1584.32
98.867	1584.32
98.902	1523.38
98.937	1523.38
98.967	1584.32
99.002	1584.32
99.037	1645.25
99.067	1645.25
99.102	1706.19
99.137	1645.25
99.167	1645.25
99.202	1706.19
99.237	1706.19
99.267	1706.19
99.302	1767.12
99.337	1706.19
99.367	1706.19
99.402	1767.12
99.437	1767.12
99.467	1706.19
99.502	1706.19
99.537	1767.12
99.567	1767.12
99.602	1828.06
99.637	1828.06
99.667	1889
99.702	1949.93
99.737	1949.93
99.767	1889
99.802	1949.93
99.837	1949.93
99.867	2010.87
99.902	2071.8
99.937	2071.8
99.967	2010.87
100.002	2071.8
100.037	2071.8
100.067	2010.87
100.102	2010.87
100.137	2071.8
100.167	2132.74
100.202	2132.74
100.237	2071.8
100.267	2132.74
100.302	2132.74
100.337	2071.8
100.367	2010.87
100.402	2010.87
100.437	1949.93
100.467	2010.87
100.502	2010.87
100.537	1949.93
100.562	1949.93
100.602	2010.87
100.637	1949.93
100.667	1949.93
100.702	2010.87
100.737	1949.93
100.767	1949.93
100.802	1889
100.837	1828.06
100.867	1828.06
100.892	1767.12
100.937	1828.06
100.967	1828.06
101.002	1767.12
101.037	1828.06
101.067	1828.06
101.102	1767.12
101.127	1767.12
101.167	1706.19
101.202	1767.12
101.237	1767.12
101.267	1767.12
101.302	1828.06
101.337	1889
101.367	1889
101.402	1828.06
101.437	1889
101.467	1889
101.502	1828.06
101.537	1828.06
101.567	1889
101.602	1828.06
101.637	1889
101.667	1889
101.702	1828.06
101.737	1828.06
101.767	1889
101.802	1828.06
101.837	1828.06
101.867	1889
101.902	1828.06
101.937	1828.06
101.967	1889
102.002	1949.93
102.037	1949.93
102.067	2010.87
102.102	2010.87
102.137	1949.93
102.167	2010.87
102.192	2010.87
102.237	2071.8
102.262	2071.8
102.302	2132.74
102.337	2193.67
102.367	2193.67
102.402	2132.74
102.437	2071.8
102.467	2071.8
102.502	2132.74
102.537	2071.8
102.567	2071.8
102.597	2132.74
102.637	2193.67
102.667	2193.67
102.702	2132.74
102.737	2071.8
102.762	2071.8
102.802	2132.74
102.837	2193.67
102.867	2193.67
102.902	2132.74
102.937	2071.8
102.967	2071.8
103.002	2132.74
103.037	2193.67
103.067	2193.67
103.102	2132.74
103.137	2071.8
103.167	2071.8
103.202	2132.74
103.237	2193.67
103.267	2193.67
103.302	2254.61
103.337	2193.67
103.367	2254.61
103.402	2254.61
103.437	2193.67
103.467	2132.74
103.502	2193.67
103.537	2193.67
103.567	2132.74
103.602	2193.67
103.637	2254.61
103.662	2254.61
103.702	2193.67
103.732	2193.67
103.767	2254.61
103.802	2315.54
103.837	2254.61
103.867	2254.61
103.902	2315.54
103.937	2254.61
103.967	2315.54
104.002	2254.61
104.032	2254.61
104.067	2315.54
104.102	2376.48
104.137	2315.54
104.167	2315.54
104.202	2254.61
104.237	2315.54
104.267	2315.54
104.302	2376.48
104.327	2315.54
104.367	2376.48
104.402	2315.54
104.437	2315.54
104.467	2254.61
104.502	2315.54
104.527	2315.54
104.567	2254.61
104.592	2193.67
104.637	2254.61
104.667	2254.61
104.702	2193.67
104.737	2132.74
104.767	2193.67
104.802	2193.67
104.837	2132.74
104.867	2193.67
104.897	2193.67
104.937	2254.61
104.967	2315.54
105.002	2376.48
105.037	2437.41
105.067	2437.41
105.102	2376.48
105.137	2437.41
105.167	2437.41
105.202	2376.48
105.237	2315.54
105.267	2315.54
105.302	2376.48
105.337	2315.54
105.367	2254.61
105.402	2315.54
105.437	2315.54
105.467	2254.61
105.502	2193.67
105.537	2254.61
105.567	2254.61
105.602	2193.67
105.637	2254.61
105.667	2254.61
105.702	2193.67
105.737	2132.74
105.767	2193.67
105.802	2254.61
105.837	2254.61
105.867	2193.67
105.902	2254.61
105.937	2254.61
105.962	2193.67
106.002	2254.61
106.037	2315.54
106.067	2315.54
106.102	2254.61
106.137	2193.67
106.167	2132.74
106.202	2132.74
106.237	2071.8
106.267	2010.87
106.302	2071.8
106.337	2071.8
106.367	2010.87
106.402	1949.93
106.437	1949.93
106.467	2010.87
106.502	2010.87
106.537	1949.93
106.567	2010.87
106.602	2010.87
106.637	1949.93
106.667	1949.93
106.702	2010.87
106.737	1949.93
106.767	1949.93
106.802	2010.87
106.837	1949.93
106.867	1949.93
106.897	2010.87
106.937	2071.8
106.967	2071.8
107.002	2010.87
107.037	2071.8
107.067	2071.8
107.102	2010.87
107.137	2010.87
107.167	1949.93
107.202	2010.87
107.237	2010.87
107.267	1949.93
107.302	2010.87
107.337	2010.87
107.367	1949.93
107.402	2010.87
107.427	2010.87
107.467	1949.93
107.502	2010.87
107.537	2010.87
107.567	1949.93
107.602	1949.93
107.637	1889
107.667	1949.93
107.697	1949.93
107.737	1889
107.767	1949.93
107.802	1949.93
107.837	1889
107.867	1889
107.902	1949.93
107.937	2010.87
107.967	2010.87
108.002	1949.93
108.037	2010.87
108.067	2010.87
108.102	1949.93
108.137	2010.87
108.167	2010.87
108.202	1949.93
108.237	1949.93
108.267	2010.87
108.302	1949.93
108.337	1949.93
108.367	1889
108.402	1949.93
108.437	1949.93
108.467	1889
108.502	1889
108.537	1828.06
108.567	1889
108.602	1889
108.637	1828.06
108.667	1889
108.702	1889
108.737	1828.06
108.767	1889
108.802	1889
108.837	1828.06
108.867	1828.06
108.902	1767.12
108.937	1706.19
108.967	1706.19
109.002	1767.12
109.037	1767.12
109.067	1828.06
109.102	1828.06
109.137	1767.12
109.167	1828.06
109.202	1828.06
109.237	1767.12
109.267	1767.12
109.302	1706.19
109.337	1767.12
109.367	1767.12
109.402	1828.06
109.437	1828.06
109.467	1767.12
109.502	1828.06
109.537	1828.06
109.567	1889
109.602	1889
109.637	1949.93
109.667	1949.93
109.702	1889
109.737	1949.93
109.767	1949.93
109.802	1889
109.837	1949.93
109.867	1949.93
109.902	1889
109.937	1889
109.967	1828.06
110.002	1889
110.037	1889
110.067	1828.06
110.102	1889
110.137	1889
110.167	1828.06
110.202	1889
110.237	1889
110.267	1828.06
110.302	1828.06
110.337	1767.12
110.367	1706.19
110.402	1706.19
110.437	1767.12
110.467	1767.12
110.502	1706.19
110.537	1767.12
110.567	1767.12
110.602	1706.19
110.637	1706.19
110.667	1767.12
110.702	1828.06
110.737	1828.06
110.767	1767.12
110.802	1767.12
110.827	1706.19
110.857	1706.19
110.902	1767.12
110.937	1828.06
110.967	1828.06
110.992	1828.06
111.037	1767.12
111.067	1706.19
111.102	1767.12
111.137	1767.12
111.167	1706.19
111.202	1706.19
111.237	1767.12
111.267	1767.12
111.302	1706.19
111.337	1706.19
111.362	1706.19
111.402	1645.25
111.437	1706.19
111.462	1706.19
111.502	1645.25
111.537	1706.19
111.567	1706.19
111.602	1645.25
111.637	1645.25
111.667	1584.32
111.702	1584.32
111.737	1645.25
111.767	1645.25
111.802	1584.32
111.837	1584.32
111.867	1523.38
111.902	1523.38
111.937	1584.32
111.967	1584.32
112.002	1523.38
112.037	1584.32
112.067	1584.32
112.102	1645.25
112.137	1645.25
112.167	1645.25
112.202	1706.19
112.237	1645.25
112.262	1645.25
112.302	1706.19
112.337	1706.19
112.367	1767.12
112.402	1767.12
112.437	1706.19
112.467	1706.19
112.502	1767.12
112.537	1706.19
112.567	1706.19
112.602	1767.12
112.637	1767.12
112.667	1706.19
112.702	1767.12
112.737	1767.12
112.767	1706.19
112.802	1706.19
112.837	1767.12
112.867	1767.12
112.902	1828.06
112.937	1767.12
112.967	1767.12
113.002	1706.19
113.037	1767.12
113.067	1767.12
113.102	1706.19
113.137	1706.19
113.167	1767.12
113.202	1828.06
113.237	1828.06
113.267	1889
113.302	1889
113.337	1828.06
113.367	1889
113.402	1889
113.437	1949.93
113.467	1949.93
113.502	1889
113.527	1889
113.567	1949.93
113.602	2010.87
113.627	2010.87
113.667	1949.93
113.702	2010.87
113.737	1949.93
113.767	1949.93
113.802	2010.87
113.827	2010.87
113.867	1949.93
113.902	2010.87
113.927	2010.87
113.967	1949.93
114.002	2010.87
114.027	2010.87
114.067	1949.93
114.102	1889
114.137	1889
114.167	1949.93
114.202	1949.93
114.237	1889
114.267	1949.93
114.302	1949.93
114.327	1889
114.367	1949.93
114.402	1949.93
114.437	1889
114.467	1889
114.502	1949.93
114.527	1949.93
114.567	2010.87
114.602	1949.93
114.637	2010.87
114.667	2010.87
114.702	2071.8
114.737	2132.74
114.767	2132.74
114.802	2071.8
114.837	2132.74
114.867	2132.74
114.902	2071.8
114.937	2132.74
114.967	2132.74
115.002	2071.8
115.037	2132.74
115.062	2132.74
115.102	2193.67
115.137	2254.61
115.167	2254.61
115.202	2193.67
115.237	2254.61
115.267	2254.61
115.302	2315.54
115.337	2254.61
115.367	2254.61
115.402	2315.54
115.437	2254.61
115.462	2254.61
115.502	2376.48
115.537	2376.48
115.567	2315.54
115.602	2254.61
115.637	2315.54
115.667	2315.54
115.702	2254.61
115.737	2193.67
115.767	2193.67
115.802	2254.61
115.837	2193.67
115.867	2254.61
115.897	2254.61
115.937	2193.67
115.962	2132.74
116.002	2193.67
116.037	2193.67
116.062	2132.74
116.102	2071.8
116.137	2132.74
116.167	2132.74
116.202	2071.8
116.237	2010.87
116.267	2010.87
116.302	2071.8
116.337	2010.87
116.367	2010.87
116.402	2071.8
116.437	2071.8
116.467	2132.74
116.502	2193.67
116.537	2193.67
116.567	2254.61
116.602	2315.54
116.632	2315.54
116.667	2254.61
116.702	2315.54
116.737	2376.48
116.767	2376.48
116.802	2437.41
116.837	2376.48
116.867	2376.48
116.902	2376.48
116.937	2376.48
116.967	2315.54
117.002	2376.48
117.037	2376.48
117.067	2315.54
117.102	2254.61
117.137	2315.54
117.167	2315.54
117.202	2254.61
117.237	2193.67
117.267	2193.67
117.302	2132.74
117.337	2193.67
117.367	2254.61
117.402	2315.54
117.437	2315.54
117.467	2254.61
117.497	2315.54
117.537	2254.61
117.567	2254.61
117.602	2193.67
117.637	2254.61
117.667	2254.61
117.702	2193.67
117.737	2132.74
117.762	2132.74
117.802	2254.61
117.837	2254.61
117.867	2193.67
117.902	2254.61
117.937	2254.61
117.967	2193.67
118.002	2132.74
118.037	2193.67
118.067	2193.67
118.102	2132.74
118.137	2193.67
118.167	2193.67
118.202	2254.61
118.237	2193.67
118.267	2254.61
118.302	2315.54
118.337	2315.54
118.367	2254.61
118.402	2315.54
118.437	2254.61
118.467	2254.61
118.502	2193.67
118.537	2254.61
118.567	2254.61
118.602	2193.67
118.637	2132.74
118.667	2193.67
118.702	2193.67
118.737	2132.74
118.762	2132.74
118.802	2132.74
118.837	2132.74
118.867	2071.8
118.902	2132.74
118.937	2132.74
118.967	2193.67
119.002	2132.74
119.037	2193.67
119.067	2193.67
119.102	2132.74
119.137	2193.67
119.167	2193.67
119.202	2132.74
119.237	2071.8
119.267	2071.8
119.302	2132.74
119.337	2071.8
119.367	2132.74
119.402	2132.74
119.437	2071.8
119.467	2132.74
119.502	2071.8
119.537	2071.8
119.567	2132.74
119.602	2193.67
119.637	2193.67
119.667	2132.74
119.702	2193.67
119.737	2193.67
119.767	2132.74
119.802	2071.8
119.837	2132.74
119.867	2132.74
119.902	2071.8
119.937	2132.74
119.967	2132.74
120.002	2071.8
120.027	2071.8
120.067	2132.74
120.102	2193.67
120.137	2132.74
120.167	2193.67
120.202	2132.74
120.237	2132.74
120.267	2071.8
120.302	2132.74
120.337	2132.74
120.362	2071.8
120.402	2132.74
120.437	2071.8
120.467	2071.8
120.502	2010.87
120.537	2071.8
120.567	2071.8
120.602	2010.87
120.637	2071.8
120.667	2071.8
120.702	2132.74
120.737	2132.74
120.767	2071.8
120.802	2132.74
120.837	2132.74
120.867	2071.8
120.902	2010.87
120.937	2071.8
120.967	2071.8
121.002	2010.87
121.037	1949.93
121.067	1949.93
121.092	1949.93
121.137	1949.93
121.167	1949.93
121.202	2010.87
121.237	2010.87
121.267	2071.8
121.302	2132.74
121.337	2132.74
121.367	2071.8
121.402	2132.74
121.437	2132.74
121.467	2071.8
121.502	2010.87
121.537	2071.8
121.567	2071.8
121.602	2010.87
121.637	1949.93
121.662	1949.93
121.702	2010.87
121.737	2010.87
121.767	1949.93
121.802	2010.87
121.837	2010.87
121.867	1949.93
121.902	2010.87
121.937	2010.87
121.967	2071.8
122.002	2132.74
122.037	2132.74
122.067	2193.67
122.102	2254.61
122.137	2254.61
122.167	2193.67
122.202	2254.61
122.237	2254.61
122.267	2193.67
122.302	2132.74
122.337	2193.67
122.367	2193.67
122.402	2132.74
122.437	2071.8
122.467	2071.8
122.502	2132.74
122.537	2071.8
122.567	2071.8
122.602	2132.74
122.637	2071.8
122.667	2071.8
122.702	2132.74
122.737	2071.8
122.767	2071.8
122.802	2010.87
122.837	1949.93
122.867	1949.93
122.902	2010.87
122.937	1949.93
122.967	1949.93
123.002	2010.87
123.037	1949.93
123.067	1949.93
123.102	1889
123.137	1949.93
123.167	1949.93
123.202	1889
123.237	1949.93
123.267	1949.93
123.302	2010.87
123.337	2010.87
123.367	1949.93
123.402	2010.87
123.437	2010.87
123.467	2071.8
123.502	2132.74
123.537	2132.74
123.567	2071.8
123.602	2132.74
123.627	2132.74
123.667	2071.8
123.702	2132.74
123.737	2193.67
123.767	2193.67
123.802	2254.61
123.837	2315.54
123.867	2315.54
123.902	2254.61
123.937	2193.67
123.967	2254.61
124.002	2193.67
124.037	2193.67
124.067	2132.74
124.102	2193.67
124.137	2193.67
124.167	2132.74
124.202	2071.8
124.237	2132.74
124.267	2132.74
124.302	2071.8
124.337	2132.74
124.367	2132.74
124.402	2071.8
124.437	2010.87
124.467	2010.87
124.502	2071.8
124.537	2010.87
124.567	2010.87
124.602	1949.93
124.637	2010.87
124.667	2010.87
124.702	1949.93
124.737	2010.87
124.767	2010.87
124.802	1949.93
124.837	2010.87
124.867	2010.87
124.892	2010.87
124.937	1889
124.962	1889
125.002	1949.93
125.037	1949.93
125.067	1889
125.102	1949.93
125.137	1949.93
125.167	1889
125.202	1949.93
125.237	1949.93
125.267	2010.87
125.302	1949.93
125.337	1949.93
125.367	2010.87
125.402	2010.87
125.437	1949.93
125.467	2010.87
125.502	2010.87
125.537	1949.93
125.567	1949.93
125.602	2010.87
125.637	1949.93
125.667	1949.93
125.702	1889
125.737	1828.06
125.767	1828.06
125.802	1767.12
125.837	1828.06
125.867	1828.06
125.902	1767.12
125.937	1828.06
125.967	1828.06
126.002	1889
126.037	1828.06
126.067	1828.06
126.102	1889
126.137	1889
126.167	1828.06
126.202	1889
126.237	1889
126.267	1828.06
126.292	1828.06
126.337	1767.12
126.367	1828.06
126.402	1828.06
126.437	1767.12
126.467	1767.12
126.502	1828.06
126.537	1767.12
126.567	1767.12
126.602	1828.06
126.637	1767.12
126.667	1767.12
126.702	1828.06
126.737	1889
126.767	1889
126.802	1828.06
126.837	1889
126.867	1889
126.902	1828.06
126.937	1889
126.967	1889
127.002	1949.93
127.037	1949.93
127.067	1889
127.102	1949.93
127.137	1949.93
127.167	1889
127.202	1949.93
127.237	1949.93
127.267	1889
127.302	1949.93
127.337	1949.93
127.362	1949.93
127.402	1889
127.437	1828.06
127.467	1889
127.502	1889
127.537	1828.06
127.567	1828.06
127.602	1889
127.637	1949.93
127.667	1949.93
127.692	1889
127.737	1949.93
127.767	1949.93
127.802	1889
127.827	1889
127.867	1949.93
127.902	1889
127.937	1949.93
127.967	1949.93
128.002	1889
128.037	1828.06
128.067	1828.06
128.102	1889
128.137	1889
128.167	1828.06
128.202	1889
128.237	1889
128.267	1828.06
128.302	1889
128.337	1889
128.367	1828.06
128.402	1828.06
128.437	1767.12
128.467	1828.06
128.492	1828.06
128.537	1767.12
128.567	1767.12
128.602	1828.06
128.637	1767.12
128.667	1767.12
128.702	1828.06
128.737	1767.12
128.767	1767.12
128.802	1706.19
128.827	1706.19
128.867	1767.12
128.902	1706.19
128.937	1706.19
128.967	1767.12
129.002	1828.06
129.037	1828.06
129.067	1767.12
129.102	1706.19
129.137	1706.19
129.167	1706.19
129.202	1767.12
129.237	1706.19
129.267	1706.19
129.302	1645.25
129.337	1645.25
129.367	1706.19
129.402	1645.25
129.437	1645.25
129.467	1645.25
129.502	1706.19
129.537	1645.25
129.567	1645.25
129.602	1706.19
129.637	1706.19
129.667	1767.12
129.702	1767.12
129.737	1706.19
129.767	1706.19
129.802	1645.25
129.837	1706.19
129.867	1706.19
129.902	1645.25
129.937	1645.25
129.967	1584.32
130.002	1584.32
130.037	1523.38
130.067	1523.38
130.102	1584.32
130.137	1584.32
130.167	1523.38
130.202	1523.38
130.237	1584.32
130.267	1584.32
130.302	1523.38
130.337	1584.32
130.367	1584.32
130.402	1523.38
130.437	1523.38
130.467	1523.38
130.502	1523.38
130.537	1584.32
130.567	1584.32
130.602	1523.38
130.637	1523.38
130.667	1523.38
130.702	1523.38
130.737	1584.32
130.767	1584.32
130.802	1523.38
130.837	1523.38
130.867	1523.38
130.902	1523.38
130.937	1523.38
130.967	1523.38
131.002	1584.32
131.037	1645.25
131.067	1645.25
131.102	1706.19
131.137	1706.19
131.167	1645.25
131.202	1645.25
131.237	1706.19
131.267	1706.19
131.302	1767.12
131.337	1767.12
131.367	1706.19
131.402	1645.25
131.437	1645.25
131.467	1706.19
131.492	1706.19
131.537	1767.12
131.567	1767.12
131.602	1706.19
131.637	1767.12
131.667	1767.12
131.702	1706.19
131.737	1706.19
131.767	1767.12
131.802	1828.06
131.837	1828.06
131.867	1828.06
131.902	1889
131.937	1949.93
131.967	1949.93
132.002	1889
132.037	1949.93
132.067	1949.93
132.102	1889
132.127	1889
132.167	1828.06
132.202	1889
132.237	1828.06
132.267	1828.06
132.302	1767.12
132.337	1706.19
132.367	1706.19
132.402	1767.12
132.437	1767.12
132.467	1706.19
132.502	1706.19
132.537	1767.12
132.567	1767.12
132.602	1828.06
132.637	1767.12
132.667	1767.12
132.702	1828.06
132.737	1828.06
132.767	1767.12
132.802	1767.12
132.837	1706.19
132.867	1767.12
132.902	1767.12
132.937	1706.19
132.967	1706.19
133.002	1767.12
133.037	1706.19
133.067	1706.19
133.102	1645.25
133.137	1645.25
133.167	1584.32
133.202	1584.32
133.237	1645.25
133.267	1645.25
133.302	1706.19
133.337	1645.25
133.367	1645.25
133.402	1706.19
133.437	1706.19
133.467	1706.19
133.502	1645.25
133.537	1584.32
133.567	1584.32
133.602	1645.25
133.637	1645.25
133.667	1706.19
133.702	1706.19
133.737	1645.25
133.767	1645.25
133.802	1584.32
133.837	1584.32
133.867	1645.25
133.892	1645.25
133.937	1584.32
133.967	1584.32
134.002	1523.38
134.037	1584.32
134.067	1584.32
134.102	1523.38
134.137	1523.38
134.167	1584.32
134.202	1584.32
134.237	1645.25
134.267	1645.25
134.302	1584.32
134.337	1584.32
134.367	1645.25
134.402	1584.32
134.437	1584.32
134.467	1584.32
134.502	1645.25
134.537	1706.19
134.567	1706.19
134.602	1645.25
134.637	1645.25
134.667	1584.32
134.702	1584.32
134.737	1523.38
134.767	1523.38
134.802	1584.32
134.837	1584.32
134.867	1523.38
134.902	1523.38
134.937	1584.32
134.967	1584.32
135.002	1523.38
135.037	1584.32
135.067	1584.32
135.102	1523.38
135.137	1523.38
135.167	1523.38
135.202	1584.32
135.237	1645.25
135.267	1645.25
135.302	1584.32
135.337	1584.32
135.367	1645.25
135.402	1645.25
135.437	1584.32
135.467	1584.32
135.502	1645.25
135.537	1584.32
135.567	1584.32
135.602	1584.32
135.637	1645.25
135.667	1645.25
135.702	1706.19
135.737	1767.12
135.767	1767.12
135.802	1706.19
135.837	1706.19
135.867	1767.12
135.902	1767.12
135.937	1828.06
135.967	1828.06
136.002	1889
136.037	1828.06
136.067	1828.06
136.102	1889
136.137	1828.06
136.167	1828.06
136.202	1767.12
136.237	1706.19
136.267	1706.19
136.302	1645.25
136.337	1645.25
136.367	1706.19
136.402	1645.25
136.437	1645.25
136.467	1645.25
136.502	1706.19
136.537	1767.12
136.567	1767.12
136.602	1706.19
136.637	1706.19
136.667	1706.19
136.702	1645.25
136.737	1584.32
136.767	1584.32
136.802	1645.25
136.837	1645.25
136.867	1584.32
136.902	1584.32
136.937	1523.38
136.967	1523.38
137.002	1584.32
137.037	1523.38
137.067	1523.38
137.102	1584.32
137.137	1584.32
137.167	1584.32
137.202	1645.25
137.237	1584.32
137.267	1584.32
137.302	1523.38
137.337	1523.38
137.362	1523.38
137.402	1523.38
137.437	1584.32
137.467	1584.32
137.502	1523.38
137.537	1523.38
137.567	1584.32
137.602	1645.25
137.637	1645.25
137.667	1645.25
137.702	1706.19
137.737	1645.25
137.767	1645.25
137.802	1706.19
137.837	1706.19
137.867	1767.12
137.902	1767.12
137.937	1706.19
137.967	1706.19
138.002	1767.12
138.037	1828.06
138.067	1828.06
138.097	1828.06
138.137	1767.12
138.167	1828.06
138.202	1767.12
138.237	1767.12
138.267	1767.12
138.302	1706.19
138.337	1767.12
138.367	1767.12
138.402	1706.19
138.437	1706.19
138.467	1645.25
138.502	1645.25
138.537	1706.19
138.562	1706.19
138.602	1767.12
138.637	1706.19
138.667	1706.19
138.702	1767.12
138.737	1767.12
138.767	1767.12
138.802	1706.19
138.837	1645.25
138.867	1645.25
138.902	1584.32
138.937	1584.32
138.967	1523.38
139.002	1523.38
139.037	1584.32
139.067	1584.32
139.102	1645.25
139.137	1584.32
139.167	1584.32
139.192	1584.32
139.237	1645.25
139.267	1645.25
139.302	1706.19
139.337	1645.25
139.367	1645.25
139.402	1706.19
139.437	1706.19
139.467	1767.12
139.502	1767.12
139.537	1706.19
139.567	1706.19
139.602	1767.12
139.637	1767.12
139.667	1706.19
139.702	1767.12
139.737	1767.12
139.767	1706.19
139.802	1706.19
139.837	1767.12
139.867	1767.12
139.902	1828.06
139.937	1828.06
139.967	1767.12
140.002	1706.19
140.037	1706.19
140.067	1645.25
140.092	1645.25
140.137	1706.19
140.167	1706.19
140.202	1645.25
140.237	1645.25
140.267	1706.19
140.302	1706.19
140.337	1767.12
140.367	1767.12
140.402	1706.19
140.437	1645.25
140.467	1645.25
140.502	1706.19
140.537	1706.19
140.567	1767.12
140.602	1767.12
140.637	1706.19
140.667	1706.19
140.702	1767.12
140.737	1706.19
140.767	1706.19
140.802	1645.25
140.837	1645.25
140.867	1706.19
140.902	1767.12
140.937	1767.12
140.967	1767.12
141.002	1706.19
141.037	1767.12
141.067	1767.12
141.102	1706.19
141.137	1767.12
141.167	1767.12
141.202	1706.19
141.237	1706.19
141.267	1645.25
141.302	1645.25
141.337	1706.19
141.362	1706.19
141.392	1645.25
141.437	1584.32
141.467	1584.32
141.502	1645.25
141.537	1645.25
141.567	1584.32
141.602	1584.32
141.637	1645.25
141.667	1645.25
141.697	1706.19
141.737	1706.19
141.767	1767.12
141.802	1767.12
141.837	1706.19
141.867	1706.19
141.902	1645.25
141.937	1706.19
141.967	1706.19
142.002	1645.25
142.037	1645.25
142.067	1584.32
142.102	1584.32
142.137	1645.25
142.162	1645.25
142.202	1584.32
142.237	1584.32
142.267	1523.38
142.302	1523.38
142.337	1584.32
142.367	1584.32
142.402	1645.25
142.437	1584.32
142.467	1584.32
142.502	1523.38
142.537	1523.38
142.567	1523.38
142.602	1584.32
142.637	1523.38
142.667	1523.38
142.702	1584.32
142.737	1584.32
142.767	1645.25
142.802	1645.25
142.837	1584.32
142.867	1584.32
142.902	1645.25
142.937	1584.32
142.967	1584.32
143.002	1645.25
143.037	1645.25
143.067	1645.25
143.102	1706.19
143.137	1645.25
143.167	1645.25
143.202	1584.32
143.237	1584.32
143.267	1645.25
143.302	1645.25
143.337	1706.19
143.367	1706.19
143.402	1645.25
143.437	1645.25
143.467	1706.19
143.502	1767.12
143.537	1767.12
143.567	1767.12
143.602	1828.06
143.637	1767.12
143.667	1767.12
143.702	1828.06
143.737	1889
143.762	1889
143.802	1949.93
143.837	2010.87
143.867	2010.87
143.902	2071.8
143.937	2071.8
143.967	2010.87
144.002	2071.8
144.037	2071.8
144.067	2132.74
144.102	2193.67
144.137	2193.67
144.167	2132.74
144.202	2193.67
144.237	2254.61
144.267	2254.61
144.302	2193.67
144.337	2254.61
144.367	2254.61
144.402	2193.67
144.437	2132.74
144.467	2193.67
144.502	2193.67
144.537	2132.74
144.567	2071.8
144.602	2132.74
144.637	2132.74
144.667	2071.8
144.702	2010.87
144.737	2010.87
144.767	1949.93
144.802	1889
144.837	1889
144.867	1949.93
144.902	2010.87
144.937	2010.87
144.967	2071.8
145.002	2071.8
145.037	2010.87
145.062	2010.87
145.102	2071.8
145.137	2010.87
145.167	2010.87
145.202	1949.93
145.237	1889
145.267	1889
145.302	1949.93
145.337	1889
145.367	1889
145.402	1828.06
145.437	1889
145.467	1889
145.502	1828.06
145.537	1889
145.567	1889
145.592	1889
145.637	1889
145.667	1889
145.702	1828.06
145.737	1828.06
145.767	1889
145.802	1949.93
145.837	1949.93
145.867	1889
145.892	1889
145.937	1949.93
145.967	1889
146.002	1949.93
146.037	1949.93
146.067	1889
146.102	1889
146.137	1828.06
146.167	1889
146.202	1889
146.237	1828.06
146.267	1828.06
146.302	1767.12
146.337	1828.06
146.367	1828.06
146.402	1767.12
146.437	1828.06
146.467	1828.06
146.502	1767.12
146.537	1767.12
146.567	1828.06
146.602	1889
146.637	1889
146.667	1949.93
146.702	1949.93
146.737	1889
146.767	1889
146.802	1949.93
146.837	1889
146.867	1889
146.902	1949.93
146.937	2010.87
146.967	2010.87
147.002	1949.93
147.037	2010.87
147.062	2010.87
147.102	1949.93
147.137	2010.87
147.167	2010.87
147.202	1949.93
147.237	2010.87
147.267	2010.87
147.302	1949.93
147.337	1949.93
147.367	1889
147.402	1949.93
147.437	1949.93
147.462	1889
147.492	1889
147.537	1949.93
147.567	1889
147.602	1949.93
147.637	1949.93
147.667	2010.87
147.702	2010.87
147.737	1949.93
147.767	2010.87
147.802	2010.87
147.837	1949.93
147.867	1949.93
147.902	2010.87
147.937	1949.93
147.967	1949.93
148.002	2010.87
148.037	1949.93
148.067	1949.93
148.097	1889
148.137	1949.93
148.167	1949.93
148.202	1889
148.237	1949.93
148.267	1949.93
148.302	1889
148.337	1949.93
148.367	1949.93
148.402	1889
148.437	1889
148.467	1828.06
148.502	1889
148.537	1889
148.562	1828.06
148.602	1889
148.637	1889
148.667	1828.06
148.702	1889
148.737	1889
148.767	1949.93
148.802	1949.93
148.837	1889
148.867	1949.93
148.902	1949.93
148.937	1889
148.967	1889
148.992	1949.93
149.027	1949.93
149.067	2010.87
149.102	1949.93
149.137	2010.87
149.167	2010.87
149.202	2071.8
149.237	2132.74
149.267	2132.74
149.297	2071.8
149.327	2071.8
149.367	2132.74
149.402	2071.8
149.437	2132.74
149.467	2132.74
149.502	2071.8
149.537	2132.74
149.567	2132.74
149.602	2071.8
149.637	2132.74
149.667	2132.74
149.702	2071.8
149.737	2071.8
149.767	2010.87
149.802	2071.8
149.837	2071.8
149.867	2010.87
149.902	2071.8
149.937	2071.8
149.967	2010.87
150.002	2071.8
150.037	2071.8
150.067	2010.87
150.097	2010.87
150.137	1949.93
150.167	2010.87
150.202	2010.87
150.237	1949.93
150.267	1949.93
150.302	2010.87
150.337	1949.93
150.367	1949.93
150.402	2010.87
150.437	1949.93
150.467	1949.93
150.502	1889
150.537	1949.93
150.567	1949.93
150.602	1889
150.627	1889
150.667	1949.93
150.702	1889
150.737	1949.93
150.767	1949.93
150.802	2010.87
150.837	1949.93
150.867	1949.93
150.902	1889
150.937	1889
150.967	1949.93
151.002	1889
151.037	1889
151.067	1828.06
151.102	1828.06
151.137	1889
151.167	1889
151.202	1949.93
151.237	1889
151.267	1889
151.302	1949.93
151.337	1889
151.367	1889
151.402	1949.93
151.437	1889
151.467	1889
151.502	1828.06
151.537	1889
151.567	1889
151.592	1828.06
151.637	1889
151.667	1889
151.702	1828.06
151.737	1889
151.767	1889
151.802	1828.06
151.837	1828.06
151.867	1889
151.902	1828.06
151.937	1828.06
151.967	1889
152.002	1949.93
152.037	1949.93
152.067	1889
152.102	1949.93
152.137	1949.93
152.167	2010.87
152.202	2010.87
152.237	1949.93
152.267	2010.87
152.302	2010.87
152.337	1949.93
152.367	1949.93
152.402	2010.87
152.437	1949.93
152.467	1949.93
152.502	2010.87
152.537	1949.93
152.567	1949.93
152.602	2010.87
152.637	2071.8
152.662	2071.8
152.702	2132.74
152.737	2193.67
152.767	2193.67
152.802	2132.74
152.837	2193.67
152.867	2193.67
152.902	2132.74
152.937	2071.8
152.967	2132.74
153.002	2132.74
153.037	2071.8
153.067	2132.74
153.102	2071.8
153.137	2071.8
153.167	2010.87
153.202	2071.8
153.237	2071.8
153.267	2010.87
153.302	2071.8
153.337	2071.8
153.367	2010.87
153.402	2010.87
153.437	1949.93
153.467	2010.87
153.492	2010.87
153.537	1949.93
153.567	1949.93
153.602	2010.87
153.637	1949.93
153.667	1949.93
153.702	2010.87
153.737	1949.93
153.767	1949.93
153.802	2010.87
153.837	2071.8
153.867	2071.8
153.902	2010.87
153.937	2071.8
153.967	2071.8
154.002	2010.87
154.037	2071.8
154.067	2071.8
154.097	2010.87
154.122	2010.87
154.147	2071.8
154.172	2071.8
154.202	2132.74
154.237	2132.74
154.267	2071.8
154.302	2132.74
154.327	2132.74
154.367	2071.8
154.402	2132.74
154.437	2193.67
154.467	2193.67
154.502	2254.61
154.537	2315.54
154.567	2315.54
154.597	2254.61
154.637	2315.54
154.667	2376.48
154.702	2376.48
154.737	2315.54
154.767	2254.61
154.802	2315.54
154.837	2315.54
154.867	2254.61
154.902	2193.67
154.937	2254.61
154.967	2254.61
155.002	2193.67
155.037	2254.61
155.067	2254.61
155.102	2315.54
155.137	2254.61
155.167	2315.54
155.202	2376.48
155.237	2376.48
155.267	2315.54
155.302	2376.48
155.337	2376.48
155.362	2315.54
155.402	2376.48
155.437	2437.41
155.467	2437.41
155.502	2376.48
155.537	2315.54
155.567	2376.48
155.602	2376.48
155.637	2315.54
155.667	2376.48
155.702	2437.41
155.737	2437.41
155.767	2376.48
155.797	2376.48
155.837	2498.35
155.867	2498.35
155.902	2437.41
155.937	2498.35
155.967	2437.41
156.002	2376.48
156.037	2376.48
156.067	2315.54
156.102	2376.48
156.137	2315.54
156.167	2315.54
156.202	2254.61
156.237	2315.54
156.267	2315.54
156.302	2254.61
156.337	2193.67
156.367	2254.61
156.402	2254.61
156.437	2193.67
156.467	2132.74
156.502	2193.67
156.537	2193.67
156.567	2132.74
156.602	2071.8
156.637	2132.74
156.667	2132.74
156.702	2071.8
156.737	2132.74
156.767	2132.74
156.802	2071.8
156.837	2010.87
156.867	2010.87
156.902	2071.8
156.937	2010.87
156.967	2010.87
157.002	1949.93
157.037	2010.87
157.067	2010.87
157.102	1949.93
157.137	2010.87
157.167	2010.87
157.202	1949.93
157.237	2010.87
157.267	2010.87
157.302	1949.93
157.337	2010.87
157.367	2010.87
157.402	1949.93
157.437	1949.93
157.467	1889
157.502	1949.93
157.537	1949.93
157.567	1889
157.602	1949.93
157.637	1949.93
157.667	2010.87
157.702	2071.8
157.737	2071.8
157.767	2132.74
157.802	2132.74
157.837	2193.67
157.867	2132.74
157.902	2193.67
157.937	2193.67
157.967	2132.74
158.002	2071.8
158.032	2071.8
158.067	2010.87
158.102	2071.8
158.137	2132.74
158.167	2132.74
158.202	2193.67
158.237	2254.61
158.267	2254.61
158.302	2193.67
158.337	2193.67
158.367	2193.67
158.402	2193.67
158.437	2193.67
158.467	2193.67
158.502	2193.67
158.537	2193.67
158.567	2193.67
158.602	2193.67
158.637	2193.67
158.667	2193.67
158.702	2193.67
158.727	2193.67
158.767	2193.67
158.802	2193.67
158.837	2193.67
158.867	2193.67
158.902	2193.67
158.937	2193.67
158.967	2193.67
159.002	2193.67
159.037	2193.67
159.067	2193.67
159.102	2193.67
159.137	2193.67
159.167	2193.67
159.197	2193.67
159.237	2193.67
159.262	2193.67
159.302	2193.67
159.337	2193.67
159.367	2193.67
159.402	2193.67
159.437	2193.67
159.467	2193.67
159.502	2193.67
159.527	2193.67
159.567	2193.67
159.602	2193.67
159.637	2193.67
159.667	2193.67
159.702	2193.67
159.737	2193.67
159.767	2193.67
159.802	2193.67
159.837	2193.67
159.867	2193.67
159.902	2193.67
159.937	2193.67
159.967	2193.67
160.002	2193.67
160.027	2193.67
160.067	2193.67
160.102	2193.67
160.137	2193.67
160.167	2193.67
160.202	2193.67
160.237	2193.67
160.267	2193.67
160.302	2193.67
160.337	2193.67
160.367	2193.67
160.402	2193.67
160.437	2193.67
160.467	2193.67
160.502	2193.67
160.537	2193.67
160.567	2193.67
160.602	2193.67
160.637	2193.67
160.667	2193.67
160.702	2193.67
160.737	2193.67
160.767	2193.67
160.802	2193.67
160.837	2193.67
160.867	2193.67
160.902	2193.67
160.937	2193.67
160.967	2193.67
161.002	2193.67
161.037	2193.67
161.067	2193.67
161.102	2193.67
161.137	2193.67
161.167	2193.67
161.202	2193.67
161.237	2193.67
161.267	2193.67
161.302	2193.67
161.337	2193.67
161.367	2193.67
161.402	2193.67
161.437	2193.67
161.467	2193.67
161.502	2193.67
161.537	2193.67
161.567	2193.67
161.602	2193.67
161.637	2193.67
161.667	2193.67
161.702	2193.67
161.737	2193.67
161.767	2193.67
161.802	2193.67
161.837	2193.67
161.867	2193.67
161.902	2193.67
161.937	2193.67
161.967	2193.67
162.002	2193.67
162.037	2193.67
162.067	2193.67
162.102	2193.67
162.137	2193.67
162.167	2193.67
162.202	2193.67
162.237	2193.67
162.267	2193.67
162.302	2193.67
162.337	2193.67
162.367	2193.67
162.402	2193.67
162.437	2193.67
162.467	2193.67
162.502	2193.67
162.527	2193.67
162.567	2193.67
162.602	2193.67
162.637	2193.67
162.667	2193.67
162.702	2193.67
162.737	2193.67
162.767	2193.67
162.802	2193.67
162.837	2193.67
162.867	2193.67
162.902	2193.67
162.937	2193.67
162.967	2193.67
163.002	2193.67
163.037	2193.67
163.067	2193.67
163.102	2193.67
163.137	2193.67
163.167	2193.67
163.202	2193.67
163.237	2193.67
163.267	2193.67
163.302	2193.67
163.337	2193.67
163.367	2193.67
163.402	2193.67
163.437	2193.67
163.467	2193.67
163.502	2193.67
163.537	2193.67
163.567	2193.67
163.592	2193.67
163.637	2193.67
163.667	2193.67
163.702	2193.67
163.737	2193.67
163.767	2193.67
163.802	2193.67
163.837	2193.67
163.867	2193.67
163.902	2193.67
163.937	2193.67
163.967	2193.67
164.002	2193.67
164.037	2193.67
164.067	2193.67
164.102	2193.67
164.137	2193.67
164.167	2193.67
164.202	2193.67
164.237	2193.67
164.267	2193.67
164.302	2193.67
164.337	2193.67
164.367	2193.67
164.402	2193.67
164.437	2193.67
164.467	2193.67
164.502	2193.67
164.537	2193.67
164.567	2193.67
164.602	2193.67
164.637	2193.67
164.667	2193.67
164.702	2193.67
164.737	2193.67
164.767	2193.67
164.802	2193.67
164.837	2193.67
164.867	2193.67
164.902	2193.67
164.937	2193.67
164.967	2193.67
165.002	2193.67
165.037	2193.67
165.067	2193.67
165.102	2193.67
165.137	2193.67
165.167	2193.67
165.202	2193.67
165.237	2193.67
165.267	2193.67
165.302	2193.67
165.337	2193.67
165.367	2193.67
165.402	2193.67
165.437	2193.67
165.467	2193.67
165.502	2193.67
165.537	2193.67
165.567	2193.67
165.602	2193.67
165.637	2193.67
165.667	2193.67
165.692	2193.67
165.737	2193.67
165.767	2193.67
165.802	2193.67
165.837	2193.67
165.867	2193.67
165.902	2193.67
165.937	2193.67
165.967	2193.67
166.002	2193.67
166.037	2193.67
166.067	2193.67
166.102	2193.67
166.137	2193.67
166.167	2193.67
166.202	2193.67
166.237	2193.67
166.267	2193.67
166.302	2193.67
166.337	2193.67
166.367	2193.67
166.402	2193.67
166.437	2193.67
166.467	2193.67
166.502	2193.67
166.537	2193.67
166.567	2193.67
166.602	2193.67
166.627	2193.67
166.667	2193.67
166.702	2193.67
166.737	2193.67
166.767	2193.67
166.802	2193.67
166.837	2193.67
166.867	2193.67
166.902	2193.67
166.937	2193.67
166.967	2193.67
166.997	2193.67
167.037	2193.67
167.062	2193.67
167.102	2193.67
167.137	2193.67
167.167	2193.67
167.202	2193.67
167.232	2193.67
167.267	2193.67
167.302	2193.67
167.337	2193.67
167.367	2193.67
167.402	2193.67
167.437	2193.67
167.467	2193.67
167.502	2193.67
167.537	2193.67
167.567	2193.67
167.602	2193.67
167.637	2193.67
167.667	2193.67
167.702	2193.67
167.737	2193.67
167.767	2193.67
167.802	2193.67
167.837	2193.67
167.867	2193.67
167.902	2193.67
167.937	2193.67
167.967	2193.67
168.002	2193.67
168.037	2193.67
168.067	2193.67
168.102	2193.67
168.137	2193.67
168.167	2193.67
168.202	2193.67
168.237	2193.67
168.267	2193.67
168.302	2193.67
168.337	2193.67
168.367	2193.67
168.402	2193.67
168.427	2193.67
168.467	2193.67
168.502	2193.67
168.537	2193.67
168.567	2193.67
168.602	2193.67
168.637	2193.67
168.667	2193.67
168.702	2193.67
168.737	2193.67
168.762	2193.67
168.802	2193.67
168.837	2193.67
168.867	2193.67
168.902	2193.67
168.937	2193.67
168.967	2193.67
169.002	2193.67
169.037	2193.67
169.067	2193.67
169.102	2193.67
169.137	2193.67
169.167	2193.67
169.202	2193.67
169.237	2193.67
169.267	2193.67
169.302	2193.67
169.337	2193.67
169.367	2193.67
169.402	2193.67
169.437	2193.67
169.467	2193.67
169.497	2193.67
169.537	2193.67
169.567	2193.67
169.597	2193.67
169.637	2193.67
169.667	2193.67
169.702	2193.67
169.737	2193.67
169.767	2193.67
169.802	2193.67
169.837	2193.67
169.867	2193.67
169.902	2193.67
169.937	2193.67
169.967	2193.67
170.002	2193.67
170.037	2193.67
170.067	2193.67
170.102	2193.67
170.137	2193.67
170.167	2193.67
170.202	2193.67
170.237	2193.67
170.267	2193.67
170.302	2193.67
170.337	2193.67
170.367	2193.67
170.402	2193.67
170.437	2193.67
170.467	2193.67
170.502	2193.67
170.537	2193.67
170.567	2193.67
170.597	2193.67
170.637	2193.67
170.667	2193.67
170.702	2193.67
170.737	2193.67
170.767	2193.67
170.802	2193.67
170.837	2193.67
170.867	2193.67
170.902	2193.67
170.927	2193.67
170.967	2193.67
171.002	2193.67
171.037	2193.67
171.067	2193.67
171.102	2193.67
171.137	2193.67
171.167	2193.67
171.202	2193.67
171.237	2193.67
171.267	2193.67
171.302	2193.67
171.337	2193.67
171.367	2193.67
171.402	2193.67
171.437	2193.67
171.467	2193.67
171.502	2193.67
171.537	2193.67
171.567	2193.67
171.602	2193.67
171.637	2193.67
171.667	2193.67
171.702	2193.67
171.732	2193.67
171.767	2193.67
171.802	2193.67
171.837	2193.67
171.867	2193.67
171.902	2193.67
171.937	2193.67
171.967	2193.67
172.002	2193.67
172.037	2193.67
172.067	2193.67
172.102	2193.67
172.137	2193.67
172.167	2193.67
172.202	2193.67
172.237	2193.67
172.267	2193.67
172.302	2193.67
172.337	2193.67
172.367	2193.67
172.402	2193.67
172.437	2193.67
172.467	2193.67
172.502	2193.67
172.537	2193.67
172.567	2193.67
172.592	2193.67
172.637	2193.67
172.667	2193.67
172.702	2193.67
172.737	2193.67
172.767	2193.67
172.802	2193.67
172.837	2193.67
172.867	2193.67
172.902	2193.67
172.927	2193.67
172.967	2193.67
173.002	2193.67
173.037	2193.67
173.062	2193.67
173.102	2193.67
173.137	2193.67
173.167	2193.67
173.202	2193.67
173.237	2193.67
173.267	2193.67
173.302	2193.67
173.337	2193.67
173.362	2193.67
173.402	2193.67
173.437	2193.67
173.467	2193.67
173.502	2193.67
173.537	2193.67
173.567	2193.67
173.602	2193.67
173.637	2193.67
173.667	2193.67
173.702	2193.67
173.737	2193.67
173.767	2193.67
173.802	2193.67
173.837	2193.67
173.867	2193.67
173.902	2193.67
173.937	2193.67
173.967	2193.67
174.002	2193.67
174.032	2193.67
174.067	2193.67
174.102	2193.67
174.137	2193.67
174.167	2193.67
174.202	2193.67
174.237	2193.67
174.267	2193.67
174.302	2193.67
174.337	2193.67
174.367	2193.67
174.402	2193.67
174.437	2193.67
174.467	2193.67
174.502	2193.67
174.537	2193.67
174.567	2193.67
174.597	2193.67
174.637	2193.67
174.667	2193.67
174.702	2193.67
174.737	2193.67
174.767	2193.67
174.802	2193.67
174.837	2193.67
174.867	2193.67
174.902	2193.67
174.937	2193.67
174.967	2193.67
175.002	2193.67
175.037	2193.67
175.067	2193.67
175.102	2193.67
175.137	2193.67
175.167	2193.67
175.192	2193.67
175.237	2193.67
175.267	2193.67
175.302	2193.67
175.337	2193.67
175.367	2193.67
175.402	2193.67
175.437	2193.67
175.467	2193.67
175.502	2193.67
175.537	2193.67
175.567	2193.67
175.602	2193.67
175.637	2193.67
175.667	2193.67
175.697	2193.67
175.737	2193.67
175.767	2193.67
175.802	2193.67
175.837	2193.67
175.862	2193.67
175.902	2193.67
175.937	2193.67
175.967	2193.67
176.002	2193.67
176.037	2193.67
176.067	2193.67
176.102	2193.67
176.137	2193.67
176.167	2193.67
176.202	2193.67
176.237	2193.67
176.267	2193.67
176.302	2193.67
176.337	2193.67
176.367	2193.67
176.402	2193.67
176.437	2193.67
176.467	2193.67
176.502	2193.67
176.537	2193.67
176.567	2193.67
176.597	2193.67
176.637	2193.67
176.667	2193.67
176.702	2193.67
176.737	2193.67
176.767	2193.67
176.802	2193.67
176.837	2193.67
176.867	2193.67
176.902	2193.67
176.937	2193.67
176.967	2193.67
177.002	2193.67
177.037	2193.67
177.067	2193.67
177.102	2193.67
177.137	2193.67
177.167	2193.67
177.202	2193.67
177.237	2193.67
177.267	2193.67
177.302	2193.67
177.337	2193.67
177.367	2193.67
177.402	2193.67
177.437	2193.67
177.467	2193.67
177.502	2193.67
177.537	2193.67
177.567	2193.67
177.602	2193.67
177.637	2193.67
177.667	2193.67
177.702	2193.67
177.737	2193.67
177.767	2193.67
177.802	2193.67
177.837	2193.67
177.867	2193.67
177.902	2193.67
177.937	2193.67
177.967	2193.67
178.002	2193.67
178.037	2193.67
178.067	2193.67
178.102	2193.67
178.137	2193.67
178.167	2193.67
178.202	2193.67
178.237	2193.67
178.267	2193.67
178.302	2193.67
178.337	2193.67
178.367	2193.67
178.402	2193.67
178.437	2193.67
178.467	2193.67
178.502	2193.67
178.527	2193.67
178.567	2193.67
178.602	2193.67
178.637	2193.67
178.667	2193.67
178.702	2193.67
178.737	2193.67
178.767	2193.67
178.802	2193.67
178.827	2193.67
178.867	2193.67
178.902	2193.67
178.937	2193.67
178.967	2193.67
179.002	2193.67
179.037	2193.67
179.067	2193.67
179.102	2193.67
179.137	2193.67
179.167	2193.67
179.202	2193.67
179.232	2193.67
179.267	2193.67
179.302	2193.67
179.337	2193.67
179.367	2193.67
179.402	2193.67
179.437	2193.67
179.467	2193.67
179.502	2193.67
179.537	2193.67
179.567	2193.67
179.597	2193.67
179.637	2193.67
179.667	2193.67
179.702	2193.67
179.737	2193.67
179.767	2193.67
179.797	2193.67
179.837	2193.67
179.867	2193.67
179.902	2193.67
179.937	2193.67
179.967	2193.67
180.002	2193.67
180.037	2193.67
180.067	2193.67
180.102	2193.67
180.137	2193.67
180.167	2193.67
180.202	2193.67
180.237	2193.67
180.267	2193.67
180.302	2193.67
180.327	2193.67
180.367	2193.67
180.402	2193.67
180.437	2193.67
180.467	2193.67
180.502	2193.67
180.537	2193.67
180.567	2193.67
180.602	2193.67
180.637	2193.67
180.667	2193.67
180.702	2193.67
180.737	2193.67
180.767	2193.67
180.802	2193.67
180.837	2193.67
180.867	2193.67
180.902	2193.67
180.937	2193.67
180.967	2193.67
181.002	2193.67
181.037	2193.67
181.067	2193.67
181.102	2193.67
181.137	2193.67
181.167	2193.67
181.202	2193.67
181.237	2193.67
181.267	2193.67
181.302	2193.67
181.327	2193.67
181.367	2193.67
181.402	2193.67
181.437	2193.67
181.467	2193.67
181.502	2193.67
181.537	2193.67
181.567	2193.67
181.602	2193.67
181.637	2193.67
181.667	2193.67
181.702	2193.67
181.737	2193.67
181.767	2193.67
181.802	2193.67
181.837	2193.67
181.867	2193.67
181.892	2193.67
181.937	2193.67
181.967	2193.67
182.002	2193.67
182.037	2193.67
182.067	2193.67
182.092	2193.67
182.122	2193.67
182.147	2193.67
182.172	2193.67
182.202	2193.67
182.237	2193.67
182.267	2193.67
182.302	2193.67
182.337	2193.67
182.367	2193.67
182.402	2193.67
182.437	2193.67
182.467	2193.67
182.502	2193.67
182.537	2193.67
182.567	2193.67
182.602	2193.67
182.637	2193.67
182.667	2193.67
182.702	2193.67
182.737	2193.67
182.767	2193.67
182.802	2193.67
182.837	2193.67
182.867	2193.67
182.902	2193.67
182.937	2193.67
182.967	2193.67
183.002	2193.67
183.037	2193.67
183.067	2193.67
183.102	2193.67
183.137	2193.67
183.167	2193.67
183.202	2193.67
183.237	2193.67
183.267	2193.67
183.302	2193.67
183.337	2193.67
183.367	2193.67
183.402	2193.67
183.432	2193.67
183.467	2193.67
183.502	2193.67
183.527	2193.67
183.567	2193.67
183.602	2193.67
183.632	2193.67
183.667	2193.67
183.702	2193.67
183.732	2193.67
183.767	2193.67
183.802	2193.67
183.832	2193.67
183.867	2193.67
183.902	2193.67
183.932	2193.67
183.967	2193.67
184.002	2193.67
184.032	2193.67
184.062	2193.67
184.102	2193.67
184.132	2193.67
184.167	2193.67
184.202	2193.67
184.232	2193.67
184.267	2193.67
184.302	2193.67
184.332	2193.67
184.367	2193.67
184.402	2193.67
184.432	2193.67
184.467	2193.67
184.502	2193.67
184.532	2193.67
184.567	2193.67
184.602	2193.67
184.632	2193.67
184.667	2193.67
184.702	2193.67
184.732	2193.67
184.767	2193.67
184.802	2193.67
184.832	2193.67
184.867	2193.67
184.902	2193.67
184.932	2193.67
184.967	2193.67
185.002	2193.67
185.032	2193.67
185.067	2193.67
185.102	2193.67
185.132	2193.67
185.167	2193.67
185.202	2193.67
185.232	2193.67
185.267	2193.67
185.302	2193.67
185.332	2193.67
185.367	2193.67
185.402	2193.67
185.432	2193.67
185.467	2193.67
185.502	2193.67
185.532	2193.67
185.567	2193.67
185.602	2193.67
185.632	2193.67
185.667	2193.67
185.702	2193.67
185.732	2193.67
185.767	2193.67
185.802	2193.67
185.832	2193.67
185.867	2193.67
185.902	2193.67
185.932	2193.67
185.967	2193.67
186.002	2193.67
186.032	2193.67
186.067	2193.67
186.102	2193.67
186.132	2193.67
186.157	2193.67
186.202	2193.67
186.232	2193.67
186.267	2193.67
186.302	2193.67
186.332	2193.67
186.367	2193.67
186.402	2193.67
186.427	2193.67
186.467	2193.67
186.502	2193.67
186.532	2193.67
186.567	2193.67
186.602	2193.67
186.627	2193.67
186.667	2193.67
186.702	2193.67
186.732	2193.67
186.767	2193.67
186.802	2193.67
186.832	2193.67
186.867	2193.67
186.902	2193.67
186.932	2193.67
186.967	2193.67
187.002	2193.67
187.032	2193.67
187.067	2193.67
187.102	2193.67
187.132	2193.67
187.167	2193.67
187.202	2193.67
187.232	2193.67
187.267	2193.67
187.302	2193.67
187.327	2193.67
187.357	2193.67
187.402	2193.67
187.432	2193.67
187.467	2193.67
187.502	2193.67
187.532	2193.67
187.567	2193.67
187.602	2193.67
187.632	2193.67
187.667	2193.67
187.702	2193.67
187.732	2193.67
187.767	2193.67
187.802	2193.67
187.832	2193.67
187.867	2193.67
187.902	2193.67
187.932	2193.67
187.967	2193.67
188.002	2193.67
188.032	2193.67
188.067	2193.67
188.102	2193.67
188.132	2193.67
188.167	2193.67
188.202	2193.67
188.227	2193.67
188.267	2193.67
188.302	2193.67
188.332	2193.67
188.367	2193.67
188.402	2193.67
188.432	2193.67
188.467	2193.67
188.502	2193.67
188.532	2193.67
188.567	2193.67
188.602	2193.67
188.632	2193.67
188.667	2193.67
188.702	2193.67
188.732	2193.67
188.767	2193.67
188.802	2193.67
188.832	2193.67
188.867	2193.67
188.902	2193.67
188.932	2193.67
188.967	2193.67
189.002	2193.67
189.032	2193.67
189.067	2193.67
189.102	2193.67
189.132	2193.67
189.167	2193.67
189.202	2193.67
189.232	2193.67
189.267	2193.67
189.302	2193.67
189.332	2193.67
189.367	2193.67
189.402	2193.67
189.432	2193.67
189.467	2193.67
189.502	2193.67
189.532	2193.67
189.567	2193.67
189.602	2193.67
189.632	2193.67
189.667	2193.67
189.702	2193.67
189.732	2193.67
189.767	2193.67
189.802	2193.67
189.832	2193.67
189.867	2193.67
189.897	2193.67
189.932	2193.67
189.967	2193.67
190.002	2193.67
190.032	2193.67
190.067	2193.67
190.102	2193.67
190.132	2193.67
190.167	2193.67
190.202	2193.67
190.232	2193.67
190.267	2193.67
190.302	2193.67
190.332	2193.67
190.367	2193.67
190.397	2193.67
190.432	2193.67
190.467	2193.67
190.497	2193.67
190.532	2193.67
190.567	2193.67
190.602	2193.67
190.632	2193.67
190.667	2193.67
190.702	2193.67
190.732	2193.67
190.767	2193.67
190.802	2193.67
190.832	2193.67
190.867	2193.67
190.902	2193.67
190.932	2193.67
190.967	2193.67
190.997	2193.67
191.032	2193.67
191.067	2193.67
191.102	2193.67
191.132	2193.67
191.167	2193.67
191.202	2193.67
191.232	2193.67
191.267	2193.67
191.297	2193.67
191.332	2193.67
191.357	2193.67
191.402	2193.67
191.432	2193.67
191.467	2193.67
191.502	2193.67
191.532	2193.67
191.567	2193.67
191.602	2193.67
191.632	2193.67
191.667	2193.67
191.702	2193.67
191.732	2193.67
191.767	2193.67
191.802	2193.67
191.832	2193.67
191.867	2193.67
191.902	2193.67
191.932	2193.67
191.967	2193.67
192.002	2193.67
192.032	2193.67
192.067	2193.67
192.092	2193.67
192.132	2193.67
192.167	2193.67
192.202	2193.67
192.232	2193.67
192.267	2193.67
192.302	2193.67
192.332	2193.67
192.367	2193.67
192.402	2193.67
192.432	2193.67
192.467	2193.67
192.502	2193.67
192.532	2193.67
192.567	2193.67
192.602	2193.67
192.627	2193.67
192.667	2193.67
192.702	2193.67
192.732	2193.67
192.767	2193.67
192.792	2193.67
192.832	2193.67
192.867	2193.67
192.902	2193.67
192.932	2193.67
192.967	2193.67
193.002	2193.67
193.032	2193.67
193.067	2193.67
193.102	2193.67
193.132	2193.67
193.167	2193.67
193.202	2193.67
193.232	2193.67
193.257	2193.67
193.302	2193.67
193.332	2193.67
193.367	2193.67
193.402	2193.67
193.432	2193.67
193.467	2193.67
193.502	2193.67
193.532	2193.67
193.567	2193.67
193.602	2193.67
193.632	2193.67
193.667	2193.67
193.702	2193.67
193.732	2193.67
193.767	2193.67
193.802	2193.67
193.832	2193.67
193.867	2193.67
193.902	2193.67
193.932	2193.67
193.967	2193.67
194.002	2193.67
194.032	2193.67
194.067	2193.67
194.102	2193.67
194.132	2193.67
194.167	2193.67
194.192	2193.67
194.232	2193.67
194.267	2193.67
194.302	2193.67
194.332	2193.67
194.367	2193.67
194.402	2193.67
194.432	2193.67
194.467	2193.67
194.502	2193.67
194.532	2193.67
194.567	2193.67
194.602	2193.67
194.632	2193.67
194.667	2193.67
194.702	2193.67
194.732	2193.67
194.767	2193.67
194.802	2193.67
194.832	2193.67
194.867	2193.67
194.897	2193.67
194.932	2193.67
194.967	2193.67
194.992	2193.67
195.032	2193.67
195.067	2193.67
195.102	2193.67
195.132	2193.67
195.167	2193.67
195.202	2193.67
195.232	2193.67
195.267	2193.67
195.302	2193.67
195.332	2193.67
195.367	2193.67
195.402	2193.67
195.432	2193.67
195.467	2193.67
195.502	2193.67
195.532	2193.67
195.567	2193.67
195.602	2193.67
195.632	2193.67
195.667	2193.67
195.702	2193.67
195.732	2193.67
195.767	2193.67
195.802	2193.67
195.832	2193.67
195.867	2193.67
195.902	2193.67
195.932	2193.67
195.967	2193.67
196.002	2193.67
196.032	2193.67
196.067	2193.67
196.102	2193.67
196.132	2193.67
196.167	2193.67
196.192	2193.67
196.232	2193.67
196.267	2193.67
196.302	2193.67
196.332	2193.67
196.367	2193.67
196.402	2193.67
196.432	2193.67
196.467	2193.67
196.502	2193.67
196.532	2193.67
196.562	2193.67
196.602	2193.67
196.632	2193.67
196.667	2193.67
196.702	2193.67
196.732	2193.67
196.757	2193.67
196.802	2193.67
196.832	2193.67
196.867	2193.67
196.902	2193.67
196.932	2193.67
196.967	2193.67
197.002	2193.67
197.032	2193.67
197.067	2193.67
197.102	2193.67
197.132	2193.67
197.162	2193.67
197.202	2193.67
197.232	2193.67
197.267	2193.67
197.302	2193.67
197.332	2193.67
197.362	2193.67
197.402	2193.67
197.427	2193.67
197.467	2193.67
197.502	2193.67
197.532	2193.67
197.567	2193.67
197.602	2193.67
197.632	2193.67
197.667	2193.67
197.702	2193.67
197.732	2193.67
197.767	2193.67
197.802	2193.67
197.832	2193.67
197.867	2193.67
197.902	2193.67
197.932	2193.67
197.967	2193.67
198.002	2193.67
198.032	2193.67
198.067	2193.67
198.102	2193.67
198.132	2193.67
198.167	2193.67
198.202	2193.67
198.227	2193.67
198.267	2193.67
198.302	2193.67
198.332	2193.67
198.367	2193.67
198.402	2193.67
198.432	2193.67
198.467	2193.67
198.492	2193.67
198.532	2193.67
198.567	2193.67
198.602	2193.67
198.632	2193.67
198.667	2193.67
198.702	2193.67
198.727	2193.67
198.767	2193.67
198.792	2193.67
198.832	2193.67
198.867	2193.67
198.902	2193.67
198.932	2193.67
198.967	2193.67
199.002	2193.67
199.032	2193.67
199.067	2193.67
199.102	2193.67
199.132	2193.67
199.167	2193.67
199.202	2193.67
199.232	2193.67
199.267	2193.67
199.302	2193.67
199.332	2193.67
199.367	2193.67
199.402	2193.67
199.432	2193.67
199.467	2193.67
199.502	2193.67
199.532	2193.67
199.567	2193.67
199.602	2193.67
199.632	2193.67
199.667	2193.67
199.702	2193.67
199.732	2193.67
199.767	2193.67
199.802	2193.67
199.832	2193.67
199.867	2193.67
199.902	2193.67
199.932	2193.67
199.967	2193.67
200.002	2193.67
200.032	2193.67
200.067	2193.67
200.102	2193.67
200.132	2193.67
200.167	2193.67
200.202	2193.67
200.232	2193.67
200.262	2193.67
200.297	2193.67
200.332	2193.67
200.367	2193.67
200.402	2193.67
200.432	2193.67
200.467	2193.67
200.502	2193.67
200.532	2193.67
200.567	2193.67
200.602	2193.67
200.632	2193.67
200.667	2193.67
200.702	2193.67
200.732	2193.67
200.767	2193.67
200.802	2193.67
200.827	2193.67
200.867	2193.67
200.902	2193.67
200.932	2193.67
200.967	2193.67
201.002	2193.67
201.027	2193.67
201.067	2193.67
201.102	2193.67
201.132	2193.67
201.167	2193.67
201.202	2193.67
201.232	2193.67
201.267	2193.67
201.302	2193.67
201.332	2193.67
201.367	2193.67
201.402	2193.67
201.432	2193.67
201.467	2193.67
201.502	2193.67
201.532	2193.67
201.567	2193.67
201.602	2193.67
201.632	2193.67
201.667	2193.67
201.702	2193.67
201.732	2193.67
201.767	2193.67
201.802	2193.67
201.832	2193.67
201.867	2193.67
201.902	2193.67
201.932	2193.67
201.967	2193.67
202.002	2193.67
202.032	2193.67
202.067	2193.67
202.102	2193.67
202.132	2193.67
202.167	2193.67
202.202	2193.67
202.232	2193.67
202.267	2193.67
202.302	2193.67
202.332	2193.67
202.367	2193.67
202.402	2193.67
202.432	2193.67
202.467	2193.67
202.502	2193.67
202.532	2193.67
202.567	2193.67
202.592	2193.67
202.632	2193.67
202.662	2193.67
202.702	2193.67
202.732	2193.67
202.767	2193.67
202.802	2193.67
202.832	2193.67
202.867	2193.67
202.902	2193.67
202.932	2193.67
202.967	2193.67
203.002	2193.67
203.032	2193.67
203.067	2193.67
203.102	2193.67
203.132	2193.67
203.167	2193.67
203.202	2193.67
203.232	2193.67
203.267	2193.67
203.302	2193.67
203.332	2193.67
203.367	2193.67
203.402	2193.67
203.432	2193.67
203.467	2193.67
203.502	2193.67
203.532	2193.67
203.567	2193.67
203.602	2193.67
203.632	2193.67
203.662	2193.67
203.702	2193.67
203.732	2193.67
203.767	2193.67
203.802	2193.67
203.832	2193.67
203.867	2193.67
203.902	2193.67
203.932	2193.67
203.967	2193.67
204.002	2193.67
204.032	2193.67
204.067	2193.67
204.102	2193.67
204.132	2193.67
204.167	2193.67
204.202	2193.67
204.232	2193.67
204.267	2193.67
204.302	2193.67
204.332	2193.67
204.367	2193.67
204.402	2193.67
204.432	2193.67
204.467	2193.67
204.502	2193.67
204.532	2193.67
204.567	2193.67
204.602	2193.67
204.632	2193.67
204.667	2193.67
204.702	2193.67
204.732	2193.67
204.767	2193.67
204.802	2193.67
204.832	2193.67
204.867	2193.67
204.902	2193.67
204.932	2193.67
204.967	2193.67
205.002	2193.67
205.032	2193.67
205.067	2193.67
205.102	2193.67
205.132	2193.67
205.167	2193.67
205.202	2193.67
205.232	2193.67
205.267	2193.67
205.302	2193.67
205.332	2193.67
205.367	2193.67
205.402	2193.67
205.432	2193.67
205.467	2193.67
205.502	2193.67
205.532	2193.67
205.567	2193.67
205.602	2193.67
205.632	2193.67
205.667	2193.67
205.702	2193.67
205.732	2193.67
205.767	2193.67
205.802	2193.67
205.832	2193.67
205.867	2193.67
205.902	2193.67
205.932	2193.67
205.967	2193.67
206.002	2193.67
206.032	2193.67
206.067	2193.67
206.102	2193.67
206.132	2193.67
206.167	2193.67
206.202	2193.67
206.232	2193.67
206.267	2193.67
206.302	2193.67
206.332	2193.67
206.367	2193.67
206.402	2193.67
206.432	2193.67
206.467	2193.67
206.502	2193.67
206.532	2193.67
206.567	2193.67
206.602	2193.67
206.632	2193.67
206.667	2193.67
206.702	2193.67
206.732	2193.67
206.767	2193.67
206.802	2193.67
206.832	2193.67
206.867	2193.67
206.892	2193.67
206.932	2193.67
206.967	2193.67
207.002	2193.67
207.032	2193.67
207.067	2193.67
207.102	2193.67
207.132	2193.67
207.162	2193.67
207.202	2193.67
207.232	2193.67
207.267	2193.67
207.302	2193.67
207.332	2193.67
207.367	2193.67
207.402	2193.67
207.432	2193.67
207.467	2193.67
207.502	2193.67
207.532	2193.67
207.567	2193.67
207.602	2193.67
207.632	2193.67
207.667	2193.67
207.697	2193.67
207.732	2193.67
207.767	2193.67
207.802	2193.67
207.832	2193.67
207.867	2193.67
207.902	2193.67
207.932	2193.67
207.962	2193.67
208.002	2193.67
208.032	2193.67
208.067	2193.67
208.102	2193.67
208.132	2193.67
208.167	2193.67
208.202	2193.67
208.232	2193.67
208.267	2193.67
208.302	2193.67
208.332	2193.67
208.367	2193.67
208.402	2193.67
208.432	2193.67
208.467	2193.67
208.502	2193.67
208.532	2193.67
208.567	2193.67
208.602	2193.67
208.632	2193.67
208.667	2193.67
208.702	2193.67
208.732	2193.67
208.767	2193.67
208.802	2193.67
208.832	2193.67
208.867	2193.67
208.902	2193.67
208.932	2193.67
208.967	2193.67
209.002	2193.67
209.032	2193.67
209.067	2193.67
209.102	2193.67
209.132	2193.67
209.167	2193.67
209.202	2193.67
209.232	2193.67
209.267	2193.67
209.302	2193.67
209.332	2193.67
209.367	2193.67
209.402	2193.67
209.432	2193.67
209.467	2193.67
209.502	2193.67
209.532	2193.67
209.567	2193.67
209.602	2193.67
209.632	2193.67
209.667	2193.67
209.702	2193.67
209.732	2193.67
209.767	2193.67
209.802	2193.67
209.832	2193.67
209.867	2193.67
209.902	2193.67
209.932	2193.67
209.967	2193.67
210.002	2193.67
210.032	2193.67
210.067	2193.67
210.092	2193.67
210.132	2193.67
210.167	2193.67
210.202	2193.67
210.232	2193.67
210.267	2193.67
210.302	2193.67
210.332	2193.67
210.367	2193.67
210.402	2193.67
210.432	2193.67
210.467	2193.67
210.502	2193.67
210.527	2193.67
210.567	2193.67
210.602	2193.67
210.632	2193.67
210.667	2193.67
210.702	2193.67
210.727	2193.67
210.767	2193.67
210.802	2193.67
210.827	2193.67
210.867	2193.67
210.902	2193.67
210.932	2193.67
210.967	2193.67
211.002	2193.67
211.032	2193.67
211.067	2193.67
211.102	2193.67
211.132	2193.67
211.167	2193.67
211.202	2193.67
211.232	2193.67
211.267	2193.67
211.302	2193.67
211.332	2193.67
211.367	2193.67
211.402	2193.67
211.432	2193.67
211.467	2193.67
211.502	2193.67
211.532	2193.67
211.567	2193.67
211.602	2193.67
211.632	2193.67
211.667	2193.67
211.702	2193.67
211.732	2193.67
211.767	2193.67
211.802	2193.67
211.832	2193.67
211.867	2193.67
211.902	2193.67
211.932	2193.67
211.967	2193.67
211.992	2193.67
212.032	2193.67
212.067	2193.67
212.102	2193.67
212.132	2193.67
212.167	2193.67
212.192	2193.67
212.227	2193.67
212.267	2193.67
212.302	2193.67
212.327	2193.67
212.362	2193.67
212.402	2193.67
212.432	2193.67
212.467	2193.67
212.502	2193.67
212.532	2193.67
212.567	2193.67
212.602	2193.67
212.627	2193.67
212.667	2193.67
212.702	2193.67
212.732	2193.67
212.767	2193.67
212.802	2193.67
212.832	2193.67
212.867	2193.67
212.902	2193.67
212.932	2193.67
212.967	2193.67
212.992	2193.67
213.032	2193.67
213.067	2193.67
213.102	2193.67
213.132	2193.67
213.167	2193.67
213.202	2193.67
213.232	2193.67
213.267	2193.67
213.302	2193.67
213.332	2193.67
213.367	2193.67
213.402	2193.67
213.432	2193.67
213.467	2193.67
213.502	2193.67
213.532	2193.67
213.567	2193.67
213.602	2193.67
213.632	2193.67
213.667	2193.67
213.702	2193.67
213.732	2193.67
213.767	2193.67
213.802	2193.67
213.832	2193.67
213.867	2193.67
213.902	2193.67
213.932	2193.67
213.967	2193.67
214.002	2193.67
214.032	2193.67
214.067	2193.67
214.102	2193.67
214.132	2193.67
214.167	2193.67
214.202	2193.67
214.227	2193.67
214.267	2193.67
214.302	2193.67
214.332	2193.67
214.367	2193.67
214.402	2193.67
214.432	2193.67
214.467	2193.67
214.502	2193.67
214.532	2193.67
214.567	2193.67
214.602	2193.67
214.632	2193.67
214.667	2193.67
214.702	2193.67
214.732	2193.67
214.767	2193.67
214.802	2193.67
214.832	2193.67
214.867	2193.67
214.897	2193.67
214.932	2193.67
214.967	2193.67
215.002	2193.67
215.032	2193.67
215.067	2193.67
215.102	2193.67
215.132	2193.67
215.167	2193.67
215.202	2193.67
215.227	2193.67
215.267	2193.67
215.302	2193.67
215.332	2193.67
215.367	2193.67
215.402	2193.67
215.432	2193.67
215.467	2193.67
215.502	2193.67
215.532	2193.67
215.567	2193.67
215.602	2193.67
215.632	2193.67
215.667	2193.67
215.702	2193.67
215.732	2193.67
215.767	2193.67
215.802	2193.67
215.832	2193.67
215.867	2193.67
215.902	2193.67
215.932	2193.67
215.967	2193.67
216.002	2193.67
216.032	2193.67
216.062	2193.67
216.102	2193.67
216.132	2193.67
216.167	2193.67
216.192	2193.67
216.232	2193.67
216.267	2193.67
216.302	2193.67
216.327	2193.67
216.367	2193.67
216.402	2193.67
216.432	2193.67
216.467	2193.67
216.502	2193.67
216.532	2193.67
216.567	2193.67
216.602	2193.67
216.632	2193.67
216.667	2193.67
216.702	2193.67
216.732	2193.67
216.767	2193.67
216.802	2193.67
216.832	2193.67
216.867	2193.67
216.902	2193.67
216.927	2193.67
216.967	2193.67
217.002	2193.67
217.032	2193.67
217.067	2193.67
217.102	2193.67
217.132	2193.67
217.167	2193.67
217.202	2193.67
217.232	2193.67
217.267	2193.67
217.302	2193.67
217.332	2193.67
217.367	2193.67
217.402	2193.67
217.432	2193.67
217.467	2193.67
217.492	2193.67
217.532	2193.67
217.567	2193.67
217.602	2193.67
217.632	2193.67
217.667	2193.67
217.702	2193.67
217.732	2193.67
217.767	2193.67
217.802	2193.67
217.832	2193.67
217.867	2193.67
217.902	2193.67
217.932	2193.67
217.967	2193.67
218.002	2193.67
218.032	2193.67
218.067	2193.67
218.102	2193.67
218.132	2193.67
218.167	2193.67
218.202	2193.67
218.232	2193.67
218.267	2193.67
218.302	2193.67
218.332	2193.67
218.367	2193.67
218.402	2193.67
218.432	2193.67
218.467	2193.67
218.492	2193.67
218.522	2193.67
218.552	2193.67
218.577	2193.67
218.602	2193.67
218.632	2193.67
218.667	2193.67
218.702	2193.67
218.732	2193.67
218.767	2193.67
218.802	2193.67
218.832	2193.67
218.867	2193.67
218.902	2193.67
218.932	2193.67
218.967	2193.67
219.002	2193.67
219.032	2193.67
219.067	2193.67
219.102	2193.67
219.132	2193.67
219.167	2193.67
219.202	2193.67
219.232	2193.67
219.267	2193.67
219.302	2193.67
219.332	2193.67
219.367	2193.67
219.392	2193.67
219.432	2193.67
219.467	2193.67
219.502	2193.67
219.532	2193.67
219.567	2193.67
219.602	2193.67
219.632	2193.67
219.667	2193.67
219.702	2193.67
219.732	2193.67
219.767	2193.67
219.802	2193.67
219.832	2193.67
219.867	2193.67
219.902	2193.67
219.932	2193.67
219.967	2193.67
220.002	2193.67
220.032	2193.67
220.067	2193.67
220.102	2193.67
220.132	2193.67
220.167	2193.67
220.202	2193.67
220.232	2193.67
220.267	2193.67
220.302	2193.67
220.332	2193.67
220.367	2193.67
220.402	2193.67
220.432	2193.67
220.467	2193.67
220.502	2193.67
220.532	2193.67
220.567	2193.67
220.602	2193.67
220.632	2193.67
220.667	2193.67
220.702	2193.67
220.732	2193.67
220.762	2193.67
220.802	2193.67
220.832	2193.67
220.867	2193.67
220.902	2193.67
220.932	2193.67
220.967	2193.67
221.002	2193.67
221.032	2193.67
221.067	2193.67
221.102	2193.67
221.132	2193.67
221.167	2193.67
221.202	2193.67
221.232	2193.67
221.267	2193.67
221.302	2193.67
221.332	2193.67
221.367	2193.67
221.402	2193.67
221.432	2193.67
221.467	2193.67
221.502	2193.67
221.532	2193.67
221.567	2193.67
221.602	2193.67
221.632	2193.67
221.667	2193.67
221.702	2193.67
221.732	2193.67
221.767	2193.67
221.802	2193.67
221.832	2193.67
221.867	2193.67
221.902	2193.67
221.932	2193.67
221.967	2193.67
222.002	2193.67
222.032	2193.67
222.067	2193.67
222.102	2193.67
222.132	2193.67
222.167	2193.67
222.192	2193.67
222.232	2193.67
222.267	2193.67
222.302	2193.67
222.327	2193.67
222.367	2193.67
222.402	2193.67
222.432	2193.67
222.457	2193.67
222.502	2193.67
222.532	2193.67
222.567	2193.67
222.602	2193.67
222.632	2193.67
222.667	2193.67
222.702	2193.67
222.732	2193.67
222.767	2193.67
222.802	2193.67
222.832	2193.67
222.867	2193.67
222.902	2193.67
222.932	2193.67
222.967	2193.67
223.002	2193.67
223.032	2193.67
223.067	2193.67
223.102	2193.67
223.132	2193.67
223.167	2193.67
223.202	2193.67
223.232	2193.67
223.267	2193.67
223.292	2193.67
223.322	2193.67
223.367	2193.67
223.402	2193.67
223.432	2193.67
223.457	2193.67
223.502	2193.67
223.532	2193.67
223.567	2193.67
223.602	2193.67
223.632	2193.67
223.667	2193.67
223.702	2193.67
223.732	2193.67
223.767	2193.67
223.802	2193.67
223.832	2193.67
223.862	2193.67
223.887	2193.67
223.912	2193.67
223.937	2193.67
223.967	2193.67
224.002	2193.67
224.032	2193.67
224.067	2193.67
224.102	2193.67
224.132	2193.67
224.167	2193.67
224.202	2193.67
224.232	2193.67
224.257	2193.67
224.302	2193.67
224.332	2193.67
224.367	2193.67
224.402	2193.67
224.432	2193.67
224.467	2193.67
224.502	2193.67
224.532	2193.67
224.567	2193.67
224.602	2193.67
224.632	2193.67
224.667	2193.67
224.702	2193.67
224.732	2193.67
224.767	2193.67
224.802	2193.67
224.832	2193.67
224.867	2193.67
224.902	2193.67
224.932	2193.67
224.967	2193.67
225.002	2193.67
225.032	2193.67
225.067	2193.67
225.102	2193.67
225.132	2193.67
225.167	2193.67
225.202	2193.67
225.232	2193.67
225.267	2193.67
225.302	2193.67
225.332	2193.67
225.367	2193.67
225.402	2193.67
225.432	2193.67
225.467	2193.67
225.502	2193.67
225.532	2193.67
225.567	2193.67
225.602	2193.67
225.632	2193.67
225.667	2193.67
225.702	2193.67
225.732	2193.67
225.767	2193.67
225.802	2193.67
225.832	2193.67
225.867	2193.67
225.902	2193.67
225.932	2193.67
225.967	2193.67
226.002	2193.67
226.032	2193.67
226.067	2193.67
226.102	2193.67
226.132	2193.67
226.167	2193.67
226.202	2193.67
226.232	2193.67
226.267	2193.67
226.302	2193.67
226.332	2193.67
226.367	2193.67
226.402	2193.67
226.432	2193.67
226.467	2193.67
226.502	2193.67
226.532	2193.67
226.567	2193.67
226.602	2193.67
226.632	2193.67
226.657	2193.67
226.702	2193.67
226.732	2193.67
226.767	2193.67
226.802	2193.67
226.832	2193.67
226.867	2193.67
226.902	2193.67
226.932	2193.67
226.967	2193.67
227.002	2193.67
227.032	2193.67
227.067	2193.67
227.102	2193.67
227.132	2193.67
227.167	2193.67
227.202	2193.67
227.232	2193.67
227.267	2193.67
227.302	2193.67
227.332	2193.67
227.367	2193.67
227.402	2193.67
227.432	2193.67
227.467	2193.67
227.502	2193.67
227.532	2193.67
227.567	2193.67
227.602	2193.67
227.632	2193.67
227.667	2193.67
227.702	2193.67
227.732	2193.67
227.767	2193.67
227.792	2193.67
227.832	2193.67
227.867	2193.67
227.902	2193.67
227.932	2193.67
227.967	2193.67
228.002	2193.67
228.032	2193.67
228.067	2193.67
228.102	2193.67
228.132	2193.67
228.167	2193.67
228.202	2193.67
228.232	2193.67
228.262	2193.67
228.302	2193.67
228.332	2193.67
228.367	2193.67
228.402	2193.67
228.432	2193.67
228.467	2193.67
228.502	2193.67
228.527	2193.67
228.567	2193.67
228.602	2193.67
228.632	2193.67
228.667	2193.67
228.702	2193.67
228.732	2193.67
228.767	2193.67
228.802	2193.67
228.832	2193.67
228.867	2193.67
228.902	2193.67
228.932	2193.67
228.967	2193.67
229.002	2193.67
229.032	2193.67
229.067	2193.67
229.102	2193.67
229.132	2193.67
229.167	2193.67
229.202	2193.67
229.232	2193.67
229.267	2193.67
229.302	2193.67
229.332	2193.67
229.367	2193.67
229.402	2193.67
229.432	2193.67
229.467	2193.67
229.502	2193.67
229.532	2193.67
229.567	2193.67
229.602	2193.67
229.632	2193.67
229.667	2193.67
229.702	2193.67
229.732	2193.67
229.767	2193.67
229.802	2193.67
229.832	2193.67
229.867	2193.67
229.902	2193.67
229.932	2193.67
229.967	2193.67
230.002	2193.67
230.032	2193.67
230.067	2193.67
230.102	2193.67
230.132	2193.67
230.167	2193.67
230.202	2193.67
230.232	2193.67
230.267	2193.67
230.302	2193.67
230.332	2193.67
230.367	2193.67
230.402	2193.67
230.432	2193.67
230.467	2193.67
230.502	2193.67
230.532	2193.67
230.567	2193.67
230.602	2193.67
230.632	2193.67
230.667	2193.67
230.702	2193.67
230.732	2193.67
230.762	2193.67
230.802	2193.67
230.832	2193.67
230.867	2193.67
230.902	2193.67
230.932	2193.67
230.967	2193.67
231.002	2193.67
231.032	2193.67
231.067	2193.67
231.102	2193.67
231.132	2193.67
231.167	2193.67
231.202	2193.67
231.227	2193.67
231.267	2193.67
231.302	2193.67
231.332	2193.67
231.367	2193.67
231.402	2193.67
231.432	2193.67
231.467	2193.67
231.502	2193.67
231.532	2193.67
231.567	2193.67
231.602	2193.67
231.632	2193.67
231.667	2193.67
231.702	2193.67
231.732	2193.67
231.757	2193.67
231.802	2193.67
231.832	2193.67
231.867	2193.67
231.902	2193.67
231.932	2193.67
231.967	2193.67
232.002	2193.67
232.032	2193.67
232.057	2193.67
232.102	2193.67
232.132	2193.67
232.167	2193.67
232.202	2193.67
232.232	2193.67
232.267	2193.67
232.302	2193.67
232.332	2193.67
232.367	2193.67
232.402	2193.67
232.432	2193.67
232.467	2193.67
232.502	2193.67
232.532	2193.67
232.567	2193.67
232.602	2193.67
232.632	2193.67
232.667	2193.67
232.702	2193.67
232.727	2193.67
232.767	2193.67
232.802	2193.67
232.832	2193.67
232.867	2193.67
232.902	2193.67
232.932	2193.67
232.967	2193.67
233.002	2193.67
233.032	2193.67
233.067	2193.67
233.102	2193.67
233.132	2193.67
233.167	2193.67
233.202	2193.67
233.227	2193.67
233.267	2193.67
233.302	2193.67
233.332	2193.67
233.367	2193.67
233.402	2193.67
233.432	2193.67
233.467	2193.67
233.502	2193.67
233.532	2193.67
233.567	2193.67
233.602	2193.67
233.632	2193.67
233.662	2193.67
233.702	2193.67
233.732	2193.67
233.767	2193.67
233.802	2193.67
233.832	2193.67
233.867	2193.67
233.902	2193.67
233.932	2193.67
233.967	2193.67
233.997	2193.67
234.032	2193.67
234.067	2193.67
234.102	2193.67
234.132	2193.67
234.167	2193.67
234.202	2193.67
234.232	2193.67
234.267	2193.67
234.302	2193.67
234.332	2193.67
234.367	2193.67
234.402	2193.67
234.432	2193.67
234.467	2193.67
234.502	2193.67
234.532	2193.67
234.567	2193.67
234.602	2193.67
234.632	2193.67
234.667	2193.67
234.702	2193.67
234.732	2193.67
234.767	2193.67
234.802	2193.67
234.832	2193.67
234.867	2193.67
234.902	2193.67
234.932	2193.67
234.967	2193.67
235.002	2193.67
235.032	2193.67
235.067	2193.67
235.092	2193.67
235.132	2193.67
235.167	2193.67
235.202	2193.67
235.227	2193.67
235.267	2193.67
235.302	2193.67
235.332	2193.67
235.367	2193.67
235.402	2193.67
235.432	2193.67
235.467	2193.67
235.502	2193.67
235.532	2193.67
235.562	2193.67
235.602	2193.67
235.632	2193.67
235.667	2193.67
235.702	2193.67
235.732	2193.67
235.767	2193.67
235.802	2193.67
235.832	2193.67
235.867	2193.67
235.902	2193.67
235.932	2193.67
235.967	2193.67
236.002	2193.67
236.032	2193.67
236.067	2193.67
236.102	2193.67
236.132	2193.67
236.167	2193.67
236.202	2193.67
236.232	2193.67
236.267	2193.67
236.302	2193.67
236.332	2193.67
236.362	2193.67
236.387	2193.67
236.412	2193.67
236.437	2193.67
236.467	2193.67
236.502	2193.67
236.532	2193.67
236.567	2193.67
236.592	2193.67
236.632	2193.67
236.667	2193.67
236.702	2193.67
236.732	2193.67
236.767	2193.67
236.802	2193.67
236.827	2193.67
236.867	2193.67
236.902	2193.67
236.932	2193.67
236.967	2193.67
236.997	2193.67
237.032	2193.67
237.067	2193.67
237.102	2193.67
237.132	2193.67
237.167	2193.67
237.202	2193.67
237.232	2193.67
237.267	2193.67
237.302	2193.67
237.332	2193.67
237.367	2193.67
237.402	2193.67
237.432	2193.67
237.467	2193.67
237.502	2193.67
237.532	2193.67
237.567	2193.67
237.602	2193.67
237.632	2193.67
237.667	2193.67
237.702	2193.67
237.732	2193.67
237.767	2193.67
237.792	2193.67
237.832	2193.67
237.867	2193.67
237.902	2193.67
237.932	2193.67
237.967	2193.67
238.002	2193.67
238.032	2193.67
238.067	2193.67
238.102	2193.67
238.132	2193.67
238.167	2193.67
238.202	2193.67
238.232	2193.67
238.267	2193.67
238.302	2193.67
238.332	2193.67
238.367	2193.67
238.402	2193.67
238.432	2193.67
238.467	2193.67
238.502	2193.67
238.532	2193.67
238.567	2193.67
238.602	2193.67
238.632	2193.67
238.662	2193.67
238.702	2193.67
238.732	2193.67
238.767	2193.67
238.802	2193.67
238.832	2193.67
238.867	2193.67
238.902	2193.67
238.932	2193.67
238.967	2193.67
239.002	2193.67
239.032	2193.67
239.067	2193.67
239.102	2193.67
239.132	2193.67
239.167	2193.67
239.202	2193.67
239.232	2193.67
239.267	2193.67
239.302	2193.67
239.332	2193.67
239.367	2193.67
239.402	2193.67
239.432	2193.67
239.467	2193.67
239.502	2193.67
239.532	2193.67
239.567	2193.67
239.602	2193.67
239.632	2193.67
239.667	2193.67
239.702	2193.67
239.732	2193.67
239.767	2193.67
239.802	2193.67
239.832	2193.67
239.867	2193.67
239.902	2193.67
239.932	2193.67
239.967	2193.67
240.002	2193.67
240.032	2193.67
240.067	2193.67
240.102	2193.67
240.132	2193.67
240.167	2193.67
240.197	2193.67
240.232	2193.67
240.267	2193.67
240.302	2193.67
240.332	2193.67
240.367	2193.67
240.402	2193.67
240.432	2193.67
240.467	2193.67
240.502	2193.67
240.532	2193.67
240.567	2193.67
240.602	2193.67
240.632	2193.67
240.667	2193.67
240.702	2193.67
240.732	2193.67
240.767	2193.67
240.802	2193.67
240.832	2193.67
240.867	2193.67
240.902	2193.67
240.932	2193.67
240.967	2193.67
241.002	2193.67
241.032	2193.67
241.067	2193.67
241.102	2193.67
241.132	2193.67
241.167	2193.67
241.202	2193.67
241.232	2193.67
241.267	2193.67
241.302	2193.67
241.332	2193.67
241.367	2193.67
241.402	2193.67
241.432	2193.67
241.467	2193.67
241.502	2193.67
241.532	2193.67
241.562	2193.67
241.602	2193.67
241.632	2193.67
241.667	2193.67
241.702	2193.67
241.732	2193.67
241.767	2193.67
241.802	2193.67
241.832	2193.67
241.867	2193.67
241.902	2193.67
241.932	2193.67
241.967	2193.67
241.992	2193.67
242.032	2193.67
242.067	2193.67
242.102	2193.67
242.132	2193.67
242.167	2193.67
242.202	2193.67
242.232	2193.67
242.267	2193.67
242.292	2193.67
242.332	2193.67
242.367	2193.67
242.402	2193.67
242.432	2193.67
242.467	2193.67
242.502	2193.67
242.532	2193.67
242.567	2193.67
242.602	2193.67
242.632	2193.67
242.662	2193.67
242.702	2193.67
242.732	2193.67
242.767	2193.67
242.802	2193.67
242.832	2193.67
242.867	2193.67
242.902	2193.67
242.932	2193.67
242.967	2193.67
243.002	2193.67
243.032	2193.67
243.067	2193.67
243.102	2193.67
243.132	2193.67
243.167	2193.67
243.197	2193.67
243.232	2193.67
243.267	2193.67
243.302	2193.67
243.332	2193.67
243.367	2193.67
243.402	2193.67
243.432	2193.67
243.467	2193.67
243.502	2193.67
243.532	2193.67
243.567	2193.67
243.602	2193.67
243.632	2193.67
243.667	2193.67
243.702	2193.67
243.732	2193.67
243.767	2193.67
243.802	2193.67
243.832	2193.67
243.857	2193.67
243.902	2193.67
243.932	2193.67
243.967	2193.67
244.002	2193.67
244.032	2193.67
244.067	2193.67
244.102	2193.67
244.132	2193.67
244.167	2193.67
244.192	2193.67
244.232	2193.67
244.267	2193.67
244.302	2193.67
244.332	2193.67
244.367	2193.67
244.402	2193.67
244.432	2193.67
244.467	2193.67
244.502	2193.67
244.532	2193.67
244.567	2193.67
244.602	2193.67
244.632	2193.67
244.667	2193.67
244.702	2193.67
244.732	2193.67
244.767	2193.67
244.802	2193.67
244.827	2193.67
244.867	2193.67
244.902	2193.67
244.932	2193.67
244.967	2193.67
245.002	2193.67
245.032	2193.67
245.067	2193.67
245.102	2193.67
245.132	2193.67
245.167	2193.67
245.202	2193.67
245.227	2193.67
245.267	2193.67
245.302	2193.67
245.332	2193.67
245.367	2193.67
245.402	2193.67
245.432	2193.67
245.467	2193.67
245.502	2193.67
245.532	2193.67
245.567	2193.67
245.602	2193.67
245.632	2193.67
245.667	2193.67
245.702	2193.67
245.732	2193.67
245.767	2193.67
245.802	2193.67
245.832	2193.67
245.867	2193.67
245.902	2193.67
245.932	2193.67
245.967	2193.67
246.002	2193.67
246.032	2193.67
246.067	2193.67
246.102	2193.67
246.132	2193.67
246.167	2193.67
246.197	2193.67
246.232	2193.67
246.267	2193.67
246.302	2193.67
246.332	2193.67
246.367	2193.67
246.402	2193.67
246.432	2193.67
246.467	2193.67
246.502	2193.67
246.532	2193.67
246.567	2193.67
246.602	2193.67
246.632	2193.67
246.667	2193.67
246.702	2193.67
246.732	2193.67
246.767	2193.67
246.802	2193.67
246.832	2193.67
246.862	2193.67
246.892	2193.67
246.932	2193.67
246.967	2193.67
247.002	2193.67
247.032	2193.67
247.067	2193.67
247.102	2193.67
247.132	2193.67
247.167	2193.67
247.202	2193.67
247.232	2193.67
247.267	2193.67
247.302	2193.67
247.332	2193.67
247.367	2193.67
247.402	2193.67
247.432	2193.67
247.467	2193.67
247.502	2193.67
247.532	2193.67
247.567	2193.67
247.602	2193.67
247.632	2193.67
247.667	2193.67
247.702	2193.67
247.732	2193.67
247.767	2193.67
247.802	2193.67
247.832	2193.67
247.867	2193.67
247.902	2193.67
247.932	2193.67
247.967	2193.67
248.002	2193.67
248.032	2193.67
248.067	2193.67
248.102	2193.67
248.132	2193.67
248.167	2193.67
248.202	2193.67
248.232	2193.67
248.267	2193.67
248.302	2193.67
248.332	2193.67
248.367	2193.67
248.402	2193.67
248.432	2193.67
248.467	2193.67
248.502	2193.67
248.532	2193.67
248.567	2193.67
248.602	2193.67
248.632	2193.67
248.667	2193.67
248.702	2193.67
248.732	2193.67
248.767	2193.67
248.802	2193.67
248.832	2193.67
248.867	2193.67
248.902	2193.67
248.932	2193.67
248.967	2193.67
249.002	2193.67
249.032	2193.67
249.067	2193.67
249.102	2193.67
249.132	2193.67
249.167	2193.67
249.202	2193.67
249.232	2193.67
249.267	2193.67
249.302	2193.67
249.332	2193.67
249.367	2193.67
249.402	2193.67
249.432	2193.67
249.467	2193.67
249.502	2193.67
249.532	2193.67
249.567	2193.67
249.602	2193.67
249.632	2193.67
249.667	2193.67
249.702	2193.67
249.732	2193.67
249.767	2193.67
249.802	2193.67
249.832	2193.67
249.867	2193.67
249.902	2193.67
249.932	2193.67
249.967	2193.67
249.992	2193.67
250.032	2193.67
250.062	2193.67
250.102	2193.67
250.132	2193.67
250.167	2193.67
250.202	2193.67
250.232	2193.67
250.267	2193.67
250.302	2193.67
250.327	2193.67
250.367	2193.67
250.402	2193.67
250.432	2193.67
250.467	2193.67
250.502	2193.67
250.532	2193.67
250.567	2193.67
250.602	2193.67
250.632	2193.67
250.667	2193.67
250.702	2193.67
250.732	2193.67
250.767	2193.67
250.802	2193.67
250.827	2193.67
250.867	2193.67
250.902	2193.67
250.932	2193.67
250.967	2193.67
251.002	2193.67
251.032	2193.67
251.067	2193.67
251.102	2193.67
251.132	2193.67
251.167	2193.67
251.202	2193.67
251.232	2193.67
251.267	2193.67
251.302	2193.67
251.332	2193.67
251.367	2193.67
251.402	2193.67
251.432	2193.67
251.467	2193.67
251.502	2193.67
251.532	2193.67
251.567	2193.67
251.602	2193.67
251.632	2193.67
251.667	2193.67
251.702	2193.67
251.732	2193.67
251.767	2193.67
251.792	2193.67
251.832	2193.67
251.867	2193.67
251.902	2193.67
251.932	2193.67
251.967	2193.67
251.992	2193.67
252.032	2193.67
252.067	2193.67
252.102	2193.67
252.132	2193.67
252.157	2193.67
252.202	2193.67
252.232	2193.67
252.267	2193.67
252.302	2193.67
252.332	2193.67
252.367	2193.67
252.402	2193.67
252.432	2193.67
252.467	2193.67
252.502	2193.67
252.532	2193.67
252.567	2193.67
252.602	2193.67
252.632	2193.67
252.667	2193.67
252.702	2193.67
252.732	2193.67
252.767	2193.67
252.802	2193.67
252.832	2193.67
252.867	2193.67
252.902	2193.67
252.932	2193.67
252.967	2193.67
253.002	2193.67
253.032	2193.67
253.067	2193.67
253.102	2193.67
253.132	2193.67
253.167	2193.67
253.202	2193.67
253.227	2193.67
253.267	2193.67
253.302	2193.67
253.332	2193.67
253.367	2193.67
253.402	2193.67
253.432	2193.67
253.467	2193.67
253.502	2193.67
253.532	2193.67
253.567	2193.67
253.602	2193.67
253.632	2193.67
253.667	2193.67
253.702	2193.67
253.732	2193.67
253.767	2193.67
253.802	2193.67
253.832	2193.67
253.862	2193.67
253.902	2193.67
253.932	2193.67
253.967	2193.67
254.002	2193.67
254.032	2193.67
254.062	2193.67
254.102	2193.67
254.132	2193.67
254.167	2193.67
254.202	2193.67
254.232	2193.67
254.267	2193.67
254.302	2193.67
254.332	2193.67
254.367	2193.67
254.402	2193.67
254.432	2193.67
254.467	2193.67
254.502	2193.67
254.532	2193.67
254.567	2193.67
254.602	2193.67
254.632	2193.67
254.667	2193.67
254.702	2193.67
254.732	2193.67
254.762	2193.67
254.802	2193.67
254.832	2193.67
254.867	2193.67
254.902	2193.67
254.932	2193.67
254.967	2193.67
255.002	2193.67
255.032	2193.67
255.067	2193.67
255.102	2193.67
255.132	2193.67
255.167	2193.67
255.202	2193.67
255.232	2193.67
255.267	2193.67
255.302	2193.67
255.332	2193.67
255.367	2193.67
255.402	2193.67
255.432	2193.67
255.467	2193.67
255.502	2193.67
255.532	2193.67
255.567	2193.67
255.602	2193.67
255.632	2193.67
255.667	2193.67
255.702	2193.67
255.732	2193.67
255.767	2193.67
255.802	2193.67
255.832	2193.67
255.867	2193.67
255.902	2193.67
255.932	2193.67
255.967	2193.67
256.002	2193.67
256.032	2193.67
256.067	2193.67
256.102	2193.67
256.132	2193.67
256.167	2193.67
256.202	2193.67
256.227	2193.67
256.267	2193.67
256.302	2193.67
256.332	2193.67
256.367	2193.67
256.402	2193.67
256.432	2193.67
256.467	2193.67
256.502	2193.67
256.532	2193.67
256.567	2193.67
256.602	2193.67
256.632	2193.67
256.667	2193.67
256.702	2193.67
256.732	2193.67
256.767	2193.67
256.802	2193.67
256.832	2193.67
256.867	2193.67
256.902	2193.67
256.932	2193.67
256.967	2193.67
257.002	2193.67
257.032	2193.67
257.067	2193.67
257.102	2193.67
257.132	2193.67
257.167	2193.67
257.202	2193.67
257.232	2193.67
257.267	2193.67
257.302	2193.67
257.332	2193.67
257.367	2193.67
257.392	2193.67
257.432	2193.67
257.467	2193.67
257.502	2193.67
257.532	2193.67
257.567	2193.67
257.602	2193.67
257.627	2193.67
257.667	2193.67
257.702	2193.67
257.732	2193.67
257.767	2193.67
257.802	2193.67
257.832	2193.67
257.867	2193.67
257.897	2193.67
257.932	2193.67
257.967	2193.67
258.002	2193.67
258.032	2193.67
258.067	2193.67
258.102	2193.67
258.132	2193.67
258.167	2193.67
258.202	2193.67
258.232	2193.67
258.267	2193.67
258.302	2193.67
258.332	2193.67
258.367	2193.67
258.402	2193.67
258.432	2193.67
258.467	2193.67
258.502	2193.67
258.532	2193.67
258.567	2193.67
258.602	2193.67
258.632	2193.67
258.667	2193.67
258.702	2193.67
258.732	2193.67
258.767	2193.67
258.802	2193.67
258.832	2193.67
258.867	2193.67
258.902	2193.67
258.932	2193.67
258.967	2193.67
259.002	2193.67
259.032	2193.67
259.067	2193.67
259.102	2193.67
259.132	2193.67
259.157	2193.67
259.202	2193.67
259.232	2193.67
259.267	2193.67
259.302	2193.67
259.332	2193.67
259.367	2193.67
259.402	2193.67
259.427	2193.67
259.467	2193.67
259.502	2193.67
259.532	2193.67
259.567	2193.67
259.602	2193.67
259.632	2193.67
259.667	2193.67
259.692	2193.67
259.732	2193.67
259.767	2193.67
259.802	2193.67
259.832	2193.67
259.867	2193.67
259.902	2193.67
259.932	2193.67
259.967	2193.67
260.002	2193.67
260.027	2193.67
260.067	2193.67
260.102	2193.67
260.132	2193.67
260.167	2193.67
260.202	2193.67
260.232	2193.67
260.267	2193.67
260.302	2193.67
260.332	2193.67
260.367	2193.67
260.402	2193.67
260.432	2193.67
260.467	2193.67
260.502	2193.67
260.532	2193.67
260.567	2193.67
260.602	2193.67
260.632	2193.67
260.667	2193.67
260.702	2193.67
260.732	2193.67
260.767	2193.67
260.792	2193.67
260.832	2193.67
260.862	2193.67
260.902	2193.67
260.932	2193.67
260.967	2193.67
261.002	2193.67
261.032	2193.67
261.062	2193.67
261.102	2193.67
261.127	2193.67
261.167	2193.67
261.192	2193.67
261.232	2193.67
261.267	2193.67
261.302	2193.67
261.332	2193.67
261.367	2193.67
261.402	2193.67
261.432	2193.67
261.467	2193.67
261.502	2193.67
261.532	2193.67
261.567	2193.67
261.602	2193.67
261.632	2193.67
261.667	2193.67
261.702	2193.67
261.732	2193.67
261.767	2193.67
261.802	2193.67
261.832	2193.67
261.867	2193.67
261.902	2193.67
261.932	2193.67
261.967	2193.67
262.002	2193.67
262.032	2193.67
262.067	2193.67
262.102	2193.67
262.132	2193.67
262.167	2193.67
262.202	2193.67
262.232	2193.67
262.267	2193.67
262.302	2193.67
262.332	2193.67
262.367	2193.67
262.402	2193.67
262.432	2193.67
262.467	2193.67
262.502	2193.67
262.532	2193.67
262.567	2193.67
262.602	2193.67
262.632	2193.67
262.667	2193.67
262.702	2193.67
262.732	2193.67
262.762	2193.67
262.802	2193.67
262.832	2193.67
262.862	2193.67
262.902	2193.67
262.932	2193.67
262.967	2193.67
263.002	2193.67
263.032	2193.67
263.067	2193.67
263.102	2193.67
263.132	2193.67
263.167	2193.67
263.202	2193.67
263.227	2193.67
263.267	2193.67
263.302	2193.67
263.332	2193.67
263.367	2193.67
263.402	2193.67
263.427	2193.67
263.467	2193.67
263.502	2193.67
263.532	2193.67
263.567	2193.67
263.602	2193.67
263.632	2193.67
263.662	2193.67
263.702	2193.67
263.732	2193.67
263.767	2193.67
263.802	2193.67
263.832	2193.67
263.867	2193.67
263.902	2193.67
263.932	2193.67
263.962	2193.67
264.002	2193.67
264.032	2193.67
264.067	2193.67
264.102	2193.67
264.132	2193.67
264.167	2193.67
264.202	2193.67
264.232	2193.67
264.267	2193.67
264.302	2193.67
264.332	2193.67
264.367	2193.67
264.402	2193.67
264.432	2193.67
264.467	2193.67
264.502	2193.67
264.532	2193.67
264.567	2193.67
264.602	2193.67
264.632	2193.67
264.667	2193.67
264.702	2193.67
264.732	2193.67
264.767	2193.67
264.802	2193.67
264.832	2193.67
264.867	2193.67
264.902	2193.67
264.932	2193.67
264.967	2193.67
265.002	2193.67
265.032	2193.67
265.067	2193.67
265.102	2193.67
265.132	2193.67
265.167	2193.67
265.202	2193.67
265.232	2193.67
265.267	2193.67
265.302	2193.67
265.332	2193.67
265.367	2193.67
265.402	2193.67
265.432	2193.67
265.467	2193.67
265.502	2193.67
265.532	2193.67
265.567	2193.67
265.602	2193.67
265.632	2193.67
265.667	2193.67
265.702	2193.67
265.732	2193.67
265.767	2193.67
265.802	2193.67
265.832	2193.67
265.867	2193.67
265.902	2193.67
265.932	2193.67
265.967	2193.67
266.002	2193.67
266.032	2193.67
266.057	2193.67
266.102	2193.67
266.132	2193.67
266.167	2193.67
266.202	2193.67
266.232	2193.67
266.267	2193.67
266.302	2193.67
266.332	2193.67
266.362	2193.67
266.402	2193.67
266.432	2193.67
266.467	2193.67
266.502	2193.67
266.532	2193.67
266.567	2193.67
266.602	2193.67
266.632	2193.67
266.667	2193.67
266.702	2193.67
266.732	2193.67
266.767	2193.67
266.802	2193.67
266.832	2193.67
266.867	2193.67
266.902	2193.67
266.932	2193.67
266.967	2193.67
267.002	2193.67
267.032	2193.67
267.067	2193.67
267.102	2193.67
267.132	2193.67
267.167	2193.67
267.202	2193.67
267.232	2193.67
267.267	2193.67
267.302	2193.67
267.332	2193.67
267.367	2193.67
267.402	2193.67
267.432	2193.67
267.467	2193.67
267.502	2193.67
267.532	2193.67
267.567	2193.67
267.602	2193.67
267.632	2193.67
267.667	2193.67
267.702	2193.67
267.732	2193.67
267.767	2193.67
267.802	2193.67
267.832	2193.67
267.867	2193.67
267.902	2193.67
267.932	2193.67
267.967	2193.67
268.002	2193.67
268.032	2193.67
268.067	2193.67
268.102	2193.67
268.132	2193.67
268.167	2193.67
268.202	2193.67
268.232	2193.67
268.267	2193.67
268.302	2193.67
268.332	2193.67
268.367	2193.67
268.402	2193.67
268.432	2193.67
268.467	2193.67
268.502	2193.67
268.532	2193.67
268.567	2193.67
268.602	2193.67
268.632	2193.67
268.667	2193.67
268.702	2193.67
268.732	2193.67
268.767	2193.67
268.802	2193.67
268.832	2193.67
268.867	2193.67
268.902	2193.67
268.932	2193.67
268.967	2193.67
269.002	2193.67
269.032	2193.67
269.067	2193.67
269.097	2193.67
269.132	2193.67
269.167	2193.67
269.202	2193.67
269.232	2193.67
269.267	2193.67
269.302	2193.67
269.332	2193.67
269.367	2193.67
269.392	2193.67
269.432	2193.67
269.462	2193.67
269.502	2193.67
269.532	2193.67
269.567	2193.67
269.602	2193.67
269.632	2193.67
269.667	2193.67
269.692	2193.67
269.732	2193.67
269.767	2193.67
269.802	2193.67
269.832	2193.67
269.857	2193.67
269.882	2193.67
269.907	2193.67
269.932	2193.67
269.967	2193.67
270.002	2193.67
270.032	2193.67
270.067	2193.67
270.102	2193.67
270.132	2193.67
270.167	2193.67
270.202	2193.67
270.232	2193.67
270.267	2193.67
270.302	2193.67
270.332	2193.67
270.367	2193.67
270.402	2193.67
270.432	2193.67
270.462	2193.67
270.502	2193.67
270.532	2193.67
270.567	2193.67
270.602	2193.67
270.632	2193.67
270.667	2193.67
270.702	2193.67
270.732	2193.67
270.767	2193.67
270.802	2193.67
270.832	2193.67
270.867	2193.67
270.902	2193.67
270.932	2193.67
270.967	2193.67
271.002	2193.67
271.032	2193.67
271.067	2193.67
271.102	2193.67
271.132	2193.67
271.167	2193.67
271.202	2193.67
271.232	2193.67
271.267	2193.67
271.302	2193.67
271.332	2193.67
271.367	2193.67
271.402	2193.67
271.432	2193.67
271.467	2193.67
271.502	2193.67
271.532	2193.67
271.567	2193.67
271.602	2193.67
271.632	2193.67
271.667	2193.67
271.702	2193.67
271.732	2193.67
271.767	2193.67
271.802	2193.67
271.832	2193.67
271.867	2193.67
271.902	2193.67
271.932	2193.67
271.967	2193.67
272.002	2193.67
272.032	2193.67
272.067	2193.67
272.102	2193.67
272.132	2193.67
272.167	2193.67
272.202	2193.67
272.232	2193.67
272.267	2193.67
272.302	2193.67
272.332	2193.67
272.367	2193.67
272.402	2193.67
272.427	2193.67
272.467	2193.67
272.502	2193.67
272.532	2193.67
272.567	2193.67
272.602	2193.67
272.632	2193.67
272.667	2193.67
272.702	2193.67
272.732	2193.67
272.767	2193.67
272.802	2193.67
272.832	2193.67
272.867	2193.67
272.902	2193.67
272.932	2193.67
272.967	2193.67
273.002	2193.67
273.032	2193.67
273.067	2193.67
273.102	2193.67
273.132	2193.67
273.167	2193.67
273.202	2193.67
273.232	2193.67
273.267	2193.67
273.302	2193.67
273.332	2193.67
273.367	2193.67
273.402	2193.67
273.432	2193.67
273.467	2193.67
273.502	2193.67
273.532	2193.67
273.567	2193.67
273.602	2193.67
273.632	2193.67
273.667	2193.67
273.702	2193.67
273.732	2193.67
273.762	2193.67
273.802	2193.67
273.832	2193.67
273.867	2193.67
273.902	2193.67
273.932	2193.67
273.967	2193.67
274.002	2193.67
274.032	2193.67
274.067	2193.67
274.102	2193.67
274.132	2193.67
274.167	2193.67
274.202	2193.67
274.232	2193.67
274.267	2193.67
274.302	2193.67
274.332	2193.67
274.367	2193.67
274.402	2193.67
274.432	2193.67
274.467	2193.67
274.502	2193.67
274.532	2193.67
274.567	2193.67
274.602	2193.67
274.632	2193.67
274.667	2193.67
274.702	2193.67
274.732	2193.67
274.767	2193.67
274.802	2193.67
274.832	2193.67
274.867	2193.67
274.902	2193.67
274.932	2193.67
274.967	2193.67
275.002	2193.67
275.032	2193.67
275.067	2193.67
275.102	2193.67
275.132	2193.67
275.167	2193.67
275.202	2193.67
275.232	2193.67
275.267	2193.67
275.302	2193.67
275.332	2193.67
275.367	2193.67
275.402	2193.67
275.432	2193.67
275.467	2193.67
275.502	2193.67
275.532	2193.67
275.567	2193.67
275.602	2193.67
275.632	2193.67
275.667	2193.67
275.702	2193.67
275.732	2193.67
275.767	2193.67
275.802	2193.67
275.832	2193.67
275.867	2193.67
275.902	2193.67
275.932	2193.67
275.967	2193.67
276.002	2193.67
276.032	2193.67
276.067	2193.67
276.102	2193.67
276.132	2193.67
276.167	2193.67
276.202	2193.67
276.232	2193.67
276.267	2193.67
276.302	2193.67
276.332	2193.67
276.367	2193.67
276.402	2193.67
276.432	2193.67
276.467	2193.67
276.502	2193.67
276.532	2193.67
276.567	2193.67
276.602	2193.67
276.632	2193.67
276.667	2193.67
276.692	2193.67
276.732	2193.67
276.767	2193.67
276.802	2193.67
276.832	2193.67
276.867	2193.67
276.902	2193.67
276.932	2193.67
276.957	2193.67
277.002	2193.67
277.032	2193.67
277.067	2193.67
277.102	2193.67
277.132	2193.67
277.167	2193.67
277.202	2193.67
277.232	2193.67
277.267	2193.67
277.302	2193.67
277.332	2193.67
277.367	2193.67
277.402	2193.67
277.432	2193.67
277.467	2193.67
277.492	2193.67
277.532	2193.67
277.557	2193.67
277.602	2193.67
277.632	2193.67
277.667	2193.67
277.702	2193.67
277.732	2193.67
277.767	2193.67
277.802	2193.67
277.832	2193.67
277.867	2193.67
277.902	2193.67
277.932	2193.67
277.967	2193.67
278.002	2193.67
278.032	2193.67
278.067	2193.67
278.092	2193.67
278.132	2193.67
278.167	2193.67
278.202	2193.67
278.232	2193.67
278.267	2193.67
278.297	2193.67
278.332	2193.67
278.367	2193.67
278.402	2193.67
278.432	2193.67
278.467	2193.67
278.502	2193.67
278.532	2193.67
278.567	2193.67
278.602	2193.67
278.632	2193.67
278.667	2193.67
278.697	2193.67
278.732	2193.67
278.767	2193.67
278.802	2193.67
278.832	2193.67
278.867	2193.67
278.902	2193.67
278.932	2193.67
278.967	2193.67
279.002	2193.67
279.032	2193.67
279.067	2193.67
279.102	2193.67
279.127	2193.67
279.167	2193.67
279.202	2193.67
279.232	2193.67
279.267	2193.67
279.302	2193.67
279.332	2193.67
279.367	2193.67
279.402	2193.67
279.432	2193.67
279.467	2193.67
279.502	2193.67
279.532	2193.67
279.567	2193.67
279.602	2193.67
279.632	2193.67
279.667	2193.67
279.702	2193.67
279.732	2193.67
279.762	2193.67
279.802	2193.67
279.832	2193.67
279.867	2193.67
279.902	2193.67
279.932	2193.67
279.967	2193.67
280.002	2193.67
280.032	2193.67
280.067	2193.67
280.102	2193.67
280.132	2193.67
280.167	2193.67
280.202	2193.67
280.232	2193.67
280.267	2193.67
280.302	2193.67
280.332	2193.67
280.367	2193.67
280.402	2193.67
280.432	2193.67
280.467	2193.67
280.502	2193.67
280.532	2193.67
280.567	2193.67
280.592	2193.67
280.632	2193.67
280.667	2193.67
280.692	2193.67
280.732	2193.67
280.767	2193.67
280.802	2193.67
280.832	2193.67
280.867	2193.67
280.902	2193.67
280.932	2193.67
280.967	2193.67
281.002	2193.67
281.032	2193.67
281.067	2193.67
281.102	2193.67
281.132	2193.67
281.167	2193.67
281.202	2193.67
281.232	2193.67
281.267	2193.67
281.302	2193.67
281.332	2193.67
281.367	2193.67
281.402	2193.67
281.432	2193.67
281.467	2193.67
281.502	2193.67
281.532	2193.67
281.567	2193.67
281.602	2193.67
281.632	2193.67
281.667	2193.67
281.702	2193.67
281.732	2193.67
281.767	2193.67
281.802	2193.67
281.832	2193.67
281.867	2193.67
281.902	2193.67
281.932	2193.67
281.967	2193.67
282.002	2193.67
282.032	2193.67
282.062	2193.67
282.102	2193.67
282.132	2193.67
282.167	2193.67
282.202	2193.67
282.232	2193.67
282.267	2193.67
282.302	2193.67
282.332	2193.67
282.367	2193.67
282.402	2193.67
282.432	2193.67
282.467	2193.67
282.502	2193.67
282.532	2193.67
282.567	2193.67
282.602	2193.67
282.632	2193.67
282.667	2193.67
282.702	2193.67
282.732	2193.67
282.767	2193.67
282.802	2193.67
282.832	2193.67
282.857	2193.67
282.902	2193.67
282.932	2193.67
282.967	2193.67
283.002	2193.67
283.032	2193.67
283.067	2193.67
283.102	2193.67
283.132	2193.67
283.167	2193.67
283.202	2193.67
283.227	2193.67
283.267	2193.67
283.302	2193.67
283.327	2193.67
283.367	2193.67
283.402	2193.67
283.432	2193.67
283.467	2193.67
283.502	2193.67
283.532	2193.67
283.567	2193.67
283.602	2193.67
283.632	2193.67
283.662	2193.67
283.702	2193.67
283.732	2193.67
283.767	2193.67
283.802	2193.67
283.832	2193.67
283.867	2193.67
283.902	2193.67
283.932	2193.67
283.967	2193.67
284.002	2193.67
284.032	2193.67
284.067	2193.67
284.102	2193.67
284.132	2193.67
284.167	2193.67
284.202	2193.67
284.232	2193.67
284.267	2193.67
284.302	2193.67
284.332	2193.67
284.367	2193.67
284.402	2193.67
284.432	2193.67
284.467	2193.67
284.497	2193.67
284.532	2193.67
284.567	2193.67
284.602	2193.67
284.632	2193.67
284.667	2193.67
284.702	2193.67
284.732	2193.67
284.767	2193.67
284.802	2193.67
284.832	2193.67
284.867	2193.67
284.902	2193.67
284.932	2193.67
284.967	2193.67
285.002	2193.67
285.032	2193.67
285.067	2193.67
285.102	2193.67
285.132	2193.67
285.167	2193.67
285.192	2193.67
285.232	2193.67
285.267	2193.67
285.302	2193.67
285.332	2193.67
285.367	2193.67
285.402	2193.67
285.432	2193.67
285.467	2193.67
285.492	2193.67
285.517	2193.67
285.542	2193.67
285.567	2193.67
285.602	2193.67
285.632	2193.67
285.667	2193.67
285.702	2193.67
285.732	2193.67
285.767	2193.67
285.802	2193.67
285.832	2193.67
285.862	2193.67
285.902	2193.67
285.927	2193.67
285.967	2193.67
286.002	2193.67
286.032	2193.67
286.067	2193.67
286.102	2193.67
286.132	2193.67
286.167	2193.67
286.202	2193.67
286.232	2193.67
286.267	2193.67
286.302	2193.67
286.332	2193.67
286.367	2193.67
286.402	2193.67
286.432	2193.67
286.467	2193.67
286.502	2193.67
286.532	2193.67
286.567	2193.67
286.602	2193.67
286.627	2193.67
286.667	2193.67
286.702	2193.67
286.727	2193.67
286.767	2193.67
286.802	2193.67
286.832	2193.67
286.867	2193.67
286.902	2193.67
286.932	2193.67
286.967	2193.67
287.002	2193.67
287.032	2193.67
287.067	2193.67
287.102	2193.67
287.132	2193.67
287.167	2193.67
287.202	2193.67
287.232	2193.67
287.267	2193.67
287.302	2193.67
287.332	2193.67
287.367	2193.67
287.402	2193.67
287.432	2193.67
287.467	2193.67
287.502	2193.67
287.532	2193.67
287.567	2193.67
287.602	2193.67
287.632	2193.67
287.667	2193.67
287.702	2193.67
287.732	2193.67
287.762	2193.67
287.802	2193.67
287.832	2193.67
287.867	2193.67
287.902	2193.67
287.932	2193.67
287.967	2193.67
288.002	2193.67
288.032	2193.67
288.067	2193.67
288.102	2193.67
288.132	2193.67
288.167	2193.67
288.202	2193.67
288.232	2193.67
288.267	2193.67
288.302	2193.67
288.332	2193.67
288.367	2193.67
288.402	2193.67
288.432	2193.67
288.467	2193.67
288.502	2193.67
288.532	2193.67
288.567	2193.67
288.592	2193.67
288.632	2193.67
288.667	2193.67
288.702	2193.67
288.732	2193.67
288.767	2193.67
288.792	2193.67
288.832	2193.67
288.867	2193.67
288.902	2193.67
288.932	2193.67
288.967	2193.67
289.002	2193.67
289.032	2193.67
289.067	2193.67
289.102	2193.67
289.132	2193.67
289.167	2193.67
289.202	2193.67
289.232	2193.67
289.267	2193.67
289.302	2193.67
289.332	2193.67
289.367	2193.67
289.402	2193.67
289.432	2193.67
289.467	2193.67
289.502	2193.67
289.532	2193.67
289.567	2193.67
289.602	2193.67
289.632	2193.67
289.667	2193.67
289.702	2193.67
289.732	2193.67
289.767	2193.67
289.802	2193.67
289.832	2193.67
289.867	2193.67
289.902	2193.67
289.932	2193.67
289.967	2193.67
290.002	2193.67
290.032	2193.67
290.067	2193.67
290.102	2193.67
290.132	2193.67
290.162	2193.67
290.202	2193.67
290.232	2193.67
290.267	2193.67
290.302	2193.67
290.332	2193.67
290.367	2193.67
290.402	2193.67
290.432	2193.67
290.467	2193.67
290.502	2193.67
290.532	2193.67
290.567	2193.67
290.602	2193.67
290.632	2193.67
290.667	2193.67
290.702	2193.67
290.732	2193.67
290.767	2193.67
290.802	2193.67
290.832	2193.67
290.867	2193.67
290.902	2193.67
290.932	2193.67
290.967	2193.67
291.002	2193.67
291.032	2193.67
291.067	2193.67
291.102	2193.67
291.132	2193.67
291.167	2193.67
291.202	2193.67
291.232	2193.67
291.267	2193.67
291.302	2193.67
291.332	2193.67
291.367	2193.67
291.402	2193.67
291.432	2193.67
291.467	2193.67
291.502	2193.67
291.532	2193.67
291.567	2193.67
291.602	2193.67
291.632	2193.67
291.667	2193.67
291.702	2193.67
291.732	2193.67
291.767	2193.67
291.802	2193.67
291.832	2193.67
291.867	2193.67
291.902	2193.67
291.932	2193.67
291.967	2193.67
292.002	2193.67
292.032	2193.67
292.067	2193.67
292.102	2193.67
292.132	2193.67
292.167	2193.67
292.202	2193.67
292.232	2193.67
292.267	2193.67
292.302	2193.67
292.332	2193.67
292.367	2193.67
292.402	2193.67
292.432	2193.67
292.467	2193.67
292.502	2193.67
292.532	2193.67
292.567	2193.67
292.602	2193.67
292.632	2193.67
292.667	2193.67
292.702	2193.67
292.732	2193.67
292.767	2193.67
292.802	2193.67
292.832	2193.67
292.867	2193.67
292.902	2193.67
292.932	2193.67
292.967	2193.67
293.002	2193.67
293.032	2193.67
293.067	2193.67
293.102	2193.67
293.132	2193.67
293.167	2193.67
293.202	2193.67
293.232	2193.67
293.267	2193.67
293.302	2193.67
293.332	2193.67
293.362	2193.67
293.402	2193.67
293.432	2193.67
293.467	2193.67
293.502	2193.67
293.532	2193.67
293.567	2193.67
293.602	2193.67
293.632	2193.67
293.667	2193.67
293.702	2193.67
293.732	2193.67
293.762	2193.67
293.802	2193.67
293.832	2193.67
293.867	2193.67
293.902	2193.67
293.932	2193.67
293.967	2193.67
294.002	2193.67
294.032	2193.67
294.067	2193.67
294.102	2193.67
294.132	2193.67
294.167	2193.67
294.202	2193.67
294.232	2193.67
294.267	2193.67
294.302	2193.67
294.332	2193.67
294.367	2193.67
294.392	2193.67
294.432	2193.67
294.467	2193.67
294.502	2193.67
294.532	2193.67
294.567	2193.67
294.602	2193.67
294.632	2193.67
294.667	2193.67
294.702	2193.67
294.732	2193.67
294.767	2193.67
294.802	2193.67
294.832	2193.67
294.867	2193.67
294.902	2193.67
294.932	2193.67
294.967	2193.67
295.002	2193.67
295.032	2193.67
295.067	2193.67
295.102	2193.67
295.132	2193.67
295.167	2193.67
295.202	2193.67
295.232	2193.67
295.267	2193.67
295.297	2193.67
295.332	2193.67
295.362	2193.67
295.402	2193.67
295.432	2193.67
295.467	2193.67
295.502	2193.67
295.532	2193.67
295.567	2193.67
295.602	2193.67
295.632	2193.67
295.667	2193.67
295.702	2193.67
295.732	2193.67
295.767	2193.67
295.802	2193.67
295.832	2193.67
295.867	2193.67
295.902	2193.67
295.932	2193.67
295.967	2193.67
296.002	2193.67
296.032	2193.67
296.067	2193.67
296.102	2193.67
296.132	2193.67
296.167	2193.67
296.202	2193.67
296.232	2193.67
296.267	2193.67
296.302	2193.67
296.332	2193.67
296.367	2193.67
296.402	2193.67
296.432	2193.67
296.467	2193.67
296.502	2193.67
296.532	2193.67
296.567	2193.67
296.602	2193.67
296.632	2193.67
296.667	2193.67
296.702	2193.67
296.732	2193.67
296.767	2193.67
296.802	2193.67
296.832	2193.67
296.867	2193.67
296.892	2193.67
296.932	2193.67
296.967	2193.67
297.002	2193.67
297.032	2193.67
297.067	2193.67
297.102	2193.67
297.132	2193.67
297.167	2193.67
297.202	2193.67
297.232	2193.67
297.267	2193.67
297.302	2193.67
297.332	2193.67
297.367	2193.67
297.402	2193.67
297.432	2193.67
297.467	2193.67
297.492	2193.67
297.532	2193.67
297.567	2193.67
297.602	2193.67
297.632	2193.67
297.667	2193.67
297.702	2193.67
297.732	2193.67
297.767	2193.67
297.802	2193.67
297.832	2193.67
297.867	2193.67
297.902	2193.67
297.932	2193.67
297.967	2193.67
298.002	2193.67
298.032	2193.67
298.067	2193.67
298.092	2193.67
298.132	2193.67
298.167	2193.67
298.202	2193.67
298.232	2193.67
298.267	2193.67
298.302	2193.67
298.332	2193.67
298.357	2193.67
298.402	2193.67
298.432	2193.67
298.467	2193.67
298.497	2193.67
298.532	2193.67
298.567	2193.67
298.602	2193.67
298.632	2193.67
298.667	2193.67
298.702	2193.67
298.732	2193.67
298.767	2193.67
298.802	2193.67
298.832	2193.67
298.867	2193.67
298.902	2193.67
298.932	2193.67
298.967	2193.67
299.002	2193.67
299.032	2193.67
299.067	2193.67
299.092	2193.67
299.132	2193.67
299.167	2193.67
299.202	2193.67
299.232	2193.67
299.267	2193.67
299.302	2193.67
299.332	2193.67
299.367	2193.67
299.402	2193.67
299.432	2193.67
299.467	2193.67
299.502	2193.67
299.532	2193.67
299.567	2193.67
299.602	2193.67
299.632	2193.67
299.667	2193.67
299.702	2193.67
299.732	2193.67
299.767	2193.67
299.792	2193.67
299.822	2193.67
299.867	2193.67
299.902	2193.67
299.927	2193.67
299.967	2193.67
300.002	2193.67
300.032	2193.67
300.067	2193.67
300.102	2193.67
300.132	2193.67
300.167	2193.67
300.202	2193.67
300.232	2193.67
300.267	2193.67
300.302	2193.67
300.332	2193.67
300.367	2193.67
300.402	2193.67
300.432	2193.67
300.467	2193.67
300.502	2193.67
300.532	2193.67
300.567	2193.67
300.602	2193.67
300.632	2193.67
300.667	2193.67
300.702	2193.67
300.732	2193.67
300.767	2193.67
300.802	2193.67
300.832	2193.67
300.867	2193.67
300.902	2193.67
300.932	2193.67
300.967	2193.67
301.002	2193.67
301.032	2193.67
301.067	2193.67
301.092	2193.67
301.132	2193.67
301.167	2193.67
301.202	2193.67
301.232	2193.67
301.267	2193.67
301.302	2193.67
301.332	2193.67
301.367	2193.67
301.402	2193.67
301.432	2193.67
301.467	2193.67
301.502	2193.67
301.532	2193.67
301.567	2193.67
301.602	2193.67
301.632	2193.67
301.667	2193.67
301.702	2193.67
301.732	2193.67
301.767	2193.67
301.802	2193.67
301.832	2193.67
301.867	2193.67
301.902	2193.67
301.932	2193.67
301.967	2193.67
302.002	2193.67
302.032	2193.67
302.067	2193.67
302.102	2193.67
302.132	2193.67
302.167	2193.67
302.202	2193.67
302.232	2193.67
302.267	2193.67
302.302	2193.67
302.332	2193.67
302.367	2193.67
302.402	2193.67
302.432	2193.67
302.467	2193.67
302.502	2193.67
302.532	2193.67
302.567	2193.67
302.602	2193.67
302.632	2193.67
302.667	2193.67
302.702	2193.67
302.732	2193.67
302.767	2193.67
302.802	2193.67
302.832	2193.67
302.867	2193.67
302.902	2193.67
302.932	2193.67
302.967	2193.67
303.002	2193.67
303.032	2193.67
303.067	2193.67
303.102	2193.67
303.132	2193.67
303.167	2193.67
303.197	2193.67
303.232	2193.67
303.267	2193.67
303.302	2193.67
303.332	2193.67
303.367	2193.67
303.402	2193.67
303.432	2193.67
303.467	2193.67
303.502	2193.67
303.532	2193.67
303.567	2193.67
303.602	2193.67
303.632	2193.67
303.657	2193.67
303.702	2193.67
303.732	2193.67
303.767	2193.67
303.802	2193.67
303.832	2193.67
303.867	2193.67
303.902	2193.67
303.932	2193.67
303.967	2193.67
304.002	2193.67
304.032	2193.67
304.067	2193.67
304.102	2193.67
304.132	2193.67
304.167	2193.67
304.202	2193.67
304.232	2193.67
304.267	2193.67
304.302	2193.67
304.332	2193.67
304.367	2193.67
304.402	2193.67
304.432	2193.67
304.467	2193.67
304.502	2193.67
304.532	2193.67
304.567	2193.67
304.592	2193.67
304.632	2193.67
304.667	2193.67
304.702	2193.67
304.732	2193.67
304.767	2193.67
304.802	2193.67
304.832	2193.67
304.867	2193.67
304.902	2193.67
304.932	2193.67
304.967	2193.67
305.002	2193.67
305.032	2193.67
305.067	2193.67
305.102	2193.67
305.132	2193.67
305.167	2193.67
305.197	2193.67
305.232	2193.67
305.267	2193.67
305.302	2193.67
305.332	2193.67
305.367	2193.67
305.402	2193.67
305.432	2193.67
305.467	2193.67
305.502	2193.67
305.532	2193.67
305.562	2193.67
305.602	2193.67
305.632	2193.67
305.667	2193.67
305.702	2193.67
305.732	2193.67
305.767	2193.67
305.802	2193.67
305.832	2193.67
305.867	2193.67
305.902	2193.67
305.932	2193.67
305.967	2193.67
306.002	2193.67
306.032	2193.67
306.067	2193.67
306.102	2193.67
306.132	2193.67
306.167	2193.67
306.202	2193.67
306.232	2193.67
306.267	2193.67
306.302	2193.67
306.332	2193.67
306.367	2193.67
306.402	2193.67
306.427	2193.67
306.467	2193.67
306.502	2193.67
306.532	2193.67
306.567	2193.67
306.602	2193.67
306.632	2193.67
306.667	2193.67
306.702	2193.67
306.732	2193.67
306.767	2193.67
306.797	2193.67
306.832	2193.67
306.867	2193.67
306.902	2193.67
306.932	2193.67
306.967	2193.67
307.002	2193.67
307.032	2193.67
307.067	2193.67
307.102	2193.67
307.132	2193.67
307.167	2193.67
307.197	2193.67
307.232	2193.67
307.267	2193.67
307.302	2193.67
307.332	2193.67
307.367	2193.67
307.402	2193.67
307.432	2193.67
307.467	2193.67
307.502	2193.67
307.532	2193.67
307.567	2193.67
307.602	2193.67
307.632	2193.67
307.667	2193.67
307.702	2193.67
307.732	2193.67
307.767	2193.67
307.797	2193.67
307.832	2193.67
307.867	2193.67
307.902	2193.67
307.932	2193.67
307.967	2193.67
308.002	2193.67
308.032	2193.67
308.067	2193.67
308.102	2193.67
308.132	2193.67
308.167	2193.67
308.202	2193.67
308.232	2193.67
308.267	2193.67
308.302	2193.67
308.332	2193.67
308.367	2193.67
308.402	2193.67
308.432	2193.67
308.467	2193.67
308.502	2193.67
308.532	2193.67
308.567	2193.67
308.602	2193.67
308.632	2193.67
308.667	2193.67
308.702	2193.67
308.732	2193.67
308.767	2193.67
308.802	2193.67
308.832	2193.67
308.867	2193.67
308.902	2193.67
308.932	2193.67
308.967	2193.67
309.002	2193.67
309.032	2193.67
309.067	2193.67
309.102	2193.67
309.132	2193.67
309.167	2193.67
309.202	2193.67
309.232	2193.67
309.267	2193.67
309.302	2193.67
309.332	2193.67
309.367	2193.67
309.392	2193.67
309.432	2193.67
309.467	2193.67
309.502	2193.67
309.532	2193.67
309.567	2193.67
309.602	2193.67
309.632	2193.67
309.667	2193.67
309.702	2193.67
309.732	2193.67
309.767	2193.67
309.802	2193.67
309.832	2193.67
309.867	2193.67
309.902	2193.67
309.932	2193.67
309.967	2193.67
