0.035	500
0.063	500
0.113	500
0.138	1489.14
0.168	1489.14
0.203	3046.77
0.237	3046.77
0.272	2985.83
0.302	2924.9
0.337	2924.9
0.372	2863.96
0.402	2863.96
0.437	2803.03
0.472	2742.09
0.502	2681.16
0.537	2742.09
0.572	2742.09
0.602	2681.16
0.637	2620.22
0.672	2559.28
0.702	2498.35
0.737	2498.35
0.772	2559.28
0.802	2498.35
0.827	2498.35
0.867	2620.22
0.902	2559.28
0.937	2498.35
0.972	2559.28
1.002	2559.28
1.027	2498.35
1.072	2559.28
1.102	2498.35
1.137	2498.35
1.172	2437.42
1.202	2376.48
1.237	2437.42
1.272	2437.42
1.302	2376.48
1.337	2376.48
1.372	2376.48
1.402	2437.42
1.437	2376.48
1.472	2315.54
1.502	2315.54
1.537	2376.48
1.572	2315.54
1.602	2254.61
1.632	2254.61
1.672	2315.54
1.702	2376.48
1.737	2315.54
1.772	2376.48
1.802	2376.48
1.837	2498.35
1.872	2559.28
1.902	2559.28
1.937	2498.35
1.972	2437.42
2.002	2498.35
2.037	2559.28
2.072	2620.22
2.102	2620.22
2.137	2681.16
2.172	2742.09
2.202	2681.16
2.237	2620.22
2.272	2681.16
2.302	2681.16
2.337	2559.28
2.372	2498.35
2.402	2437.42
2.437	2376.48
2.472	2437.42
2.502	2437.42
2.537	2376.48
2.572	2315.54
2.602	2376.48
2.637	2376.48
2.672	2315.54
2.702	2254.61
2.737	2315.54
2.772	2315.54
2.802	2254.61
2.837	2132.74
2.872	2193.67
2.902	2193.67
2.937	2132.74
2.972	2071.8
3.002	2071.8
3.037	2132.74
3.072	2071.8
3.102	2010.87
3.137	2071.8
3.172	2071.8
3.202	2010.87
3.237	2071.8
3.272	2071.8
3.302	2132.74
3.337	2132.74
3.372	2132.74
3.402	2193.67
3.437	2132.74
3.472	2193.67
3.502	2193.67
3.537	2132.74
3.572	2071.8
3.602	2071.8
3.637	2132.74
3.672	2071.8
3.702	2071.8
3.737	2132.74
3.772	2071.8
3.802	2071.8
3.837	2071.8
3.872	2010.87
3.902	2010.87
3.937	2071.8
3.972	2010.87
4.002	2010.87
4.037	1949.93
4.072	2010.87
4.102	2010.87
4.137	1949.93
4.172	2010.87
4.202	2010.87
4.237	1949.93
4.272	1889
4.302	1889
4.337	1767.13
4.372	1828.06
4.402	1828.06
4.437	1767.13
4.472	1767.13
4.502	1706.19
4.527	1706.19
4.572	1767.13
4.602	1828.06
4.637	1828.06
4.672	1767.13
4.702	1767.13
4.737	1828.06
4.772	1767.13
4.802	1767.13
4.827	1828.06
4.872	1949.93
4.902	1949.93
4.937	1889
4.972	1949.93
5.002	1949.93
5.037	1889
5.072	1949.93
5.102	1949.93
5.137	1889
5.172	1949.93
5.202	1949.93
5.237	1889
5.272	1828.06
5.302	1828.06
5.337	1828.06
5.372	1828.06
5.402	1767.13
5.437	1828.06
5.472	1828.06
5.502	1767.13
5.537	1767.13
5.572	1828.06
5.602	1828.06
5.637	1767.13
5.672	1706.19
5.702	1706.19
5.737	1767.13
5.772	1706.19
5.802	1706.19
5.837	1584.32
5.872	1584.32
5.902	1645.26
5.937	1645.26
5.972	1584.32
6.002	1584.32
6.037	1645.26
6.072	1645.26
6.102	1584.32
6.137	1584.32
6.172	1645.26
6.202	1645.26
6.237	1584.32
6.272	1645.26
6.302	1645.26
6.337	1767.13
6.372	1767.13
6.402	1706.19
6.437	1706.19
6.472	1767.13
6.502	1767.13
6.537	1828.06
6.572	1767.13
6.602	1767.13
6.637	1706.19
6.672	1706.19
6.702	1767.13
6.737	1767.13
6.772	1828.06
6.802	1828.06
6.837	1889
6.872	1889
6.902	1889
6.937	1889
6.972	1949.93
7.002	1949.93
7.037	1889
7.072	1949.93
7.102	1949.93
7.137	1889
7.172	1949.93
7.202	1949.93
7.237	1889
7.272	1889
7.302	1828.06
7.337	1949.93
7.372	1949.93
7.402	1889
7.437	1949.93
7.472	1949.93
7.502	1889
7.537	1949.93
7.572	1949.93
7.602	1889
7.637	1889
7.672	1949.93
7.702	2010.87
7.737	2010.87
7.772	1949.93
7.802	1949.93
7.837	1949.93
7.872	2010.87
7.902	2010.87
7.937	1949.93
7.972	2010.87
8.002	2010.87
8.037	1949.93
8.072	2010.87
8.102	2010.87
8.137	1949.93
8.172	2010.87
8.202	2010.87
8.237	1949.93
8.272	1949.93
8.302	1889
8.337	1889
8.372	1889
8.402	1828.06
8.437	1889
8.472	1889
8.502	1828.06
8.527	1828.06
8.572	1889
8.602	1949.93
8.632	1949.93
8.672	1889
8.702	1949.93
8.737	1949.93
8.772	1889
8.802	1889
8.832	1949.93
8.872	1949.93
8.902	1949.93
8.937	2010.87
8.962	2010.87
9.002	1949.93
9.037	1889
9.072	1828.06
9.102	1828.06
9.137	1767.13
9.172	1828.06
9.202	1828.06
9.237	1889
9.272	1889
9.302	1828.06
9.337	1889
9.372	1889
9.402	1828.06
9.432	1828.06
9.472	1889
9.502	1949.93
9.537	1949.93
9.572	1889
9.602	1949.93
9.637	1949.93
9.672	1889
9.702	1889
9.737	1949.93
9.772	1889
9.802	1889
9.837	1889
9.872	1949.93
9.902	1949.93
9.937	1889
9.972	1949.93
10.002	1949.93
10.037	1889
10.072	1949.93
10.102	1949.93
10.137	1889
10.172	1889
10.202	1828.06
10.237	1889
10.272	1889
10.302	1828.06
10.337	1889
10.372	1828.06
10.402	1889
10.437	1828.06
10.472	1828.06
10.497	1828.06
10.527	1767.13
10.572	1828.06
10.602	1889
10.632	1889
10.657	1889
10.682	1828.06
10.707	1828.06
10.737	1889
10.772	1949.93
10.797	1949.93
10.837	1949.93
10.872	2010.87
10.902	2010.87
10.937	1949.93
10.972	2010.87
11.002	2010.87
11.027	2010.87
11.072	1889
11.102	1889
11.137	1828.06
11.172	1828.06
11.202	1767.13
11.237	1767.13
11.272	1828.06
11.302	1828.06
11.337	1828.06
11.372	1828.06
11.402	1767.13
11.437	1706.19
11.472	1706.19
11.502	1767.13
11.537	1767.13
11.572	1706.19
11.602	1706.19
11.632	1645.26
11.657	1645.26
11.682	1645.26
11.707	1706.19
11.737	1706.19
11.772	1645.26
11.802	1645.26
11.837	1523.38
11.872	1523.38
11.902	1523.38
11.937	1523.38
11.972	1523.38
12.002	1584.32
12.037	1584.32
12.072	1523.38
12.102	1523.38
12.132	1523.38
12.172	1523.38
12.202	1584.32
12.237	1523.38
12.272	1523.38
12.302	1523.38
12.337	1584.32
12.372	1584.32
12.402	1584.32
12.437	1523.38
12.472	1523.38
12.502	1584.32
12.537	1584.32
12.572	1523.38
12.602	1523.38
12.637	1584.32
12.672	1584.32
12.702	1523.38
12.727	1523.38
12.772	1584.32
12.802	1584.32
12.837	1645.25
12.872	1584.32
12.902	1584.32
12.937	1645.25
12.972	1645.25
13.002	1645.25
13.037	1584.32
13.072	1645.25
13.102	1645.25
13.137	1584.32
13.162	1584.32
13.202	1645.25
13.237	1645.25
13.272	1584.32
13.302	1584.32
13.337	1584.32
13.372	1523.38
13.402	1523.38
13.437	1584.32
13.472	1584.32
13.502	1584.32
13.537	1523.38
13.572	1523.38
13.602	1523.38
13.637	1584.32
13.672	1584.32
13.702	1523.38
13.737	1523.38
13.762	1523.38
13.787	1584.32
13.812	1584.32
13.837	1706.19
13.872	1706.19
13.902	1645.25
13.937	1584.32
13.972	1584.32
14.002	1584.32
14.037	1645.25
14.072	1706.19
14.102	1706.19
14.137	1645.25
14.172	1645.25
14.202	1584.32
14.237	1584.32
14.272	1523.38
14.302	1523.38
14.337	1523.38
14.372	1523.38
14.402	1523.38
14.437	1523.38
14.472	1584.32
14.502	1584.32
14.532	1645.25
14.572	1706.19
14.602	1706.19
14.637	1706.19
14.672	1645.25
14.702	1645.25
14.737	1706.19
14.772	1767.12
14.802	1767.12
14.837	1645.25
14.872	1645.25
14.897	1645.25
14.937	1706.19
14.972	1645.25
15.002	1645.25
15.037	1584.32
15.072	1584.32
15.097	1584.32
15.137	1645.25
15.172	1584.32
15.202	1584.32
15.237	1523.38
15.272	1584.32
15.302	1584.32
15.337	1706.19
15.372	1706.19
15.402	1706.19
15.437	1645.25
15.472	1584.32
15.502	1584.32
15.537	1523.38
15.572	1523.38
15.602	1523.38
15.637	1523.38
15.672	1584.32
15.702	1584.32
15.737	1645.25
15.772	1584.32
15.802	1584.32
15.837	1523.38
15.872	1523.38
15.902	1523.38
15.937	1584.32
15.972	1584.32
16.002	1645.25
16.037	1706.19
16.072	1706.19
16.102	1645.25
16.137	1645.25
16.172	1706.19
16.197	1706.19
16.237	1767.12
16.272	1767.12
16.302	1706.19
16.327	1706.19
16.372	1828.06
16.402	1828.06
16.437	1889
16.472	1949.93
16.502	1949.93
16.537	1889
16.572	1949.93
16.602	1949.93
16.627	1949.93
16.672	2010.87
16.702	1949.93
16.737	2010.87
16.767	2010.87
16.802	2071.8
16.837	2132.74
16.867	2071.8
16.902	2010.87
16.937	2010.87
16.967	2071.8
17.002	2132.74
17.037	2132.74
17.067	2071.8
17.102	2132.74
17.137	2132.74
17.162	2132.74
17.202	2132.74
17.237	2132.74
17.262	2132.74
17.302	2071.8
17.337	2071.8
17.367	2132.74
17.402	2132.74
17.437	2071.8
17.467	2071.8
17.502	2132.74
17.537	2193.67
17.567	2193.67
17.602	2132.74
17.632	2193.67
17.667	2193.67
17.702	2132.74
17.737	2071.8
17.767	2071.8
17.802	2010.87
17.837	1889
17.867	1889
17.902	1828.06
17.937	1889
17.967	1889
18.002	1949.93
18.037	2010.87
18.067	2010.87
18.102	1949.93
18.137	2010.87
18.162	2010.87
18.202	1949.93
18.237	2010.87
18.267	2010.87
18.302	1949.93
18.327	1949.93
18.362	2071.8
18.402	2132.74
18.432	2132.74
18.467	2071.8
18.502	2132.74
18.537	2132.74
18.567	2071.8
18.602	2132.74
18.637	2132.74
18.667	2071.8
18.702	2132.74
18.737	2132.74
18.767	2071.8
18.802	2071.8
18.837	1949.93
18.867	1889
18.902	1889
18.937	1949.93
18.967	2010.87
19.002	2010.87
19.037	1949.93
19.067	1949.93
19.102	1889
19.137	1949.93
19.167	1949.93
19.197	2010.87
19.222	2010.87
19.247	2071.8
19.272	2071.8
19.302	2010.87
19.337	2071.8
19.367	2010.87
19.402	1949.93
19.437	1889
19.467	1889
19.502	1828.06
19.537	1828.06
19.567	1889
19.602	1949.93
19.637	1949.93
19.667	1889
19.702	1949.93
19.737	1949.93
19.767	1889
19.802	1828.06
19.837	1828.06
19.867	1889
19.902	1949.93
19.937	1889
19.967	1889
20.002	1828.06
20.037	1889
20.067	1889
20.102	1949.93
20.137	1889
20.167	1889
20.202	1949.93
20.237	1889
20.267	1889
20.302	1828.06
20.337	1828.06
20.367	1828.06
20.402	1889
20.437	1889
20.467	1889
20.502	1828.06
20.537	1767.12
20.562	1767.12
20.587	1828.06
20.612	1828.06
20.637	1767.12
20.667	1767.12
20.702	1706.19
20.737	1706.19
20.767	1767.12
20.802	1767.12
20.837	1767.12
20.867	1767.12
20.902	1828.06
20.937	1889
20.967	1889
21.002	1828.06
21.037	1828.06
21.067	1767.12
21.102	1828.06
21.137	1828.06
21.167	1889
21.202	1889
21.237	1828.06
21.267	1767.12
21.302	1767.12
21.337	1767.12
21.367	1767.12
21.392	1706.19
21.437	1706.19
21.467	1767.12
21.502	1706.19
21.537	1706.19
21.562	1706.19
21.592	1645.25
21.637	1706.19
21.667	1706.19
21.702	1645.25
21.737	1645.25
21.767	1584.32
21.802	1584.32
21.837	1584.32
21.867	1584.32
21.902	1645.25
21.937	1645.25
21.967	1584.32
22.002	1584.32
22.037	1523.38
22.067	1523.38
22.092	1584.32
22.137	1523.38
22.167	1523.38
22.202	1523.38
22.237	1523.38
22.267	1584.32
22.302	1584.32
22.337	1584.32
22.367	1584.32
22.402	1645.25
22.437	1645.25
22.467	1706.19
22.502	1706.19
22.537	1767.12
22.562	1767.12
22.602	1828.06
22.637	1828.06
22.667	1889
22.702	1949.93
22.737	1949.93
22.762	1949.93
22.802	1889
22.837	2010.87
22.867	2071.8
22.902	2071.8
22.937	2010.87
22.967	2010.87
23.002	2071.8
23.037	2132.74
23.062	2132.74
23.102	2071.8
23.137	2010.87
23.162	2010.87
23.202	1949.93
23.237	2010.87
23.267	2010.87
23.302	1949.93
23.337	2010.87
23.367	2071.8
23.402	2132.74
23.437	2132.74
23.467	2071.8
23.502	2132.74
23.527	2132.74
23.552	2132.74
23.577	2071.8
23.602	2132.74
23.637	2132.74
23.667	2071.8
23.702	2071.8
23.737	2132.74
23.767	2071.8
23.802	2071.8
23.837	1949.93
23.867	2010.87
23.902	2010.87
23.937	1949.93
23.967	1949.93
24.002	2010.87
24.037	1949.93
24.067	1949.93
24.102	2010.87
24.137	1949.93
24.167	1949.93
24.202	1889
24.237	1949.93
24.267	1949.93
24.302	1889
24.337	1949.93
24.367	2010.87
24.402	2071.8
24.437	2071.8
24.467	2132.74
24.502	2071.8
24.537	2132.74
24.567	2132.74
24.602	2071.8
24.637	2010.87
24.667	2010.87
24.692	2010.87
24.732	2071.8
24.767	2010.87
24.802	2071.8
24.837	2071.8
24.867	1949.93
24.902	1889
24.937	1889
24.967	1828.06
25.002	1889
25.037	1889
25.067	1828.06
25.102	1889
25.137	1889
25.167	1828.06
25.202	1828.06
25.227	1767.12
25.267	1828.06
25.302	1828.06
25.337	1828.06
25.367	1828.06
25.402	1767.12
25.437	1706.19
25.467	1706.19
25.502	1767.12
25.537	1767.12
25.567	1706.19
25.602	1706.19
25.627	1767.12
25.667	1767.12
25.702	1706.19
25.737	1645.25
25.767	1645.25
25.802	1706.19
25.837	1706.19
25.867	1706.19
25.902	1706.19
25.937	1645.25
25.967	1645.25
26.002	1706.19
26.037	1706.19
26.067	1767.12
26.102	1767.12
26.137	1828.06
26.167	1828.06
26.202	1889
26.237	1828.06
26.267	1828.06
26.302	1767.12
26.337	1767.12
26.367	1889
26.392	1889
26.437	1949.93
26.467	1889
26.502	1889
26.537	1828.06
26.567	1889
26.602	1889
26.637	1828.06
26.667	1828.06
26.702	1767.12
26.737	1706.19
26.767	1706.19
26.802	1767.12
26.837	1767.12
26.867	1767.12
26.897	1767.12
26.937	1828.06
26.967	1828.06
27.002	1767.12
27.037	1706.19
27.067	1706.19
27.102	1767.12
27.137	1767.12
27.167	1706.19
27.202	1706.19
27.237	1767.12
27.267	1767.12
27.302	1706.19
27.337	1584.32
27.367	1584.32
27.402	1645.25
27.437	1645.25
27.467	1584.32
27.492	1584.32
27.537	1523.38
27.567	1523.38
27.602	1584.32
27.637	1523.38
27.667	1523.38
27.702	1584.32
27.737	1584.32
27.767	1584.32
27.802	1523.38
27.837	1645.25
27.867	1645.25
27.902	1584.32
27.937	1584.32
27.967	1523.38
28.002	1523.38
28.037	1584.32
28.067	1584.32
28.102	1523.38
28.137	1523.38
28.167	1584.32
28.197	1584.32
28.237	1645.25
28.267	1645.25
28.302	1584.32
28.337	1523.38
28.367	1523.38
28.402	1523.38
28.427	1523.38
28.452	1523.38
28.477	1584.32
28.502	1584.32
28.537	1523.38
28.567	1523.38
28.602	1523.38
28.637	1523.38
28.667	1523.38
28.702	1523.38
28.737	1584.32
28.767	1584.32
28.802	1523.38
28.837	1523.38
28.867	1584.32
28.902	1523.38
28.937	1523.38
28.967	1584.32
29.002	1584.32
29.037	1523.38
29.067	1523.38
29.102	1523.38
29.137	1523.38
29.167	1584.32
29.202	1584.32
29.237	1645.25
29.267	1645.25
29.302	1706.19
29.337	1706.19
29.367	1706.19
29.402	1706.19
29.437	1767.12
29.467	1767.12
29.502	1706.19
29.537	1767.12
29.567	1767.12
29.602	1828.06
29.637	1828.06
29.667	1767.12
29.702	1828.06
29.737	1828.06
29.767	1767.12
29.802	1767.12
29.837	1767.12
29.867	1706.19
29.902	1706.19
29.937	1645.25
29.967	1645.25
30.002	1706.19
30.037	1645.25
30.067	1645.25
30.102	1706.19
30.137	1706.19
30.167	1767.12
30.202	1767.12
30.237	1706.19
30.267	1706.19
30.302	1767.12
30.337	1889
30.367	1889
30.402	1949.93
30.437	1949.93
30.467	1889
30.502	1949.93
30.537	1949.93
30.567	1889
30.602	1949.93
30.637	1949.93
30.667	1889
30.702	1949.93
30.737	1949.93
30.767	1889
30.792	1889
30.837	1889
30.867	1949.93
30.902	1949.93
30.937	1889
30.967	1889
31.002	1949.93
31.037	1889
31.067	1889
31.102	1949.93
31.137	1889
31.167	1889
31.202	1949.93
31.237	2010.87
31.267	2010.87
31.302	1949.93
31.337	2071.8
31.367	2071.8
31.402	2132.74
31.437	2071.8
31.467	2071.8
31.502	2010.87
31.537	2071.8
31.567	2071.8
31.602	2010.87
31.637	2010.87
31.667	1949.93
31.702	2010.87
31.737	2010.87
31.767	1949.93
31.802	1889
31.837	1889
31.867	1767.12
31.902	1828.06
31.937	1828.06
31.967	1767.12
32.002	1828.06
32.037	1828.06
32.067	1767.12
32.102	1767.12
32.137	1706.19
32.167	1645.25
32.202	1645.25
32.237	1584.32
32.267	1584.32
32.302	1645.25
32.337	1645.25
32.367	1645.25
32.402	1645.25
32.437	1706.19
32.467	1706.19
32.502	1645.25
32.537	1706.19
32.567	1706.19
32.602	1767.12
32.637	1767.12
32.667	1828.06
32.702	1828.06
32.737	1767.12
32.767	1828.06
32.802	1828.06
32.837	1828.06
32.867	1828.06
32.902	1889
32.937	1828.06
32.967	1828.06
33.002	1889
33.037	1828.06
33.067	1828.06
33.102	1767.12
33.137	1828.06
33.167	1828.06
33.202	1767.12
33.237	1828.06
33.267	1828.06
33.302	1767.12
33.337	1706.19
33.367	1767.12
33.402	1706.19
33.437	1706.19
33.467	1767.12
33.502	1767.12
33.537	1706.19
33.567	1645.25
33.602	1645.25
33.637	1706.19
33.667	1706.19
33.702	1767.12
33.737	1767.12
33.767	1706.19
33.802	1767.12
33.837	1767.12
33.867	1767.12
33.902	1767.12
33.937	1706.19
33.967	1767.12
33.997	1767.12
34.037	1828.06
34.067	1828.06
34.102	1767.12
34.127	1767.12
34.167	1828.06
34.202	1889
34.237	1889
34.267	1828.06
34.297	1889
34.337	1828.06
34.367	1767.12
34.402	1706.19
34.437	1706.19
34.467	1767.12
34.502	1767.12
34.537	1828.06
34.567	1828.06
34.602	1767.12
34.627	1767.12
34.667	1706.19
34.702	1645.25
34.737	1645.25
34.767	1706.19
34.797	1706.19
34.837	1828.06
34.867	1828.06
34.902	1767.12
34.937	1767.12
34.967	1828.06
35.002	1889
35.037	1889
35.062	1889
35.092	1828.06
35.137	1889
35.167	1889
35.202	1949.93
35.237	1889
35.267	1889
35.302	1828.06
35.337	1828.06
35.367	1828.06
35.392	1828.06
35.437	1889
35.467	1828.06
35.497	1828.06
35.537	1767.12
35.567	1767.12
35.592	1828.06
35.637	1889
35.667	1889
35.702	1828.06
35.737	1828.06
35.767	1767.12
35.802	1828.06
35.837	1828.06
35.867	1889
35.902	1828.06
35.937	1767.12
35.967	1767.12
35.997	1828.06
36.037	1828.06
36.067	1889
36.102	1889
36.137	1828.06
36.167	1767.12
36.202	1767.12
36.237	1706.19
36.267	1706.19
36.302	1767.12
36.337	1767.12
36.367	1889
36.402	1949.93
36.437	1949.93
36.467	1889
36.502	1949.93
36.537	1949.93
36.567	2010.87
36.597	2010.87
36.637	2071.8
36.667	2071.8
36.702	2132.74
36.737	2071.8
36.767	2071.8
36.802	2132.74
36.837	2132.74
36.867	2132.74
36.892	2132.74
36.937	2071.8
36.967	2071.8
37.002	2132.74
37.037	2193.67
37.067	2193.67
37.102	2132.74
37.127	2132.74
37.167	2193.67
37.202	2132.74
37.237	2071.8
37.267	2071.8
37.302	2132.74
37.337	2132.74
37.367	2132.74
37.402	2071.8
37.437	2132.74
37.467	2132.74
37.502	2193.67
37.537	2254.61
37.567	2254.61
37.602	2193.67
37.637	2254.61
37.667	2254.61
37.702	2315.54
37.737	2254.61
37.767	2315.54
37.802	2315.54
37.837	2315.54
37.862	2254.61
37.902	2315.54
37.937	2315.54
37.967	2254.61
37.992	2193.67
38.037	2254.61
38.067	2254.61
38.102	2193.67
38.137	2132.74
38.162	2132.74
38.197	2193.67
38.237	2132.74
38.262	2132.74
38.302	2132.74
38.337	2193.67
38.367	2254.61
38.402	2315.54
38.437	2376.48
38.467	2376.48
38.502	2315.54
38.537	2376.48
38.562	2376.48
38.602	2315.54
38.632	2376.48
38.667	2437.41
38.702	2437.41
38.737	2376.48
38.767	2315.54
38.802	2315.54
38.837	2315.54
38.867	2254.61
38.902	2193.67
38.937	2254.61
38.967	2254.61
39.002	2193.67
39.037	2254.61
39.067	2254.61
39.102	2193.67
39.137	2132.74
39.167	2071.8
39.202	2071.8
39.237	2010.87
39.267	2010.87
39.302	2071.8
39.337	2071.8
39.367	2071.8
39.402	2132.74
39.437	2193.67
39.467	2193.67
39.497	2254.61
39.537	2315.54
39.567	2376.48
39.602	2376.48
39.637	2315.54
39.667	2254.61
39.702	2315.54
39.737	2315.54
39.767	2254.61
39.802	2193.67
39.837	2193.67
39.867	2193.67
39.902	2132.74
39.927	2132.74
39.967	2193.67
40.002	2254.61
40.037	2193.67
40.062	2193.67
40.102	2315.54
40.137	2315.54
40.167	2254.61
40.202	2315.54
40.237	2315.54
40.267	2376.48
40.302	2437.41
40.337	2559.28
40.367	2559.28
40.402	2498.35
40.437	2437.41
40.462	2437.41
40.502	2559.28
40.537	2559.28
40.562	2498.35
40.602	2437.41
40.637	2498.35
40.667	2498.35
40.697	2559.28
40.737	2498.35
40.762	2559.28
40.802	2498.35
40.837	2620.22
40.867	2620.22
40.902	2559.28
40.937	2498.35
40.967	2437.41
41.002	2498.35
41.032	2498.35
41.067	2559.28
41.102	2620.22
41.137	2559.28
41.167	2620.22
41.197	2620.22
41.237	2559.28
41.267	2620.22
41.302	2559.28
41.337	2559.28
41.367	2620.22
41.402	2559.28
41.437	2559.28
41.467	2498.35
41.502	2437.41
41.537	2376.48
41.567	2437.41
41.602	2437.41
41.637	2376.48
41.667	2315.54
41.702	2376.48
41.727	2376.48
41.757	2315.54
41.802	2376.48
41.837	2376.48
41.867	2376.48
41.902	2315.54
41.937	2254.61
41.967	2254.61
42.002	2315.54
42.037	2254.61
42.067	2193.67
42.102	2254.61
42.137	2254.61
42.167	2193.67
42.197	2254.61
42.237	2315.54
42.267	2315.54
42.302	2376.48
42.332	2376.48
42.357	2254.61
42.402	2315.54
42.437	2376.48
42.467	2315.54
42.502	2376.48
42.537	2376.48
42.562	2315.54
42.602	2376.48
42.637	2315.54
42.662	2315.54
42.702	2254.61
42.737	2315.54
42.767	2315.54
42.802	2254.61
42.837	2132.74
42.867	2193.67
42.902	2193.67
42.937	2132.74
42.967	2132.74
43.002	2193.67
43.037	2132.74
43.067	2132.74
43.102	2193.67
43.137	2132.74
43.167	2132.74
43.202	2193.67
43.232	2193.67
43.267	2132.74
43.302	2193.67
43.337	2193.67
43.367	2193.67
43.392	2132.74
43.437	2193.67
43.467	2193.67
43.502	2254.61
43.537	2254.61
43.567	2193.67
43.597	2132.74
43.637	2193.67
43.667	2193.67
43.697	2132.74
43.737	2193.67
43.767	2193.67
43.802	2132.74
43.837	2010.87
43.867	2010.87
43.902	2071.8
43.937	2132.74
43.967	2132.74
44.002	2071.8
44.037	2132.74
44.067	2132.74
44.102	2071.8
44.132	2071.8
44.167	2010.87
44.202	2071.8
44.227	2071.8
44.267	2010.87
44.292	2010.87
44.337	2071.8
44.367	2193.67
44.402	2254.61
44.437	2254.61
44.467	2315.54
44.502	2376.48
44.537	2437.41
44.567	2437.41
44.602	2376.48
44.637	2315.54
44.667	2315.54
44.702	2254.61
44.737	2193.67
44.767	2254.61
44.802	2315.54
44.837	2254.61
44.867	2193.67
44.897	2193.67
44.922	2254.61
44.947	2315.54
44.972	2315.54
45.002	2376.48
45.037	2437.41
45.067	2437.41
45.102	2376.48
45.137	2315.54
45.167	2315.54
45.202	2254.61
45.237	2193.67
45.267	2254.61
45.302	2315.54
45.337	2315.54
45.367	2254.61
45.402	2315.54
45.437	2315.54
45.467	2376.48
45.502	2315.54
45.537	2376.48
45.562	2376.48
45.602	2315.54
45.637	2254.61
45.667	2315.54
45.702	2315.54
45.737	2376.48
45.767	2315.54
45.802	2315.54
45.837	2315.54
45.867	2254.61
45.902	2193.67
45.937	2254.61
45.967	2254.61
46.002	2193.67
46.027	2193.67
46.057	2132.74
46.087	2193.67
46.112	2254.61
46.137	2254.61
46.167	2315.54
46.202	2254.61
46.237	2254.61
46.267	2193.67
46.302	2254.61
46.337	2315.54
46.367	2376.48
46.402	2315.54
46.432	2376.48
46.467	2376.48
46.502	2437.41
46.537	2376.48
46.567	2376.48
46.592	2437.41
46.637	2376.48
46.667	2315.54
46.697	2315.54
46.737	2254.61
46.767	2315.54
46.802	2254.61
46.837	2254.61
46.867	2254.61
46.902	2193.67
46.937	2254.61
46.967	2254.61
47.002	2193.67
47.037	2254.61
47.067	2193.67
47.102	2254.61
47.137	2254.61
47.167	2193.67
47.202	2254.61
47.237	2315.54
47.267	2315.54
47.302	2254.61
47.337	2254.61
47.362	2254.61
47.402	2315.54
47.437	2254.61
47.467	2193.67
47.502	2132.74
47.537	2132.74
47.567	2071.8
47.602	2132.74
47.637	2132.74
47.667	2071.8
47.702	2132.74
47.737	2132.74
47.767	2071.8
47.802	2010.87
47.837	2010.87
47.867	2010.87
47.902	1949.93
47.937	1949.93
47.967	2010.87
48.002	2071.8
48.037	2071.8
48.067	2010.87
48.102	2071.8
48.137	2071.8
48.167	2132.74
48.202	2071.8
48.237	2071.8
48.267	2010.87
48.302	2071.8
48.337	2132.74
48.367	2071.8
48.402	2132.74
48.437	2132.74
48.467	2071.8
48.502	2132.74
48.537	2132.74
48.567	2071.8
48.602	2132.74
48.637	2071.8
48.667	2071.8
48.702	2010.87
48.737	2071.8
48.767	2071.8
48.802	2010.87
48.837	2010.87
48.867	1889
48.902	1828.06
48.937	1828.06
48.967	1767.12
49.002	1828.06
49.037	1828.06
49.067	1767.12
49.102	1828.06
49.137	1828.06
49.167	1767.12
49.202	1828.06
49.237	1828.06
49.267	1767.12
49.302	1767.12
49.337	1645.25
49.367	1706.19
49.402	1706.19
49.437	1767.12
49.467	1767.12
49.502	1706.19
49.537	1706.19
49.567	1767.12
49.602	1828.06
49.637	1828.06
49.667	1767.12
49.702	1828.06
49.737	1828.06
49.767	1767.12
49.802	1767.12
49.837	1767.12
49.867	1828.06
49.902	1828.06
49.937	1767.12
49.962	1767.12
50.002	1828.06
50.037	1767.12
50.067	1767.12
50.102	1828.06
50.137	1767.12
50.167	1767.12
50.202	1828.06
50.237	1889
50.267	1889
50.302	1828.06
50.337	1828.06
50.367	1828.06
50.402	1889
50.437	1828.06
50.467	1828.06
50.502	1889
50.537	1889
50.567	1828.06
50.602	1889
50.627	1889
50.667	1828.06
50.702	1828.06
50.737	1767.12
50.767	1828.06
50.802	1828.06
50.837	1828.06
50.867	1889
50.902	1889
50.937	1828.06
50.967	1828.06
51.002	1889
51.037	1828.06
51.067	1828.06
51.102	1889
51.137	1949.93
51.167	1949.93
51.202	1889
51.237	1949.93
51.267	1949.93
51.302	1889
51.337	1889
51.367	1889
51.402	1828.06
51.437	1828.06
51.467	1889
51.502	1949.93
51.537	1949.93
51.567	1889
51.602	1949.93
51.637	1949.93
51.667	1889
51.702	1949.93
51.737	1949.93
51.767	2010.87
51.802	2010.87
51.837	1889
51.862	1889
51.902	1828.06
51.937	1889
51.967	1889
52.002	1949.93
52.037	1889
52.067	1889
52.102	1949.93
52.137	1889
52.167	1889
52.202	1828.06
52.237	1767.12
52.267	1767.12
52.292	1706.19
52.337	1767.12
52.367	1828.06
52.402	1767.12
52.437	1767.12
52.467	1706.19
52.502	1645.25
52.537	1645.25
52.567	1584.32
52.602	1584.32
52.637	1645.25
52.667	1645.25
52.702	1584.32
52.737	1584.32
52.767	1645.25
52.802	1645.25
52.837	1706.19
52.867	1706.19
52.902	1828.06
52.937	1889
52.967	1889
53.002	1828.06
53.037	1889
53.067	1889
53.102	1828.06
53.137	1828.06
53.167	1767.12
53.202	1828.06
53.237	1828.06
53.267	1767.12
53.302	1828.06
53.337	1828.06
53.367	1706.19
53.402	1706.19
53.437	1767.12
53.467	1767.12
53.502	1706.19
53.537	1645.25
53.567	1645.25
53.602	1706.19
53.637	1706.19
53.667	1645.25
53.702	1645.25
53.737	1706.19
53.767	1706.19
53.802	1767.12
53.827	1767.12
53.867	1889
53.902	1828.06
53.937	1889
53.967	1889
54.002	1949.93
54.037	1949.93
54.067	1889
54.102	1949.93
54.137	1949.93
54.167	1889
54.202	1949.93
54.237	1949.93
54.267	1889
54.302	1889
54.337	2010.87
54.367	2071.8
54.402	2071.8
54.437	2010.87
54.467	2010.87
54.502	2071.8
54.537	2010.87
54.567	2010.87
54.602	2071.8
54.637	2010.87
54.667	2010.87
54.702	1949.93
54.737	1889
54.767	1889
54.802	1828.06
54.837	1949.93
54.867	1949.93
54.902	1889
54.937	1949.93
54.967	1949.93
55.002	1889
55.037	1889
55.067	1828.06
55.102	1889
55.137	1889
55.167	1828.06
55.202	1889
55.237	1889
55.267	1828.06
55.302	1889
55.337	1828.06
55.367	1767.12
55.402	1767.12
55.437	1706.19
55.467	1645.25
55.502	1645.25
55.537	1584.32
55.567	1584.32
55.602	1645.25
55.637	1645.25
55.667	1584.32
55.702	1584.32
55.737	1645.25
55.767	1645.25
55.802	1584.32
55.837	1523.38
55.867	1523.38
55.902	1584.32
55.937	1584.32
55.967	1523.38
56.002	1523.38
56.037	1584.32
56.067	1584.32
56.092	1584.32
56.137	1645.25
56.167	1584.32
56.202	1584.32
56.237	1645.25
56.267	1645.25
56.302	1584.32
56.337	1706.19
56.367	1706.19
56.402	1767.12
56.437	1767.12
56.467	1706.19
56.502	1706.19
56.537	1767.12
56.567	1767.12
56.592	1706.19
56.637	1767.12
56.667	1767.12
56.702	1706.19
56.737	1706.19
56.767	1767.12
56.802	1828.06
56.837	1828.06
56.867	1828.06
56.902	1767.12
56.937	1767.12
56.967	1828.06
57.002	1828.06
57.037	1767.12
57.067	1767.12
57.102	1828.06
57.137	1767.12
57.167	1767.12
57.202	1828.06
57.237	1767.12
57.267	1767.12
57.302	1706.19
57.337	1706.19
57.367	1706.19
57.402	1767.12
57.437	1767.12
57.467	1706.19
57.502	1706.19
57.537	1645.25
57.567	1645.25
57.602	1706.19
57.637	1645.25
57.667	1645.25
57.702	1706.19
57.737	1706.19
57.767	1767.12
57.802	1767.12
57.837	1767.12
57.867	1767.12
57.902	1828.06
57.937	1767.12
57.967	1767.12
58.002	1706.19
58.037	1767.12
58.062	1767.12
58.102	1828.06
58.137	1767.12
58.167	1767.12
58.202	1828.06
58.237	1828.06
58.267	1767.12
58.302	1828.06
58.337	1828.06
58.367	1828.06
58.392	1828.06
58.437	1889
58.467	1949.93
58.502	1949.93
58.537	1889
58.567	1889
58.602	1949.93
58.637	2010.87
58.667	2010.87
58.702	1949.93
58.737	1889
58.767	1889
58.802	1949.93
58.837	2071.8
58.867	2071.8
58.902	2132.74
58.937	2193.67
58.967	2193.67
59.002	2254.61
59.037	2315.54
59.067	2315.54
59.102	2376.48
59.137	2315.54
59.167	2376.48
59.202	2376.48
59.237	2437.41
59.267	2376.48
59.302	2437.41
59.337	2437.41
59.367	2315.54
59.402	2254.61
59.437	2315.54
59.467	2315.54
59.502	2254.61
59.537	2193.67
59.567	2254.61
59.602	2254.61
59.637	2193.67
59.667	2132.74
59.702	2132.74
59.737	2193.67
59.767	2132.74
59.802	2193.67
59.837	2193.67
59.867	2193.67
59.902	2132.74
59.937	2193.67
59.967	2193.67
60.002	2132.74
60.037	2071.8
60.067	2132.74
60.102	2132.74
60.137	2071.8
60.167	2010.87
60.202	2010.87
60.237	2071.8
60.267	2010.87
60.302	2010.87
60.337	1889
60.367	1828.06
60.397	1828.06
60.437	1889
60.467	1949.93
60.502	1949.93
60.537	1889
60.567	1889
60.602	1949.93
60.637	1889
60.667	1889
60.692	1949.93
60.737	2010.87
60.767	2010.87
60.792	1949.93
60.837	2071.8
60.867	2071.8
60.902	2010.87
60.937	1949.93
60.967	1949.93
61.002	1889
61.037	1949.93
61.067	1949.93
61.102	1889
61.137	1889
61.167	1828.06
61.202	1889
61.237	1889
61.267	1828.06
61.302	1889
61.337	1889
61.367	1767.12
61.402	1767.12
61.437	1828.06
61.467	1828.06
61.502	1889
61.537	1828.06
61.567	1828.06
61.602	1889
61.637	1828.06
61.667	1828.06
61.702	1767.12
61.737	1828.06
61.767	1828.06
61.802	1767.12
61.837	1889
61.867	1889
61.902	1949.93
61.937	1949.93
61.967	1889
62.002	1828.06
62.037	1828.06
62.067	1767.12
62.102	1828.06
62.137	1828.06
62.167	1889
62.202	1949.93
62.237	1949.93
62.267	1889
62.302	1889
62.337	1828.06
62.367	1889
62.402	1889
62.437	1828.06
62.467	1828.06
62.502	1889
62.537	1828.06
62.567	1828.06
62.602	1889
62.637	1949.93
62.667	1949.93
62.702	2010.87
62.737	2071.8
62.767	2071.8
62.802	2010.87
62.837	2010.87
62.867	2010.87
62.902	1949.93
62.937	2010.87
62.967	2010.87
63.002	1949.93
63.037	2010.87
63.067	2010.87
63.102	1949.93
63.137	1949.93
63.167	2010.87
63.202	1949.93
63.237	1949.93
63.267	1889
63.302	1949.93
63.337	1949.93
63.367	1828.06
63.402	1889
63.437	1889
63.467	1828.06
63.502	1889
63.537	1889
63.567	1828.06
63.602	1828.06
63.637	1767.12
63.667	1828.06
63.702	1828.06
63.737	1767.12
63.767	1767.12
63.802	1828.06
63.837	1706.19
63.867	1706.19
63.902	1767.12
63.937	1828.06
63.967	1828.06
64.002	1767.12
64.037	1706.19
64.067	1706.19
64.102	1645.25
64.137	1645.25
64.167	1584.32
64.202	1584.32
64.237	1645.25
64.267	1645.25
64.302	1706.19
64.337	1706.19
64.367	1706.19
64.402	1706.19
64.437	1767.12
64.467	1767.12
64.502	1706.19
64.537	1645.25
64.567	1645.25
64.602	1706.19
64.637	1706.19
64.667	1645.25
64.702	1645.25
64.737	1706.19
64.767	1706.19
64.802	1767.12
64.837	1645.25
64.867	1645.25
64.902	1706.19
64.937	1706.19
64.967	1645.25
65.002	1645.25
65.037	1584.32
65.067	1584.32
65.102	1523.38
65.137	1584.32
65.167	1584.32
65.202	1523.38
65.237	1523.38
65.267	1523.38
65.302	1523.38
65.337	1645.25
65.367	1645.25
65.402	1706.19
65.437	1706.19
65.467	1645.25
65.502	1645.25
65.537	1584.32
65.567	1584.32
65.602	1523.38
65.637	1523.38
65.667	1523.38
65.702	1584.32
65.737	1584.32
65.767	1584.32
65.802	1523.38
65.837	1523.38
65.867	1523.38
65.902	1584.32
65.937	1584.32
65.967	1523.38
66.002	1523.38
66.037	1584.32
66.067	1584.32
66.102	1645.25
66.137	1645.25
66.167	1706.19
66.202	1706.19
66.237	1645.25
66.267	1645.25
66.302	1584.32
66.337	1584.32
66.367	1584.32
66.402	1645.25
66.437	1645.25
66.467	1706.19
66.502	1706.19
66.537	1645.25
66.567	1645.25
66.602	1584.32
66.637	1584.32
66.667	1645.25
66.702	1645.25
66.727	1645.25
66.767	1706.19
66.802	1767.12
66.837	1767.12
66.867	1767.12
66.902	1828.06
66.937	1828.06
66.967	1767.12
67.002	1828.06
67.037	1828.06
67.067	1767.12
67.102	1828.06
67.137	1828.06
67.167	1767.12
67.202	1767.12
67.237	1706.19
67.267	1767.12
67.302	1767.12
67.337	1767.12
67.362	1767.12
67.402	1706.19
67.437	1767.12
67.462	1767.12
67.487	1767.12
67.512	1706.19
67.537	1706.19
67.567	1645.25
67.602	1584.32
67.637	1584.32
67.667	1523.38
67.702	1523.38
67.737	1584.32
67.767	1584.32
67.802	1523.38
67.837	1523.38
67.867	1645.25
67.902	1645.25
67.937	1706.19
67.967	1706.19
68.002	1645.25
68.037	1706.19
68.067	1706.19
68.102	1767.12
68.137	1767.12
68.167	1767.12
68.202	1706.19
68.237	1645.25
68.267	1645.25
68.302	1706.19
68.337	1706.19
68.367	1828.06
68.402	1828.06
68.437	1767.12
68.467	1767.12
68.502	1828.06
68.537	1767.12
68.567	1767.12
68.602	1828.06
68.637	1767.12
68.667	1767.12
68.702	1706.19
68.737	1767.12
68.767	1767.12
68.802	1828.06
68.837	1767.12
68.867	1828.06
68.902	1889
68.937	1889
68.967	1828.06
69.002	1889
69.037	1889
69.067	1828.06
69.102	1889
69.137	1889
69.167	1828.06
69.202	1828.06
69.237	1767.12
69.267	1828.06
69.302	1828.06
69.337	1706.19
69.367	1706.19
69.402	1767.12
69.437	1706.19
69.467	1706.19
69.502	1767.12
69.537	1767.12
69.567	1706.19
69.602	1767.12
69.637	1767.12
69.667	1706.19
69.692	1706.19
69.737	1767.12
69.767	1767.12
69.802	1706.19
69.837	1584.32
69.867	1584.32
69.902	1645.25
69.937	1645.25
69.967	1584.32
70.002	1584.32
70.037	1645.25
70.067	1645.25
70.102	1584.32
70.137	1523.38
70.167	1523.38
70.202	1584.32
70.237	1584.32
70.267	1584.32
70.302	1645.25
70.337	1584.32
70.367	1645.25
70.402	1706.19
70.437	1706.19
70.467	1645.25
70.502	1645.25
70.537	1706.19
70.567	1706.19
70.602	1645.25
70.637	1645.25
70.667	1706.19
70.702	1706.19
70.737	1767.12
70.767	1767.12
70.802	1706.19
70.837	1706.19
70.867	1706.19
70.902	1645.25
70.937	1645.25
70.967	1706.19
71.002	1706.19
71.037	1767.12
71.067	1767.12
71.102	1706.19
71.137	1645.25
71.167	1645.25
71.202	1706.19
71.237	1706.19
71.267	1645.25
71.302	1645.25
71.337	1645.25
71.367	1645.25
71.402	1584.32
71.437	1645.25
71.467	1645.25
71.502	1706.19
71.537	1706.19
71.567	1645.25
71.602	1645.25
71.637	1706.19
71.667	1706.19
71.702	1645.25
71.737	1645.25
71.767	1584.32
71.802	1584.32
71.837	1584.32
71.867	1584.32
71.902	1523.38
71.937	1584.32
71.967	1584.32
72.002	1523.38
72.037	1523.38
72.067	1584.32
72.102	1584.32
72.137	1523.38
72.167	1523.38
72.202	1523.38
72.237	1523.38
72.267	1523.38
72.302	1523.38
72.337	1523.38
72.367	1523.38
72.397	1584.32
72.437	1523.38
72.467	1523.38
72.502	1523.38
72.537	1523.38
72.567	1523.38
72.602	1523.38
72.627	1523.38
72.667	1523.38
72.702	1584.32
72.737	1584.32
72.767	1523.38
72.802	1523.38
72.837	1645.25
72.867	1645.25
72.902	1584.32
72.937	1584.32
72.967	1645.25
73.002	1645.25
73.037	1706.19
73.067	1706.19
73.102	1645.25
73.137	1645.25
73.167	1584.32
73.202	1645.25
73.237	1645.25
73.267	1645.25
73.302	1706.19
73.337	1584.32
73.367	1584.32
73.402	1645.25
73.437	1645.25
73.467	1706.19
73.502	1706.19
73.537	1645.25
73.567	1645.25
73.602	1584.32
73.637	1584.32
73.667	1645.25
73.702	1645.25
73.737	1584.32
73.767	1584.32
73.802	1645.25
73.837	1584.32
73.867	1645.25
73.902	1584.32
73.937	1584.32
73.967	1645.25
74.002	1645.25
74.037	1584.32
74.067	1584.32
74.102	1645.25
74.137	1645.25
74.167	1706.19
74.202	1706.19
74.237	1645.25
74.267	1645.25
74.302	1584.32
74.337	1706.19
74.367	1706.19
74.402	1767.12
74.437	1767.12
74.467	1706.19
74.502	1706.19
74.537	1767.12
74.567	1767.12
74.602	1828.06
74.637	1767.12
74.667	1767.12
74.702	1706.19
74.737	1767.12
74.767	1767.12
74.802	1706.19
74.837	1706.19
74.867	1706.19
74.902	1706.19
74.937	1767.12
74.967	1767.12
75.002	1706.19
75.037	1645.25
75.067	1645.25
75.102	1706.19
75.137	1706.19
75.167	1767.12
75.202	1706.19
75.237	1706.19
75.267	1645.25
75.302	1645.25
75.337	1645.25
75.367	1645.25
75.402	1584.32
75.437	1584.32
75.467	1645.25
75.502	1645.25
75.537	1706.19
75.567	1706.19
75.602	1645.25
75.637	1706.19
75.667	1706.19
75.702	1645.25
75.737	1645.25
75.767	1584.32
75.802	1584.32
75.837	1523.38
75.867	1523.38
75.902	1584.32
75.937	1584.32
75.967	1523.38
76.002	1523.38
76.037	1584.32
76.067	1584.32
76.102	1523.38
76.137	1584.32
76.167	1584.32
76.202	1523.38
76.237	1523.38
76.267	1523.38
76.302	1523.38
76.337	1645.25
76.367	1645.25
76.402	1584.32
76.437	1584.32
76.467	1645.25
76.502	1645.25
76.537	1706.19
76.567	1706.19
76.602	1767.12
76.637	1767.12
76.667	1706.19
76.702	1645.25
76.737	1645.25
76.767	1645.25
76.802	1706.19
76.837	1584.32
76.867	1584.32
76.902	1645.25
76.937	1645.25
76.967	1584.32
77.002	1584.32
77.037	1523.38
77.067	1523.38
77.102	1584.32
77.137	1523.38
77.167	1523.38
77.202	1584.32
77.237	1584.32
77.267	1584.32
77.302	1645.25
77.337	1584.32
77.367	1645.25
77.402	1584.32
77.437	1584.32
77.467	1645.25
77.502	1645.25
77.537	1706.19
77.567	1706.19
77.602	1645.25
77.637	1645.25
77.667	1706.19
77.702	1706.19
77.737	1645.25
77.767	1645.25
77.802	1706.19
77.837	1767.12
77.867	1706.19
77.902	1645.25
77.937	1645.25
77.967	1584.32
78.002	1584.32
78.037	1645.25
78.067	1645.25
78.102	1706.19
78.137	1706.19
78.167	1767.12
78.202	1706.19
78.237	1706.19
78.267	1645.25
78.302	1645.25
78.337	1645.25
78.367	1645.25
78.402	1584.32
78.427	1584.32
78.467	1645.25
78.502	1645.25
78.537	1706.19
78.567	1706.19
78.602	1767.12
78.637	1706.19
78.662	1706.19
78.702	1767.12
78.737	1767.12
78.767	1828.06
78.802	1889
78.837	1949.93
78.867	1949.93
78.902	1889
78.937	1828.06
78.967	1828.06
79.002	1889
79.037	1828.06
79.067	1828.06
79.102	1767.12
79.137	1828.06
79.167	1828.06
79.202	1889
79.237	1949.93
79.262	1949.93
79.287	1949.93
79.312	2010.87
79.337	2071.8
79.367	2010.87
79.402	1949.93
79.437	1949.93
79.462	1889
79.502	1949.93
79.537	1949.93
79.567	2010.87
79.602	2071.8
79.637	2071.8
79.667	2132.74
79.702	2132.74
79.727	2071.8
79.767	2132.74
79.802	2132.74
79.837	2132.74
79.867	2132.74
79.902	2193.67
79.937	2132.74
79.967	2132.74
80.002	2193.67
80.037	2132.74
80.067	2132.74
80.102	2193.67
80.137	2132.74
80.167	2132.74
80.202	2193.67
80.237	2132.74
80.267	2132.74
80.302	2193.67
80.337	2071.8
80.367	2071.8
80.402	2132.74
80.437	2071.8
80.467	2071.8
80.502	2132.74
80.537	2193.67
80.567	2193.67
80.602	2132.74
80.637	2071.8
80.667	2071.8
80.702	2132.74
80.737	2071.8
80.767	2071.8
80.802	2010.87
80.837	1889
80.867	1889
80.892	1949.93
80.937	1889
80.967	1889
81.002	1828.06
81.037	1889
81.067	1889
81.102	1828.06
81.137	1889
81.167	1889
81.202	1828.06
81.237	1889
81.267	1889
81.302	1828.06
81.337	1828.06
81.367	1949.93
81.402	2010.87
81.437	2010.87
81.467	2071.8
81.502	2010.87
81.537	2010.87
81.567	1949.93
81.602	2010.87
81.637	2010.87
81.667	2071.8
81.702	2071.8
81.732	2132.74
81.767	2193.67
81.802	2254.61
81.837	2315.54
81.867	2376.48
81.902	2437.41
81.937	2437.41
81.967	2376.48
82.002	2315.54
82.037	2254.61
82.067	2254.61
82.102	2193.67
82.137	2254.61
82.167	2254.61
82.202	2315.54
82.237	2254.61
82.267	2315.54
82.302	2315.54
82.337	2193.67
82.367	2132.74
82.402	2193.67
82.427	2193.67
82.467	2132.74
82.502	2193.67
82.537	2254.61
82.567	2254.61
82.602	2193.67
82.637	2132.74
82.667	2132.74
82.702	2193.67
82.737	2132.74
82.767	2193.67
82.802	2132.74
82.837	2193.67
82.867	2132.74
82.902	2193.67
82.937	2254.61
82.967	2254.61
83.002	2193.67
83.037	2254.61
83.067	2254.61
83.102	2315.54
83.137	2254.61
83.167	2315.54
83.202	2254.61
83.237	2254.61
83.267	2193.67
83.302	2254.61
83.337	2254.61
83.367	2254.61
83.402	2193.67
83.437	2132.74
83.467	2132.74
83.502	2071.8
83.532	2071.8
83.567	2010.87
83.602	2071.8
83.637	2132.74
83.667	2132.74
83.702	2071.8
83.737	2071.8
83.767	2132.74
83.802	2071.8
83.837	2071.8
83.867	2193.67
83.902	2254.61
83.927	2254.61
83.967	2315.54
84.002	2254.61
84.037	2193.67
84.067	2193.67
84.102	2132.74
84.137	2071.8
84.167	2132.74
84.202	2132.74
84.237	2071.8
84.267	2071.8
84.302	2132.74
84.337	2132.74
84.367	2132.74
84.402	2071.8
84.437	2132.74
84.467	2132.74
84.502	2071.8
84.537	2010.87
84.567	2010.87
84.602	1949.93
84.632	1949.93
84.667	2010.87
84.702	2071.8
84.737	2071.8
84.767	2010.87
84.802	2071.8
84.837	2071.8
84.867	1949.93
84.902	2010.87
84.927	2010.87
84.967	2071.8
85.002	2071.8
85.037	2010.87
85.067	2010.87
85.102	2071.8
85.137	2010.87
85.167	2010.87
85.202	2071.8
85.232	2071.8
85.267	2010.87
85.292	2071.8
85.337	2193.67
85.367	2193.67
85.392	2132.74
85.437	2193.67
85.467	2193.67
85.497	2254.61
85.537	2193.67
85.567	2254.61
85.602	2254.61
85.637	2193.67
85.667	2132.74
85.702	2193.67
85.737	2193.67
85.767	2132.74
85.802	2071.8
85.837	2010.87
85.867	1949.93
85.902	2010.87
85.937	2010.87
85.967	2010.87
86.002	2071.8
86.037	2010.87
86.067	2071.8
86.102	2071.8
86.137	2010.87
86.167	2010.87
86.202	2071.8
86.237	2010.87
86.267	2010.87
86.302	2071.8
86.337	2071.8
86.367	2071.8
86.402	2010.87
86.437	2071.8
86.467	2071.8
86.502	2010.87
86.537	2071.8
86.567	2071.8
86.602	2010.87
86.637	2010.87
86.667	2071.8
86.702	2010.87
86.737	2010.87
86.767	2071.8
86.802	2010.87
86.837	2010.87
86.867	1889
86.902	1949.93
86.937	1949.93
86.962	1949.93
87.002	1949.93
87.037	1949.93
87.067	1889
87.102	1828.06
87.137	1828.06
87.167	1767.12
87.202	1767.12
87.237	1706.19
87.267	1706.19
87.302	1767.12
87.337	1828.06
87.367	1828.06
87.397	1767.12
87.437	1706.19
87.467	1706.19
87.502	1645.25
87.537	1645.25
87.567	1584.32
87.602	1584.32
87.637	1645.25
87.667	1645.25
87.702	1584.32
87.737	1584.32
87.762	1645.25
87.792	1645.25
87.837	1584.32
87.867	1523.38
87.902	1584.32
87.937	1645.25
87.967	1645.25
88.002	1584.32
88.037	1584.32
88.067	1523.38
88.102	1523.38
88.127	1523.38
88.167	1584.32
88.192	1523.38
88.237	1584.32
88.267	1584.32
88.297	1584.32
88.337	1523.38
88.367	1523.38
88.402	1523.38
88.437	1523.38
88.467	1523.38
88.502	1523.38
88.537	1523.38
88.567	1584.32
88.602	1584.32
88.637	1523.38
88.667	1523.38
88.702	1584.32
88.737	1523.38
88.767	1523.38
88.802	1584.32
88.837	1584.32
88.867	1584.32
88.902	1584.32
88.937	1645.25
88.967	1645.25
89.002	1706.19
89.037	1706.19
89.067	1645.25
89.102	1645.25
89.137	1706.19
89.167	1706.19
89.192	1706.19
89.237	1767.12
89.267	1706.19
89.302	1706.19
89.337	1706.19
89.367	1706.19
89.402	1767.12
89.437	1706.19
89.467	1706.19
89.502	1767.12
89.537	1767.12
89.567	1706.19
89.602	1706.19
89.637	1645.25
89.667	1645.25
89.702	1706.19
89.737	1706.19
89.767	1645.25
89.802	1706.19
89.837	1706.19
89.867	1706.19
89.902	1706.19
89.937	1645.25
89.967	1645.25
89.992	1645.25
90.017	1584.32
90.042	1584.32
90.067	1523.38
90.102	1523.38
90.137	1584.32
90.167	1584.32
90.202	1523.38
90.237	1523.38
90.267	1584.32
90.302	1523.38
90.337	1523.38
90.367	1523.38
90.402	1584.32
90.437	1645.25
90.467	1645.25
90.502	1645.25
90.527	1706.19
90.567	1645.25
90.602	1645.25
90.637	1584.32
90.667	1584.32
90.702	1523.38
90.727	1523.38
90.762	1523.38
90.787	1584.32
90.812	1523.38
90.837	1584.32
90.867	1584.32
90.902	1645.25
90.937	1584.32
90.967	1584.32
91.002	1645.25
91.037	1645.25
91.067	1584.32
91.102	1584.32
91.137	1523.38
91.167	1523.38
91.202	1523.38
91.237	1523.38
91.267	1584.32
91.292	1584.32
91.337	1706.19
91.367	1706.19
91.402	1645.25
91.437	1706.19
91.467	1706.19
91.502	1767.12
91.537	1767.12
91.567	1767.12
91.602	1828.06
91.637	1889
91.667	1889
91.702	1949.93
91.737	1949.93
91.767	1889
91.802	1949.93
91.837	1949.93
91.867	1828.06
91.902	1889
91.937	1889
91.967	1949.93
92.002	1949.93
92.037	1889
92.067	1889
92.102	1949.93
92.137	1889
92.167	1889
92.202	1949.93
92.237	1889
92.267	1889
92.302	1949.93
92.337	1828.06
92.367	1828.06
92.402	1767.12
92.437	1706.19
92.467	1706.19
92.502	1767.12
92.537	1767.12
92.567	1706.19
92.602	1706.19
92.637	1645.25
92.667	1645.25
92.692	1645.25
92.737	1706.19
92.767	1645.25
92.792	1645.25
92.837	1706.19
92.867	1706.19
92.902	1584.32
92.937	1523.38
92.967	1523.38
93.002	1584.32
93.037	1584.32
93.067	1645.25
93.102	1645.25
93.137	1584.32
93.167	1584.32
93.202	1645.25
93.237	1645.25
93.267	1584.32
93.302	1584.32
93.337	1706.19
93.367	1706.19
93.397	1767.12
93.422	1767.12
93.447	1706.19
93.472	1706.19
93.502	1767.12
93.537	1767.12
93.567	1706.19
93.602	1706.19
93.637	1767.12
93.667	1767.12
93.702	1706.19
93.737	1706.19
93.767	1645.25
93.802	1645.25
93.837	1645.25
93.867	1645.25
93.902	1584.32
93.937	1584.32
93.967	1645.25
94.002	1645.25
94.037	1584.32
94.067	1584.32
94.102	1645.25
94.137	1584.32
94.167	1584.32
94.202	1523.38
94.237	1523.38
94.267	1584.32
94.302	1584.32
94.337	1584.32
94.367	1584.32
94.402	1645.25
94.437	1584.32
94.467	1584.32
94.497	1584.32
94.522	1645.25
94.567	1645.25
94.602	1706.19
94.637	1645.25
94.667	1645.25
94.702	1706.19
94.737	1706.19
94.762	1706.19
94.802	1767.12
94.827	1767.12
94.867	1645.25
94.902	1706.19
94.937	1706.19
94.967	1645.25
95.002	1645.25
95.037	1706.19
95.067	1706.19
95.102	1645.25
95.137	1706.19
95.167	1706.19
95.202	1706.19
95.237	1767.12
95.267	1767.12
95.302	1828.06
95.337	1706.19
95.367	1706.19
95.402	1645.25
95.437	1645.25
95.467	1706.19
95.502	1706.19
95.537	1767.12
95.567	1767.12
95.602	1706.19
95.637	1645.25
95.667	1645.25
95.702	1706.19
95.737	1706.19
95.767	1645.25
95.802	1645.25
95.837	1767.12
95.867	1767.12
95.892	1767.12
95.922	1828.06
95.947	1767.12
95.972	1767.12
96.002	1706.19
96.037	1706.19
96.067	1645.25
96.102	1645.25
96.137	1706.19
96.167	1706.19
96.202	1767.12
96.237	1767.12
96.267	1706.19
96.302	1706.19
96.337	1828.06
96.367	1889
96.402	1889
96.437	1828.06
96.467	1828.06
96.492	1767.12
96.537	1767.12
96.567	1828.06
96.602	1767.12
96.637	1767.12
96.662	1767.12
96.702	1706.19
96.737	1767.12
96.767	1767.12
96.802	1706.19
96.837	1706.19
96.867	1706.19
96.902	1706.19
96.937	1645.25
96.967	1645.25
97.002	1584.32
97.037	1584.32
97.067	1523.38
97.102	1523.38
97.137	1584.32
97.167	1584.32
97.202	1523.38
97.237	1584.32
97.267	1584.32
97.302	1645.25
97.337	1645.25
97.367	1645.25
97.402	1645.25
97.437	1584.32
97.467	1584.32
97.502	1523.38
97.537	1523.38
97.567	1584.32
97.602	1584.32
97.637	1523.38
97.667	1523.38
97.702	1584.32
97.737	1584.32
97.767	1523.38
97.802	1584.32
97.837	1523.38
97.867	1523.38
97.892	1523.38
97.937	1584.32
97.967	1584.32
98.002	1584.32
98.037	1523.38
98.062	1523.38
98.102	1523.38
98.137	1584.32
98.167	1584.32
98.202	1523.38
98.237	1523.38
98.267	1584.32
98.302	1584.32
98.337	1584.32
98.367	1584.32
98.402	1645.25
98.437	1584.32
98.467	1584.32
98.502	1645.25
98.537	1645.25
98.567	1645.25
98.602	1706.19
98.637	1645.25
98.667	1645.25
98.702	1706.19
98.737	1706.19
98.767	1767.12
98.802	1767.12
98.837	1767.12
98.867	1767.12
98.902	1706.19
98.927	1706.19
98.967	1767.12
99.002	1767.12
99.037	1706.19
99.067	1706.19
99.097	1767.12
99.137	1828.06
99.167	1828.06
99.202	1767.12
99.237	1767.12
99.267	1828.06
99.302	1767.12
99.337	1767.12
99.367	1645.25
99.397	1645.25
99.437	1706.19
99.467	1706.19
99.502	1767.12
99.537	1706.19
99.567	1706.19
99.602	1767.12
99.637	1767.12
99.667	1706.19
99.702	1706.19
99.737	1645.25
99.767	1645.25
99.802	1706.19
99.837	1706.19
99.867	1706.19
99.892	1706.19
99.937	1767.12
99.967	1767.12
100.002	1706.19
100.037	1645.25
100.067	1645.25
100.102	1706.19
100.137	1706.19
100.167	1645.25
100.192	1645.25
100.237	1706.19
100.267	1706.19
100.302	1645.25
100.337	1706.19
100.367	1767.12
100.402	1767.12
100.437	1828.06
100.467	1828.06
100.497	1889
100.537	1828.06
100.567	1828.06
100.602	1767.12
100.637	1706.19
100.667	1706.19
100.702	1645.25
100.737	1645.25
100.767	1706.19
100.802	1706.19
100.837	1706.19
100.867	1706.19
100.902	1645.25
100.937	1706.19
100.967	1706.19
101.002	1706.19
101.037	1767.12
101.067	1767.12
101.102	1706.19
101.137	1767.12
101.167	1767.12
101.202	1706.19
101.237	1706.19
101.262	1706.19
101.302	1767.12
101.337	1645.25
101.362	1645.25
101.387	1645.25
101.412	1584.32
101.437	1645.25
101.467	1645.25
101.502	1584.32
101.537	1584.32
101.567	1584.32
101.592	1645.25
101.622	1645.25
101.667	1706.19
101.702	1645.25
101.737	1645.25
101.767	1706.19
101.802	1706.19
101.837	1706.19
101.867	1706.19
101.902	1767.12
101.937	1767.12
101.967	1706.19
102.002	1767.12
102.037	1767.12
102.067	1767.12
102.102	1828.06
102.137	1889
102.167	1889
102.202	1949.93
102.237	1889
102.267	1889
102.302	1949.93
102.337	1949.93
102.367	1828.06
102.402	1889
102.437	1889
102.467	1828.06
102.502	1828.06
102.537	1767.12
102.567	1828.06
102.602	1828.06
102.637	1767.12
102.667	1767.12
102.702	1828.06
102.727	1828.06
102.762	1889
102.802	1828.06
102.827	1828.06
102.862	1949.93
102.902	1889
102.937	1949.93
102.967	1949.93
103.002	1889
103.037	1889
103.067	1828.06
103.092	1828.06
103.137	1889
103.167	1828.06
103.202	1889
103.227	1889
103.267	1828.06
103.302	1889
103.337	1889
103.362	1889
103.402	1767.12
103.437	1706.19
103.467	1706.19
103.502	1767.12
103.537	1767.12
103.567	1706.19
103.592	1706.19
103.637	1767.12
103.667	1767.12
103.697	1706.19
103.737	1767.12
103.762	1767.12
103.802	1828.06
103.837	1828.06
103.867	1828.06
103.902	1828.06
103.937	1889
103.967	1889
104.002	1949.93
104.037	2010.87
104.067	2010.87
104.102	1949.93
104.137	2010.87
104.167	2010.87
104.197	2071.8
104.237	2071.8
104.267	2010.87
104.302	1949.93
104.337	1949.93
104.367	1828.06
104.402	1889
104.437	1889
104.467	1889
104.502	1828.06
104.537	1889
104.567	1949.93
104.602	1949.93
104.637	1889
104.667	1889
104.702	1828.06
104.737	1767.12
104.767	1767.12
104.802	1828.06
104.837	1828.06
104.867	1828.06
104.902	1767.12
104.937	1828.06
104.967	1828.06
105.002	1889
105.037	1889
105.067	1828.06
105.102	1889
105.137	1889
105.167	1949.93
105.202	2010.87
105.237	2010.87
105.267	2010.87
105.292	1949.93
105.337	1949.93
105.367	1949.93
105.402	2010.87
105.437	2071.8
105.467	2071.8
105.502	2010.87
105.537	2071.8
105.567	2071.8
105.602	2010.87
105.627	2010.87
105.667	2071.8
105.702	2010.87
105.737	2010.87
105.767	1949.93
105.802	2010.87
105.837	2010.87
105.867	2010.87
105.902	2071.8
105.937	2071.8
105.967	2010.87
106.002	2071.8
106.037	2071.8
106.067	2010.87
106.102	2010.87
106.137	2071.8
106.167	2010.87
106.202	2010.87
106.237	1949.93
106.267	2010.87
106.302	2010.87
106.337	1889
106.367	1889
106.402	1949.93
106.437	2010.87
106.467	2010.87
106.502	1949.93
106.537	1889
106.567	1889
106.602	1828.06
106.637	1889
106.667	1889
106.702	1828.06
106.737	1889
106.762	1889
106.802	1828.06
106.837	1828.06
106.867	1828.06
106.902	1889
106.937	1889
106.967	1828.06
107.002	1889
107.037	1889
107.067	1828.06
107.097	1828.06
107.137	1767.12
107.167	1828.06
107.202	1828.06
107.237	1767.12
107.267	1767.12
107.302	1828.06
107.337	1767.12
107.367	1767.12
107.402	1828.06
107.437	1828.06
107.467	1767.12
107.502	1767.12
107.537	1706.19
107.567	1767.12
107.602	1767.12
107.637	1706.19
107.667	1706.19
107.702	1645.25
107.737	1645.25
107.767	1706.19
107.802	1706.19
107.837	1706.19
107.867	1706.19
107.902	1767.12
107.937	1706.19
107.967	1706.19
108.002	1645.25
108.037	1645.25
108.067	1645.25
108.102	1706.19
108.137	1645.25
108.167	1645.25
108.202	1584.32
108.237	1584.32
108.267	1645.25
108.302	1584.32
108.337	1523.38
108.362	1523.38
108.387	1523.38
108.412	1584.32
108.437	1645.25
108.467	1645.25
108.502	1584.32
108.537	1584.32
108.567	1523.38
108.597	1523.38
108.637	1523.38
108.667	1523.38
108.702	1584.32
108.737	1584.32
108.767	1523.38
108.802	1523.38
108.837	1645.25
108.867	1645.25
108.902	1706.19
108.937	1706.19
108.967	1645.25
109.002	1706.19
109.037	1706.19
109.067	1706.19
109.102	1645.25
109.137	1584.32
109.167	1584.32
109.202	1523.38
109.237	1523.38
109.267	1584.32
109.302	1584.32
109.337	1523.38
109.367	1523.38
109.402	1523.38
109.437	1523.38
109.467	1584.32
109.502	1584.32
109.537	1523.38
109.567	1523.38
109.602	1584.32
109.637	1523.38
109.667	1523.38
109.702	1523.38
109.737	1523.38
109.767	1523.38
109.802	1584.32
109.837	1523.38
109.867	1523.38
109.902	1523.38
109.937	1523.38
109.967	1584.32
110.002	1584.32
110.037	1523.38
110.062	1523.38
110.102	1523.38
110.137	1523.38
110.167	1584.32
110.192	1584.32
110.237	1645.25
110.267	1645.25
110.302	1706.19
110.337	1706.19
110.367	1706.19
110.392	1706.19
110.437	1645.25
110.467	1706.19
110.502	1706.19
110.537	1645.25
110.567	1645.25
110.602	1706.19
110.637	1706.19
110.667	1767.12
110.702	1767.12
110.737	1706.19
110.767	1706.19
110.802	1645.25
110.837	1706.19
110.867	1767.12
110.902	1828.06
110.937	1828.06
110.967	1828.06
111.002	1767.12
111.037	1706.19
111.067	1706.19
111.102	1767.12
111.137	1767.12
111.167	1828.06
111.202	1767.12
111.237	1767.12
111.267	1706.19
111.302	1706.19
111.337	1828.06
111.367	1828.06
111.402	1767.12
111.437	1706.19
111.467	1706.19
111.502	1706.19
111.537	1767.12
111.567	1706.19
111.602	1706.19
111.637	1645.25
111.667	1645.25
111.702	1706.19
111.737	1645.25
111.767	1645.25
111.802	1706.19
111.837	1706.19
111.867	1706.19
111.902	1706.19
111.937	1706.19
111.967	1767.12
112.002	1828.06
112.037	1828.06
112.067	1767.12
112.102	1828.06
112.137	1828.06
112.167	1889
112.202	1889
112.227	1828.06
112.267	1889
112.302	1889
112.337	1767.12
112.367	1767.12
112.402	1828.06
112.437	1889
112.467	1889
112.502	1828.06
112.537	1889
112.567	1889
112.602	1949.93
112.637	1949.93
112.667	1889
112.702	1949.93
112.737	1949.93
112.767	2010.87
112.802	2071.8
112.837	2071.8
112.867	1949.93
112.902	2010.87
112.937	2010.87
112.967	1949.93
113.002	1949.93
113.037	1889
113.067	1949.93
113.102	1949.93
113.137	1889
113.167	1889
113.202	1949.93
113.237	1889
113.267	1889
113.302	1828.06
113.327	1828.06
113.367	1828.06
113.402	1889
113.437	1949.93
113.467	1949.93
113.502	2010.87
113.537	2010.87
113.567	1949.93
113.602	1949.93
113.637	2010.87
113.667	1949.93
113.702	2010.87
113.737	2010.87
113.767	1949.93
113.802	1949.93
113.837	1949.93
113.867	2010.87
113.902	2010.87
113.937	1949.93
113.967	1949.93
113.997	2010.87
114.037	1949.93
114.067	1949.93
114.102	2010.87
114.137	1949.93
114.167	1949.93
114.197	2010.87
114.227	2010.87
114.267	2071.8
114.302	2010.87
114.337	2132.74
114.367	2132.74
114.402	2071.8
114.432	2071.8
114.467	2132.74
114.502	2193.67
114.537	2132.74
114.567	2132.74
114.597	2193.67
114.637	2193.67
114.667	2132.74
114.702	2071.8
114.737	2071.8
114.767	2010.87
114.802	1949.93
114.837	2010.87
114.867	2071.8
114.902	2010.87
114.937	2010.87
114.967	1949.93
115.002	2010.87
115.027	2010.87
115.067	1949.93
115.102	2010.87
115.137	2010.87
115.167	1949.93
115.202	2010.87
115.237	2010.87
115.267	1949.93
115.302	1949.93
115.337	1828.06
115.367	1889
115.402	1889
115.437	1828.06
115.467	1828.06
115.502	1889
115.537	1949.93
115.567	1949.93
115.602	1889
115.637	1949.93
115.667	1949.93
115.702	1889
115.737	1949.93
115.762	1949.93
115.787	1949.93
115.812	1889
115.837	1889
115.867	1767.12
115.892	1767.12
115.917	1828.06
115.942	1828.06
115.967	1767.12
116.002	1706.19
116.027	1706.19
116.067	1645.25
116.102	1645.25
116.137	1706.19
116.167	1706.19
116.192	1706.19
116.237	1645.25
116.267	1706.19
116.292	1706.19
116.337	1767.12
116.367	1767.12
116.402	1889
116.437	1828.06
116.467	1828.06
116.502	1767.12
116.537	1767.12
116.567	1828.06
116.602	1828.06
116.637	1767.12
116.667	1767.12
116.702	1706.19
116.737	1767.12
116.767	1767.12
116.802	1828.06
116.837	1828.06
116.867	1949.93
116.902	1949.93
116.937	1889
116.967	1949.93
117.002	1949.93
117.037	1889
117.067	1889
117.102	1949.93
117.137	1889
117.167	1889
117.202	1828.06
117.237	1889
117.267	1889
117.297	1828.06
117.337	1889
117.367	1828.06
117.402	1767.12
117.437	1767.12
117.467	1706.19
117.502	1767.12
117.537	1767.12
117.567	1706.19
117.602	1706.19
117.637	1767.12
117.667	1767.12
117.702	1828.06
117.737	1828.06
117.767	1767.12
117.802	1828.06
117.837	1828.06
117.867	1767.12
117.892	1828.06
117.922	1828.06
117.947	1889
117.972	1828.06
118.002	1828.06
118.027	1828.06
118.067	1889
118.102	1828.06
118.137	1767.12
118.167	1767.12
118.202	1706.19
118.237	1706.19
118.267	1767.12
118.302	1828.06
118.337	1828.06
118.367	1828.06
118.402	1828.06
118.437	1767.12
118.467	1828.06
118.502	1828.06
118.537	1889
118.567	1889
118.602	1828.06
118.637	1889
118.667	1889
118.702	1828.06
118.737	1889
118.767	1889
118.792	1889
118.837	1828.06
118.867	1828.06
118.902	1767.12
118.937	1767.12
118.967	1828.06
119.002	1889
119.037	1889
119.067	1828.06
119.102	1828.06
119.137	1767.12
119.167	1828.06
119.202	1828.06
119.237	1767.12
119.267	1767.12
119.302	1828.06
119.337	1828.06
119.367	1828.06
119.402	1767.12
119.437	1828.06
119.467	1828.06
119.502	1767.12
119.537	1828.06
119.567	1828.06
119.592	1828.06
119.637	1828.06
119.667	1828.06
119.702	1767.12
119.737	1706.19
119.767	1706.19
119.802	1645.25
119.837	1645.25
119.867	1645.25
119.902	1645.25
119.937	1584.32
119.967	1584.32
120.002	1523.38
120.037	1584.32
120.067	1584.32
120.102	1523.38
120.137	1523.38
120.167	1523.38
120.202	1584.32
120.237	1523.38
120.267	1523.38
120.302	1584.32
120.337	1584.32
120.367	1584.32
120.402	1584.32
120.437	1645.25
120.467	1645.25
120.502	1584.32
120.537	1584.32
120.567	1645.25
120.602	1584.32
120.637	1584.32
120.667	1584.32
120.702	1645.25
120.737	1584.32
120.767	1584.32
120.802	1645.25
120.837	1645.25
120.867	1706.19
120.902	1645.25
120.937	1584.32
120.967	1584.32
121.002	1645.25
121.037	1645.25
121.067	1584.32
121.102	1584.32
121.137	1523.38
121.167	1523.38
121.202	1584.32
121.237	1645.25
121.267	1645.25
121.302	1645.25
121.337	1584.32
121.367	1584.32
121.402	1584.32
121.437	1523.38
121.467	1523.38
121.502	1523.38
121.537	1523.38
121.567	1523.38
121.602	1523.38
121.637	1584.32
121.667	1584.32
121.702	1523.38
121.737	1523.38
121.767	1523.38
121.802	1523.38
121.837	1523.38
121.867	1523.38
121.892	1645.25
121.937	1584.32
121.967	1584.32
122.002	1645.25
122.037	1645.25
122.067	1706.19
122.102	1706.19
122.137	1645.25
122.167	1645.25
122.202	1706.19
122.237	1706.19
122.267	1767.12
122.302	1767.12
122.337	1767.12
122.367	1767.12
122.402	1706.19
122.437	1706.19
122.467	1645.25
122.502	1584.32
122.537	1584.32
122.567	1645.25
122.602	1645.25
122.637	1584.32
122.667	1584.32
122.702	1523.38
122.737	1523.38
122.767	1584.32
122.802	1523.38
122.837	1584.32
122.867	1584.32
122.902	1645.25
122.937	1706.19
122.967	1706.19
123.002	1645.25
123.037	1645.25
123.067	1706.19
123.102	1706.19
123.137	1645.25
123.167	1645.25
123.202	1706.19
123.237	1706.19
123.267	1645.25
123.302	1645.25
123.337	1645.25
123.367	1645.25
123.402	1645.25
123.437	1645.25
123.467	1645.25
123.502	1584.32
123.537	1584.32
123.567	1645.25
123.602	1645.25
123.637	1706.19
123.667	1706.19
123.702	1767.12
123.737	1767.12
123.767	1706.19
123.802	1767.12
123.837	1828.06
123.867	1767.12
123.902	1767.12
123.937	1706.19
123.967	1706.19
123.992	1767.12
124.037	1828.06
124.067	1828.06
124.102	1767.12
124.137	1828.06
124.167	1828.06
124.197	1828.06
124.237	1767.12
124.267	1828.06
124.297	1828.06
124.337	1767.12
124.367	1767.12
124.402	1767.12
124.437	1828.06
124.467	1828.06
124.502	1767.12
124.537	1706.19
124.567	1706.19
124.602	1767.12
124.637	1767.12
124.667	1706.19
124.702	1706.19
124.737	1767.12
124.767	1767.12
124.802	1706.19
124.837	1706.19
124.867	1706.19
124.902	1706.19
124.937	1767.12
124.967	1767.12
125.002	1706.19
125.037	1645.25
125.067	1645.25
125.102	1706.19
125.137	1706.19
125.167	1645.25
125.202	1645.25
125.237	1584.32
125.267	1584.32
125.302	1645.25
125.337	1645.25
125.367	1645.25
125.402	1645.25
125.437	1706.19
125.467	1706.19
125.502	1767.12
125.537	1706.19
125.567	1706.19
125.602	1767.12
125.637	1767.12
125.667	1706.19
125.702	1645.25
125.737	1645.25
125.767	1584.32
125.802	1584.32
125.837	1584.32
125.867	1584.32
125.902	1523.38
125.937	1523.38
125.967	1584.32
126.002	1584.32
126.037	1523.38
126.067	1523.38
126.102	1584.32
126.137	1523.38
126.167	1523.38
126.202	1584.32
126.237	1584.32
126.267	1584.32
126.302	1523.38
126.337	1523.38
126.367	1523.38
126.402	1584.32
126.437	1584.32
126.467	1523.38
126.502	1523.38
126.537	1523.38
126.567	1523.38
126.602	1584.32
126.637	1645.25
126.667	1645.25
126.702	1645.25
126.737	1706.19
126.767	1706.19
126.802	1645.25
126.837	1706.19
126.867	1767.12
126.902	1706.19
126.937	1706.19
126.967	1767.12
127.002	1767.12
127.037	1706.19
127.067	1706.19
127.102	1767.12
127.137	1828.06
127.167	1828.06
127.202	1767.12
127.237	1828.06
127.267	1828.06
127.302	1767.12
127.337	1706.19
127.367	1645.25
127.402	1584.32
127.437	1584.32
127.467	1645.25
127.502	1645.25
127.537	1706.19
127.567	1706.19
127.602	1645.25
127.637	1645.25
127.667	1706.19
127.702	1706.19
127.737	1645.25
127.767	1645.25
127.802	1706.19
127.837	1645.25
127.867	1584.32
127.902	1523.38
127.937	1523.38
127.967	1584.32
128.002	1584.32
128.037	1645.25
128.067	1645.25
128.102	1584.32
128.137	1584.32
128.167	1645.25
128.202	1645.25
128.237	1584.32
128.267	1584.32
128.302	1645.25
128.337	1706.19
128.367	1767.12
128.397	1767.12
128.437	1706.19
128.467	1767.12
128.502	1767.12
128.537	1706.19
128.567	1706.19
128.602	1767.12
128.627	1767.12
128.667	1828.06
128.697	1889
128.737	1828.06
128.767	1828.06
128.802	1767.12
128.837	1706.19
128.867	1645.25
128.897	1645.25
128.937	1706.19
128.967	1645.25
129.002	1645.25
129.037	1584.32
129.067	1584.32
129.102	1645.25
129.137	1645.25
129.167	1706.19
129.202	1706.19
129.237	1645.25
129.267	1645.25
129.302	1584.32
129.337	1645.25
129.367	1706.19
129.402	1767.12
129.437	1767.12
129.467	1706.19
129.502	1706.19
129.537	1767.12
129.567	1767.12
129.602	1706.19
129.637	1767.12
129.667	1767.12
129.692	1767.12
129.737	1767.12
129.767	1767.12
129.802	1706.19
129.837	1706.19
129.867	1706.19
129.902	1706.19
129.937	1767.12
129.967	1767.12
130.002	1706.19
130.037	1645.25
130.067	1645.25
130.102	1706.19
130.137	1706.19
130.167	1767.12
130.202	1706.19
130.237	1706.19
130.267	1706.19
130.302	1767.12
130.337	1645.25
130.367	1645.25
130.402	1584.32
130.437	1584.32
130.467	1645.25
130.492	1645.25
130.537	1706.19
130.567	1706.19
130.602	1645.25
130.637	1706.19
130.667	1706.19
130.702	1767.12
130.737	1767.12
130.767	1706.19
130.802	1706.19
130.837	1584.32
130.867	1584.32
130.902	1523.38
130.937	1584.32
130.967	1584.32
131.002	1645.25
131.037	1645.25
131.067	1645.25
131.102	1584.32
131.137	1645.25
131.167	1645.25
131.202	1706.19
131.227	1706.19
131.267	1767.12
131.302	1767.12
131.337	1767.12
131.367	1767.12
131.402	1706.19
131.437	1706.19
131.467	1767.12
131.502	1706.19
131.537	1706.19
131.567	1645.25
131.602	1645.25
131.637	1706.19
131.667	1706.19
131.702	1645.25
131.737	1645.25
131.767	1706.19
131.802	1706.19
131.837	1706.19
131.867	1706.19
131.902	1706.19
131.937	1706.19
131.967	1645.25
132.002	1584.32
132.037	1584.32
132.067	1584.32
132.102	1523.38
132.137	1584.32
132.167	1584.32
132.192	1584.32
132.237	1645.25
132.267	1706.19
132.302	1706.19
132.337	1828.06
132.367	1828.06
132.402	1767.12
132.437	1706.19
132.467	1706.19
132.502	1767.12
132.537	1767.12
132.567	1706.19
132.602	1767.12
132.637	1767.12
132.667	1828.06
132.702	1828.06
132.737	1767.12
132.767	1828.06
132.802	1828.06
132.837	1828.06
132.867	1828.06
132.902	1889
132.937	1828.06
132.967	1828.06
133.002	1767.12
133.037	1828.06
133.067	1828.06
133.102	1767.12
133.137	1828.06
133.167	1828.06
133.202	1767.12
133.237	1828.06
133.267	1828.06
133.302	1767.12
133.337	1767.12
133.367	1645.25
133.402	1584.32
133.437	1584.32
133.467	1645.25
133.502	1645.25
133.537	1706.19
133.567	1706.19
133.602	1645.25
133.637	1645.25
133.667	1706.19
133.702	1706.19
133.737	1645.25
133.767	1645.25
133.802	1706.19
133.837	1645.25
133.867	1584.32
133.902	1523.38
133.937	1523.38
133.967	1584.32
134.002	1584.32
134.037	1645.25
134.067	1645.25
134.102	1584.32
134.127	1584.32
134.152	1584.32
134.177	1645.25
134.202	1645.25
134.237	1584.32
134.267	1584.32
134.302	1645.25
134.337	1645.25
134.367	1645.25
134.402	1706.19
134.437	1706.19
134.467	1645.25
134.502	1645.25
134.537	1706.19
134.567	1706.19
134.602	1767.12
134.637	1767.12
134.667	1706.19
134.702	1706.19
134.737	1645.25
134.767	1645.25
134.802	1706.19
134.837	1645.25
134.867	1706.19
134.902	1706.19
134.937	1706.19
134.967	1706.19
135.002	1706.19
135.037	1706.19
135.067	1706.19
135.102	1645.25
135.137	1645.25
135.167	1584.32
135.202	1584.32
135.237	1645.25
135.267	1645.25
135.302	1584.32
135.337	1645.25
135.367	1584.32
135.402	1645.25
135.437	1645.25
135.467	1645.25
135.502	1584.32
135.537	1523.38
135.567	1523.38
135.602	1523.38
135.637	1523.38
135.667	1584.32
135.702	1584.32
135.737	1523.38
135.767	1523.38
135.802	1584.32
135.837	1523.38
135.867	1584.32
135.902	1645.25
135.937	1645.25
135.967	1645.25
135.992	1584.32
136.037	1645.25
136.067	1645.25
136.102	1706.19
136.137	1706.19
136.167	1645.25
136.202	1645.25
136.237	1706.19
136.267	1706.19
136.302	1767.12
136.337	1767.12
136.367	1645.25
136.402	1584.32
136.437	1584.32
136.467	1645.25
136.502	1645.25
136.537	1584.32
136.567	1584.32
136.602	1645.25
136.637	1645.25
136.667	1706.19
136.702	1706.19
136.737	1645.25
136.767	1645.25
136.802	1584.32
136.837	1523.38
136.867	1523.38
136.902	1584.32
136.937	1584.32
136.967	1523.38
137.002	1523.38
137.037	1584.32
137.067	1584.32
137.102	1645.25
137.137	1645.25
137.167	1584.32
137.202	1584.32
137.237	1645.25
137.267	1645.25
137.302	1584.32
137.337	1645.25
137.367	1706.19
137.402	1706.19
137.437	1767.12
137.467	1767.12
137.502	1706.19
137.537	1645.25
137.567	1645.25
137.602	1584.32
137.637	1584.32
137.667	1645.25
137.702	1645.25
137.737	1706.19
137.767	1706.19
137.802	1767.12
137.837	1889
137.867	1889
137.902	1828.06
137.937	1767.12
137.967	1767.12
138.002	1828.06
138.037	1828.06
138.067	1767.12
138.102	1828.06
138.137	1828.06
138.167	1767.12
138.202	1828.06
138.237	1828.06
138.267	1767.12
138.302	1767.12
138.337	1645.25
138.362	1645.25
138.402	1706.19
138.437	1645.25
138.467	1645.25
138.502	1584.32
138.537	1584.32
138.562	1584.32
138.602	1645.25
138.637	1706.19
138.667	1706.19
138.702	1645.25
138.737	1645.25
138.767	1706.19
138.802	1645.25
138.837	1645.25
138.867	1584.32
138.902	1523.38
138.937	1584.32
138.967	1584.32
139.002	1645.25
139.037	1645.25
139.067	1706.19
139.102	1706.19
139.137	1645.25
139.167	1645.25
139.202	1584.32
139.237	1645.25
139.267	1645.25
139.292	1645.25
139.322	1584.32
139.347	1584.32
139.372	1706.19
139.402	1706.19
139.437	1767.12
139.467	1767.12
139.502	1706.19
139.537	1706.19
139.567	1767.12
139.602	1767.12
139.637	1706.19
139.667	1706.19
139.702	1645.25
139.737	1584.32
139.767	1584.32
139.802	1645.25
139.837	1645.25
139.867	1767.12
139.902	1767.12
139.937	1706.19
139.967	1706.19
140.002	1767.12
140.037	1706.19
140.067	1706.19
140.102	1645.25
140.137	1645.25
140.167	1584.32
140.202	1584.32
140.237	1645.25
140.267	1645.25
140.302	1584.32
140.337	1645.25
140.367	1584.32
140.402	1645.25
140.437	1645.25
140.467	1645.25
140.502	1584.32
140.537	1523.38
140.567	1523.38
140.602	1584.32
140.637	1584.32
140.667	1645.25
140.702	1645.25
140.737	1706.19
140.767	1706.19
140.802	1645.25
140.837	1645.25
140.867	1523.38
140.902	1584.32
140.937	1584.32
140.967	1584.32
141.002	1523.38
141.037	1584.32
141.067	1584.32
141.102	1645.25
141.137	1645.25
141.167	1706.19
141.202	1706.19
141.237	1645.25
141.267	1645.25
141.302	1584.32
141.337	1584.32
141.367	1584.32
141.402	1523.38
141.437	1523.38
141.467	1523.38
141.502	1584.32
141.537	1645.25
141.567	1645.25
141.597	1645.25
141.637	1584.32
141.667	1584.32
141.702	1645.25
141.737	1584.32
141.767	1584.32
141.802	1645.25
141.837	1645.25
141.867	1767.12
141.902	1767.12
141.937	1706.19
141.967	1706.19
142.002	1645.25
142.037	1584.32
142.067	1584.32
142.102	1645.25
142.137	1645.25
142.167	1706.19
142.202	1706.19
142.237	1645.25
142.267	1645.25
142.302	1584.32
142.337	1584.32
142.367	1584.32
142.402	1523.38
142.437	1523.38
142.467	1523.38
142.502	1584.32
142.537	1645.25
142.567	1645.25
142.602	1706.19
142.637	1706.19
142.667	1706.19
142.702	1767.12
142.727	1767.12
142.767	1706.19
142.802	1767.12
142.837	1706.19
142.862	1645.25
142.887	1645.25
142.912	1584.32
142.937	1584.32
142.967	1645.25
143.002	1645.25
143.037	1584.32
143.067	1584.32
143.102	1523.38
143.137	1523.38
143.167	1523.38
143.202	1523.38
143.237	1584.32
143.267	1584.32
143.302	1523.38
143.337	1523.38
143.367	1523.38
143.402	1584.32
143.437	1584.32
143.467	1645.25
143.502	1645.25
143.537	1584.32
143.567	1584.32
143.602	1523.38
143.637	1523.38
143.667	1584.32
143.702	1523.38
143.737	1523.38
143.767	1523.38
143.792	1584.32
143.827	1584.32
143.867	1706.19
143.897	1706.19
143.937	1645.25
143.967	1706.19
144.002	1706.19
144.037	1767.12
144.067	1767.12
144.102	1706.19
144.137	1706.19
144.167	1645.25
144.202	1645.25
144.237	1706.19
144.267	1706.19
144.302	1645.25
144.337	1645.25
144.367	1767.12
144.402	1828.06
144.437	1828.06
144.467	1767.12
144.492	1767.12
144.537	1828.06
144.567	1828.06
144.602	1767.12
144.637	1706.19
144.667	1706.19
144.702	1767.12
144.737	1767.12
144.767	1706.19
144.802	1706.19
144.837	1706.19
144.867	1706.19
144.902	1645.25
144.937	1706.19
144.967	1706.19
145.002	1706.19
145.037	1645.25
145.067	1645.25
145.102	1706.19
145.137	1645.25
145.167	1645.25
145.202	1584.32
145.237	1584.32
145.267	1645.25
145.302	1645.25
145.337	1767.12
145.367	1767.12
145.402	1706.19
145.437	1706.19
145.467	1645.25
145.502	1645.25
145.537	1706.19
145.567	1706.19
145.602	1767.12
145.637	1706.19
145.667	1706.19
145.702	1767.12
145.737	1767.12
145.767	1706.19
145.802	1706.19
145.837	1706.19
145.867	1706.19
145.902	1645.25
145.937	1706.19
145.967	1706.19
146.002	1767.12
146.037	1767.12
146.067	1706.19
146.102	1706.19
146.137	1645.25
146.167	1645.25
146.202	1584.32
146.237	1645.25
146.267	1645.25
146.302	1584.32
146.337	1584.32
146.362	1584.32
146.402	1706.19
146.437	1767.12
146.467	1767.12
146.502	1706.19
146.537	1767.12
146.567	1767.12
146.602	1828.06
146.637	1828.06
146.667	1767.12
146.702	1767.12
146.737	1706.19
146.767	1706.19
146.802	1645.25
146.837	1645.25
146.867	1645.25
146.902	1584.32
146.937	1584.32
146.967	1584.32
147.002	1645.25
147.037	1584.32
147.067	1584.32
147.102	1523.38
147.137	1523.38
147.167	1584.32
147.202	1645.25
147.237	1645.25
147.267	1645.25
147.302	1584.32
147.337	1523.38
147.367	1523.38
147.402	1523.38
147.437	1523.38
147.467	1523.38
147.502	1523.38
147.537	1523.38
147.567	1523.38
147.602	1584.32
147.637	1584.32
147.667	1645.25
147.702	1645.25
147.737	1706.19
147.767	1706.19
147.802	1645.25
147.837	1645.25
147.867	1767.12
147.902	1828.06
147.937	1828.06
147.967	1767.12
148.002	1767.12
148.037	1706.19
148.067	1706.19
148.102	1767.12
148.137	1706.19
148.167	1706.19
148.202	1767.12
148.237	1767.12
148.267	1706.19
148.302	1645.25
148.337	1645.25
148.367	1584.32
148.402	1523.38
148.437	1584.32
148.467	1584.32
148.502	1645.25
148.537	1645.25
148.567	1706.19
148.602	1706.19
148.637	1645.25
148.667	1645.25
148.702	1584.32
148.737	1645.25
148.767	1645.25
148.802	1584.32
148.837	1584.32
148.867	1645.25
148.902	1584.32
148.937	1645.25
148.967	1645.25
149.002	1584.32
149.037	1584.32
149.067	1645.25
149.102	1645.25
149.137	1584.32
149.167	1584.32
149.202	1523.38
149.227	1523.38
149.267	1523.38
149.302	1523.38
149.337	1523.38
149.367	1523.38
149.402	1523.38
149.437	1523.38
149.467	1523.38
149.502	1584.32
149.537	1584.32
149.567	1523.38
149.602	1523.38
149.637	1523.38
149.667	1523.38
149.702	1584.32
149.737	1584.32
149.767	1645.25
149.802	1645.25
149.837	1645.25
149.867	1645.25
149.902	1584.32
149.937	1645.25
149.967	1645.25
150.002	1584.32
150.037	1584.32
150.067	1584.32
150.102	1645.25
150.137	1706.19
150.167	1706.19
150.202	1645.25
150.237	1645.25
150.267	1706.19
150.302	1706.19
150.337	1584.32
150.367	1584.32
150.402	1523.38
150.437	1523.38
150.467	1523.38
150.502	1584.32
150.537	1584.32
150.567	1584.32
150.602	1645.25
150.637	1584.32
150.667	1584.32
150.702	1523.38
150.737	1523.38
150.762	1523.38
150.802	1584.32
150.837	1706.19
150.867	1706.19
150.902	1767.12
150.937	1767.12
150.962	1767.12
151.002	1706.19
151.037	1645.25
151.067	1645.25
151.102	1706.19
151.137	1767.12
151.167	1767.12
151.202	1828.06
151.237	1828.06
151.267	1767.12
151.302	1767.12
151.337	1767.12
151.367	1767.12
151.402	1706.19
151.437	1706.19
151.467	1645.25
151.502	1706.19
151.537	1706.19
151.567	1767.12
151.602	1767.12
151.637	1706.19
151.667	1706.19
151.702	1767.12
151.737	1767.12
151.767	1706.19
151.802	1706.19
151.837	1584.32
151.867	1584.32
151.902	1523.38
151.937	1584.32
151.967	1584.32
151.992	1584.32
152.037	1523.38
152.067	1523.38
152.092	1584.32
152.137	1645.25
152.167	1645.25
152.202	1706.19
152.237	1706.19
152.267	1645.25
152.302	1645.25
152.337	1645.25
152.367	1645.25
152.402	1706.19
152.437	1706.19
152.467	1645.25
152.502	1645.25
152.537	1706.19
152.567	1706.19
152.602	1767.12
152.637	1706.19
152.667	1706.19
152.702	1767.12
152.737	1767.12
152.767	1706.19
152.802	1706.19
152.837	1828.06
152.867	1828.06
152.902	1889
152.937	1949.93
152.967	1949.93
152.992	1889
153.037	1949.93
153.067	1949.93
153.102	1889
153.137	1949.93
153.167	1949.93
153.202	1889
153.237	1949.93
153.267	1949.93
153.302	1889
153.337	1889
153.367	1889
153.402	1949.93
153.437	1949.93
153.467	1889
153.502	1949.93
153.537	1949.93
153.567	1889
153.602	1949.93
153.637	1949.93
153.667	1889
153.702	1889
153.737	1949.93
153.767	2010.87
153.802	2010.87
153.837	1889
153.867	1889
153.902	1949.93
153.937	1889
153.967	1889
154.002	1828.06
154.037	1767.12
154.067	1767.12
154.102	1706.19
154.137	1645.25
154.167	1645.25
154.202	1645.25
154.237	1706.19
154.267	1767.12
154.302	1767.12
154.337	1889
154.367	1889
154.402	1949.93
154.437	1889
154.467	1889
154.502	1949.93
154.537	1889
154.567	1889
154.602	1828.06
154.637	1889
154.667	1889
154.702	1828.06
154.737	1889
154.767	1889
154.802	1828.06
154.837	1889
154.867	1949.93
154.902	1889
154.937	1889
154.967	1828.06
155.002	1889
155.037	1889
155.067	1828.06
155.102	1889
155.137	1889
155.167	1949.93
155.202	1949.93
155.237	1889
155.267	1889
155.302	1949.93
155.337	1828.06
155.367	1828.06
155.402	1889
155.437	1828.06
155.467	1828.06
155.502	1767.12
155.537	1706.19
155.567	1706.19
155.602	1645.25
155.637	1645.25
155.667	1706.19
155.702	1706.19
155.737	1645.25
155.767	1645.25
155.802	1706.19
155.837	1767.12
155.867	1828.06
155.902	1767.12
155.937	1767.12
155.967	1828.06
156.002	1767.12
156.037	1767.12
156.067	1706.19
156.102	1706.19
156.137	1767.12
156.167	1767.12
156.202	1828.06
156.237	1767.12
156.267	1767.12
156.302	1706.19
156.337	1584.32
156.367	1584.32
156.402	1523.38
156.437	1523.38
156.467	1523.38
156.502	1523.38
156.537	1584.32
156.567	1584.32
156.602	1523.38
156.637	1584.32
156.667	1584.32
156.702	1645.25
156.737	1645.25
156.767	1645.25
156.802	1584.32
156.837	1706.19
156.867	1706.19
156.902	1767.12
156.937	1767.12
156.967	1706.19
157.002	1645.25
157.037	1645.25
157.067	1645.25
157.102	1706.19
157.137	1645.25
157.167	1645.25
157.202	1706.19
157.237	1706.19
157.267	1645.25
157.297	1645.25
157.337	1523.38
157.367	1523.38
157.402	1584.32
157.437	1584.32
157.467	1523.38
157.502	1584.32
157.537	1584.32
157.567	1584.32
157.602	1645.25
157.637	1584.32
157.667	1584.32
157.702	1645.25
157.737	1645.25
157.767	1584.32
157.802	1584.32
157.837	1706.19
157.867	1706.19
157.902	1645.25
157.937	1645.25
157.967	1706.19
157.992	1706.19
158.037	1645.25
158.067	1645.25
158.102	1706.19
158.137	1767.12
158.167	1767.12
158.197	1767.12
158.237	1706.19
158.267	1706.19
158.302	1767.12
158.337	1889
158.367	1889
158.402	1828.06
158.437	1889
158.467	1889
158.502	1828.06
158.537	1767.12
158.567	1767.12
158.602	1706.19
158.637	1706.19
158.667	1645.25
158.702	1645.25
158.737	1706.19
158.767	1706.19
158.802	1767.12
158.837	1767.12
158.867	1767.12
158.902	1767.12
158.937	1706.19
158.967	1706.19
159.002	1767.12
159.037	1706.19
159.067	1706.19
159.102	1645.25
159.137	1645.25
159.167	1584.32
159.202	1584.32
159.237	1645.25
159.267	1645.25
159.302	1584.32
159.337	1645.25
159.367	1584.32
159.402	1523.38
159.437	1523.38
159.467	1523.38
159.502	1523.38
159.537	1584.32
159.567	1584.32
159.602	1645.25
159.637	1645.25
159.667	1584.32
159.702	1584.32
159.737	1523.38
159.767	1523.38
159.802	1523.38
159.837	1523.38
159.867	1645.25
159.902	1645.25
159.937	1706.19
159.967	1706.19
160.002	1645.25
160.037	1706.19
160.067	1706.19
160.102	1767.12
160.137	1767.12
160.167	1706.19
160.202	1706.19
160.237	1645.25
160.267	1645.25
160.302	1706.19
160.337	1706.19
160.367	1584.32
160.402	1645.25
160.437	1645.25
160.467	1645.25
160.492	1584.32
160.537	1645.25
160.567	1645.25
160.602	1584.32
160.637	1584.32
160.667	1645.25
160.702	1645.25
160.737	1706.19
160.767	1706.19
160.802	1645.25
160.837	1645.25
160.867	1523.38
160.902	1523.38
160.937	1523.38
160.967	1523.38
161.002	1584.32
161.037	1645.25
161.067	1645.25
161.102	1584.32
161.137	1584.32
161.167	1584.32
161.192	1645.25
161.237	1584.32
161.267	1584.32
161.302	1645.25
161.337	1645.25
161.367	1645.25
161.392	1645.25
161.437	1706.19
161.467	1706.19
161.502	1645.25
161.537	1584.32
161.567	1584.32
161.602	1523.38
161.637	1523.38
161.667	1523.38
161.702	1523.38
161.737	1584.32
161.767	1584.32
161.802	1645.25
161.837	1645.25
161.867	1645.25
161.902	1645.25
161.937	1584.32
161.967	1584.32
162.002	1645.25
162.037	1645.25
162.067	1584.32
162.102	1584.32
162.137	1523.38
162.167	1523.38
162.202	1584.32
162.237	1523.38
162.267	1523.38
162.302	1584.32
162.337	1584.32
162.367	1584.32
162.402	1523.38
162.437	1584.32
162.467	1584.32
162.502	1523.38
162.537	1523.38
162.567	1523.38
162.602	1523.38
162.637	1584.32
162.667	1584.32
162.702	1523.38
162.737	1523.38
162.762	1523.38
162.802	1523.38
162.837	1523.38
162.867	1523.38
162.902	1584.32
162.937	1645.25
162.967	1645.25
163.002	1645.25
163.037	1584.32
163.067	1523.38
163.102	1523.38
163.137	1523.38
163.167	1523.38
163.202	1584.32
163.237	1584.32
163.267	1645.25
163.302	1645.25
163.337	1767.12
163.367	1767.12
163.402	1706.19
163.437	1706.19
163.467	1767.12
163.502	1767.12
163.537	1828.06
163.567	1828.06
163.602	1767.12
163.637	1706.19
163.667	1706.19
163.692	1706.19
163.737	1767.12
163.767	1828.06
163.802	1889
163.837	1949.93
163.867	1889
163.902	1889
163.937	1828.06
163.967	1828.06
164.002	1889
164.037	1828.06
164.067	1828.06
164.102	1889
164.137	1949.93
164.167	1949.93
164.202	1889
164.237	1949.93
164.267	1949.93
164.302	1889
164.337	2010.87
164.367	2010.87
164.402	2071.8
164.437	2071.8
164.467	2010.87
164.502	2071.8
164.537	2071.8
164.567	2010.87
164.602	2071.8
164.637	2071.8
164.667	2010.87
164.702	2010.87
164.737	2071.8
164.767	2010.87
164.802	2010.87
164.837	2010.87
164.867	1949.93
164.902	1949.93
164.937	1889
164.967	1949.93
165.002	1949.93
165.037	1889
165.067	1889
165.092	1828.06
165.137	1889
165.167	1889
165.202	1949.93
165.237	1889
165.262	1889
165.302	1828.06
165.337	1949.93
165.367	1949.93
165.402	1889
165.427	1889
165.467	1949.93
165.497	2010.87
165.537	2010.87
165.567	1949.93
165.602	1889
165.637	1828.06
165.667	1828.06
165.702	1889
165.737	1889
165.767	1828.06
165.802	1889
165.837	1889
165.867	2010.87
165.902	2010.87
165.937	2071.8
165.967	2132.74
166.002	2132.74
166.037	2193.67
166.067	2254.61
166.102	2315.54
166.137	2315.54
166.167	2254.61
166.202	2315.54
166.237	2315.54
166.267	2254.61
166.292	2254.61
166.337	2193.67
166.367	2193.67
166.402	2132.74
166.437	2071.8
166.467	2071.8
166.492	2010.87
166.527	2010.87
166.567	2071.8
166.592	2010.87
166.637	2071.8
166.667	2071.8
166.702	2010.87
166.737	2071.8
166.767	2071.8
166.802	2010.87
166.837	2071.8
166.867	2132.74
166.902	2071.8
166.937	2132.74
166.967	2132.74
167.002	2071.8
167.037	2132.74
167.067	2132.74
167.102	2071.8
167.137	2132.74
167.167	2132.74
167.202	2071.8
167.237	2132.74
167.267	2132.74
167.302	2071.8
167.337	2193.67
167.367	2193.67
167.402	2132.74
167.437	2193.67
167.467	2193.67
167.502	2254.61
167.537	2315.54
167.567	2254.61
167.602	2315.54
167.632	2315.54
167.667	2376.48
167.702	2437.41
167.737	2376.48
167.767	2376.48
167.802	2315.54
167.837	2315.54
167.867	2376.48
167.902	2376.48
167.937	2315.54
167.967	2254.61
168.002	2315.54
168.037	2315.54
168.067	2254.61
168.102	2193.67
168.137	2254.61
168.167	2254.61
168.202	2193.67
168.237	2132.74
168.267	2132.74
168.302	2193.67
168.337	2193.67
168.367	2254.61
168.402	2193.67
168.437	2193.67
168.467	2132.74
168.502	2193.67
168.537	2254.61
168.562	2254.61
168.602	2254.61
168.637	2254.61
168.667	2254.61
168.692	2254.61
168.722	2254.61
168.747	2254.61
168.772	2254.61
168.802	2254.61
168.837	2254.61
168.867	2254.61
168.902	2254.61
168.937	2254.61
168.967	2254.61
169.002	2254.61
169.027	2254.61
169.067	2254.61
169.102	2254.61
169.137	2254.61
169.162	2254.61
169.202	2254.61
169.237	2254.61
169.267	2254.61
169.302	2254.61
169.337	2254.61
169.367	2254.61
169.402	2254.61
169.437	2254.61
169.467	2254.61
169.502	2254.61
169.537	2254.61
169.567	2254.61
169.602	2254.61
169.637	2254.61
169.667	2254.61
169.702	2254.61
169.737	2254.61
169.767	2254.61
169.802	2254.61
169.837	2254.61
169.867	2254.61
169.902	2254.61
169.937	2254.61
169.967	2254.61
170.002	2254.61
170.037	2254.61
170.067	2254.61
170.102	2254.61
170.137	2254.61
170.167	2254.61
170.202	2254.61
170.232	2254.61
170.267	2254.61
170.302	2254.61
170.337	2254.61
170.367	2254.61
170.402	2254.61
170.437	2254.61
170.467	2254.61
170.502	2254.61
170.537	2254.61
170.567	2254.61
170.602	2254.61
170.637	2254.61
170.667	2254.61
170.702	2254.61
170.737	2254.61
170.767	2254.61
170.802	2254.61
170.837	2254.61
170.867	2254.61
170.902	2254.61
170.937	2254.61
170.967	2254.61
171.002	2254.61
171.037	2254.61
171.067	2254.61
171.102	2254.61
171.137	2254.61
171.167	2254.61
171.202	2254.61
171.237	2254.61
171.267	2254.61
171.292	2254.61
171.337	2254.61
171.367	2254.61
171.402	2254.61
171.437	2254.61
171.467	2254.61
171.502	2254.61
171.537	2254.61
171.567	2254.61
171.602	2254.61
171.637	2254.61
171.667	2254.61
171.702	2254.61
171.737	2254.61
171.767	2254.61
171.802	2254.61
171.837	2254.61
171.867	2254.61
171.902	2254.61
171.937	2254.61
171.967	2254.61
172.002	2254.61
172.037	2254.61
172.067	2254.61
172.092	2254.61
172.137	2254.61
172.167	2254.61
172.197	2254.61
172.237	2254.61
172.267	2254.61
172.302	2254.61
172.337	2254.61
172.367	2254.61
172.402	2254.61
172.437	2254.61
172.467	2254.61
172.502	2254.61
172.537	2254.61
172.567	2254.61
172.602	2254.61
172.637	2254.61
172.667	2254.61
172.692	2254.61
172.737	2254.61
172.767	2254.61
172.802	2254.61
172.837	2254.61
172.867	2254.61
172.902	2254.61
172.937	2254.61
172.967	2254.61
173.002	2254.61
173.037	2254.61
173.067	2254.61
173.102	2254.61
173.137	2254.61
173.167	2254.61
173.202	2254.61
173.237	2254.61
173.267	2254.61
173.302	2254.61
173.337	2254.61
173.367	2254.61
173.402	2254.61
173.437	2254.61
173.467	2254.61
173.502	2254.61
173.537	2254.61
173.567	2254.61
173.602	2254.61
173.637	2254.61
173.667	2254.61
173.702	2254.61
173.737	2254.61
173.767	2254.61
173.802	2254.61
173.837	2254.61
173.867	2254.61
173.902	2254.61
173.937	2254.61
173.967	2254.61
174.002	2254.61
174.037	2254.61
174.067	2254.61
174.102	2254.61
174.137	2254.61
174.167	2254.61
174.202	2254.61
174.237	2254.61
174.267	2254.61
174.302	2254.61
174.337	2254.61
174.367	2254.61
174.402	2254.61
174.437	2254.61
174.467	2254.61
174.502	2254.61
174.537	2254.61
174.567	2254.61
174.602	2254.61
174.637	2254.61
174.667	2254.61
174.702	2254.61
174.737	2254.61
174.767	2254.61
174.802	2254.61
174.837	2254.61
174.867	2254.61
174.902	2254.61
174.937	2254.61
174.967	2254.61
175.002	2254.61
175.037	2254.61
175.067	2254.61
175.102	2254.61
175.137	2254.61
175.167	2254.61
175.192	2254.61
175.237	2254.61
175.267	2254.61
175.302	2254.61
175.337	2254.61
175.367	2254.61
175.402	2254.61
175.437	2254.61
175.467	2254.61
175.502	2254.61
175.537	2254.61
175.567	2254.61
175.597	2254.61
175.637	2254.61
175.667	2254.61
175.702	2254.61
175.737	2254.61
175.767	2254.61
175.797	2254.61
175.837	2254.61
175.867	2254.61
175.902	2254.61
175.937	2254.61
175.967	2254.61
176.002	2254.61
176.037	2254.61
176.067	2254.61
176.102	2254.61
176.137	2254.61
176.167	2254.61
176.202	2254.61
176.237	2254.61
176.267	2254.61
176.302	2254.61
176.337	2254.61
176.367	2254.61
176.402	2254.61
176.437	2254.61
176.467	2254.61
176.502	2254.61
176.532	2254.61
176.567	2254.61
176.602	2254.61
176.637	2254.61
176.667	2254.61
176.702	2254.61
176.737	2254.61
176.767	2254.61
176.802	2254.61
176.837	2254.61
176.867	2254.61
176.902	2254.61
176.937	2254.61
176.967	2254.61
177.002	2254.61
177.037	2254.61
177.067	2254.61
177.102	2254.61
177.137	2254.61
177.167	2254.61
177.202	2254.61
177.237	2254.61
177.267	2254.61
177.302	2254.61
177.337	2254.61
177.367	2254.61
177.402	2254.61
177.437	2254.61
177.467	2254.61
177.502	2254.61
177.537	2254.61
177.567	2254.61
177.602	2254.61
177.637	2254.61
177.667	2254.61
177.702	2254.61
177.737	2254.61
177.767	2254.61
177.802	2254.61
177.837	2254.61
177.867	2254.61
177.902	2254.61
177.937	2254.61
177.967	2254.61
178.002	2254.61
178.037	2254.61
178.067	2254.61
178.102	2254.61
178.137	2254.61
178.167	2254.61
178.192	2254.61
178.237	2254.61
178.267	2254.61
178.302	2254.61
178.337	2254.61
178.367	2254.61
178.392	2254.61
178.437	2254.61
178.467	2254.61
178.502	2254.61
178.537	2254.61
178.567	2254.61
178.602	2254.61
178.637	2254.61
178.667	2254.61
178.702	2254.61
178.737	2254.61
178.767	2254.61
178.802	2254.61
178.837	2254.61
178.867	2254.61
178.902	2254.61
178.927	2254.61
178.967	2254.61
179.002	2254.61
179.037	2254.61
179.067	2254.61
179.102	2254.61
179.137	2254.61
179.167	2254.61
179.202	2254.61
179.237	2254.61
179.267	2254.61
179.302	2254.61
179.337	2254.61
179.367	2254.61
179.397	2254.61
179.437	2254.61
179.467	2254.61
179.502	2254.61
179.537	2254.61
179.567	2254.61
179.602	2254.61
179.637	2254.61
179.667	2254.61
179.702	2254.61
179.737	2254.61
179.767	2254.61
179.802	2254.61
179.837	2254.61
179.867	2254.61
179.902	2254.61
179.932	2254.61
179.967	2254.61
180.002	2254.61
180.037	2254.61
180.067	2254.61
180.102	2254.61
180.137	2254.61
180.167	2254.61
180.202	2254.61
180.237	2254.61
180.267	2254.61
180.302	2254.61
180.337	2254.61
180.367	2254.61
180.402	2254.61
180.437	2254.61
180.467	2254.61
180.502	2254.61
180.537	2254.61
180.567	2254.61
180.602	2254.61
180.637	2254.61
180.667	2254.61
180.702	2254.61
180.737	2254.61
180.767	2254.61
180.802	2254.61
180.837	2254.61
180.867	2254.61
180.902	2254.61
180.937	2254.61
180.967	2254.61
181.002	2254.61
181.037	2254.61
181.067	2254.61
181.102	2254.61
181.137	2254.61
181.167	2254.61
181.192	2254.61
181.237	2254.61
181.267	2254.61
181.302	2254.61
181.337	2254.61
181.367	2254.61
181.402	2254.61
181.437	2254.61
181.467	2254.61
181.502	2254.61
181.537	2254.61
181.562	2254.61
181.602	2254.61
181.637	2254.61
181.667	2254.61
181.702	2254.61
181.737	2254.61
181.767	2254.61
181.802	2254.61
181.837	2254.61
181.867	2254.61
181.902	2254.61
181.937	2254.61
181.967	2254.61
182.002	2254.61
182.037	2254.61
182.067	2254.61
182.102	2254.61
182.137	2254.61
182.167	2254.61
182.202	2254.61
182.237	2254.61
182.267	2254.61
182.302	2254.61
182.337	2254.61
182.367	2254.61
182.392	2254.61
182.437	2254.61
182.462	2254.61
182.497	2254.61
182.537	2254.61
182.567	2254.61
182.602	2254.61
182.637	2254.61
182.667	2254.61
182.702	2254.61
182.737	2254.61
182.767	2254.61
182.802	2254.61
182.837	2254.61
182.867	2254.61
182.902	2254.61
182.937	2254.61
182.967	2254.61
183.002	2254.61
183.037	2254.61
183.067	2254.61
183.102	2254.61
183.137	2254.61
183.167	2254.61
183.202	2254.61
183.237	2254.61
183.267	2254.61
183.302	2254.61
183.337	2254.61
183.367	2254.61
183.402	2254.61
183.427	2254.61
183.467	2254.61
183.502	2254.61
183.532	2254.61
183.567	2254.61
183.602	2254.61
183.632	2254.61
183.667	2254.61
183.702	2254.61
183.732	2254.61
183.767	2254.61
183.802	2254.61
183.832	2254.61
183.867	2254.61
183.902	2254.61
183.932	2254.61
183.967	2254.61
184.002	2254.61
184.032	2254.61
184.067	2254.61
184.102	2254.61
184.132	2254.61
184.167	2254.61
184.202	2254.61
184.232	2254.61
184.267	2254.61
184.292	2254.61
184.332	2254.61
184.367	2254.61
184.402	2254.61
184.432	2254.61
184.467	2254.61
184.502	2254.61
184.532	2254.61
184.567	2254.61
184.602	2254.61
184.632	2254.61
184.667	2254.61
184.702	2254.61
184.732	2254.61
184.767	2254.61
184.802	2254.61
184.832	2254.61
184.867	2254.61
184.892	2254.61
184.932	2254.61
184.967	2254.61
185.002	2254.61
185.032	2254.61
185.067	2254.61
185.102	2254.61
185.132	2254.61
185.167	2254.61
185.202	2254.61
185.232	2254.61
185.267	2254.61
185.302	2254.61
185.332	2254.61
185.367	2254.61
185.402	2254.61
185.432	2254.61
185.462	2254.61
185.502	2254.61
185.532	2254.61
185.567	2254.61
185.602	2254.61
185.632	2254.61
185.667	2254.61
185.702	2254.61
185.732	2254.61
185.767	2254.61
185.802	2254.61
185.832	2254.61
185.867	2254.61
185.902	2254.61
185.932	2254.61
185.967	2254.61
186.002	2254.61
186.032	2254.61
186.062	2254.61
186.102	2254.61
186.132	2254.61
186.167	2254.61
186.202	2254.61
186.232	2254.61
186.267	2254.61
186.302	2254.61
186.332	2254.61
186.367	2254.61
186.402	2254.61
186.432	2254.61
186.467	2254.61
186.502	2254.61
186.532	2254.61
186.567	2254.61
186.602	2254.61
186.632	2254.61
186.667	2254.61
186.702	2254.61
186.732	2254.61
186.767	2254.61
186.802	2254.61
186.832	2254.61
186.867	2254.61
186.902	2254.61
186.932	2254.61
186.967	2254.61
187.002	2254.61
187.032	2254.61
187.067	2254.61
187.102	2254.61
187.132	2254.61
187.167	2254.61
187.202	2254.61
187.232	2254.61
187.267	2254.61
187.297	2254.61
187.332	2254.61
187.367	2254.61
187.402	2254.61
187.432	2254.61
187.467	2254.61
187.502	2254.61
187.532	2254.61
187.567	2254.61
187.602	2254.61
187.627	2254.61
187.667	2254.61
187.702	2254.61
187.732	2254.61
187.767	2254.61
187.802	2254.61
187.832	2254.61
187.867	2254.61
187.902	2254.61
187.932	2254.61
187.967	2254.61
188.002	2254.61
188.032	2254.61
188.067	2254.61
188.102	2254.61
188.132	2254.61
188.167	2254.61
188.197	2254.61
188.232	2254.61
188.267	2254.61
188.302	2254.61
188.332	2254.61
188.367	2254.61
188.402	2254.61
188.432	2254.61
188.467	2254.61
188.502	2254.61
188.532	2254.61
188.567	2254.61
188.602	2254.61
188.632	2254.61
188.667	2254.61
188.702	2254.61
188.732	2254.61
188.767	2254.61
188.802	2254.61
188.832	2254.61
188.857	2254.61
188.902	2254.61
188.932	2254.61
188.967	2254.61
189.002	2254.61
189.032	2254.61
189.067	2254.61
189.102	2254.61
189.132	2254.61
189.167	2254.61
189.202	2254.61
189.232	2254.61
189.267	2254.61
189.302	2254.61
189.332	2254.61
189.367	2254.61
189.402	2254.61
189.432	2254.61
189.467	2254.61
189.502	2254.61
189.532	2254.61
189.567	2254.61
189.602	2254.61
189.632	2254.61
189.667	2254.61
189.702	2254.61
189.732	2254.61
189.767	2254.61
189.802	2254.61
189.832	2254.61
189.867	2254.61
189.902	2254.61
189.932	2254.61
189.967	2254.61
190.002	2254.61
190.032	2254.61
190.067	2254.61
190.102	2254.61
190.132	2254.61
190.167	2254.61
190.202	2254.61
190.232	2254.61
190.257	2254.61
190.302	2254.61
190.332	2254.61
190.367	2254.61
190.402	2254.61
190.432	2254.61
190.467	2254.61
190.502	2254.61
190.532	2254.61
190.567	2254.61
190.602	2254.61
190.632	2254.61
190.667	2254.61
190.702	2254.61
190.732	2254.61
190.762	2254.61
190.802	2254.61
190.827	2254.61
190.867	2254.61
190.902	2254.61
190.932	2254.61
190.967	2254.61
191.002	2254.61
191.032	2254.61
191.067	2254.61
191.102	2254.61
191.132	2254.61
191.162	2254.61
191.202	2254.61
191.232	2254.61
191.267	2254.61
191.302	2254.61
191.332	2254.61
191.367	2254.61
191.402	2254.61
191.432	2254.61
191.467	2254.61
191.502	2254.61
191.532	2254.61
191.567	2254.61
191.602	2254.61
191.632	2254.61
191.667	2254.61
191.702	2254.61
191.732	2254.61
191.767	2254.61
191.802	2254.61
191.832	2254.61
191.867	2254.61
191.902	2254.61
191.932	2254.61
191.967	2254.61
192.002	2254.61
192.032	2254.61
192.067	2254.61
192.102	2254.61
192.132	2254.61
192.167	2254.61
192.202	2254.61
192.232	2254.61
192.267	2254.61
192.302	2254.61
192.332	2254.61
192.367	2254.61
192.402	2254.61
192.432	2254.61
192.467	2254.61
192.502	2254.61
192.532	2254.61
192.567	2254.61
192.602	2254.61
192.632	2254.61
192.667	2254.61
192.702	2254.61
192.732	2254.61
192.767	2254.61
192.802	2254.61
192.832	2254.61
192.867	2254.61
192.902	2254.61
192.932	2254.61
192.967	2254.61
193.002	2254.61
193.032	2254.61
193.067	2254.61
193.102	2254.61
193.132	2254.61
193.167	2254.61
193.202	2254.61
193.232	2254.61
193.267	2254.61
193.302	2254.61
193.332	2254.61
193.367	2254.61
193.402	2254.61
193.432	2254.61
193.467	2254.61
193.502	2254.61
193.532	2254.61
193.567	2254.61
193.602	2254.61
193.632	2254.61
193.667	2254.61
193.702	2254.61
193.732	2254.61
193.767	2254.61
193.802	2254.61
193.832	2254.61
193.867	2254.61
193.902	2254.61
193.932	2254.61
193.967	2254.61
194.002	2254.61
194.032	2254.61
194.067	2254.61
194.102	2254.61
194.132	2254.61
194.167	2254.61
194.202	2254.61
194.232	2254.61
194.267	2254.61
194.302	2254.61
194.332	2254.61
194.367	2254.61
194.402	2254.61
194.432	2254.61
194.467	2254.61
194.502	2254.61
194.532	2254.61
194.567	2254.61
194.602	2254.61
194.632	2254.61
194.667	2254.61
194.702	2254.61
194.732	2254.61
194.767	2254.61
194.802	2254.61
194.832	2254.61
194.867	2254.61
194.902	2254.61
194.932	2254.61
194.967	2254.61
195.002	2254.61
195.032	2254.61
195.067	2254.61
195.102	2254.61
195.132	2254.61
195.167	2254.61
195.202	2254.61
195.232	2254.61
195.267	2254.61
195.302	2254.61
195.332	2254.61
195.367	2254.61
195.402	2254.61
195.432	2254.61
195.467	2254.61
195.502	2254.61
195.532	2254.61
195.567	2254.61
195.602	2254.61
195.632	2254.61
195.667	2254.61
195.702	2254.61
195.732	2254.61
195.767	2254.61
195.802	2254.61
195.832	2254.61
195.867	2254.61
195.902	2254.61
195.932	2254.61
195.967	2254.61
196.002	2254.61
196.032	2254.61
196.067	2254.61
196.102	2254.61
196.132	2254.61
196.167	2254.61
196.202	2254.61
196.232	2254.61
196.267	2254.61
196.292	2254.61
196.332	2254.61
196.367	2254.61
196.402	2254.61
196.432	2254.61
196.467	2254.61
196.492	2254.61
196.532	2254.61
196.567	2254.61
196.602	2254.61
196.632	2254.61
196.667	2254.61
196.702	2254.61
196.732	2254.61
196.767	2254.61
196.802	2254.61
196.832	2254.61
196.867	2254.61
196.902	2254.61
196.932	2254.61
196.967	2254.61
197.002	2254.61
197.032	2254.61
197.067	2254.61
197.102	2254.61
197.132	2254.61
197.167	2254.61
197.202	2254.61
197.232	2254.61
197.267	2254.61
197.302	2254.61
197.332	2254.61
197.367	2254.61
197.402	2254.61
197.432	2254.61
197.467	2254.61
197.502	2254.61
197.532	2254.61
197.567	2254.61
197.602	2254.61
197.632	2254.61
197.667	2254.61
197.702	2254.61
197.732	2254.61
197.767	2254.61
197.802	2254.61
197.832	2254.61
197.867	2254.61
197.902	2254.61
197.932	2254.61
197.967	2254.61
198.002	2254.61
198.032	2254.61
198.067	2254.61
198.102	2254.61
198.132	2254.61
198.162	2254.61
198.192	2254.61
198.217	2254.61
198.242	2254.61
198.267	2254.61
198.302	2254.61
198.332	2254.61
198.367	2254.61
198.402	2254.61
198.432	2254.61
198.467	2254.61
198.502	2254.61
198.532	2254.61
198.567	2254.61
198.592	2254.61
198.632	2254.61
198.667	2254.61
198.702	2254.61
198.732	2254.61
198.767	2254.61
198.802	2254.61
198.832	2254.61
198.867	2254.61
198.902	2254.61
198.932	2254.61
198.967	2254.61
199.002	2254.61
199.032	2254.61
199.067	2254.61
199.102	2254.61
199.132	2254.61
199.167	2254.61
199.202	2254.61
199.232	2254.61
199.267	2254.61
199.302	2254.61
199.332	2254.61
199.367	2254.61
199.397	2254.61
199.432	2254.61
199.467	2254.61
199.502	2254.61
199.532	2254.61
199.567	2254.61
199.602	2254.61
199.632	2254.61
199.662	2254.61
199.702	2254.61
199.727	2254.61
199.767	2254.61
199.792	2254.61
199.832	2254.61
199.867	2254.61
199.902	2254.61
199.932	2254.61
199.967	2254.61
200.002	2254.61
200.032	2254.61
200.067	2254.61
200.102	2254.61
200.132	2254.61
200.167	2254.61
200.202	2254.61
200.232	2254.61
200.267	2254.61
200.302	2254.61
200.332	2254.61
200.367	2254.61
200.402	2254.61
200.432	2254.61
200.467	2254.61
200.502	2254.61
200.532	2254.61
200.567	2254.61
200.602	2254.61
200.632	2254.61
200.657	2254.61
200.702	2254.61
200.732	2254.61
200.767	2254.61
200.802	2254.61
200.832	2254.61
200.867	2254.61
200.902	2254.61
200.932	2254.61
200.967	2254.61
201.002	2254.61
201.032	2254.61
201.067	2254.61
201.102	2254.61
201.132	2254.61
201.167	2254.61
201.202	2254.61
201.232	2254.61
201.257	2254.61
201.302	2254.61
201.332	2254.61
201.367	2254.61
201.402	2254.61
201.432	2254.61
201.467	2254.61
201.502	2254.61
201.532	2254.61
201.567	2254.61
201.602	2254.61
201.632	2254.61
201.667	2254.61
201.702	2254.61
201.732	2254.61
201.767	2254.61
201.802	2254.61
201.832	2254.61
201.867	2254.61
201.902	2254.61
201.932	2254.61
201.967	2254.61
201.997	2254.61
202.032	2254.61
202.067	2254.61
202.102	2254.61
202.132	2254.61
202.167	2254.61
202.202	2254.61
202.232	2254.61
202.267	2254.61
202.302	2254.61
202.332	2254.61
202.367	2254.61
202.402	2254.61
202.432	2254.61
202.467	2254.61
202.502	2254.61
202.532	2254.61
202.567	2254.61
202.602	2254.61
202.632	2254.61
202.667	2254.61
202.702	2254.61
202.732	2254.61
202.767	2254.61
202.802	2254.61
202.832	2254.61
202.867	2254.61
202.902	2254.61
202.932	2254.61
202.967	2254.61
203.002	2254.61
203.032	2254.61
203.067	2254.61
203.102	2254.61
203.132	2254.61
203.167	2254.61
203.202	2254.61
203.232	2254.61
203.267	2254.61
203.302	2254.61
203.332	2254.61
203.367	2254.61
203.392	2254.61
203.432	2254.61
203.467	2254.61
203.502	2254.61
203.532	2254.61
203.567	2254.61
203.602	2254.61
203.632	2254.61
203.667	2254.61
203.702	2254.61
203.732	2254.61
203.767	2254.61
203.802	2254.61
203.832	2254.61
203.867	2254.61
203.902	2254.61
203.932	2254.61
203.967	2254.61
204.002	2254.61
204.032	2254.61
204.067	2254.61
204.102	2254.61
204.132	2254.61
204.167	2254.61
204.202	2254.61
204.232	2254.61
204.267	2254.61
204.297	2254.61
204.332	2254.61
204.367	2254.61
204.392	2254.61
204.432	2254.61
204.467	2254.61
204.502	2254.61
204.532	2254.61
204.567	2254.61
204.602	2254.61
204.632	2254.61
204.667	2254.61
204.702	2254.61
204.732	2254.61
204.767	2254.61
204.802	2254.61
204.832	2254.61
204.867	2254.61
204.902	2254.61
204.932	2254.61
204.962	2254.61
205.002	2254.61
205.032	2254.61
205.067	2254.61
205.102	2254.61
205.132	2254.61
205.167	2254.61
205.202	2254.61
205.232	2254.61
205.267	2254.61
205.302	2254.61
205.332	2254.61
205.367	2254.61
205.402	2254.61
205.432	2254.61
205.467	2254.61
205.502	2254.61
205.532	2254.61
205.567	2254.61
205.602	2254.61
205.632	2254.61
205.667	2254.61
205.702	2254.61
205.732	2254.61
205.767	2254.61
205.802	2254.61
205.832	2254.61
205.867	2254.61
205.902	2254.61
205.932	2254.61
205.967	2254.61
206.002	2254.61
206.032	2254.61
206.067	2254.61
206.102	2254.61
206.132	2254.61
206.167	2254.61
206.202	2254.61
206.232	2254.61
206.267	2254.61
206.302	2254.61
206.332	2254.61
206.367	2254.61
206.402	2254.61
206.432	2254.61
206.467	2254.61
206.502	2254.61
206.532	2254.61
206.567	2254.61
206.602	2254.61
206.632	2254.61
206.667	2254.61
206.702	2254.61
206.732	2254.61
206.767	2254.61
206.802	2254.61
206.827	2254.61
206.867	2254.61
206.902	2254.61
206.932	2254.61
206.967	2254.61
207.002	2254.61
207.027	2254.61
207.067	2254.61
207.102	2254.61
207.132	2254.61
207.167	2254.61
207.192	2254.61
207.232	2254.61
207.267	2254.61
207.302	2254.61
207.332	2254.61
207.367	2254.61
207.402	2254.61
207.432	2254.61
207.467	2254.61
207.502	2254.61
207.532	2254.61
207.567	2254.61
207.602	2254.61
207.632	2254.61
207.667	2254.61
207.702	2254.61
207.732	2254.61
207.767	2254.61
207.802	2254.61
207.832	2254.61
207.867	2254.61
207.902	2254.61
207.932	2254.61
207.967	2254.61
208.002	2254.61
208.032	2254.61
208.067	2254.61
208.097	2254.61
208.127	2254.61
208.167	2254.61
208.202	2254.61
208.232	2254.61
208.267	2254.61
208.302	2254.61
208.332	2254.61
208.367	2254.61
208.402	2254.61
208.432	2254.61
208.467	2254.61
208.502	2254.61
208.532	2254.61
208.567	2254.61
208.602	2254.61
208.632	2254.61
208.667	2254.61
208.702	2254.61
208.732	2254.61
208.767	2254.61
208.802	2254.61
208.832	2254.61
208.867	2254.61
208.902	2254.61
208.932	2254.61
208.967	2254.61
209.002	2254.61
209.032	2254.61
209.067	2254.61
209.102	2254.61
209.132	2254.61
209.167	2254.61
209.202	2254.61
209.232	2254.61
209.267	2254.61
209.302	2254.61
209.332	2254.61
209.357	2254.61
209.397	2254.61
209.432	2254.61
209.467	2254.61
209.502	2254.61
209.532	2254.61
209.567	2254.61
209.602	2254.61
209.632	2254.61
209.667	2254.61
209.702	2254.61
209.732	2254.61
209.767	2254.61
209.802	2254.61
209.832	2254.61
209.867	2254.61
209.902	2254.61
209.932	2254.61
209.967	2254.61
210.002	2254.61
210.032	2254.61
210.067	2254.61
210.102	2254.61
210.132	2254.61
210.167	2254.61
210.202	2254.61
210.227	2254.61
210.267	2254.61
210.302	2254.61
210.332	2254.61
210.367	2254.61
210.402	2254.61
210.432	2254.61
210.467	2254.61
210.502	2254.61
210.532	2254.61
210.567	2254.61
210.602	2254.61
210.632	2254.61
210.657	2254.61
210.702	2254.61
210.732	2254.61
210.767	2254.61
210.802	2254.61
210.832	2254.61
210.867	2254.61
210.902	2254.61
210.932	2254.61
210.967	2254.61
211.002	2254.61
211.032	2254.61
211.067	2254.61
211.102	2254.61
211.132	2254.61
211.167	2254.61
211.202	2254.61
211.232	2254.61
211.267	2254.61
211.302	2254.61
211.332	2254.61
211.367	2254.61
211.402	2254.61
211.427	2254.61
211.467	2254.61
211.502	2254.61
211.532	2254.61
211.567	2254.61
211.602	2254.61
211.632	2254.61
211.667	2254.61
211.702	2254.61
211.732	2254.61
211.767	2254.61
211.802	2254.61
211.832	2254.61
211.867	2254.61
211.902	2254.61
211.932	2254.61
211.967	2254.61
212.002	2254.61
212.032	2254.61
212.062	2254.61
212.102	2254.61
212.132	2254.61
212.167	2254.61
212.202	2254.61
212.232	2254.61
212.267	2254.61
212.302	2254.61
212.332	2254.61
212.367	2254.61
212.402	2254.61
212.432	2254.61
212.467	2254.61
212.502	2254.61
212.532	2254.61
212.567	2254.61
212.602	2254.61
212.632	2254.61
212.667	2254.61
212.702	2254.61
212.732	2254.61
212.767	2254.61
212.802	2254.61
212.832	2254.61
212.867	2254.61
212.902	2254.61
212.932	2254.61
212.967	2254.61
213.002	2254.61
213.032	2254.61
213.067	2254.61
213.102	2254.61
213.127	2254.61
213.167	2254.61
213.197	2254.61
213.232	2254.61
213.267	2254.61
213.302	2254.61
213.332	2254.61
213.367	2254.61
213.402	2254.61
213.427	2254.61
213.467	2254.61
213.502	2254.61
213.532	2254.61
213.567	2254.61
213.602	2254.61
213.632	2254.61
213.667	2254.61
213.702	2254.61
213.732	2254.61
213.757	2254.61
213.802	2254.61
213.832	2254.61
213.867	2254.61
213.902	2254.61
213.932	2254.61
213.967	2254.61
214.002	2254.61
214.032	2254.61
214.067	2254.61
214.102	2254.61
214.132	2254.61
214.167	2254.61
214.202	2254.61
214.232	2254.61
214.267	2254.61
214.302	2254.61
214.332	2254.61
214.367	2254.61
214.402	2254.61
214.432	2254.61
214.467	2254.61
214.502	2254.61
214.532	2254.61
214.567	2254.61
214.602	2254.61
214.632	2254.61
214.667	2254.61
214.702	2254.61
214.732	2254.61
214.767	2254.61
214.802	2254.61
214.832	2254.61
214.867	2254.61
214.902	2254.61
214.932	2254.61
214.967	2254.61
215.002	2254.61
215.032	2254.61
215.057	2254.61
215.102	2254.61
215.132	2254.61
215.167	2254.61
215.202	2254.61
215.232	2254.61
215.267	2254.61
215.302	2254.61
215.332	2254.61
215.367	2254.61
215.402	2254.61
215.432	2254.61
215.467	2254.61
215.502	2254.61
215.532	2254.61
215.567	2254.61
215.602	2254.61
215.632	2254.61
215.667	2254.61
215.702	2254.61
215.732	2254.61
215.767	2254.61
215.802	2254.61
215.832	2254.61
215.867	2254.61
215.902	2254.61
215.932	2254.61
215.967	2254.61
216.002	2254.61
216.032	2254.61
216.067	2254.61
216.092	2254.61
216.132	2254.61
216.167	2254.61
216.202	2254.61
216.232	2254.61
216.267	2254.61
216.302	2254.61
216.327	2254.61
216.367	2254.61
216.402	2254.61
216.432	2254.61
216.467	2254.61
216.492	2254.61
216.532	2254.61
216.567	2254.61
216.602	2254.61
216.632	2254.61
216.667	2254.61
216.702	2254.61
216.732	2254.61
216.767	2254.61
216.802	2254.61
216.832	2254.61
216.867	2254.61
216.902	2254.61
216.927	2254.61
216.967	2254.61
217.002	2254.61
217.032	2254.61
217.067	2254.61
217.102	2254.61
217.132	2254.61
217.167	2254.61
217.202	2254.61
217.232	2254.61
217.267	2254.61
217.302	2254.61
217.332	2254.61
217.367	2254.61
217.402	2254.61
217.432	2254.61
217.467	2254.61
217.502	2254.61
217.532	2254.61
217.567	2254.61
217.602	2254.61
217.632	2254.61
217.667	2254.61
217.702	2254.61
217.732	2254.61
217.767	2254.61
217.802	2254.61
217.832	2254.61
217.867	2254.61
217.902	2254.61
217.932	2254.61
217.967	2254.61
218.002	2254.61
218.032	2254.61
218.067	2254.61
218.102	2254.61
218.132	2254.61
218.167	2254.61
218.202	2254.61
218.232	2254.61
218.267	2254.61
218.302	2254.61
218.332	2254.61
218.367	2254.61
218.402	2254.61
218.432	2254.61
218.467	2254.61
218.502	2254.61
218.532	2254.61
218.567	2254.61
218.602	2254.61
218.632	2254.61
218.667	2254.61
218.702	2254.61
218.732	2254.61
218.767	2254.61
218.802	2254.61
218.832	2254.61
218.867	2254.61
218.902	2254.61
218.932	2254.61
218.967	2254.61
218.992	2254.61
219.027	2254.61
219.067	2254.61
219.092	2254.61
219.132	2254.61
219.167	2254.61
219.202	2254.61
219.232	2254.61
219.257	2254.61
219.302	2254.61
219.332	2254.61
219.367	2254.61
219.402	2254.61
219.432	2254.61
219.467	2254.61
219.502	2254.61
219.532	2254.61
219.567	2254.61
219.602	2254.61
219.632	2254.61
219.667	2254.61
219.692	2254.61
219.732	2254.61
219.767	2254.61
219.802	2254.61
219.832	2254.61
219.867	2254.61
219.902	2254.61
219.932	2254.61
219.967	2254.61
220.002	2254.61
220.032	2254.61
220.067	2254.61
220.097	2254.61
220.132	2254.61
220.167	2254.61
220.202	2254.61
220.232	2254.61
220.267	2254.61
220.302	2254.61
220.332	2254.61
220.367	2254.61
220.402	2254.61
220.432	2254.61
220.467	2254.61
220.502	2254.61
220.532	2254.61
220.562	2254.61
220.602	2254.61
220.632	2254.61
220.667	2254.61
220.702	2254.61
220.732	2254.61
220.767	2254.61
220.802	2254.61
220.832	2254.61
220.867	2254.61
220.902	2254.61
220.932	2254.61
220.967	2254.61
221.002	2254.61
221.032	2254.61
221.067	2254.61
221.102	2254.61
221.132	2254.61
221.167	2254.61
221.202	2254.61
221.232	2254.61
221.267	2254.61
221.302	2254.61
221.332	2254.61
221.367	2254.61
221.402	2254.61
221.432	2254.61
221.467	2254.61
221.502	2254.61
221.532	2254.61
221.567	2254.61
221.602	2254.61
221.632	2254.61
221.667	2254.61
221.702	2254.61
221.732	2254.61
221.767	2254.61
221.802	2254.61
221.832	2254.61
221.867	2254.61
221.902	2254.61
221.932	2254.61
221.967	2254.61
221.992	2254.61
222.032	2254.61
222.067	2254.61
222.102	2254.61
222.132	2254.61
222.167	2254.61
222.202	2254.61
222.232	2254.61
222.267	2254.61
222.302	2254.61
222.332	2254.61
222.367	2254.61
222.392	2254.61
222.432	2254.61
222.467	2254.61
222.502	2254.61
222.532	2254.61
222.567	2254.61
222.602	2254.61
222.632	2254.61
222.667	2254.61
222.702	2254.61
222.732	2254.61
222.767	2254.61
222.802	2254.61
222.832	2254.61
222.867	2254.61
222.902	2254.61
222.932	2254.61
222.967	2254.61
223.002	2254.61
223.032	2254.61
223.067	2254.61
223.102	2254.61
223.132	2254.61
223.167	2254.61
223.202	2254.61
223.232	2254.61
223.267	2254.61
223.302	2254.61
223.332	2254.61
223.367	2254.61
223.402	2254.61
223.432	2254.61
223.467	2254.61
223.502	2254.61
223.532	2254.61
223.567	2254.61
223.602	2254.61
223.627	2254.61
223.652	2254.61
223.677	2254.61
223.702	2254.61
223.732	2254.61
223.767	2254.61
223.802	2254.61
223.832	2254.61
223.867	2254.61
223.892	2254.61
223.932	2254.61
223.967	2254.61
224.002	2254.61
224.032	2254.61
224.067	2254.61
224.102	2254.61
224.132	2254.61
224.167	2254.61
224.202	2254.61
224.232	2254.61
224.267	2254.61
224.302	2254.61
224.332	2254.61
224.367	2254.61
224.402	2254.61
224.432	2254.61
224.467	2254.61
224.502	2254.61
224.532	2254.61
224.567	2254.61
224.602	2254.61
224.632	2254.61
224.667	2254.61
224.702	2254.61
224.732	2254.61
224.767	2254.61
224.802	2254.61
224.832	2254.61
224.867	2254.61
224.902	2254.61
224.932	2254.61
224.967	2254.61
225.002	2254.61
225.032	2254.61
225.067	2254.61
225.097	2254.61
225.122	2254.61
225.167	2254.61
225.202	2254.61
225.232	2254.61
225.257	2254.61
225.302	2254.61
225.332	2254.61
225.367	2254.61
225.402	2254.61
225.432	2254.61
225.467	2254.61
225.502	2254.61
225.532	2254.61
225.567	2254.61
225.602	2254.61
225.632	2254.61
225.667	2254.61
225.702	2254.61
225.727	2254.61
225.767	2254.61
225.802	2254.61
225.832	2254.61
225.867	2254.61
225.902	2254.61
225.932	2254.61
225.967	2254.61
226.002	2254.61
226.032	2254.61
226.062	2254.61
226.102	2254.61
226.132	2254.61
226.167	2254.61
226.202	2254.61
226.232	2254.61
226.267	2254.61
226.302	2254.61
226.332	2254.61
226.367	2254.61
226.402	2254.61
226.432	2254.61
226.467	2254.61
226.502	2254.61
226.532	2254.61
226.567	2254.61
226.602	2254.61
226.632	2254.61
226.667	2254.61
226.702	2254.61
226.732	2254.61
226.767	2254.61
226.802	2254.61
226.832	2254.61
226.862	2254.61
226.902	2254.61
226.932	2254.61
226.967	2254.61
227.002	2254.61
227.032	2254.61
227.067	2254.61
227.102	2254.61
227.132	2254.61
227.167	2254.61
227.202	2254.61
227.232	2254.61
227.267	2254.61
227.302	2254.61
227.332	2254.61
227.367	2254.61
227.402	2254.61
227.432	2254.61
227.467	2254.61
227.502	2254.61
227.532	2254.61
227.567	2254.61
227.602	2254.61
227.632	2254.61
227.667	2254.61
227.702	2254.61
227.732	2254.61
227.767	2254.61
227.802	2254.61
227.832	2254.61
227.867	2254.61
227.902	2254.61
227.932	2254.61
227.967	2254.61
228.002	2254.61
228.032	2254.61
228.057	2254.61
228.102	2254.61
228.132	2254.61
228.162	2254.61
228.202	2254.61
228.232	2254.61
228.267	2254.61
228.302	2254.61
228.332	2254.61
228.367	2254.61
228.402	2254.61
228.432	2254.61
228.467	2254.61
228.502	2254.61
228.532	2254.61
228.567	2254.61
228.597	2254.61
228.632	2254.61
228.667	2254.61
228.702	2254.61
228.732	2254.61
228.767	2254.61
228.802	2254.61
228.832	2254.61
228.867	2254.61
228.902	2254.61
228.932	2254.61
228.967	2254.61
229.002	2254.61
229.032	2254.61
229.067	2254.61
229.102	2254.61
229.132	2254.61
229.167	2254.61
229.192	2254.61
229.232	2254.61
229.267	2254.61
229.302	2254.61
229.332	2254.61
229.367	2254.61
229.402	2254.61
229.432	2254.61
229.462	2254.61
229.502	2254.61
229.532	2254.61
229.567	2254.61
229.602	2254.61
229.632	2254.61
229.667	2254.61
229.702	2254.61
229.727	2254.61
229.762	2254.61
229.802	2254.61
229.832	2254.61
229.862	2254.61
229.902	2254.61
229.932	2254.61
229.967	2254.61
230.002	2254.61
230.032	2254.61
230.067	2254.61
230.102	2254.61
230.132	2254.61
230.167	2254.61
230.202	2254.61
230.232	2254.61
230.267	2254.61
230.302	2254.61
230.332	2254.61
230.367	2254.61
230.402	2254.61
230.432	2254.61
230.467	2254.61
230.502	2254.61
230.532	2254.61
230.567	2254.61
230.602	2254.61
230.632	2254.61
230.657	2254.61
230.702	2254.61
230.732	2254.61
230.767	2254.61
230.802	2254.61
230.832	2254.61
230.867	2254.61
230.902	2254.61
230.932	2254.61
230.967	2254.61
230.992	2254.61
231.032	2254.61
231.067	2254.61
231.102	2254.61
231.132	2254.61
231.167	2254.61
231.202	2254.61
231.232	2254.61
231.267	2254.61
231.302	2254.61
231.332	2254.61
231.367	2254.61
231.402	2254.61
231.432	2254.61
231.467	2254.61
231.502	2254.61
231.532	2254.61
231.567	2254.61
231.602	2254.61
231.632	2254.61
231.667	2254.61
231.702	2254.61
231.732	2254.61
231.767	2254.61
231.802	2254.61
231.832	2254.61
231.867	2254.61
231.902	2254.61
231.932	2254.61
231.967	2254.61
232.002	2254.61
232.032	2254.61
232.067	2254.61
232.102	2254.61
232.132	2254.61
232.167	2254.61
232.202	2254.61
232.232	2254.61
232.267	2254.61
232.302	2254.61
232.332	2254.61
232.367	2254.61
232.402	2254.61
232.432	2254.61
232.462	2254.61
232.502	2254.61
232.532	2254.61
232.567	2254.61
232.602	2254.61
232.632	2254.61
232.667	2254.61
232.702	2254.61
232.732	2254.61
232.767	2254.61
232.802	2254.61
232.832	2254.61
232.867	2254.61
232.902	2254.61
232.932	2254.61
232.967	2254.61
233.002	2254.61
233.032	2254.61
233.067	2254.61
233.102	2254.61
233.132	2254.61
233.167	2254.61
233.202	2254.61
233.232	2254.61
233.262	2254.61
233.302	2254.61
233.332	2254.61
233.367	2254.61
233.402	2254.61
233.432	2254.61
233.467	2254.61
233.502	2254.61
233.532	2254.61
233.567	2254.61
233.602	2254.61
233.632	2254.61
233.667	2254.61
233.702	2254.61
233.732	2254.61
233.767	2254.61
233.792	2254.61
233.832	2254.61
233.867	2254.61
233.897	2254.61
233.932	2254.61
233.967	2254.61
234.002	2254.61
234.032	2254.61
234.067	2254.61
234.102	2254.61
234.132	2254.61
234.167	2254.61
234.202	2254.61
234.232	2254.61
234.267	2254.61
234.302	2254.61
234.332	2254.61
234.367	2254.61
234.402	2254.61
234.432	2254.61
234.467	2254.61
234.502	2254.61
234.532	2254.61
234.562	2254.61
234.602	2254.61
234.632	2254.61
234.667	2254.61
234.702	2254.61
234.732	2254.61
234.767	2254.61
234.802	2254.61
234.832	2254.61
234.867	2254.61
234.902	2254.61
234.932	2254.61
234.967	2254.61
235.002	2254.61
235.032	2254.61
235.067	2254.61
235.102	2254.61
235.132	2254.61
235.167	2254.61
235.202	2254.61
235.232	2254.61
235.267	2254.61
235.302	2254.61
235.332	2254.61
235.367	2254.61
235.402	2254.61
235.432	2254.61
235.467	2254.61
235.502	2254.61
235.532	2254.61
235.567	2254.61
235.602	2254.61
235.632	2254.61
235.667	2254.61
235.702	2254.61
235.732	2254.61
235.757	2254.61
235.802	2254.61
235.832	2254.61
235.867	2254.61
235.902	2254.61
235.932	2254.61
235.967	2254.61
236.002	2254.61
236.032	2254.61
236.067	2254.61
236.102	2254.61
236.132	2254.61
236.167	2254.61
236.202	2254.61
236.232	2254.61
236.267	2254.61
236.302	2254.61
236.332	2254.61
236.367	2254.61
236.402	2254.61
236.432	2254.61
236.467	2254.61
236.502	2254.61
236.532	2254.61
236.567	2254.61
236.602	2254.61
236.632	2254.61
236.667	2254.61
236.692	2254.61
236.732	2254.61
236.767	2254.61
236.802	2254.61
236.832	2254.61
236.867	2254.61
236.902	2254.61
236.932	2254.61
236.967	2254.61
237.002	2254.61
237.032	2254.61
237.062	2254.61
237.102	2254.61
237.132	2254.61
237.167	2254.61
237.202	2254.61
237.232	2254.61
237.267	2254.61
237.292	2254.61
237.332	2254.61
237.367	2254.61
237.402	2254.61
237.432	2254.61
237.462	2254.61
237.502	2254.61
237.532	2254.61
237.567	2254.61
237.602	2254.61
237.632	2254.61
237.662	2254.61
237.702	2254.61
237.732	2254.61
237.767	2254.61
237.802	2254.61
237.832	2254.61
237.867	2254.61
237.902	2254.61
237.932	2254.61
237.967	2254.61
238.002	2254.61
238.032	2254.61
238.067	2254.61
238.092	2254.61
238.132	2254.61
238.167	2254.61
238.202	2254.61
238.232	2254.61
238.267	2254.61
238.302	2254.61
238.332	2254.61
238.367	2254.61
238.402	2254.61
238.432	2254.61
238.467	2254.61
238.502	2254.61
238.532	2254.61
238.567	2254.61
238.592	2254.61
238.632	2254.61
238.667	2254.61
238.702	2254.61
238.732	2254.61
238.767	2254.61
238.792	2254.61
238.832	2254.61
238.867	2254.61
238.902	2254.61
238.932	2254.61
238.967	2254.61
239.002	2254.61
239.032	2254.61
239.067	2254.61
239.102	2254.61
239.132	2254.61
239.167	2254.61
239.202	2254.61
239.232	2254.61
239.267	2254.61
239.302	2254.61
239.332	2254.61
239.362	2254.61
239.402	2254.61
239.432	2254.61
239.467	2254.61
239.502	2254.61
239.532	2254.61
239.567	2254.61
239.602	2254.61
239.632	2254.61
239.667	2254.61
239.702	2254.61
239.732	2254.61
239.767	2254.61
239.802	2254.61
239.832	2254.61
239.867	2254.61
239.902	2254.61
239.932	2254.61
239.967	2254.61
240.002	2254.61
240.032	2254.61
240.067	2254.61
240.102	2254.61
240.132	2254.61
240.167	2254.61
240.202	2254.61
240.232	2254.61
240.267	2254.61
240.302	2254.61
240.332	2254.61
240.367	2254.61
240.402	2254.61
240.432	2254.61
240.467	2254.61
240.502	2254.61
240.532	2254.61
240.567	2254.61
240.602	2254.61
240.632	2254.61
240.667	2254.61
240.702	2254.61
240.732	2254.61
240.767	2254.61
240.802	2254.61
240.832	2254.61
240.867	2254.61
240.902	2254.61
240.932	2254.61
240.967	2254.61
241.002	2254.61
241.032	2254.61
241.067	2254.61
241.102	2254.61
241.127	2254.61
241.167	2254.61
241.202	2254.61
241.232	2254.61
241.267	2254.61
241.302	2254.61
241.332	2254.61
241.367	2254.61
241.402	2254.61
241.432	2254.61
241.467	2254.61
241.502	2254.61
241.532	2254.61
241.557	2254.61
241.602	2254.61
241.632	2254.61
241.667	2254.61
241.702	2254.61
241.732	2254.61
241.762	2254.61
241.802	2254.61
241.832	2254.61
241.867	2254.61
241.902	2254.61
241.932	2254.61
241.967	2254.61
242.002	2254.61
242.032	2254.61
242.067	2254.61
242.102	2254.61
242.132	2254.61
242.167	2254.61
242.202	2254.61
242.232	2254.61
242.267	2254.61
242.302	2254.61
242.332	2254.61
242.367	2254.61
242.402	2254.61
242.432	2254.61
242.467	2254.61
242.502	2254.61
242.532	2254.61
242.567	2254.61
242.602	2254.61
242.632	2254.61
242.667	2254.61
242.702	2254.61
242.732	2254.61
242.767	2254.61
242.802	2254.61
242.832	2254.61
242.867	2254.61
242.892	2254.61
242.932	2254.61
242.967	2254.61
243.002	2254.61
243.032	2254.61
243.067	2254.61
243.102	2254.61
243.132	2254.61
243.167	2254.61
243.192	2254.61
243.232	2254.61
243.267	2254.61
243.302	2254.61
243.332	2254.61
243.367	2254.61
243.402	2254.61
243.432	2254.61
243.467	2254.61
243.502	2254.61
243.532	2254.61
243.567	2254.61
243.602	2254.61
243.632	2254.61
243.667	2254.61
243.702	2254.61
243.732	2254.61
243.767	2254.61
243.802	2254.61
243.832	2254.61
243.867	2254.61
243.902	2254.61
243.932	2254.61
243.967	2254.61
244.002	2254.61
244.032	2254.61
244.067	2254.61
244.102	2254.61
244.132	2254.61
244.167	2254.61
244.202	2254.61
244.227	2254.61
244.267	2254.61
244.302	2254.61
244.327	2254.61
244.367	2254.61
244.402	2254.61
244.432	2254.61
244.467	2254.61
244.502	2254.61
244.532	2254.61
244.567	2254.61
244.602	2254.61
244.632	2254.61
244.667	2254.61
244.702	2254.61
244.732	2254.61
244.767	2254.61
244.802	2254.61
244.832	2254.61
244.867	2254.61
244.902	2254.61
244.932	2254.61
244.967	2254.61
245.002	2254.61
245.032	2254.61
245.067	2254.61
245.102	2254.61
245.132	2254.61
245.167	2254.61
245.202	2254.61
245.232	2254.61
245.267	2254.61
245.302	2254.61
245.332	2254.61
245.367	2254.61
245.402	2254.61
245.432	2254.61
245.467	2254.61
245.502	2254.61
245.532	2254.61
245.567	2254.61
245.602	2254.61
245.632	2254.61
245.667	2254.61
245.702	2254.61
245.732	2254.61
245.767	2254.61
245.802	2254.61
245.832	2254.61
245.867	2254.61
245.902	2254.61
245.932	2254.61
245.967	2254.61
246.002	2254.61
246.032	2254.61
246.067	2254.61
246.102	2254.61
246.132	2254.61
246.167	2254.61
246.202	2254.61
246.232	2254.61
246.267	2254.61
246.302	2254.61
246.332	2254.61
246.367	2254.61
246.402	2254.61
246.432	2254.61
246.467	2254.61
246.502	2254.61
246.527	2254.61
246.567	2254.61
246.602	2254.61
246.632	2254.61
246.667	2254.61
246.702	2254.61
246.732	2254.61
246.767	2254.61
246.802	2254.61
246.832	2254.61
246.867	2254.61
246.892	2254.61
246.932	2254.61
246.967	2254.61
247.002	2254.61
247.032	2254.61
247.067	2254.61
247.102	2254.61
247.132	2254.61
247.167	2254.61
247.202	2254.61
247.232	2254.61
247.267	2254.61
247.302	2254.61
247.332	2254.61
247.367	2254.61
247.402	2254.61
247.432	2254.61
247.467	2254.61
247.502	2254.61
247.532	2254.61
247.567	2254.61
247.602	2254.61
247.632	2254.61
247.667	2254.61
247.702	2254.61
247.732	2254.61
247.767	2254.61
247.802	2254.61
247.832	2254.61
247.867	2254.61
247.902	2254.61
247.932	2254.61
247.962	2254.61
248.002	2254.61
248.027	2254.61
248.067	2254.61
248.102	2254.61
248.132	2254.61
248.167	2254.61
248.202	2254.61
248.232	2254.61
248.267	2254.61
248.302	2254.61
248.332	2254.61
248.362	2254.61
248.402	2254.61
248.432	2254.61
248.467	2254.61
248.502	2254.61
248.532	2254.61
248.567	2254.61
248.602	2254.61
248.632	2254.61
248.667	2254.61
248.702	2254.61
248.732	2254.61
248.767	2254.61
248.802	2254.61
248.832	2254.61
248.857	2254.61
248.902	2254.61
248.932	2254.61
248.967	2254.61
248.997	2254.61
249.032	2254.61
249.067	2254.61
249.102	2254.61
249.132	2254.61
249.167	2254.61
249.202	2254.61
249.232	2254.61
249.267	2254.61
249.302	2254.61
249.332	2254.61
249.367	2254.61
249.402	2254.61
249.432	2254.61
249.467	2254.61
249.502	2254.61
249.532	2254.61
249.567	2254.61
249.602	2254.61
249.632	2254.61
249.667	2254.61
249.702	2254.61
249.732	2254.61
249.767	2254.61
249.802	2254.61
249.832	2254.61
249.867	2254.61
249.902	2254.61
249.932	2254.61
249.967	2254.61
250.002	2254.61
250.032	2254.61
250.067	2254.61
250.102	2254.61
250.132	2254.61
250.167	2254.61
250.202	2254.61
250.232	2254.61
250.267	2254.61
250.302	2254.61
250.332	2254.61
250.367	2254.61
250.402	2254.61
250.432	2254.61
250.467	2254.61
250.497	2254.61
250.532	2254.61
250.567	2254.61
250.602	2254.61
250.632	2254.61
250.667	2254.61
250.702	2254.61
250.732	2254.61
250.767	2254.61
250.802	2254.61
250.832	2254.61
250.867	2254.61
250.902	2254.61
250.932	2254.61
250.967	2254.61
251.002	2254.61
251.032	2254.61
251.067	2254.61
251.102	2254.61
251.132	2254.61
251.167	2254.61
251.202	2254.61
251.232	2254.61
251.267	2254.61
251.302	2254.61
251.332	2254.61
251.367	2254.61
251.402	2254.61
251.432	2254.61
251.467	2254.61
251.502	2254.61
251.532	2254.61
251.562	2254.61
251.602	2254.61
251.632	2254.61
251.667	2254.61
251.702	2254.61
251.732	2254.61
251.767	2254.61
251.802	2254.61
251.832	2254.61
251.867	2254.61
251.902	2254.61
251.932	2254.61
251.967	2254.61
252.002	2254.61
252.032	2254.61
252.067	2254.61
252.102	2254.61
252.132	2254.61
252.167	2254.61
252.202	2254.61
252.232	2254.61
252.267	2254.61
252.302	2254.61
252.332	2254.61
252.367	2254.61
252.402	2254.61
252.432	2254.61
252.467	2254.61
252.502	2254.61
252.532	2254.61
252.567	2254.61
252.602	2254.61
252.632	2254.61
252.667	2254.61
252.702	2254.61
252.732	2254.61
252.767	2254.61
252.802	2254.61
252.832	2254.61
252.867	2254.61
252.902	2254.61
252.932	2254.61
252.967	2254.61
253.002	2254.61
253.032	2254.61
253.067	2254.61
253.102	2254.61
253.132	2254.61
253.167	2254.61
253.202	2254.61
253.232	2254.61
253.267	2254.61
253.302	2254.61
253.332	2254.61
253.367	2254.61
253.402	2254.61
253.427	2254.61
253.467	2254.61
253.502	2254.61
253.527	2254.61
253.567	2254.61
253.602	2254.61
253.632	2254.61
253.667	2254.61
253.697	2254.61
253.732	2254.61
253.767	2254.61
253.802	2254.61
253.832	2254.61
253.867	2254.61
253.902	2254.61
253.932	2254.61
253.967	2254.61
254.002	2254.61
254.032	2254.61
254.067	2254.61
254.102	2254.61
254.132	2254.61
254.167	2254.61
254.202	2254.61
254.232	2254.61
254.267	2254.61
254.302	2254.61
254.327	2254.61
254.367	2254.61
254.402	2254.61
254.432	2254.61
254.467	2254.61
254.502	2254.61
254.532	2254.61
254.567	2254.61
254.602	2254.61
254.632	2254.61
254.667	2254.61
254.702	2254.61
254.732	2254.61
254.767	2254.61
254.802	2254.61
254.832	2254.61
254.867	2254.61
254.902	2254.61
254.932	2254.61
254.967	2254.61
255.002	2254.61
255.032	2254.61
255.067	2254.61
255.102	2254.61
255.132	2254.61
255.167	2254.61
255.202	2254.61
255.232	2254.61
255.267	2254.61
255.302	2254.61
255.332	2254.61
255.367	2254.61
255.392	2254.61
255.432	2254.61
255.467	2254.61
255.502	2254.61
255.532	2254.61
255.567	2254.61
255.602	2254.61
255.632	2254.61
255.667	2254.61
255.702	2254.61
255.732	2254.61
255.767	2254.61
255.802	2254.61
255.832	2254.61
255.867	2254.61
255.902	2254.61
255.932	2254.61
255.957	2254.61
256.002	2254.61
256.032	2254.61
256.067	2254.61
256.102	2254.61
256.132	2254.61
256.167	2254.61
256.202	2254.61
256.232	2254.61
256.267	2254.61
256.302	2254.61
256.332	2254.61
256.367	2254.61
256.402	2254.61
256.432	2254.61
256.467	2254.61
256.502	2254.61
256.532	2254.61
256.567	2254.61
256.602	2254.61
256.627	2254.61
256.667	2254.61
256.702	2254.61
256.732	2254.61
256.767	2254.61
256.802	2254.61
256.832	2254.61
256.867	2254.61
256.902	2254.61
256.932	2254.61
256.967	2254.61
256.992	2254.61
257.032	2254.61
257.067	2254.61
257.102	2254.61
257.132	2254.61
257.167	2254.61
257.202	2254.61
257.232	2254.61
257.267	2254.61
257.302	2254.61
257.332	2254.61
257.367	2254.61
257.402	2254.61
257.432	2254.61
257.467	2254.61
257.502	2254.61
257.532	2254.61
257.567	2254.61
257.602	2254.61
257.632	2254.61
257.667	2254.61
257.692	2254.61
257.732	2254.61
257.767	2254.61
257.797	2254.61
257.832	2254.61
257.867	2254.61
257.902	2254.61
257.932	2254.61
257.967	2254.61
258.002	2254.61
258.032	2254.61
258.067	2254.61
258.102	2254.61
258.132	2254.61
258.167	2254.61
258.202	2254.61
258.232	2254.61
258.267	2254.61
258.302	2254.61
258.332	2254.61
258.367	2254.61
258.402	2254.61
258.432	2254.61
258.467	2254.61
258.502	2254.61
258.532	2254.61
258.567	2254.61
258.602	2254.61
258.632	2254.61
258.667	2254.61
258.702	2254.61
258.732	2254.61
258.767	2254.61
258.802	2254.61
258.832	2254.61
258.867	2254.61
258.902	2254.61
258.932	2254.61
258.967	2254.61
259.002	2254.61
259.032	2254.61
259.067	2254.61
259.102	2254.61
259.132	2254.61
259.167	2254.61
259.202	2254.61
259.232	2254.61
259.267	2254.61
259.302	2254.61
259.332	2254.61
259.367	2254.61
259.402	2254.61
259.432	2254.61
259.467	2254.61
259.502	2254.61
259.532	2254.61
259.567	2254.61
259.602	2254.61
259.632	2254.61
259.667	2254.61
259.702	2254.61
259.732	2254.61
259.762	2254.61
259.802	2254.61
259.832	2254.61
259.867	2254.61
259.902	2254.61
259.932	2254.61
259.967	2254.61
260.002	2254.61
260.032	2254.61
260.067	2254.61
260.102	2254.61
260.132	2254.61
260.167	2254.61
260.202	2254.61
260.232	2254.61
260.267	2254.61
260.302	2254.61
260.332	2254.61
260.367	2254.61
260.402	2254.61
260.432	2254.61
260.467	2254.61
260.502	2254.61
260.532	2254.61
260.567	2254.61
260.602	2254.61
260.632	2254.61
260.667	2254.61
260.702	2254.61
260.732	2254.61
260.767	2254.61
260.802	2254.61
260.832	2254.61
260.867	2254.61
260.902	2254.61
260.932	2254.61
260.967	2254.61
261.002	2254.61
261.032	2254.61
261.067	2254.61
261.102	2254.61
261.132	2254.61
261.167	2254.61
261.202	2254.61
261.232	2254.61
261.257	2254.61
261.302	2254.61
261.332	2254.61
261.367	2254.61
261.392	2254.61
261.432	2254.61
261.467	2254.61
261.502	2254.61
261.532	2254.61
261.567	2254.61
261.602	2254.61
261.632	2254.61
261.667	2254.61
261.702	2254.61
261.732	2254.61
261.767	2254.61
261.802	2254.61
261.832	2254.61
261.867	2254.61
261.902	2254.61
261.932	2254.61
261.967	2254.61
262.002	2254.61
262.032	2254.61
262.067	2254.61
262.102	2254.61
262.132	2254.61
262.167	2254.61
262.202	2254.61
262.232	2254.61
262.267	2254.61
262.302	2254.61
262.332	2254.61
262.367	2254.61
262.392	2254.61
262.432	2254.61
262.467	2254.61
262.502	2254.61
262.532	2254.61
262.567	2254.61
262.602	2254.61
262.632	2254.61
262.667	2254.61
262.702	2254.61
262.732	2254.61
262.767	2254.61
262.802	2254.61
262.832	2254.61
262.867	2254.61
262.902	2254.61
262.932	2254.61
262.967	2254.61
263.002	2254.61
263.032	2254.61
263.067	2254.61
263.102	2254.61
263.132	2254.61
263.167	2254.61
263.202	2254.61
263.232	2254.61
263.267	2254.61
263.302	2254.61
263.332	2254.61
263.367	2254.61
263.402	2254.61
263.432	2254.61
263.467	2254.61
263.502	2254.61
263.532	2254.61
263.567	2254.61
263.602	2254.61
263.632	2254.61
263.667	2254.61
263.702	2254.61
263.732	2254.61
263.767	2254.61
263.802	2254.61
263.832	2254.61
263.867	2254.61
263.892	2254.61
263.932	2254.61
263.967	2254.61
264.002	2254.61
264.032	2254.61
264.067	2254.61
264.102	2254.61
264.127	2254.61
264.152	2254.61
264.177	2254.61
264.202	2254.61
264.232	2254.61
264.267	2254.61
264.302	2254.61
264.332	2254.61
264.367	2254.61
264.392	2254.61
264.432	2254.61
264.467	2254.61
264.502	2254.61
264.532	2254.61
264.567	2254.61
264.602	2254.61
264.632	2254.61
264.667	2254.61
264.702	2254.61
264.732	2254.61
264.767	2254.61
264.802	2254.61
264.832	2254.61
264.867	2254.61
264.902	2254.61
264.932	2254.61
264.967	2254.61
265.002	2254.61
265.032	2254.61
265.067	2254.61
265.102	2254.61
265.132	2254.61
265.167	2254.61
265.202	2254.61
265.232	2254.61
265.267	2254.61
265.302	2254.61
265.332	2254.61
265.367	2254.61
265.402	2254.61
265.432	2254.61
265.467	2254.61
265.502	2254.61
265.532	2254.61
265.567	2254.61
265.602	2254.61
265.632	2254.61
265.667	2254.61
265.702	2254.61
265.732	2254.61
265.767	2254.61
265.802	2254.61
265.832	2254.61
265.867	2254.61
265.902	2254.61
265.932	2254.61
265.967	2254.61
266.002	2254.61
266.032	2254.61
266.067	2254.61
266.102	2254.61
266.132	2254.61
266.167	2254.61
266.202	2254.61
266.232	2254.61
266.267	2254.61
266.302	2254.61
266.332	2254.61
266.367	2254.61
266.402	2254.61
266.432	2254.61
266.467	2254.61
266.502	2254.61
266.532	2254.61
266.567	2254.61
266.602	2254.61
266.632	2254.61
266.667	2254.61
266.702	2254.61
266.732	2254.61
266.767	2254.61
266.802	2254.61
266.832	2254.61
266.867	2254.61
266.902	2254.61
266.932	2254.61
266.967	2254.61
267.002	2254.61
267.032	2254.61
267.067	2254.61
267.102	2254.61
267.132	2254.61
267.167	2254.61
267.202	2254.61
267.232	2254.61
267.267	2254.61
267.302	2254.61
267.332	2254.61
267.367	2254.61
267.402	2254.61
267.432	2254.61
267.467	2254.61
267.502	2254.61
267.532	2254.61
267.567	2254.61
267.602	2254.61
267.632	2254.61
267.667	2254.61
267.702	2254.61
267.732	2254.61
267.767	2254.61
267.802	2254.61
267.832	2254.61
267.867	2254.61
267.902	2254.61
267.932	2254.61
267.962	2254.61
268.002	2254.61
268.032	2254.61
268.067	2254.61
268.102	2254.61
268.132	2254.61
268.167	2254.61
268.192	2254.61
268.232	2254.61
268.267	2254.61
268.302	2254.61
268.332	2254.61
268.367	2254.61
268.402	2254.61
268.432	2254.61
268.467	2254.61
268.502	2254.61
268.532	2254.61
268.567	2254.61
268.602	2254.61
268.632	2254.61
268.667	2254.61
268.702	2254.61
268.727	2254.61
268.767	2254.61
268.802	2254.61
268.832	2254.61
268.867	2254.61
268.902	2254.61
268.932	2254.61
268.967	2254.61
269.002	2254.61
269.032	2254.61
269.067	2254.61
269.092	2254.61
269.132	2254.61
269.167	2254.61
269.202	2254.61
269.232	2254.61
269.267	2254.61
269.302	2254.61
269.332	2254.61
269.367	2254.61
269.402	2254.61
269.432	2254.61
269.467	2254.61
269.502	2254.61
269.532	2254.61
269.567	2254.61
269.602	2254.61
269.632	2254.61
269.667	2254.61
269.702	2254.61
269.732	2254.61
269.762	2254.61
269.802	2254.61
269.832	2254.61
269.867	2254.61
269.902	2254.61
269.932	2254.61
269.962	2254.61
270.002	2254.61
270.032	2254.61
270.067	2254.61
270.102	2254.61
270.132	2254.61
270.167	2254.61
270.202	2254.61
270.232	2254.61
270.267	2254.61
270.302	2254.61
270.332	2254.61
270.367	2254.61
270.402	2254.61
270.432	2254.61
270.467	2254.61
270.502	2254.61
270.532	2254.61
270.567	2254.61
270.592	2254.61
270.632	2254.61
270.667	2254.61
270.702	2254.61
270.732	2254.61
270.762	2254.61
270.802	2254.61
270.832	2254.61
270.867	2254.61
270.902	2254.61
270.932	2254.61
270.967	2254.61
271.002	2254.61
271.032	2254.61
271.067	2254.61
271.102	2254.61
271.132	2254.61
271.167	2254.61
271.202	2254.61
271.232	2254.61
271.267	2254.61
271.302	2254.61
271.332	2254.61
271.367	2254.61
271.402	2254.61
271.432	2254.61
271.467	2254.61
271.502	2254.61
271.532	2254.61
271.567	2254.61
271.602	2254.61
271.632	2254.61
271.667	2254.61
271.702	2254.61
271.732	2254.61
271.767	2254.61
271.802	2254.61
271.832	2254.61
271.867	2254.61
271.902	2254.61
271.927	2254.61
271.967	2254.61
272.002	2254.61
272.032	2254.61
272.067	2254.61
272.102	2254.61
272.132	2254.61
272.167	2254.61
272.202	2254.61
272.232	2254.61
272.267	2254.61
272.302	2254.61
272.332	2254.61
272.367	2254.61
272.402	2254.61
272.432	2254.61
272.467	2254.61
272.502	2254.61
272.532	2254.61
272.567	2254.61
272.602	2254.61
272.632	2254.61
272.667	2254.61
272.702	2254.61
272.732	2254.61
272.767	2254.61
272.802	2254.61
272.832	2254.61
272.867	2254.61
272.902	2254.61
272.932	2254.61
272.967	2254.61
273.002	2254.61
273.032	2254.61
273.067	2254.61
273.102	2254.61
273.132	2254.61
273.167	2254.61
273.202	2254.61
273.232	2254.61
273.267	2254.61
273.302	2254.61
273.332	2254.61
273.367	2254.61
273.392	2254.61
273.432	2254.61
273.467	2254.61
273.502	2254.61
273.532	2254.61
273.567	2254.61
273.602	2254.61
273.632	2254.61
273.657	2254.61
273.697	2254.61
273.732	2254.61
273.767	2254.61
273.802	2254.61
273.832	2254.61
273.867	2254.61
273.902	2254.61
273.932	2254.61
273.967	2254.61
274.002	2254.61
274.032	2254.61
274.067	2254.61
274.102	2254.61
274.132	2254.61
274.167	2254.61
274.202	2254.61
274.232	2254.61
274.267	2254.61
274.302	2254.61
274.332	2254.61
274.367	2254.61
274.402	2254.61
274.432	2254.61
274.467	2254.61
274.502	2254.61
274.532	2254.61
274.567	2254.61
274.602	2254.61
274.632	2254.61
274.667	2254.61
274.702	2254.61
274.732	2254.61
274.767	2254.61
274.802	2254.61
274.832	2254.61
274.867	2254.61
274.902	2254.61
274.932	2254.61
274.962	2254.61
275.002	2254.61
275.032	2254.61
275.067	2254.61
275.102	2254.61
275.132	2254.61
275.167	2254.61
275.202	2254.61
275.232	2254.61
275.267	2254.61
275.302	2254.61
275.332	2254.61
275.367	2254.61
275.402	2254.61
275.432	2254.61
275.467	2254.61
275.502	2254.61
275.532	2254.61
275.567	2254.61
275.602	2254.61
275.632	2254.61
275.667	2254.61
275.702	2254.61
275.732	2254.61
275.767	2254.61
275.802	2254.61
275.832	2254.61
275.867	2254.61
275.902	2254.61
275.932	2254.61
275.967	2254.61
276.002	2254.61
276.032	2254.61
276.067	2254.61
276.102	2254.61
276.132	2254.61
276.167	2254.61
276.202	2254.61
276.232	2254.61
276.267	2254.61
276.302	2254.61
276.332	2254.61
276.367	2254.61
276.402	2254.61
276.432	2254.61
276.467	2254.61
276.502	2254.61
276.532	2254.61
276.567	2254.61
276.602	2254.61
276.632	2254.61
276.667	2254.61
276.702	2254.61
276.732	2254.61
276.767	2254.61
276.802	2254.61
276.832	2254.61
276.867	2254.61
276.902	2254.61
276.932	2254.61
276.967	2254.61
277.002	2254.61
277.032	2254.61
277.067	2254.61
277.102	2254.61
277.132	2254.61
277.167	2254.61
277.202	2254.61
277.232	2254.61
277.267	2254.61
277.302	2254.61
277.332	2254.61
277.367	2254.61
277.402	2254.61
277.432	2254.61
277.467	2254.61
277.502	2254.61
277.532	2254.61
277.567	2254.61
277.602	2254.61
277.632	2254.61
277.667	2254.61
277.702	2254.61
277.732	2254.61
277.767	2254.61
277.802	2254.61
277.832	2254.61
277.867	2254.61
277.902	2254.61
277.927	2254.61
277.967	2254.61
278.002	2254.61
278.032	2254.61
278.067	2254.61
278.102	2254.61
278.132	2254.61
278.167	2254.61
278.202	2254.61
278.232	2254.61
278.267	2254.61
278.302	2254.61
278.332	2254.61
278.367	2254.61
278.402	2254.61
278.432	2254.61
278.467	2254.61
278.502	2254.61
278.532	2254.61
278.567	2254.61
278.602	2254.61
278.632	2254.61
278.667	2254.61
278.702	2254.61
278.732	2254.61
278.767	2254.61
278.802	2254.61
278.832	2254.61
278.862	2254.61
278.902	2254.61
278.932	2254.61
278.967	2254.61
279.002	2254.61
279.032	2254.61
279.067	2254.61
279.102	2254.61
279.132	2254.61
279.167	2254.61
279.202	2254.61
279.227	2254.61
279.267	2254.61
279.302	2254.61
279.332	2254.61
279.367	2254.61
279.402	2254.61
279.432	2254.61
279.467	2254.61
279.502	2254.61
279.532	2254.61
279.567	2254.61
279.602	2254.61
279.632	2254.61
279.667	2254.61
279.702	2254.61
279.732	2254.61
279.767	2254.61
279.802	2254.61
279.832	2254.61
279.867	2254.61
279.902	2254.61
279.932	2254.61
279.967	2254.61
280.002	2254.61
280.032	2254.61
280.067	2254.61
280.102	2254.61
280.132	2254.61
280.167	2254.61
280.202	2254.61
280.232	2254.61
280.267	2254.61
280.292	2254.61
280.332	2254.61
280.367	2254.61
280.402	2254.61
280.432	2254.61
280.467	2254.61
280.502	2254.61
280.532	2254.61
280.567	2254.61
280.602	2254.61
280.632	2254.61
280.667	2254.61
280.702	2254.61
280.732	2254.61
280.767	2254.61
280.802	2254.61
280.832	2254.61
280.867	2254.61
280.902	2254.61
280.932	2254.61
280.962	2254.61
281.002	2254.61
281.032	2254.61
281.067	2254.61
281.102	2254.61
281.132	2254.61
281.167	2254.61
281.202	2254.61
281.232	2254.61
281.267	2254.61
281.302	2254.61
281.332	2254.61
281.367	2254.61
281.397	2254.61
281.432	2254.61
281.467	2254.61
281.502	2254.61
281.532	2254.61
281.567	2254.61
281.602	2254.61
281.632	2254.61
281.667	2254.61
281.702	2254.61
281.732	2254.61
281.767	2254.61
281.802	2254.61
281.832	2254.61
281.867	2254.61
281.902	2254.61
281.932	2254.61
281.967	2254.61
282.002	2254.61
282.032	2254.61
282.067	2254.61
282.102	2254.61
282.132	2254.61
282.167	2254.61
282.202	2254.61
282.232	2254.61
282.267	2254.61
282.302	2254.61
282.332	2254.61
282.367	2254.61
282.392	2254.61
282.432	2254.61
282.467	2254.61
282.502	2254.61
282.532	2254.61
282.557	2254.61
282.602	2254.61
282.632	2254.61
282.667	2254.61
282.702	2254.61
282.732	2254.61
282.767	2254.61
282.802	2254.61
282.832	2254.61
282.857	2254.61
282.882	2254.61
282.907	2254.61
282.932	2254.61
282.967	2254.61
283.002	2254.61
283.032	2254.61
283.067	2254.61
283.102	2254.61
283.132	2254.61
283.167	2254.61
283.202	2254.61
283.232	2254.61
283.267	2254.61
283.302	2254.61
283.332	2254.61
283.367	2254.61
283.402	2254.61
283.432	2254.61
283.467	2254.61
283.502	2254.61
283.532	2254.61
283.567	2254.61
283.602	2254.61
283.632	2254.61
283.667	2254.61
283.702	2254.61
283.732	2254.61
283.767	2254.61
283.802	2254.61
283.832	2254.61
283.867	2254.61
283.902	2254.61
283.932	2254.61
283.967	2254.61
284.002	2254.61
284.032	2254.61
284.067	2254.61
284.102	2254.61
284.132	2254.61
284.167	2254.61
284.202	2254.61
284.232	2254.61
284.267	2254.61
284.302	2254.61
284.332	2254.61
284.367	2254.61
284.402	2254.61
284.432	2254.61
284.462	2254.61
284.502	2254.61
284.532	2254.61
284.567	2254.61
284.602	2254.61
284.632	2254.61
284.667	2254.61
284.702	2254.61
284.732	2254.61
284.767	2254.61
284.802	2254.61
284.832	2254.61
284.867	2254.61
284.902	2254.61
284.932	2254.61
284.967	2254.61
285.002	2254.61
285.032	2254.61
285.067	2254.61
285.102	2254.61
285.132	2254.61
285.167	2254.61
285.202	2254.61
285.232	2254.61
285.267	2254.61
285.302	2254.61
285.332	2254.61
285.367	2254.61
285.402	2254.61
285.432	2254.61
285.467	2254.61
285.502	2254.61
285.532	2254.61
285.567	2254.61
285.602	2254.61
285.632	2254.61
285.667	2254.61
285.702	2254.61
285.732	2254.61
285.767	2254.61
285.802	2254.61
285.832	2254.61
285.867	2254.61
285.902	2254.61
285.932	2254.61
285.967	2254.61
286.002	2254.61
286.032	2254.61
286.067	2254.61
286.102	2254.61
286.132	2254.61
286.167	2254.61
286.202	2254.61
286.232	2254.61
286.267	2254.61
286.302	2254.61
286.332	2254.61
286.367	2254.61
286.402	2254.61
286.432	2254.61
286.462	2254.61
286.502	2254.61
286.532	2254.61
286.562	2254.61
286.602	2254.61
286.632	2254.61
286.667	2254.61
286.702	2254.61
286.732	2254.61
286.767	2254.61
286.802	2254.61
286.832	2254.61
286.867	2254.61
286.902	2254.61
286.932	2254.61
286.967	2254.61
287.002	2254.61
287.032	2254.61
287.067	2254.61
287.102	2254.61
287.132	2254.61
287.167	2254.61
287.202	2254.61
287.232	2254.61
287.267	2254.61
287.302	2254.61
287.332	2254.61
287.367	2254.61
287.402	2254.61
287.432	2254.61
287.467	2254.61
287.502	2254.61
287.527	2254.61
287.567	2254.61
287.602	2254.61
287.632	2254.61
287.662	2254.61
287.702	2254.61
287.732	2254.61
287.767	2254.61
287.802	2254.61
287.832	2254.61
287.867	2254.61
287.902	2254.61
287.932	2254.61
287.967	2254.61
288.002	2254.61
288.032	2254.61
288.067	2254.61
288.102	2254.61
288.132	2254.61
288.167	2254.61
288.202	2254.61
288.232	2254.61
288.267	2254.61
288.302	2254.61
288.332	2254.61
288.367	2254.61
288.402	2254.61
288.432	2254.61
288.467	2254.61
288.502	2254.61
288.532	2254.61
288.567	2254.61
288.602	2254.61
288.632	2254.61
288.667	2254.61
288.702	2254.61
288.732	2254.61
288.767	2254.61
288.802	2254.61
288.832	2254.61
288.867	2254.61
288.892	2254.61
288.922	2254.61
288.967	2254.61
289.002	2254.61
289.032	2254.61
289.067	2254.61
289.102	2254.61
289.132	2254.61
289.167	2254.61
289.197	2254.61
289.232	2254.61
289.267	2254.61
289.302	2254.61
289.332	2254.61
289.367	2254.61
289.402	2254.61
289.432	2254.61
289.467	2254.61
289.502	2254.61
289.532	2254.61
289.567	2254.61
289.602	2254.61
289.632	2254.61
289.667	2254.61
289.702	2254.61
289.727	2254.61
289.767	2254.61
289.792	2254.61
289.832	2254.61
289.867	2254.61
289.902	2254.61
289.932	2254.61
289.967	2254.61
290.002	2254.61
290.032	2254.61
290.067	2254.61
290.102	2254.61
290.132	2254.61
290.167	2254.61
290.202	2254.61
290.232	2254.61
290.267	2254.61
290.302	2254.61
290.332	2254.61
290.367	2254.61
290.402	2254.61
290.432	2254.61
290.467	2254.61
290.502	2254.61
290.532	2254.61
290.567	2254.61
290.602	2254.61
290.632	2254.61
290.667	2254.61
290.702	2254.61
290.732	2254.61
290.767	2254.61
290.797	2254.61
290.832	2254.61
290.867	2254.61
290.902	2254.61
290.932	2254.61
290.967	2254.61
291.002	2254.61
291.032	2254.61
291.067	2254.61
291.102	2254.61
291.132	2254.61
291.167	2254.61
291.202	2254.61
291.232	2254.61
291.267	2254.61
291.302	2254.61
291.332	2254.61
291.367	2254.61
291.402	2254.61
291.432	2254.61
291.467	2254.61
291.502	2254.61
291.532	2254.61
291.567	2254.61
291.602	2254.61
291.632	2254.61
291.667	2254.61
291.702	2254.61
291.732	2254.61
291.767	2254.61
291.802	2254.61
291.832	2254.61
291.867	2254.61
291.902	2254.61
291.932	2254.61
291.967	2254.61
292.002	2254.61
292.032	2254.61
292.067	2254.61
292.102	2254.61
292.132	2254.61
292.167	2254.61
292.202	2254.61
292.232	2254.61
292.267	2254.61
292.302	2254.61
292.332	2254.61
292.367	2254.61
292.402	2254.61
292.432	2254.61
292.467	2254.61
292.502	2254.61
292.532	2254.61
292.567	2254.61
292.602	2254.61
292.632	2254.61
292.667	2254.61
292.702	2254.61
292.732	2254.61
292.767	2254.61
292.802	2254.61
292.832	2254.61
292.867	2254.61
292.902	2254.61
292.932	2254.61
292.967	2254.61
293.002	2254.61
293.032	2254.61
293.067	2254.61
293.102	2254.61
293.132	2254.61
293.167	2254.61
293.202	2254.61
293.232	2254.61
293.267	2254.61
293.302	2254.61
293.332	2254.61
293.367	2254.61
293.402	2254.61
293.432	2254.61
293.467	2254.61
293.502	2254.61
293.532	2254.61
293.567	2254.61
293.602	2254.61
293.632	2254.61
293.667	2254.61
293.702	2254.61
293.732	2254.61
293.767	2254.61
293.802	2254.61
293.832	2254.61
293.867	2254.61
293.902	2254.61
293.932	2254.61
293.967	2254.61
294.002	2254.61
294.032	2254.61
294.067	2254.61
294.102	2254.61
294.132	2254.61
294.167	2254.61
294.202	2254.61
294.232	2254.61
294.267	2254.61
294.297	2254.61
294.332	2254.61
294.367	2254.61
294.402	2254.61
294.432	2254.61
294.467	2254.61
294.502	2254.61
294.532	2254.61
294.567	2254.61
294.602	2254.61
294.632	2254.61
294.667	2254.61
294.702	2254.61
294.732	2254.61
294.767	2254.61
294.802	2254.61
294.832	2254.61
294.867	2254.61
294.902	2254.61
294.932	2254.61
294.967	2254.61
294.992	2254.61
295.032	2254.61
295.067	2254.61
295.102	2254.61
295.132	2254.61
295.167	2254.61
295.192	2254.61
295.232	2254.61
295.267	2254.61
295.302	2254.61
295.332	2254.61
295.367	2254.61
295.402	2254.61
295.432	2254.61
295.467	2254.61
295.502	2254.61
295.532	2254.61
295.567	2254.61
295.602	2254.61
295.632	2254.61
295.667	2254.61
295.702	2254.61
295.732	2254.61
295.757	2254.61
295.802	2254.61
295.832	2254.61
295.867	2254.61
295.902	2254.61
295.932	2254.61
295.967	2254.61
296.002	2254.61
296.032	2254.61
296.067	2254.61
296.092	2254.61
296.132	2254.61
296.162	2254.61
296.202	2254.61
296.232	2254.61
296.267	2254.61
296.292	2254.61
296.332	2254.61
296.367	2254.61
296.402	2254.61
296.432	2254.61
296.467	2254.61
296.502	2254.61
296.532	2254.61
296.567	2254.61
296.602	2254.61
296.632	2254.61
296.667	2254.61
296.702	2254.61
296.732	2254.61
296.767	2254.61
296.802	2254.61
296.832	2254.61
296.867	2254.61
296.902	2254.61
296.932	2254.61
296.967	2254.61
297.002	2254.61
297.032	2254.61
297.067	2254.61
297.102	2254.61
297.132	2254.61
297.167	2254.61
297.202	2254.61
297.232	2254.61
297.267	2254.61
297.302	2254.61
297.332	2254.61
297.367	2254.61
297.402	2254.61
297.432	2254.61
297.467	2254.61
297.502	2254.61
297.532	2254.61
297.567	2254.61
297.602	2254.61
297.632	2254.61
297.667	2254.61
297.702	2254.61
297.732	2254.61
297.767	2254.61
297.802	2254.61
297.832	2254.61
297.867	2254.61
297.902	2254.61
297.932	2254.61
297.967	2254.61
298.002	2254.61
298.032	2254.61
298.067	2254.61
298.102	2254.61
298.132	2254.61
298.167	2254.61
298.202	2254.61
298.232	2254.61
298.267	2254.61
298.302	2254.61
298.332	2254.61
298.367	2254.61
298.402	2254.61
298.432	2254.61
298.462	2254.61
298.502	2254.61
298.532	2254.61
298.567	2254.61
298.602	2254.61
298.632	2254.61
298.667	2254.61
298.702	2254.61
298.732	2254.61
298.767	2254.61
298.802	2254.61
298.832	2254.61
298.867	2254.61
298.902	2254.61
298.932	2254.61
298.962	2254.61
299.002	2254.61
299.032	2254.61
299.057	2254.61
299.102	2254.61
299.132	2254.61
299.167	2254.61
299.202	2254.61
299.232	2254.61
299.267	2254.61
299.302	2254.61
299.332	2254.61
299.367	2254.61
299.402	2254.61
299.432	2254.61
299.467	2254.61
299.502	2254.61
299.532	2254.61
299.567	2254.61
299.602	2254.61
299.632	2254.61
299.667	2254.61
299.702	2254.61
299.732	2254.61
299.767	2254.61
299.802	2254.61
299.832	2254.61
299.867	2254.61
299.902	2254.61
299.932	2254.61
299.967	2254.61
300.002	2254.61
300.032	2254.61
300.067	2254.61
300.102	2254.61
300.132	2254.61
300.167	2254.61
300.202	2254.61
300.232	2254.61
300.267	2254.61
300.302	2254.61
300.332	2254.61
300.367	2254.61
300.402	2254.61
300.432	2254.61
300.467	2254.61
300.502	2254.61
300.532	2254.61
300.567	2254.61
300.602	2254.61
300.632	2254.61
300.667	2254.61
300.702	2254.61
300.732	2254.61
300.767	2254.61
300.802	2254.61
300.832	2254.61
300.867	2254.61
300.902	2254.61
300.932	2254.61
300.967	2254.61
301.002	2254.61
301.032	2254.61
301.067	2254.61
301.102	2254.61
301.132	2254.61
301.167	2254.61
301.202	2254.61
301.232	2254.61
301.267	2254.61
301.302	2254.61
301.332	2254.61
301.367	2254.61
301.402	2254.61
301.432	2254.61
301.467	2254.61
301.502	2254.61
301.532	2254.61
301.567	2254.61
301.602	2254.61
301.632	2254.61
301.667	2254.61
301.702	2254.61
301.732	2254.61
301.767	2254.61
301.802	2254.61
301.832	2254.61
301.867	2254.61
301.902	2254.61
301.932	2254.61
301.967	2254.61
302.002	2254.61
302.032	2254.61
302.067	2254.61
302.102	2254.61
302.132	2254.61
302.167	2254.61
302.202	2254.61
302.232	2254.61
302.267	2254.61
302.302	2254.61
302.332	2254.61
302.367	2254.61
302.402	2254.61
302.432	2254.61
302.467	2254.61
302.502	2254.61
302.532	2254.61
302.567	2254.61
302.602	2254.61
302.632	2254.61
302.667	2254.61
302.702	2254.61
302.732	2254.61
302.767	2254.61
302.802	2254.61
302.832	2254.61
302.867	2254.61
302.902	2254.61
302.932	2254.61
302.967	2254.61
303.002	2254.61
303.032	2254.61
303.067	2254.61
303.102	2254.61
303.132	2254.61
303.167	2254.61
303.202	2254.61
303.232	2254.61
303.267	2254.61
303.302	2254.61
303.332	2254.61
303.367	2254.61
303.402	2254.61
303.432	2254.61
303.467	2254.61
303.502	2254.61
303.532	2254.61
303.567	2254.61
303.602	2254.61
303.632	2254.61
303.667	2254.61
303.702	2254.61
303.732	2254.61
303.767	2254.61
303.802	2254.61
303.832	2254.61
303.867	2254.61
303.902	2254.61
303.932	2254.61
303.967	2254.61
304.002	2254.61
304.027	2254.61
304.067	2254.61
304.102	2254.61
304.132	2254.61
304.167	2254.61
304.202	2254.61
304.232	2254.61
304.267	2254.61
304.302	2254.61
304.332	2254.61
304.367	2254.61
304.402	2254.61
304.432	2254.61
304.467	2254.61
304.502	2254.61
304.532	2254.61
304.567	2254.61
304.602	2254.61
304.632	2254.61
304.667	2254.61
304.702	2254.61
304.732	2254.61
304.767	2254.61
304.802	2254.61
304.832	2254.61
304.867	2254.61
304.902	2254.61
304.932	2254.61
304.967	2254.61
305.002	2254.61
305.032	2254.61
305.067	2254.61
305.102	2254.61
305.132	2254.61
305.167	2254.61
305.202	2254.61
305.232	2254.61
305.267	2254.61
305.302	2254.61
305.332	2254.61
305.367	2254.61
305.402	2254.61
305.432	2254.61
305.467	2254.61
305.502	2254.61
305.532	2254.61
305.567	2254.61
305.602	2254.61
305.632	2254.61
305.667	2254.61
305.702	2254.61
305.732	2254.61
305.767	2254.61
305.802	2254.61
305.832	2254.61
305.867	2254.61
305.902	2254.61
305.932	2254.61
305.967	2254.61
306.002	2254.61
306.032	2254.61
306.067	2254.61
306.102	2254.61
306.132	2254.61
306.167	2254.61
306.202	2254.61
306.232	2254.61
306.267	2254.61
306.302	2254.61
306.332	2254.61
306.367	2254.61
306.402	2254.61
306.432	2254.61
306.467	2254.61
306.502	2254.61
306.532	2254.61
306.567	2254.61
306.602	2254.61
306.632	2254.61
306.667	2254.61
306.702	2254.61
306.732	2254.61
306.767	2254.61
306.802	2254.61
306.832	2254.61
306.862	2254.61
306.902	2254.61
306.932	2254.61
306.967	2254.61
307.002	2254.61
307.032	2254.61
307.067	2254.61
307.102	2254.61
307.132	2254.61
307.167	2254.61
307.202	2254.61
307.232	2254.61
307.267	2254.61
307.302	2254.61
307.332	2254.61
307.367	2254.61
307.402	2254.61
307.432	2254.61
307.467	2254.61
307.502	2254.61
307.532	2254.61
307.567	2254.61
307.602	2254.61
307.632	2254.61
307.667	2254.61
307.702	2254.61
307.732	2254.61
307.767	2254.61
307.802	2254.61
307.832	2254.61
307.867	2254.61
307.902	2254.61
307.932	2254.61
307.967	2254.61
307.992	2254.61
308.032	2254.61
308.067	2254.61
308.102	2254.61
308.132	2254.61
308.167	2254.61
308.202	2254.61
308.232	2254.61
308.267	2254.61
308.302	2254.61
308.332	2254.61
308.367	2254.61
308.402	2254.61
308.432	2254.61
308.467	2254.61
308.502	2254.61
308.532	2254.61
308.567	2254.61
308.602	2254.61
308.632	2254.61
308.667	2254.61
308.702	2254.61
308.732	2254.61
308.767	2254.61
308.802	2254.61
308.832	2254.61
308.867	2254.61
308.902	2254.61
308.932	2254.61
308.967	2254.61
309.002	2254.61
309.032	2254.61
309.067	2254.61
309.102	2254.61
309.132	2254.61
309.167	2254.61
309.202	2254.61
309.232	2254.61
309.267	2254.61
309.302	2254.61
309.332	2254.61
309.367	2254.61
309.402	2254.61
309.432	2254.61
309.467	2254.61
309.502	2254.61
309.532	2254.61
309.567	2254.61
309.602	2254.61
309.632	2254.61
309.667	2254.61
309.702	2254.61
309.732	2254.61
309.767	2254.61
309.802	2254.61
309.832	2254.61
309.867	2254.61
309.902	2254.61
309.932	2254.61
309.967	2254.61
