0.035	500
0.063	500
0.113	500
0.138	1489.14
0.168	1429.58
0.203	1399.79
0.238	1399.79
0.268	1340.23
0.303	1340.23
0.338	1340.23
0.368	1340.23
0.403	1340.23
0.438	1340.23
0.468	1340.23
0.503	1340.23
0.538	1340.23
0.568	1340.23
0.603	1340.23
0.638	1340.23
0.668	1340.23
0.703	1340.23
0.738	1340.23
0.768	1340.23
0.803	1340.23
0.838	1340.23
0.868	1340.23
0.898	1340.23
0.928	1340.23
0.968	1340.23
1.003	1340.23
1.038	1340.23
1.068	1340.23
1.103	1340.23
1.138	1340.23
1.168	1340.23
1.203	1340.23
1.238	1340.23
1.268	1340.23
1.303	1340.23
1.338	1340.23
1.368	1340.23
1.393	1340.23
1.438	1340.23
1.468	1340.23
1.503	1340.23
1.538	1340.23
1.568	1340.23
1.603	1340.23
1.638	1340.23
1.668	1340.23
1.703	1340.23
1.738	1340.23
1.768	1340.23
1.803	1340.23
1.838	1032.28
1.868	1032.28
1.903	1032.28
1.938	1032.28
1.968	1032.28
2.003	1032.28
2.038	1032.28
2.068	1032.28
2.103	1032.28
2.138	1033.34
2.168	1033.34
2.203	1034.39
2.238	1034.39
2.268	1034.39
2.303	1034.39
2.338	1034.39
2.368	1034.39
2.403	1034.39
2.438	1034.39
2.468	1034.39
2.503	1034.39
2.538	1034.39
2.568	1034.39
2.603	1034.39
2.638	1034.39
2.668	1034.39
2.703	1034.39
2.733	1034.39
2.768	1034.39
2.803	1034.39
2.838	1034.39
2.868	1034.39
2.903	1034.39
2.938	1034.39
2.968	1034.39
3.003	712.981
3.038	712.981
3.068	712.981
3.103	712.981
3.138	712.981
3.168	712.981
3.203	712.981
3.238	712.981
3.268	712.981
3.303	691.596
3.338	691.596
3.368	691.596
3.403	691.596
3.438	691.596
3.468	691.596
3.503	691.596
3.538	691.596
3.568	691.596
3.603	691.596
3.638	691.596
3.668	691.596
3.703	691.596
3.738	691.596
3.768	691.596
3.803	691.596
3.838	691.596
3.868	691.596
3.903	691.596
3.938	691.596
3.968	691.596
4.003	691.596
4.038	691.596
4.068	691.596
4.103	691.596
4.138	691.596
4.168	691.596
4.203	691.596
4.238	691.596
4.268	691.596
4.303	691.596
4.338	694.557
4.368	694.557
4.403	695.335
4.438	696.089
4.468	696.089
4.503	696.878
4.538	697.658
4.568	697.658
4.603	698.445
4.638	699.24
4.668	699.24
4.703	700.042
4.738	700.851
4.768	700.851
4.803	701.675
4.838	702.511
4.868	702.511
4.903	703.359
4.938	704.219
4.968	704.219
5.003	705.096
5.038	705.99
5.068	705.99
5.103	706.898
5.138	707.824
5.168	707.824
5.203	708.731
5.238	709.734
5.268	709.734
5.303	709.734
5.338	709.734
5.368	709.734
5.403	709.734
5.438	709.734
5.468	709.734
5.503	709.734
5.538	709.734
5.568	709.734
5.603	709.734
5.638	709.734
5.668	709.734
5.693	709.734
5.738	709.734
5.768	709.734
5.803	709.734
5.838	709.734
5.868	709.734
5.903	709.734
5.938	709.734
5.968	709.734
6.003	709.734
6.038	709.734
6.068	709.734
6.103	709.734
6.138	709.734
6.168	709.734
6.203	709.734
6.238	709.734
6.268	709.734
6.303	709.734
6.338	709.734
6.368	709.734
6.403	728.768
6.438	729.8
6.468	729.8
6.503	730.834
6.538	731.875
6.568	731.875
6.603	732.917
6.638	733.966
6.668	733.966
6.703	735.016
6.738	736.074
6.768	736.074
6.803	737.133
6.838	738.194
6.868	738.194
6.903	739.234
6.928	740.319
6.968	740.319
7.003	741.341
7.038	742.451
7.068	742.451
7.103	743.513
7.138	744.577
7.168	744.577
7.203	745.648
7.238	746.721
7.268	746.721
7.303	747.801
7.338	748.883
7.368	748.883
7.403	749.972
7.438	751.063
7.468	751.063
7.503	752.16
7.538	753.26
7.568	753.26
7.603	754.366
7.638	755.474
7.668	755.474
7.703	756.589
7.738	757.707
7.768	757.707
7.803	758.832
7.838	759.959
7.868	759.959
7.903	761.093
7.938	762.229
7.968	762.229
8.003	763.373
8.038	764.518
8.068	764.518
8.103	765.672
8.138	766.827
8.168	766.827
8.203	767.99
8.238	769.156
8.268	769.156
8.303	770.329
8.338	771.481
8.368	771.481
8.403	772.694
8.438	773.838
8.468	773.838
8.503	775.087
8.538	776.241
8.568	776.241
8.603	777.5
8.638	778.713
8.668	778.713
8.703	779.935
8.738	781.158
8.768	781.158
8.803	782.383
8.838	783.611
8.868	783.611
8.903	784.84
8.938	786.071
8.968	786.071
9.003	787.304
9.038	788.539
9.068	788.539
9.103	789.776
9.138	791.015
9.168	791.015
9.203	792.249
9.238	793.484
9.268	793.484
9.303	794.715
9.338	795.948
9.368	795.948
9.403	797.175
9.438	798.405
9.468	798.405
9.503	799.63
9.538	800.857
9.568	800.857
9.603	802.078
9.638	803.302
9.668	803.302
9.703	804.528
9.738	805.755
9.768	805.755
9.803	806.977
9.838	808.202
9.868	808.202
9.903	809.397
9.938	810.643
9.968	810.643
9.993	811.811
10.038	813.079
10.068	813.079
10.103	814.292
10.138	815.501
10.168	815.501
10.203	816.706
10.238	816.706
10.268	816.706
10.303	614.046
10.338	614.046
10.368	614.046
10.403	613.7
10.438	613.7
10.468	613.7
10.503	613.7
10.538	614.569
10.568	614.569
10.603	614.569
10.638	614.569
10.668	614.569
10.703	614.569
10.733	614.569
10.768	614.569
10.803	614.569
10.833	614.569
10.868	614.569
10.903	614.569
10.938	614.569
10.968	614.569
11.003	614.569
11.038	614.569
11.068	614.569
11.103	614.569
11.138	614.569
11.168	614.569
11.203	614.569
11.238	614.569
11.268	614.569
11.303	614.569
11.338	614.569
11.368	614.569
11.403	614.569
11.438	614.569
11.468	614.569
11.503	614.569
11.538	614.569
11.568	614.569
11.603	614.569
11.638	614.569
11.668	614.569
11.703	614.569
11.738	614.569
11.768	614.569
11.803	447.501
11.838	447.501
11.868	447.501
11.903	388.274
11.938	388.274
11.968	388.274
12.003	388.274
12.038	388.274
12.068	388.274
12.103	388.274
12.138	388.274
12.168	388.274
12.203	388.274
12.238	388.274
12.268	388.274
12.303	388.274
12.338	388.274
12.368	388.274
12.403	388.274
12.438	388.274
12.468	388.274
12.503	388.274
12.538	388.274
12.568	388.274
12.603	388.274
12.638	388.274
12.663	388.274
12.703	388.274
12.738	388.274
12.768	388.274
12.803	388.274
12.838	388.274
12.868	388.274
12.903	388.274
12.938	388.274
12.968	388.274
13.003	388.274
13.038	388.274
13.068	388.274
13.103	388.274
13.138	388.274
13.168	388.274
13.203	388.274
13.238	388.274
13.268	388.274
13.303	388.274
13.338	388.274
13.368	388.274
13.403	280.014
13.438	280.014
13.468	280.014
13.503	280.014
13.538	279.65
13.568	279.65
13.603	279.65
13.638	279.65
13.668	279.65
13.703	279.65
13.738	283.136
13.768	283.136
13.803	284.31
13.838	285.489
13.868	285.489
13.903	286.667
13.938	287.849
13.968	287.849
14.003	287.849
14.038	287.849
14.068	287.849
14.103	287.849
14.138	287.849
14.168	287.849
14.203	287.849
14.238	289.03
14.268	289.03
14.303	289.623
14.338	290.218
14.368	290.218
14.403	290.814
14.438	291.411
14.468	291.411
14.503	292.006
14.538	292.603
14.568	292.603
14.603	293.201
14.638	293.8
14.668	293.8
14.703	294.402
14.738	295.009
14.768	295.009
14.803	295.62
14.838	296.236
14.868	296.236
14.903	296.859
14.938	297.487
14.968	297.487
15.003	298.122
15.038	298.762
15.068	298.762
15.093	299.407
15.138	300.06
15.168	300.06
15.203	300.721
15.238	301.384
15.268	301.384
15.303	302.052
15.338	302.722
15.368	302.722
15.403	303.396
15.438	304.071
15.468	304.071
15.503	304.752
15.538	305.421
15.568	305.421
15.603	306.123
15.638	306.798
15.668	306.798
15.703	307.502
15.738	308.181
15.768	308.181
15.803	308.888
15.838	308.888
15.868	308.888
15.903	308.888
15.938	308.888
15.968	308.888
16.003	308.888
16.038	308.888
16.068	308.888
16.103	308.888
16.138	308.888
16.168	308.888
16.193	308.888
16.238	308.888
16.268	308.888
16.303	308.888
16.338	308.888
16.368	308.888
16.403	308.888
16.438	308.888
16.468	308.888
16.503	308.888
16.538	308.888
16.568	308.888
16.603	308.888
16.638	308.888
16.668	308.888
16.703	308.888
16.738	308.888
16.768	308.888
16.803	308.888
16.838	308.888
16.868	308.888
16.903	308.888
16.938	308.888
16.968	308.888
17.003	308.888
17.038	308.888
17.068	308.888
17.103	308.888
17.138	308.888
17.168	308.888
17.203	308.888
17.238	308.888
17.268	308.888
17.303	308.888
17.338	308.888
17.368	308.888
17.403	308.888
17.438	308.888
17.468	308.888
17.503	308.888
17.538	308.888
17.568	308.888
17.603	308.888
17.638	308.888
17.668	308.888
17.703	308.888
17.738	308.888
17.768	308.888
17.803	308.888
17.838	308.888
17.868	308.888
17.903	334.599
17.938	334.599
17.968	334.599
18.003	334.599
18.038	334.599
18.068	334.599
18.103	334.599
18.138	334.599
18.168	334.599
18.203	334.599
18.238	334.599
18.268	334.599
18.303	334.599
18.338	334.599
18.363	334.599
18.403	334.599
18.438	334.599
18.463	334.599
18.498	334.599
18.538	334.599
18.568	334.599
18.603	334.599
18.638	334.599
18.668	334.599
18.703	334.599
18.738	334.599
18.768	334.599
18.803	334.599
18.838	334.599
18.868	334.599
18.903	356.093
18.938	356.093
18.963	356.093
19.003	356.093
19.038	356.093
19.068	356.093
19.103	356.093
19.138	356.093
19.168	356.093
19.203	356.093
19.238	356.093
19.268	356.093
19.303	356.093
19.338	356.093
19.368	356.093
19.393	356.093
19.438	356.093
19.468	356.093
19.503	356.093
19.538	356.093
19.568	356.093
19.603	356.093
19.638	356.093
19.668	356.093
19.703	356.093
19.738	356.093
19.768	356.093
19.803	356.093
19.838	356.093
19.868	356.093
19.893	356.093
19.938	356.093
19.963	356.093
20.003	356.093
20.038	356.093
20.068	356.093
20.103	356.093
20.138	356.093
20.168	356.093
20.203	356.093
20.238	356.093
20.268	356.093
20.303	356.093
20.338	356.093
20.368	356.093
20.398	356.093
20.438	356.093
20.468	356.093
20.503	356.093
20.538	356.093
20.568	356.093
20.603	356.093
20.638	356.093
20.668	356.093
20.703	356.093
20.738	356.093
20.768	356.093
20.803	356.093
20.838	356.093
20.868	356.093
20.903	356.093
20.938	356.093
20.968	356.093
21.003	356.093
21.038	356.093
21.068	356.093
21.103	356.093
21.138	356.093
21.168	356.093
21.203	356.093
21.238	356.093
21.268	356.093
21.303	356.093
21.338	356.093
21.368	356.093
21.403	356.093
21.438	356.093
21.468	356.093
21.503	356.093
21.538	356.093
21.568	356.093
21.603	356.093
21.638	356.093
21.668	356.093
21.703	356.093
21.738	356.093
21.768	356.093
21.798	356.093
21.838	356.093
21.868	356.093
21.903	356.093
21.938	356.093
21.968	356.093
22.003	356.093
22.038	356.093
22.068	356.093
22.103	356.093
22.138	356.093
22.168	356.093
22.203	356.093
22.238	356.093
22.268	356.093
22.303	356.093
22.338	356.093
22.368	356.093
22.403	356.093
22.438	356.093
22.468	356.093
22.503	356.093
22.538	356.093
22.568	356.093
22.603	356.093
22.638	356.093
22.668	356.093
22.703	356.093
22.738	356.093
22.768	356.093
22.803	356.093
22.838	356.093
22.868	356.093
22.903	356.093
22.928	356.093
22.968	356.093
23.003	356.093
23.038	356.093
23.068	356.093
23.103	356.093
23.128	356.093
23.168	356.093
23.203	356.093
23.238	356.093
23.268	356.093
23.303	356.093
23.338	356.093
23.368	356.093
23.403	356.093
23.438	356.093
23.468	356.093
23.503	356.093
23.538	356.093
23.568	356.093
23.603	356.093
23.638	356.093
23.668	356.093
23.703	356.093
23.738	356.093
23.768	356.093
23.803	356.093
23.838	356.093
23.868	356.093
23.903	356.093
23.938	356.093
23.968	356.093
24.003	356.093
24.038	356.093
24.068	356.093
24.103	356.093
24.138	356.093
24.168	356.093
24.203	356.093
24.238	356.093
24.268	356.093
24.303	356.093
24.338	356.093
24.368	356.093
24.403	356.093
24.438	356.093
24.468	356.093
24.503	356.093
24.538	356.093
24.568	356.093
24.603	356.093
24.638	356.093
24.668	356.093
24.703	356.093
24.738	356.093
24.768	356.093
24.803	356.093
24.838	356.093
24.868	356.093
24.903	356.093
24.938	356.093
24.968	356.093
25.003	356.093
25.038	356.093
25.068	356.093
25.103	356.093
25.138	356.093
25.168	356.093
25.203	356.093
25.238	356.093
25.268	356.093
25.303	356.093
25.338	356.093
25.368	356.093
25.403	356.093
25.438	356.093
25.468	356.093
25.503	356.093
25.538	356.093
25.568	356.093
25.603	356.093
25.638	356.093
25.668	356.093
25.703	356.093
25.738	356.093
25.768	356.093
25.803	356.093
25.838	356.093
25.868	356.093
25.903	356.093
25.938	356.093
25.968	356.093
26.003	356.093
26.038	356.093
26.068	356.093
26.103	356.093
26.138	356.093
26.168	356.093
26.203	356.093
26.238	356.093
26.268	356.093
26.303	356.093
26.338	356.093
26.368	356.093
26.403	356.093
26.438	356.093
26.468	356.093
26.503	356.093
26.538	356.093
26.568	356.093
26.603	356.093
26.638	356.093
26.668	356.093
26.703	356.093
26.738	356.093
26.768	356.093
26.803	356.093
26.838	356.093
26.868	356.093
26.903	356.093
26.938	356.093
26.968	356.093
26.993	356.093
27.038	356.093
27.068	356.093
27.103	356.093
27.138	356.093
27.168	356.093
27.203	356.093
27.238	356.093
27.268	356.093
27.303	356.093
27.338	356.093
27.368	356.093
27.403	356.093
27.438	356.093
27.468	356.093
27.503	356.093
27.538	356.093
27.568	356.093
27.603	356.093
27.638	356.093
27.668	356.093
27.703	356.093
27.738	356.093
27.768	356.093
27.803	356.093
27.838	356.093
27.868	356.093
27.903	356.093
27.938	356.093
27.968	356.093
28.003	356.093
28.038	356.093
28.068	356.093
28.103	356.093
28.138	356.093
28.168	356.093
28.203	356.093
28.238	356.093
28.268	356.093
28.303	356.093
28.338	385.58
28.368	385.58
28.403	385.58
28.438	385.58
28.468	385.58
28.503	385.58
28.538	385.58
28.568	385.58
28.603	385.58
28.638	385.58
28.668	385.58
28.703	385.58
28.738	385.58
28.768	385.58
28.803	385.58
28.838	385.58
28.868	385.58
28.903	385.58
28.938	385.58
28.968	385.58
29.003	385.58
29.038	385.58
29.068	385.58
29.103	385.58
29.138	385.58
29.168	385.58
29.203	385.58
29.238	385.58
29.268	385.58
29.303	385.58
29.338	417.426
29.368	417.426
29.403	417.426
29.438	417.426
29.468	417.426
29.503	417.426
29.538	417.426
29.568	417.426
29.603	417.426
29.638	417.426
29.668	417.426
29.703	417.426
29.738	417.426
29.768	417.426
29.803	417.426
29.838	417.426
29.868	417.426
29.903	417.426
29.938	417.426
29.968	417.426
30.003	417.426
30.038	417.426
30.068	417.426
30.103	417.426
30.138	417.426
30.168	417.426
30.203	417.426
30.228	417.426
30.268	417.426
30.303	417.426
30.338	417.426
30.368	417.426
30.403	417.426
30.438	451.82
30.468	451.82
30.503	451.82
30.538	451.82
30.568	451.82
30.603	451.82
30.638	451.82
30.668	451.82
30.703	451.82
30.738	451.82
30.768	451.82
30.803	451.82
30.838	451.82
30.868	451.82
30.903	451.82
30.938	451.82
30.968	451.82
31.003	451.82
31.038	451.82
31.068	451.82
31.103	451.82
31.138	451.82
31.168	451.82
31.203	451.82
31.238	451.82
31.268	451.82
31.303	451.82
31.338	451.82
31.368	451.82
31.403	451.82
31.438	488.966
31.468	488.966
31.503	488.966
31.538	488.966
31.568	488.966
31.603	488.966
31.638	488.966
31.668	488.966
31.703	488.966
31.738	488.966
31.768	488.966
31.803	488.966
31.838	488.966
31.868	488.966
31.903	488.966
31.938	488.966
31.968	488.966
32.003	488.966
32.038	488.966
32.068	488.966
32.103	488.966
32.138	488.966
32.168	488.966
32.203	488.966
32.238	488.966
32.268	488.966
32.303	488.966
32.338	488.966
32.368	488.966
32.403	488.966
32.438	529.083
32.468	529.083
32.503	529.083
32.538	529.083
32.568	529.083
32.603	529.083
32.638	529.083
32.668	529.083
32.703	529.083
32.738	529.083
32.768	529.083
32.803	529.083
32.838	529.083
32.868	529.083
32.903	529.083
32.938	529.083
32.968	529.083
33.003	529.083
33.038	529.083
33.068	529.083
33.103	529.083
33.138	529.083
33.168	529.083
33.203	529.083
33.238	529.083
33.268	529.083
33.303	529.083
33.338	529.083
33.368	529.083
33.403	529.083
33.438	572.41
33.468	572.41
33.503	572.41
33.538	572.41
33.568	572.41
33.603	572.41
33.638	572.41
33.668	572.41
33.703	572.41
33.738	572.41
33.768	572.41
33.803	572.41
33.838	572.41
33.868	572.41
33.903	572.41
33.938	572.41
33.968	572.41
34.003	572.41
34.038	572.41
34.068	572.41
34.103	572.41
34.138	572.41
34.168	572.41
34.203	572.41
34.238	572.41
34.268	572.41
34.303	572.41
34.338	572.41
34.368	572.41
34.403	572.41
34.438	572.41
34.468	572.41
34.503	572.41
34.538	572.41
34.568	572.41
34.603	572.41
34.638	619.203
34.668	619.203
34.703	619.203
34.738	619.203
34.768	619.203
34.803	619.203
34.838	455.202
34.868	455.202
34.903	455.202
34.938	455.202
34.968	455.202
35.003	455.202
35.038	455.202
35.068	455.202
35.103	456.185
35.138	457.17
35.168	457.17
35.203	458.157
35.238	458.157
35.268	458.157
35.293	458.157
35.338	458.157
35.368	458.157
35.403	458.157
35.438	459.136
35.468	459.136
35.503	460.112
35.538	461.09
35.568	461.09
35.603	462.065
35.638	463.042
35.668	463.042
35.703	463.042
35.738	463.042
35.768	463.042
35.803	463.042
35.838	463.042
35.868	463.042
35.903	463.042
35.938	463.042
35.968	463.042
36.003	463.042
36.038	463.042
36.068	463.042
36.103	463.042
36.138	463.042
36.168	463.042
36.203	463.042
36.238	463.042
36.268	463.042
36.303	463.042
36.338	463.042
36.368	463.042
36.403	463.042
36.438	463.042
36.468	463.042
36.503	463.042
36.538	463.042
36.568	463.042
36.603	463.042
36.638	463.042
36.668	463.042
36.703	463.042
36.738	480.726
36.768	480.726
36.803	481.833
36.838	482.942
36.868	482.942
36.903	484.059
36.938	485.18
36.968	485.18
37.003	486.309
37.038	487.44
37.068	487.44
37.103	488.581
37.138	489.724
37.168	489.724
37.203	490.87
37.238	492.019
37.268	492.019
37.303	493.164
37.338	494.312
37.368	494.312
37.403	495.456
37.438	496.602
37.468	496.602
37.503	497.745
37.538	498.89
37.568	498.89
37.603	500.032
37.638	501.085
37.668	501.085
37.703	501.085
37.738	503.461
37.768	503.461
37.803	504.601
37.838	505.743
37.868	505.743
37.903	506.882
37.938	508.023
37.968	508.023
38.003	509.167
38.038	510.307
38.068	510.307
38.103	511.443
38.138	512.583
38.168	512.583
38.203	513.725
38.238	514.869
38.268	514.869
38.303	516.016
38.338	517.165
38.368	517.165
38.403	518.317
38.438	519.472
38.468	519.472
38.503	520.629
38.538	521.789
38.568	521.789
38.603	522.951
38.638	524.116
38.668	524.116
38.703	525.277
38.738	526.441
38.768	526.441
38.803	527.608
38.838	527.608
38.868	527.608
38.903	527.608
38.938	527.608
38.968	527.608
39.003	527.608
39.038	527.608
39.068	527.608
39.103	527.608
39.138	527.608
39.168	527.608
39.203	527.608
39.238	527.608
39.268	527.608
39.303	527.608
39.338	435.409
39.368	435.409
39.403	435.409
39.438	435.409
39.468	435.409
39.503	435.409
39.538	435.409
39.568	435.409
39.603	435.409
39.638	435.409
39.668	435.409
39.703	435.409
39.738	435.409
39.768	435.409
39.803	435.409
39.838	435.409
39.868	435.409
39.903	327.031
39.938	327.031
39.968	327.031
40.003	327.031
40.038	275.188
40.068	275.188
40.103	275.188
40.138	275.188
40.168	275.188
40.193	275.188
40.238	257.989
40.263	257.989
40.288	257.989
40.318	257.989
40.363	257.989
40.403	257.989
40.438	257.989
40.468	257.989
40.503	257.989
40.538	257.989
40.568	257.989
40.603	257.989
40.638	257.989
40.668	257.989
40.703	257.989
40.738	257.989
40.768	257.989
40.803	257.989
40.838	257.989
40.863	257.989
40.903	257.989
40.938	240.856
40.968	240.856
41.003	240.856
41.038	240.856
41.068	240.856
41.103	240.856
41.138	240.856
41.168	240.856
41.203	240.856
41.238	240.856
41.268	240.856
41.303	240.856
41.338	240.856
41.368	240.856
41.403	240.856
41.438	240.856
41.468	240.856
41.503	240.856
41.538	240.856
41.568	240.856
41.603	240.856
41.638	240.856
41.668	240.856
41.703	240.856
41.738	240.856
41.768	240.856
41.803	240.856
41.838	240.856
41.868	240.856
41.903	240.856
41.938	240.856
41.968	240.856
42.003	261.124
42.038	261.124
42.068	261.124
42.103	261.124
42.138	261.124
42.168	261.124
42.203	261.124
42.238	261.124
42.268	261.124
42.303	261.124
42.338	261.124
42.368	261.124
42.403	261.124
42.438	261.124
42.468	261.124
42.503	261.124
42.538	261.124
42.568	261.124
42.603	261.124
42.638	261.124
42.668	261.124
42.703	261.124
42.738	261.124
42.768	261.124
42.803	261.124
42.838	261.124
42.868	261.124
42.903	261.124
42.938	261.124
42.968	261.124
43.003	283.014
43.038	283.014
43.068	283.014
43.103	283.014
43.138	283.014
43.168	283.014
43.203	283.014
43.238	283.014
43.268	283.014
43.303	283.014
43.338	283.014
43.368	283.014
43.403	283.014
43.438	283.014
43.468	283.014
43.503	283.014
43.538	283.014
43.568	283.014
43.603	283.014
43.638	283.014
43.668	283.014
43.703	283.014
43.738	283.014
43.768	283.014
43.803	283.014
43.838	283.014
43.868	283.014
43.903	283.014
43.938	283.014
43.968	283.014
44.003	283.014
44.038	283.014
44.068	283.014
44.103	283.014
44.138	283.014
44.168	283.014
44.203	283.014
44.238	283.014
44.268	283.014
44.303	283.014
44.338	283.014
44.368	283.014
44.403	283.014
44.438	283.014
44.468	283.014
44.503	283.014
44.538	283.014
44.568	283.014
44.603	283.014
44.638	283.014
44.668	283.014
44.703	283.014
44.738	283.014
44.768	283.014
44.803	283.014
44.838	283.014
44.868	283.014
44.903	283.014
44.938	283.014
44.968	283.014
45.003	283.014
45.038	283.014
45.068	283.014
45.103	283.014
45.138	283.014
45.168	283.014
45.203	283.014
45.233	283.014
45.268	283.014
45.303	283.014
45.338	283.014
45.368	283.014
45.403	283.014
45.438	283.014
45.468	283.014
45.503	283.014
45.538	283.014
45.568	283.014
45.603	283.014
45.638	283.014
45.668	283.014
45.703	283.014
45.738	283.014
45.768	283.014
45.803	283.014
45.838	283.014
45.868	283.014
45.903	283.014
45.938	283.014
45.968	283.014
46.003	283.014
46.038	283.014
46.068	283.014
46.103	283.014
46.138	283.014
46.168	283.014
46.203	283.014
46.238	283.014
46.268	283.014
46.303	283.014
46.338	283.014
46.368	283.014
46.403	283.014
46.438	283.014
46.468	283.014
46.503	283.014
46.538	283.014
46.568	283.014
46.603	283.014
46.638	283.014
46.668	283.014
46.703	283.014
46.738	283.014
46.768	283.014
46.803	283.014
46.838	283.014
46.868	283.014
46.903	283.014
46.938	283.014
46.968	283.014
46.993	283.014
47.038	283.014
47.068	283.014
47.103	283.014
47.138	283.014
47.168	283.014
47.203	283.014
47.238	283.014
47.268	283.014
47.303	283.014
47.338	283.014
47.368	283.014
47.403	283.014
47.438	283.014
47.468	283.014
47.503	283.014
47.538	283.014
47.568	283.014
47.603	283.014
47.638	283.014
47.668	283.014
47.703	283.014
47.738	283.014
47.768	283.014
47.803	283.014
47.838	283.014
47.868	283.014
47.903	283.014
47.938	283.014
47.968	283.014
48.003	283.014
48.038	283.014
48.068	283.014
48.103	283.014
48.138	283.014
48.168	283.014
48.203	283.014
48.238	283.014
48.268	283.014
48.303	306.655
48.338	306.655
48.368	306.655
48.403	306.655
48.438	306.655
48.468	306.655
48.503	306.655
48.538	306.655
48.568	306.655
48.603	306.655
48.638	306.655
48.668	306.655
48.703	306.655
48.738	306.655
48.768	306.655
48.803	306.655
48.838	306.655
48.868	306.655
48.903	306.655
48.938	306.655
48.968	306.655
49.003	306.655
49.038	306.655
49.068	306.655
49.103	306.655
49.138	306.655
49.168	306.655
49.203	306.655
49.238	306.655
49.268	306.655
49.303	332.187
49.338	332.187
49.368	332.187
49.403	332.187
49.438	332.187
49.468	332.187
49.503	332.187
49.538	332.187
49.568	332.187
49.603	332.187
49.638	332.187
49.668	332.187
49.703	332.187
49.738	332.187
49.768	332.187
49.803	332.187
49.838	332.187
49.868	332.187
49.903	332.187
49.938	332.187
49.968	332.187
50.003	332.187
50.038	332.187
50.068	332.187
50.103	332.187
50.138	332.187
50.168	332.187
50.203	332.187
50.238	332.187
50.268	332.187
50.303	359.762
50.338	359.762
50.368	359.762
50.403	359.762
50.438	359.762
50.468	359.762
50.503	359.762
50.538	359.762
50.568	359.762
50.603	359.762
50.638	359.762
50.668	359.762
50.703	359.762
50.738	359.762
50.768	359.762
50.803	359.762
50.838	359.762
50.868	359.762
50.903	359.762
50.938	359.762
50.968	359.762
51.003	359.762
51.038	359.762
51.068	359.762
51.103	359.762
51.138	359.762
51.168	359.762
51.203	359.762
51.238	359.762
51.268	359.762
51.303	389.543
51.338	389.543
51.368	389.543
51.403	389.543
51.438	389.543
51.468	389.543
51.503	389.543
51.538	389.543
51.568	389.543
51.603	389.543
51.638	389.543
51.668	389.543
51.703	389.543
51.738	389.543
51.768	389.543
51.803	389.543
51.838	389.543
51.868	389.543
51.903	389.543
51.938	389.543
51.968	389.543
52.003	389.543
52.038	389.543
52.068	389.543
52.103	389.543
52.138	389.543
52.168	389.543
52.203	389.543
52.238	389.543
52.268	389.543
52.303	389.543
52.338	389.543
52.368	389.543
52.403	389.543
52.438	389.543
52.468	389.543
52.503	421.706
52.538	421.706
52.568	421.706
52.603	421.706
52.638	421.706
52.668	421.706
52.703	421.706
52.738	421.706
52.768	421.706
52.803	421.706
52.838	421.706
52.868	421.706
52.903	421.706
52.938	421.706
52.968	421.706
53.003	421.706
53.038	421.706
53.068	421.706
53.103	421.706
53.138	421.706
53.168	421.706
53.203	421.706
53.238	421.706
53.268	421.706
53.303	421.706
53.338	421.706
53.368	421.706
53.403	421.706
53.438	421.706
53.468	421.706
53.503	456.442
53.538	456.442
53.568	456.442
53.603	456.442
53.638	456.442
53.668	456.442
53.703	456.442
53.738	456.442
53.768	456.442
53.803	456.442
53.838	456.442
53.868	456.442
53.903	456.442
53.938	456.442
53.968	456.442
54.003	456.442
54.038	456.442
54.068	456.442
54.103	456.442
54.138	456.442
54.168	456.442
54.203	456.442
54.238	456.442
54.268	456.442
54.303	456.442
54.338	456.442
54.368	456.442
54.403	456.442
54.438	456.442
54.463	456.442
54.503	493.957
54.538	493.957
54.568	493.957
54.603	493.957
54.638	493.957
54.668	493.957
54.703	493.957
54.738	493.957
54.768	493.957
54.803	493.957
54.838	493.957
54.868	493.957
54.903	493.957
54.938	493.957
54.968	493.957
55.003	493.957
55.038	493.957
55.068	493.957
55.103	493.957
55.138	493.957
55.168	493.957
55.203	493.957
55.238	493.957
55.268	493.957
55.303	493.957
55.338	493.957
55.368	493.957
55.403	493.957
55.438	493.957
55.468	493.957
55.503	493.957
55.538	493.957
55.568	493.957
55.603	493.957
55.638	534.474
55.668	534.474
55.703	534.474
55.738	534.474
55.768	534.474
55.803	534.474
55.838	534.474
55.868	534.474
55.903	534.474
55.938	534.474
55.968	534.474
56.003	534.474
56.038	534.474
56.068	534.474
56.103	534.474
56.138	534.474
56.168	534.474
56.203	534.474
56.238	534.474
56.268	534.474
56.303	534.474
56.338	534.474
56.368	534.474
56.403	534.474
56.438	534.474
56.468	534.474
56.503	534.474
56.538	534.474
56.568	534.474
56.603	534.474
56.638	578.232
56.668	578.232
56.703	578.232
56.738	578.232
56.768	578.232
56.803	578.232
56.838	578.232
56.868	578.232
56.903	578.232
56.938	578.232
56.968	578.232
57.003	578.232
57.038	578.232
57.068	578.232
57.103	578.232
57.138	578.232
57.168	578.232
57.203	578.232
57.238	578.232
57.268	578.232
57.303	578.232
57.338	578.232
57.368	578.232
57.403	578.232
57.438	578.232
57.468	578.232
57.503	578.232
57.538	578.232
57.568	578.232
57.603	578.232
57.638	625.491
57.668	625.491
57.703	625.491
57.738	625.491
57.768	625.491
57.803	625.491
57.838	625.491
57.868	625.491
57.903	625.491
57.938	625.491
57.968	625.491
58.003	625.491
58.038	625.491
58.068	625.491
58.103	625.491
58.138	625.491
58.168	625.491
58.203	625.491
58.238	625.491
58.268	625.491
58.303	625.491
58.338	625.491
58.368	625.491
58.403	625.491
58.438	625.491
58.468	625.491
58.503	625.491
58.538	625.491
58.568	625.491
58.603	625.491
58.638	676.53
58.668	676.53
58.703	676.53
58.738	676.53
58.768	676.53
58.803	676.53
58.838	676.53
58.868	676.53
58.903	676.53
58.938	676.53
58.968	676.53
58.993	676.53
59.038	676.53
59.068	676.53
59.103	676.53
59.138	676.53
59.168	676.53
59.203	676.53
59.238	676.53
59.268	676.53
59.303	676.53
59.338	676.53
59.368	676.53
59.403	676.53
59.438	676.53
59.468	676.53
59.503	676.53
59.538	676.53
59.568	676.53
59.603	676.53
59.638	731.652
59.668	731.652
59.703	731.652
59.738	731.652
59.768	731.652
59.803	731.652
59.838	731.652
59.868	731.652
59.903	731.652
59.938	731.652
59.968	731.652
60.003	731.652
60.038	731.652
60.068	731.652
60.103	731.652
60.138	731.652
60.168	731.652
60.203	731.652
60.238	731.652
60.268	731.652
60.303	731.652
60.338	731.652
60.368	731.652
60.403	731.652
60.438	731.652
60.468	731.652
60.503	731.652
60.538	731.652
60.568	731.652
60.603	731.652
60.638	731.652
60.668	731.652
60.703	731.652
60.738	731.652
60.768	731.652
60.803	731.652
60.838	791.184
60.868	791.184
60.903	791.184
60.938	791.184
60.968	791.184
61.003	791.184
61.038	791.184
61.068	791.184
61.103	791.184
61.138	791.184
61.168	791.184
61.203	791.184
61.238	791.184
61.268	791.184
61.303	791.184
61.338	791.184
61.368	791.184
61.403	791.184
61.438	791.184
61.468	791.184
61.503	791.184
61.538	791.184
61.568	791.184
61.603	791.184
61.638	791.184
61.668	791.184
61.703	791.184
61.738	791.184
61.768	791.184
61.803	791.184
61.838	855.479
61.868	855.479
61.903	855.479
61.938	855.479
61.968	855.479
62.003	855.479
62.038	855.479
62.068	855.479
62.103	855.479
62.138	855.479
62.168	855.479
62.203	855.479
62.238	855.479
62.268	855.479
62.303	855.479
62.338	855.479
62.368	855.479
62.403	855.479
62.438	855.479
62.468	855.479
62.503	855.479
62.538	855.479
62.568	855.479
62.603	855.479
62.638	855.479
62.668	855.479
62.703	855.479
62.738	855.479
62.768	855.479
62.803	855.479
62.838	924.917
62.868	924.917
62.903	924.917
62.938	924.917
62.968	924.917
63.003	924.917
63.038	924.917
63.068	924.917
63.103	924.917
63.138	924.917
63.168	924.917
63.203	924.917
63.238	924.917
63.268	924.917
63.303	924.917
63.338	924.917
63.368	924.917
63.403	924.917
63.438	924.917
63.468	924.917
63.503	924.917
63.538	924.917
63.568	924.917
63.603	924.917
63.638	924.917
63.668	924.917
63.703	924.917
63.738	924.917
63.768	924.917
63.803	924.917
63.838	999.91
63.868	999.91
63.903	999.91
63.938	999.91
63.968	999.91
64.003	999.91
64.038	999.91
64.068	999.91
64.103	999.91
64.138	999.91
64.168	999.91
64.203	999.91
64.238	999.91
64.268	999.91
64.303	688.361
64.338	688.361
64.368	688.361
64.403	688.361
64.438	591.919
64.468	591.919
64.503	591.919
64.538	591.919
64.568	591.919
64.603	559.781
64.638	559.781
64.668	559.781
64.703	559.781
64.738	559.781
64.768	559.781
64.803	559.781
64.838	559.781
64.868	559.781
64.903	559.781
64.938	559.781
64.968	559.781
65.003	559.781
65.038	559.781
65.068	559.781
65.103	559.781
65.138	559.781
65.168	559.781
65.203	559.781
65.238	559.781
65.268	559.781
65.303	559.781
65.338	559.781
65.368	559.781
65.403	559.781
65.438	559.781
65.468	559.781
65.503	559.781
65.538	559.781
65.568	559.781
65.603	559.781
65.638	559.781
65.668	559.781
65.703	559.781
65.738	559.781
65.768	559.781
65.803	559.781
65.838	559.781
65.868	559.781
65.903	559.781
65.938	559.781
65.968	559.781
66.003	559.781
66.038	559.781
66.068	559.781
66.103	577.872
66.138	578.717
66.168	578.717
66.203	579.586
66.238	579.586
66.268	579.586
66.303	579.586
66.338	579.586
66.368	579.586
66.403	579.586
66.438	579.586
66.468	579.586
66.503	580.47
66.538	581.355
66.568	581.355
66.603	582.241
66.638	583.129
66.668	583.129
66.703	584.014
66.738	584.9
66.768	584.9
66.803	585.782
66.838	586.666
66.868	586.666
66.903	587.547
66.938	588.429
66.968	588.429
67.003	589.312
67.038	590.196
67.068	590.196
67.103	591.077
67.138	591.959
67.168	591.959
67.203	592.842
67.238	593.726
67.268	593.726
67.303	594.617
67.338	595.509
67.368	595.509
67.403	596.403
67.438	597.298
67.468	597.298
67.503	598.2
67.538	599.103
67.568	599.103
67.603	600.012
67.638	600.922
67.668	600.922
67.703	601.839
67.738	602.757
67.768	602.757
67.803	603.676
67.838	604.596
67.868	604.596
67.903	605.519
67.938	606.443
67.968	606.443
68.003	607.368
68.038	608.295
68.068	608.295
68.103	609.223
68.138	610.152
68.168	610.152
68.203	611.077
68.238	612.004
68.268	612.004
68.303	612.932
68.338	613.862
68.368	613.862
68.403	614.794
68.438	615.727
68.468	615.727
68.503	616.661
68.538	617.596
68.568	617.596
68.603	618.533
68.638	619.471
68.668	619.471
68.703	620.41
68.738	621.352
68.768	621.352
68.803	622.289
68.838	623.228
68.868	623.228
68.903	624.164
68.938	625.101
68.968	625.101
69.003	626.039
69.038	626.978
69.068	626.978
69.103	627.914
69.138	628.851
69.168	628.851
69.203	629.789
69.238	630.729
69.268	630.729
69.303	631.67
69.338	632.612
69.368	632.612
69.403	633.557
69.438	634.503
69.468	634.503
69.503	635.45
69.538	636.399
69.568	636.399
69.603	637.349
69.638	638.3
69.668	638.3
69.703	639.253
69.738	640.207
69.768	640.207
69.803	641.168
69.838	642.131
69.868	642.131
69.903	643.095
69.938	644.06
69.968	644.06
70.003	645.032
70.038	646.005
70.068	646.005
70.103	646.985
70.138	647.967
70.168	647.967
70.203	648.955
70.238	649.945
70.268	649.945
70.303	650.942
70.338	651.94
70.368	651.94
70.403	652.945
70.438	653.952
70.468	653.952
70.503	654.966
70.538	655.982
70.568	655.982
70.603	657.005
70.638	658.029
70.668	658.029
70.703	659.061
70.738	660.094
70.768	660.094
70.803	661.13
70.838	662.167
70.868	662.167
70.903	663.206
70.938	664.246
70.968	664.246
71.003	665.288
71.038	666.332
71.068	666.332
71.103	667.377
71.138	668.424
71.168	668.424
71.203	669.472
71.238	670.522
71.268	670.522
71.303	671.573
71.338	672.627
71.368	672.627
71.403	673.682
71.438	674.739
71.468	674.739
71.503	675.797
71.538	676.858
71.568	676.858
71.603	677.92
71.638	678.984
71.668	678.984
71.703	680.049
71.738	681.116
71.768	681.116
71.803	682.184
71.838	683.254
71.868	683.254
71.903	684.326
71.938	685.399
71.968	685.399
72.003	686.474
72.038	687.55
72.068	687.55
72.103	688.629
72.138	689.709
72.168	689.709
72.203	690.791
72.238	691.874
72.268	691.874
72.303	692.959
72.338	694.046
72.368	694.046
72.403	695.135
72.438	696.225
72.468	696.225
72.503	697.317
72.538	698.41
72.568	698.41
72.593	699.506
72.638	700.604
72.668	700.604
72.703	701.703
72.738	702.804
72.768	702.804
72.803	703.906
72.838	705.011
72.868	705.011
72.903	706.117
72.938	707.225
72.968	707.225
73.003	708.334
73.038	709.445
73.068	709.445
73.103	710.557
73.138	711.672
73.168	711.672
73.203	712.782
73.228	713.894
73.268	713.894
73.303	715.002
73.338	716.105
73.368	716.105
73.403	717.21
73.438	717.21
73.468	717.21
73.503	717.21
73.538	717.21
73.568	717.21
73.603	717.21
73.638	717.21
73.668	717.21
73.703	717.21
73.738	717.21
73.768	717.21
73.803	717.21
73.838	717.21
73.868	717.21
73.903	717.21
73.938	717.21
73.968	717.21
74.003	717.21
74.038	717.21
74.068	717.21
74.103	717.21
74.138	717.21
74.168	717.21
74.203	717.21
74.238	717.21
74.268	717.21
74.303	717.21
74.338	717.21
74.368	717.21
74.403	717.21
74.438	717.21
74.468	717.21
74.503	741.3
74.538	742.401
74.568	742.401
74.603	743.503
74.638	744.607
74.668	744.607
74.703	745.707
74.738	746.809
74.768	746.809
74.803	747.912
74.838	749.017
74.868	749.017
74.903	750.123
74.938	751.237
74.968	751.237
75.003	752.352
75.038	753.469
75.068	753.469
75.103	754.587
75.138	755.701
75.168	755.701
75.203	756.818
75.238	757.93
75.268	757.93
75.303	757.93
75.338	651.526
75.368	651.526
75.403	651.526
75.438	651.526
75.468	651.526
75.503	651.526
75.538	652.463
75.568	652.463
75.603	653.401
75.638	654.34
75.668	654.34
75.703	655.281
75.738	655.281
75.768	655.281
75.803	655.281
75.838	655.281
75.868	655.281
75.903	655.281
75.938	656.214
75.968	656.214
76.003	657.143
76.038	658.074
76.068	658.074
76.103	659.001
76.138	659.929
76.168	659.929
76.203	660.85
76.238	661.767
76.268	661.767
76.303	661.767
76.338	661.767
76.368	661.767
76.403	498.965
76.438	498.965
76.468	498.965
76.503	498.965
76.538	451.142
76.568	451.142
76.603	451.142
76.638	451.142
76.668	451.142
76.703	452.004
76.738	452.004
76.768	452.004
76.803	452.004
76.838	452.004
76.868	452.004
76.903	452.004
76.938	452.004
76.968	452.004
77.003	452.004
77.038	452.004
77.068	452.004
77.103	452.004
77.138	452.004
77.168	452.004
77.203	452.884
77.238	453.762
77.268	453.762
77.303	454.637
77.338	454.637
77.368	454.637
77.393	454.637
77.438	340.793
77.468	340.793
77.503	340.793
77.538	340.793
77.568	340.793
77.603	340.793
77.638	340.793
77.668	340.793
77.703	340.793
77.738	340.793
77.768	340.793
77.803	341.424
77.838	342.059
77.868	342.059
77.903	342.698
77.938	343.344
77.968	343.344
78.003	343.344
78.038	343.344
78.068	343.344
78.103	343.344
78.138	343.344
78.168	343.344
78.203	343.344
78.238	343.344
78.268	343.344
78.303	343.344
78.338	344.045
78.368	344.045
78.403	344.751
78.438	345.458
78.468	345.458
78.503	346.17
78.538	346.883
78.568	346.883
78.603	347.598
78.638	348.314
78.668	348.314
78.703	349.032
78.738	349.755
78.768	349.755
78.803	350.483
78.838	351.212
78.868	351.212
78.903	351.947
78.938	352.691
78.968	352.691
79.003	353.437
79.038	354.192
79.068	354.192
79.103	354.952
79.138	355.722
79.168	355.722
79.203	356.501
79.238	357.291
79.268	357.291
79.303	358.083
79.338	358.876
79.368	358.876
79.403	359.671
79.438	360.468
79.468	360.468
79.503	361.266
79.538	362.067
79.568	362.067
79.603	362.874
79.638	363.682
79.668	363.682
79.703	364.497
79.738	365.314
79.768	365.314
79.803	366.132
79.838	366.952
79.868	366.952
79.903	367.774
79.938	368.597
79.968	368.597
80.003	369.422
80.038	370.249
80.068	370.249
80.103	371.079
80.138	371.91
80.168	371.91
80.203	372.738
80.238	373.568
80.268	373.568
80.298	374.401
80.338	375.235
80.368	375.235
80.403	376.071
80.438	376.909
80.463	376.909
80.503	377.748
80.538	378.589
80.568	378.589
80.603	379.432
80.638	380.277
80.668	380.277
80.703	381.128
80.738	381.981
80.768	381.981
80.803	381.981
80.838	381.981
80.868	381.981
80.903	381.981
80.938	381.981
80.968	381.981
81.003	381.981
81.038	381.981
81.068	381.981
81.103	381.981
81.138	381.981
81.168	381.981
81.203	381.981
81.238	381.981
81.268	381.981
81.303	381.981
81.338	381.981
81.368	381.981
81.398	381.981
81.438	381.981
81.468	381.981
81.503	381.981
81.538	381.981
81.568	381.981
81.603	381.981
81.638	381.981
81.668	381.981
81.693	381.981
81.738	381.981
81.768	381.981
81.803	381.981
81.838	381.981
81.868	381.981
81.903	381.981
81.938	381.981
81.968	381.981
82.003	381.981
82.038	381.981
82.068	381.981
82.103	381.981
82.138	381.981
82.168	381.981
82.203	381.981
82.238	381.981
82.268	381.981
82.303	381.981
82.338	381.981
82.368	381.981
82.403	381.981
82.438	381.981
82.468	381.981
82.493	381.981
82.538	381.981
82.568	381.981
82.603	381.981
82.638	381.981
82.668	381.981
82.703	381.981
82.738	381.981
82.768	381.981
82.803	381.981
82.838	381.981
82.868	381.981
82.903	381.981
82.938	381.981
82.968	381.981
83.003	381.981
83.038	381.981
83.068	381.981
83.103	381.981
83.138	381.981
83.168	381.981
83.193	381.981
83.238	381.981
83.268	381.981
83.303	381.981
83.338	381.981
83.368	381.981
83.403	381.981
83.433	381.981
83.468	381.981
83.503	381.981
83.533	381.981
83.568	381.981
83.603	381.981
83.633	381.981
83.668	381.981
83.703	381.981
83.733	381.981
83.768	381.981
83.803	381.981
83.833	381.981
83.868	381.981
83.903	381.981
83.933	381.981
83.968	381.981
84.003	381.981
84.033	381.981
84.068	381.981
84.103	381.981
84.133	381.981
84.168	381.981
84.203	381.981
84.233	381.981
84.268	381.981
84.303	381.981
84.333	381.981
84.368	381.981
84.403	381.981
84.433	381.981
84.458	381.981
84.503	381.981
84.533	381.981
84.568	381.981
84.603	381.981
84.633	381.981
84.668	381.981
84.703	381.981
84.733	381.981
84.768	381.981
84.803	381.981
84.833	381.981
84.868	381.981
84.903	381.981
84.933	381.981
84.968	381.981
85.003	381.981
85.033	381.981
85.068	381.981
85.103	381.981
85.133	381.981
85.168	381.981
85.203	381.981
85.233	381.981
85.268	381.981
85.303	381.981
85.333	381.981
85.368	381.981
85.403	381.981
85.433	381.981
85.468	381.981
85.503	381.981
85.533	381.981
85.568	381.981
85.603	381.981
85.633	381.981
85.668	381.981
85.703	381.981
85.733	381.981
85.768	381.981
85.803	381.981
85.833	381.981
85.868	381.981
85.903	381.981
85.933	381.981
85.968	381.981
86.003	381.981
86.033	413.539
86.068	413.539
86.103	413.539
86.133	413.539
86.168	413.539
86.203	413.539
86.233	413.539
86.268	413.539
86.303	413.539
86.333	413.539
86.368	413.539
86.403	413.539
86.433	413.539
86.468	413.539
86.503	413.539
86.533	413.539
86.568	413.539
86.603	413.539
86.633	413.539
86.668	413.539
86.703	413.539
86.733	413.539
86.768	413.539
86.803	413.539
86.833	413.539
86.858	413.539
86.903	413.539
86.933	413.539
86.968	413.539
87.003	413.539
87.033	447.622
87.068	447.622
87.103	447.622
87.133	447.622
87.168	447.622
87.203	447.622
87.233	447.622
87.268	447.622
87.303	447.622
87.333	447.622
87.368	447.622
87.403	447.622
87.433	447.622
87.468	447.622
87.503	447.622
87.533	447.622
87.568	447.622
87.603	447.622
87.633	447.622
87.668	447.622
87.703	447.622
87.733	447.622
87.768	447.622
87.803	447.622
87.833	447.622
87.868	447.622
87.903	447.622
87.933	447.622
87.968	447.622
88.003	447.622
88.033	447.622
88.068	447.622
88.103	447.622
88.133	447.622
88.168	447.622
88.203	447.622
88.233	447.622
88.268	447.622
88.303	447.622
88.333	447.622
88.368	447.622
88.403	447.622
88.433	447.622
88.468	447.622
88.503	447.622
88.533	447.622
88.568	447.622
88.603	447.622
88.633	447.622
88.668	447.622
88.703	447.622
88.733	447.622
88.768	447.622
88.803	447.622
88.833	447.622
88.868	447.622
88.903	447.622
88.933	447.622
88.968	447.622
89.003	447.622
89.033	447.622
89.068	447.622
89.103	447.622
89.133	447.622
89.168	447.622
89.203	447.622
89.233	447.622
89.268	447.622
89.303	447.622
89.333	447.622
89.368	447.622
89.403	447.622
89.433	447.622
89.468	447.622
89.503	447.622
89.533	447.622
89.568	447.622
89.603	447.622
89.633	447.622
89.668	447.622
89.703	447.622
89.733	447.622
89.768	447.622
89.803	329.438
89.833	329.438
89.868	329.438
89.903	281.916
89.933	281.916
89.968	281.916
90.003	281.916
90.033	281.916
90.068	281.916
90.103	281.916
90.133	271.965
90.168	271.965
90.203	271.965
90.233	271.965
90.268	271.965
90.303	273.038
90.333	274.116
90.368	274.116
90.403	274.116
90.433	274.116
90.468	274.116
90.503	274.116
90.533	274.116
90.568	274.116
90.603	274.116
90.633	274.116
90.668	274.116
90.703	274.116
90.733	274.116
90.768	274.116
90.803	274.116
90.833	274.116
90.868	274.116
90.903	274.116
90.933	275.198
90.968	275.198
91.003	276.285
91.033	277.375
91.068	277.375
91.103	278.47
91.133	279.569
91.168	279.569
91.203	280.673
91.233	281.781
91.268	281.781
91.303	282.904
91.333	284.043
91.368	284.043
91.403	285.198
91.433	286.368
91.468	286.368
91.503	287.561
91.533	288.783
91.568	288.783
91.603	289.41
91.633	290.051
91.668	290.051
91.703	290.712
91.733	291.385
91.768	291.385
91.803	292.059
91.833	292.735
91.868	292.735
91.903	293.412
91.933	294.092
91.968	294.092
92.003	294.773
92.033	295.455
92.068	295.455
92.103	296.139
92.133	296.824
92.168	296.824
92.203	297.511
92.233	298.199
92.268	298.199
92.303	298.888
92.333	299.58
92.368	299.58
92.403	300.273
92.433	300.968
92.468	300.968
92.503	301.664
92.533	302.362
92.568	302.362
92.603	303.061
92.633	303.763
92.668	303.763
92.703	304.466
92.733	305.171
92.768	305.171
92.803	305.171
92.833	306.584
92.868	306.584
92.903	307.293
92.933	308
92.968	308
93.003	308.713
93.033	309.423
93.068	309.423
93.103	310.139
93.133	310.852
93.168	310.852
93.203	311.571
93.233	312.288
93.268	312.288
93.303	313.011
93.333	313.731
93.368	313.731
93.403	313.731
93.433	313.731
93.468	313.731
93.503	313.731
93.533	313.731
93.568	313.731
93.603	313.731
93.633	313.731
93.668	313.731
93.703	313.731
93.733	313.731
93.768	313.731
93.803	313.731
93.833	313.731
93.868	313.731
93.903	313.731
93.933	313.731
93.958	313.731
94.003	313.731
94.033	313.731
94.068	313.731
94.103	313.731
94.133	313.731
94.168	313.731
94.203	313.731
94.233	313.731
94.268	313.731
94.303	313.731
94.333	313.731
94.368	313.731
94.403	313.731
94.433	313.731
94.468	313.731
94.503	313.731
94.533	313.731
94.568	313.731
94.603	313.731
94.633	313.731
94.668	313.731
94.703	313.731
94.733	313.731
94.768	313.731
94.803	313.731
94.833	313.731
94.868	313.731
94.903	313.731
94.933	313.731
94.968	313.731
95.003	313.731
95.033	313.731
95.068	313.731
95.103	313.731
95.133	313.731
95.168	313.731
95.203	313.731
95.233	313.731
95.268	313.731
95.303	313.731
95.333	313.731
95.368	313.731
95.403	313.731
95.433	313.731
95.468	313.731
95.503	339.829
95.533	339.829
95.568	339.829
95.603	339.829
95.633	339.829
95.668	339.829
95.703	339.829
95.733	339.829
95.768	339.829
95.803	339.829
95.833	339.829
95.868	339.829
95.903	339.829
95.933	339.829
95.968	339.829
96.003	339.829
96.033	339.829
96.068	339.829
96.103	339.829
96.133	339.829
96.168	339.829
96.203	339.829
96.233	339.829
96.268	339.829
96.303	339.829
96.333	339.829
96.368	339.829
96.403	339.829
96.433	339.829
96.468	339.829
96.493	361.485
96.533	336.068
96.568	336.068
96.603	336.068
96.633	336.068
96.668	336.068
96.703	336.068
96.733	336.068
96.768	336.068
96.803	336.068
96.833	336.068
96.868	336.068
96.903	336.068
96.933	336.068
96.968	336.068
97.003	336.068
97.033	336.068
97.068	336.068
97.103	336.068
97.133	336.068
97.168	336.068
97.203	336.068
97.233	336.068
97.268	336.068
97.303	336.068
97.333	336.068
97.368	336.068
97.403	336.068
97.433	224.16
97.468	224.16
97.503	224.16
97.533	224.16
97.568	224.16
97.603	224.16
97.633	224.16
97.668	224.16
97.703	224.16
97.733	224.16
97.768	224.16
97.803	224.16
97.833	224.16
97.868	224.16
97.903	224.16
97.933	224.16
97.968	224.16
98.003	224.16
98.033	224.16
98.068	224.16
98.103	224.16
98.133	224.16
98.168	224.16
98.203	224.16
98.233	224.16
98.268	224.16
98.303	224.16
98.333	224.16
98.368	224.16
98.403	224.16
98.433	224.16
98.468	224.16
98.503	224.16
98.533	224.16
98.568	224.16
98.603	224.16
98.633	224.16
98.668	224.16
98.703	224.16
98.733	224.16
98.768	224.16
98.803	224.16
98.833	224.16
98.868	224.16
98.903	224.16
98.933	224.16
98.968	224.16
99.003	224.16
99.033	224.16
99.068	224.16
99.103	224.16
99.133	224.16
99.168	224.16
99.203	224.16
99.233	224.16
99.268	224.16
99.303	224.16
99.333	224.16
99.368	224.16
99.403	224.16
99.433	224.16
99.468	224.16
99.503	224.16
99.533	224.16
99.568	224.16
99.603	224.16
99.633	224.16
99.668	224.16
99.703	224.16
99.733	224.16
99.768	224.16
99.803	224.16
99.833	224.16
99.868	224.16
99.903	224.16
99.933	224.16
99.968	224.16
100.003	224.16
100.033	224.16
100.068	224.16
100.103	224.16
100.133	224.16
100.168	224.16
100.203	224.16
100.233	224.16
100.268	224.16
100.303	224.16
100.333	224.16
100.368	224.16
100.403	224.16
100.433	224.16
100.468	224.16
100.503	224.16
100.533	224.16
100.568	224.16
100.603	224.16
100.633	224.16
100.668	224.16
100.703	224.16
100.733	224.16
100.768	224.16
100.803	224.16
100.833	224.16
100.863	224.16
100.903	224.16
100.933	224.16
100.968	224.16
101.003	224.16
101.033	224.16
101.068	224.16
101.103	224.16
101.133	224.16
101.168	224.16
101.203	224.16
101.233	224.16
101.268	224.16
101.303	224.16
101.333	224.16
101.368	224.16
101.403	224.16
101.433	224.16
101.468	224.16
101.503	224.16
101.533	224.16
101.568	224.16
101.603	224.16
101.633	224.16
101.668	224.16
101.703	224.16
101.733	224.16
101.768	224.16
101.803	224.16
101.833	224.16
101.868	224.16
101.903	224.16
101.933	224.16
101.968	224.16
102.003	224.16
102.033	224.16
102.068	224.16
102.103	224.16
102.133	224.16
102.168	224.16
102.203	224.16
102.233	224.16
102.268	224.16
102.303	224.16
102.333	224.16
102.368	224.16
102.403	224.16
102.433	224.16
102.468	224.16
102.503	224.16
102.533	224.16
102.568	224.16
102.603	224.16
102.633	224.16
102.668	224.16
102.703	224.16
102.733	224.16
102.768	224.16
102.803	224.16
102.833	224.16
102.868	224.16
102.903	224.16
102.933	224.16
102.968	224.16
103.003	224.16
103.033	224.16
103.068	224.16
103.103	224.16
103.133	224.16
103.168	224.16
103.203	224.16
103.233	224.16
103.268	224.16
103.303	224.16
103.333	224.16
103.368	224.16
103.403	224.16
103.433	224.16
103.468	224.16
103.503	224.16
103.533	224.16
103.568	224.16
103.603	224.16
103.633	224.16
103.668	224.16
103.703	224.16
103.733	224.16
103.768	224.16
103.803	224.16
103.833	224.16
103.868	224.16
103.903	224.16
103.933	224.16
103.968	224.16
104.003	224.16
104.033	224.16
104.068	224.16
104.103	224.16
104.133	224.16
104.168	224.16
104.203	224.16
104.233	224.16
104.268	224.16
104.303	224.16
104.333	224.16
104.368	224.16
104.403	224.16
104.433	224.16
104.468	224.16
104.503	224.16
104.533	224.16
104.568	224.16
104.603	224.16
104.633	224.16
104.668	224.16
104.703	224.16
104.733	224.16
104.768	224.16
104.803	224.16
104.833	224.16
104.868	224.16
104.903	224.16
104.933	224.16
104.968	224.16
105.003	224.16
105.033	224.16
105.068	224.16
105.103	224.16
105.133	224.16
105.168	224.16
105.203	224.16
105.233	224.16
105.268	224.16
105.303	224.16
105.333	224.16
105.368	224.16
105.403	224.16
105.433	224.16
105.468	224.16
105.503	224.16
105.533	224.16
105.568	224.16
105.603	224.16
105.633	224.16
105.668	224.16
105.703	224.16
105.733	224.16
105.768	224.16
105.803	224.16
105.833	224.16
105.868	224.16
105.903	224.16
105.933	224.16
105.968	224.16
106.003	243.093
106.033	243.093
106.068	243.093
106.103	243.093
106.133	243.093
106.168	243.093
106.203	243.093
106.233	243.093
106.268	243.093
106.303	243.093
106.333	243.093
106.368	243.093
106.403	243.093
106.433	243.093
106.468	243.093
106.503	243.093
106.533	243.093
106.568	243.093
106.603	243.093
106.633	243.093
106.668	243.093
106.703	243.093
106.733	243.093
106.768	243.093
106.803	243.093
106.833	243.093
106.868	243.093
106.903	243.093
106.933	243.093
106.968	243.093
107.003	263.54
107.033	263.54
107.068	263.54
107.103	263.54
107.133	263.54
107.168	263.54
107.203	263.54
107.233	263.54
107.268	263.54
107.303	263.54
107.333	263.54
107.368	263.54
107.403	263.54
107.433	263.54
107.468	263.54
107.503	263.54
107.533	263.54
107.568	263.54
107.603	263.54
107.633	263.54
107.668	263.54
107.703	263.54
107.733	263.54
107.768	263.54
107.803	263.54
107.833	263.54
107.868	263.54
107.903	263.54
107.933	263.54
107.968	263.54
108.003	263.54
108.033	263.54
108.068	263.54
108.103	263.54
108.133	263.54
108.168	263.54
108.203	263.54
108.233	263.54
108.268	263.54
108.303	263.54
108.333	263.54
108.368	263.54
108.403	263.54
108.433	263.54
108.468	263.54
108.503	263.54
108.533	263.54
108.568	263.54
108.603	263.54
108.633	263.54
108.668	263.54
108.703	263.54
108.733	263.54
108.768	263.54
108.803	263.54
108.833	263.54
108.868	263.54
108.903	263.54
108.933	263.54
108.968	263.54
109.003	263.54
109.033	263.54
109.068	263.54
109.103	263.54
109.133	285.623
109.168	285.623
109.203	285.623
109.233	285.623
109.268	285.623
109.303	285.623
109.333	285.623
109.368	285.623
109.403	285.623
109.433	285.623
109.468	285.623
109.503	285.623
109.533	285.623
109.568	285.623
109.603	285.623
109.633	285.623
109.668	285.623
109.703	285.623
109.733	285.623
109.768	285.623
109.803	285.623
109.833	285.623
109.868	285.623
109.903	285.623
109.933	285.623
109.968	285.623
110.003	285.623
110.033	285.623
110.068	285.623
110.103	285.623
110.133	309.473
110.168	309.473
110.203	309.473
110.233	309.473
110.268	309.473
110.303	309.473
110.333	309.473
110.368	309.473
110.403	309.473
110.433	309.473
110.468	309.473
110.503	309.473
110.533	309.473
110.568	309.473
110.603	309.473
110.633	309.473
110.668	309.473
110.703	309.473
110.733	309.473
110.768	309.473
110.803	309.473
110.833	309.473
110.868	309.473
110.903	309.473
110.933	309.473
110.968	309.473
111.003	309.473
111.033	309.473
111.068	309.473
111.103	309.473
111.133	309.473
111.168	309.473
111.203	309.473
111.233	335.231
111.268	335.231
111.303	335.231
111.333	335.231
111.368	335.231
111.403	335.231
111.433	335.231
111.468	335.231
111.503	335.231
111.533	246.81
111.568	246.81
111.603	246.81
111.633	228.103
111.668	228.103
111.703	228.103
111.733	228.103
111.768	228.103
111.803	229.092
111.833	230.086
111.868	230.086
111.903	231.084
111.933	232.087
111.968	232.087
112.003	232.087
112.033	232.087
112.068	232.087
112.103	232.087
112.133	232.087
112.168	232.087
112.203	232.087
112.233	232.087
112.268	232.087
112.303	232.087
112.333	232.087
112.368	232.087
112.403	232.087
112.433	232.087
112.468	232.087
112.503	232.087
112.533	232.087
112.568	232.087
112.603	232.087
112.633	232.087
112.668	232.087
112.703	232.087
112.733	232.087
112.768	232.087
112.803	232.087
112.833	232.087
112.868	232.087
112.903	232.087
112.933	232.087
112.968	232.087
113.003	232.087
113.033	232.087
113.068	232.087
113.103	232.087
113.133	232.087
113.168	232.087
113.203	232.087
113.233	232.087
113.268	232.087
113.303	232.087
113.333	232.087
113.368	232.087
113.403	232.087
113.433	232.087
113.468	232.087
113.503	232.087
113.533	232.087
113.568	232.087
113.603	232.087
113.633	232.087
113.668	232.087
113.703	232.087
113.733	232.087
113.768	232.087
113.803	232.087
113.833	232.087
113.868	232.087
113.903	232.087
113.933	232.087
113.968	232.087
114.003	232.087
114.033	232.087
114.068	232.087
114.103	232.087
114.133	232.087
114.168	232.087
114.203	232.087
114.233	232.087
114.268	232.087
114.303	232.087
114.333	232.087
114.368	232.087
114.403	232.087
114.433	232.087
114.468	232.087
114.503	232.087
114.533	232.087
114.568	232.087
114.603	232.087
114.633	232.087
114.668	232.087
114.703	232.087
114.733	232.087
114.768	232.087
114.803	232.087
114.833	232.087
114.868	232.087
114.903	232.087
114.933	232.087
114.968	232.087
115.003	232.087
115.033	232.087
115.068	232.087
115.103	232.087
115.133	232.087
115.168	232.087
115.203	232.087
115.233	232.087
115.268	232.087
115.303	232.087
115.333	232.087
115.368	232.087
115.403	232.087
115.433	251.654
115.468	251.654
115.503	251.654
115.533	251.654
115.568	251.654
115.603	251.654
115.633	251.654
115.668	251.654
115.703	251.654
115.733	251.654
115.768	251.654
115.803	251.654
115.833	251.654
115.868	251.654
115.903	251.654
115.933	251.654
115.968	251.654
116.003	251.654
116.033	251.654
116.068	251.654
116.103	251.654
116.133	251.654
116.168	251.654
116.203	251.654
116.233	251.654
116.268	251.654
116.303	251.654
116.333	251.654
116.368	251.654
116.403	251.654
116.433	272.786
116.468	272.786
116.503	272.786
116.533	272.786
116.568	272.786
116.603	272.786
116.633	272.786
116.668	272.786
116.703	272.786
116.733	272.786
116.768	272.786
116.803	272.786
116.833	272.786
116.868	272.786
116.903	272.786
116.933	272.786
116.968	272.786
117.003	272.786
117.033	272.786
117.068	272.786
117.103	272.786
117.133	272.786
117.168	272.786
117.203	272.786
117.233	272.786
117.268	272.786
117.303	272.786
117.333	272.786
117.368	272.786
117.403	272.786
117.433	295.609
117.468	295.609
117.503	295.609
117.533	295.609
117.568	295.609
117.603	295.609
117.633	295.609
117.668	295.609
117.703	295.609
117.733	295.609
117.768	295.609
117.803	295.609
117.833	295.609
117.868	295.609
117.903	295.609
117.933	295.609
117.968	295.609
118.003	295.609
118.033	295.609
118.068	295.609
118.103	295.609
118.133	295.609
118.168	295.609
118.203	295.609
118.233	295.609
118.268	295.609
118.303	295.609
118.333	295.609
118.368	295.609
118.403	295.609
118.433	295.609
118.468	295.609
118.503	295.609
118.533	295.609
118.568	295.609
118.603	295.609
118.633	295.609
118.668	295.609
118.703	295.609
118.733	295.609
118.768	295.609
118.803	295.609
118.833	295.609
118.868	295.609
118.903	295.609
118.933	295.609
118.968	295.609
119.003	295.609
119.033	295.609
119.068	295.609
119.103	295.609
119.133	295.609
119.168	295.609
119.203	295.609
119.233	295.609
119.268	295.609
119.303	295.609
119.333	295.609
119.368	295.609
119.403	295.609
119.433	295.609
119.468	295.609
119.503	295.609
119.533	295.609
119.568	295.609
119.603	295.609
119.633	320.258
119.668	320.258
119.703	320.258
119.733	320.258
119.768	320.258
119.803	320.258
119.833	320.258
119.868	320.258
119.903	320.258
119.933	320.258
119.968	320.258
120.003	320.258
120.033	320.258
120.068	320.258
120.103	320.258
120.133	320.258
120.168	320.258
120.203	320.258
120.233	320.258
120.268	320.258
120.303	320.258
120.333	320.258
120.368	320.258
120.403	320.258
120.433	320.258
120.468	320.258
120.503	320.258
120.533	320.258
120.568	320.258
120.603	320.258
120.633	346.879
120.668	346.879
120.703	346.879
120.733	346.879
120.768	346.879
120.803	346.879
120.833	346.879
120.868	346.879
120.903	346.879
120.933	346.879
120.968	346.879
121.003	346.879
121.033	346.879
121.068	346.879
121.103	346.879
121.133	346.879
121.168	346.879
121.203	346.879
121.233	346.879
121.268	346.879
121.303	346.879
121.333	346.879
121.368	346.879
121.403	346.879
121.433	346.879
121.468	346.879
121.503	346.879
121.533	346.879
121.568	346.879
121.603	346.879
121.633	346.879
121.668	346.879
121.703	346.879
121.733	375.629
121.768	375.629
121.803	375.629
121.833	375.629
121.868	375.629
121.903	375.629
121.933	375.629
121.968	375.629
122.003	375.629
122.033	375.629
122.068	375.629
122.103	375.629
122.133	375.629
122.168	375.629
122.203	375.629
122.233	375.629
122.268	375.629
122.303	375.629
122.333	375.629
122.368	375.629
122.403	375.629
122.433	375.629
122.468	375.629
122.503	375.629
122.533	375.629
122.568	375.629
122.603	375.629
122.633	375.629
122.668	375.629
122.703	375.629
122.733	406.679
122.768	406.679
122.803	406.679
122.833	406.679
122.868	406.679
122.903	406.679
122.933	406.679
122.968	406.679
123.003	406.679
123.033	406.679
123.068	406.679
123.103	406.679
123.133	406.679
123.168	406.679
123.203	406.679
123.233	406.679
123.268	406.679
123.303	406.679
123.333	406.679
123.368	406.679
123.403	406.679
123.433	406.679
123.468	406.679
123.503	406.679
123.533	406.679
123.568	406.679
123.603	406.679
123.633	406.679
123.668	406.679
123.703	406.679
123.733	440.213
123.768	440.213
123.803	440.213
123.833	440.213
123.868	440.213
123.903	440.213
123.933	440.213
123.968	440.213
124.003	440.213
124.033	440.213
124.068	440.213
124.103	440.213
124.133	440.213
124.168	440.213
124.203	440.213
124.233	440.213
124.268	440.213
124.303	440.213
124.333	440.213
124.368	440.213
124.403	440.213
124.433	440.213
124.468	440.213
124.503	440.213
124.533	440.213
124.568	440.213
124.603	440.213
124.633	440.213
124.668	440.213
124.703	440.213
124.733	440.213
124.768	440.213
124.803	440.213
124.833	440.213
124.868	440.213
124.903	440.213
124.933	440.213
124.968	440.213
125.003	440.213
125.033	440.213
125.068	440.213
125.103	440.213
125.133	440.213
125.168	440.213
125.203	440.213
125.233	440.213
125.268	440.213
125.303	440.213
125.333	440.213
125.368	440.213
125.403	440.213
125.433	440.213
125.468	440.213
125.503	440.213
125.533	440.213
125.568	440.213
125.603	440.213
125.633	440.213
125.668	440.213
125.703	440.213
125.733	440.213
125.768	440.213
125.803	440.213
125.833	440.213
125.868	440.213
125.903	375.817
125.933	375.817
125.968	375.817
126.003	376.706
126.033	377.529
126.068	377.529
126.103	378.418
126.133	379.241
126.168	379.241
126.203	380.133
126.233	380.959
126.268	380.959
126.303	381.861
126.333	382.696
126.368	382.696
126.403	383.598
126.433	384.431
126.468	384.431
126.503	385.336
126.533	386.173
126.568	386.173
126.603	386.173
126.633	387.948
126.668	387.948
126.703	388.812
126.733	389.634
126.768	389.634
126.803	389.634
126.833	261.51
126.868	261.51
126.903	261.51
126.933	261.51
126.968	261.51
127.003	218.797
127.033	218.797
127.068	218.797
127.103	218.797
127.133	216.56
127.168	216.56
127.203	216.56
127.233	216.56
127.268	216.56
127.303	216.56
127.333	216.56
127.368	216.56
127.403	217.379
127.433	218.138
127.468	218.138
127.503	218.967
127.533	218.967
127.568	218.967
127.603	218.967
127.633	218.967
127.668	218.967
127.703	218.967
127.733	218.967
127.768	218.967
127.803	218.967
127.833	218.967
127.868	218.967
127.903	219.81
127.933	220.588
127.968	220.588
128.003	221.437
128.033	222.224
128.068	222.224
128.103	223.08
128.133	223.872
128.168	223.872
128.203	224.734
128.233	225.539
128.268	225.539
128.303	226.423
128.333	227.257
128.368	227.257
128.403	228.177
128.433	229.042
128.468	229.042
128.503	230.005
128.533	230.92
128.568	230.92
128.603	231.946
128.633	232.927
128.668	232.927
128.703	234.042
128.733	235.105
128.768	235.105
128.803	236.263
128.833	237.336
128.868	237.336
128.903	238.395
128.933	239.235
128.968	239.235
129.003	240.152
129.033	241.002
129.068	241.002
129.103	241.002
129.133	241.002
129.168	241.002
129.203	241.002
129.233	241.002
129.268	241.002
129.303	241.002
129.333	241.002
129.368	241.002
129.403	241.002
129.433	241.002
129.468	241.002
129.503	241.002
129.533	241.002
129.568	241.002
129.603	241.002
129.633	241.002
129.668	241.002
129.703	241.002
129.733	241.002
129.768	241.002
129.803	241.002
129.833	241.002
129.868	241.002
129.903	241.002
129.933	241.002
129.968	241.002
130.003	241.002
130.033	241.002
130.068	241.002
130.103	241.002
130.133	261.282
130.168	261.282
130.203	261.282
130.233	261.282
130.268	261.282
130.303	261.282
130.333	261.282
130.368	261.282
130.403	261.282
130.433	261.282
130.468	261.282
130.503	261.282
130.533	261.282
130.568	261.282
130.603	261.282
130.633	261.282
130.668	261.282
130.703	261.282
130.733	261.282
130.768	261.282
130.803	261.282
130.833	261.282
130.868	261.282
130.903	261.282
130.933	261.282
130.968	261.282
131.003	261.282
131.033	261.282
131.068	261.282
131.103	261.282
131.133	283.185
131.168	283.185
131.203	283.185
131.233	283.185
131.268	283.185
131.303	283.185
131.333	283.185
131.368	283.185
131.403	283.185
131.433	283.185
131.468	283.185
131.503	283.185
131.533	283.185
131.568	283.185
131.603	283.185
131.633	283.185
131.668	283.185
131.703	283.185
131.733	283.185
131.768	283.185
131.803	283.185
131.833	283.185
131.868	283.185
131.903	283.185
131.933	283.185
131.968	283.185
132.003	283.185
132.033	283.185
132.068	283.185
132.103	283.185
132.133	305.511
132.168	305.511
132.203	306.222
132.233	306.222
132.268	306.222
132.303	306.222
132.333	306.222
132.368	306.222
132.403	306.222
132.433	306.222
132.468	306.222
132.503	306.222
132.533	306.222
132.568	306.222
132.603	306.222
132.633	306.222
132.668	306.222
132.703	306.222
132.733	306.222
132.768	306.222
132.803	306.222
132.833	306.222
132.868	306.222
132.903	306.222
132.933	306.222
132.968	306.222
133.003	306.222
133.033	306.222
133.068	306.222
133.103	306.222
133.133	306.222
133.168	306.222
133.203	306.222
133.233	306.222
133.268	306.222
133.303	306.222
133.333	306.222
133.368	306.222
133.403	306.222
133.433	306.222
133.468	306.222
133.503	306.222
133.533	306.222
133.568	306.222
133.603	306.222
133.633	306.222
133.668	306.222
133.703	306.222
133.733	306.222
133.768	306.222
133.803	306.222
133.833	306.222
133.868	306.222
133.903	306.222
133.933	306.222
133.968	306.222
134.003	306.222
134.033	306.222
134.068	306.222
134.103	306.222
134.133	306.222
134.168	306.222
134.203	306.222
134.233	306.222
134.258	306.222
134.303	306.222
134.333	306.222
134.368	306.222
134.403	306.222
134.433	306.222
134.468	306.222
134.503	306.222
134.533	306.222
134.568	306.222
134.603	306.222
134.633	306.222
134.668	306.222
134.703	306.222
134.733	306.222
134.768	306.222
134.803	306.222
134.833	306.222
134.868	306.222
134.903	306.222
134.933	306.222
134.968	306.222
135.003	306.222
135.033	306.222
135.068	306.222
135.103	306.222
135.133	306.222
135.168	306.222
135.203	306.222
135.233	306.222
135.268	306.222
135.303	306.222
135.333	306.222
135.368	306.222
135.403	331.72
135.433	331.72
135.468	331.72
135.503	331.72
135.533	331.72
135.568	331.72
135.603	331.72
135.633	331.72
135.668	331.72
135.703	331.72
135.733	331.72
135.768	331.72
135.803	331.72
135.833	331.72
135.868	331.72
135.903	331.72
135.933	331.72
135.968	331.72
136.003	331.72
136.033	331.72
136.068	331.72
136.103	331.72
136.133	331.72
136.168	331.72
136.203	331.72
136.233	331.72
136.268	331.72
136.303	331.72
136.333	331.72
136.368	331.72
136.403	359.258
136.433	359.258
136.468	359.258
136.503	359.258
136.533	359.258
136.568	359.258
136.603	359.258
136.633	359.258
136.668	359.258
136.703	359.258
136.733	359.258
136.768	359.258
136.803	359.258
136.833	359.258
136.868	359.258
136.903	359.258
136.933	359.258
136.968	359.258
137.003	359.258
137.033	359.258
137.068	359.258
137.103	359.258
137.133	359.258
137.168	359.258
137.203	359.258
137.233	359.258
137.268	359.258
137.303	359.258
137.333	359.258
137.368	359.258
137.403	388.999
137.433	388.999
137.468	388.999
137.503	388.999
137.533	388.999
137.568	388.999
137.603	388.999
137.633	388.999
137.668	388.999
137.703	388.999
137.733	388.999
137.768	388.999
137.803	388.999
137.833	388.999
137.868	388.999
137.903	388.999
137.933	388.999
137.968	388.999
138.003	388.999
138.033	388.999
138.068	388.999
138.103	388.999
138.133	388.999
138.168	388.999
138.203	388.999
138.233	388.999
138.263	388.999
138.303	388.999
138.333	388.999
138.368	388.999
138.403	417.071
138.433	418.679
138.468	418.679
138.503	420.293
138.533	420.293
138.568	420.293
138.603	420.293
138.633	420.293
138.668	420.293
138.703	420.293
138.733	420.293
138.768	420.293
138.803	420.293
138.833	420.293
138.868	420.293
138.903	420.293
138.933	420.293
138.968	420.293
139.003	420.293
139.033	420.293
139.068	420.293
139.103	420.293
139.133	420.293
139.168	420.293
139.203	420.293
139.233	420.293
139.268	420.293
139.303	420.293
139.333	420.293
139.368	420.293
139.403	420.293
139.433	420.293
139.468	420.293
139.503	420.293
139.533	420.293
139.568	420.293
139.603	454.916
139.633	454.916
139.668	454.916
139.703	454.916
139.733	454.916
139.768	454.916
139.803	454.916
139.833	454.916
139.868	454.916
139.903	454.916
139.933	454.916
139.968	454.916
140.003	454.916
140.033	454.916
140.068	454.916
140.103	454.916
140.133	454.916
140.168	454.916
140.203	454.916
140.233	454.916
140.268	454.916
140.303	454.916
140.333	454.916
140.368	454.916
140.403	454.916
140.433	454.916
140.468	454.916
140.503	454.916
140.533	454.916
140.568	454.916
140.603	492.309
140.633	492.309
140.668	492.309
140.703	492.309
140.733	492.309
140.768	492.309
140.803	492.309
140.833	492.309
140.868	492.309
140.903	492.309
140.933	492.309
140.968	492.309
141.003	492.309
141.033	492.309
141.068	492.309
141.103	492.309
141.133	492.309
141.168	492.309
141.203	492.309
141.233	492.309
141.268	492.309
141.303	492.309
141.333	492.309
141.368	492.309
141.403	492.309
141.433	492.309
141.468	492.309
141.503	492.309
141.533	492.309
141.568	492.309
141.603	532.694
141.633	532.694
141.668	532.694
141.703	532.694
141.733	532.694
141.768	532.694
141.803	532.694
141.833	532.694
141.868	532.694
141.903	532.694
141.933	532.694
141.968	532.694
142.003	532.694
142.033	532.694
142.068	532.694
142.103	532.694
142.133	532.694
142.168	532.694
142.203	532.694
142.233	532.694
142.268	532.694
142.303	532.694
142.333	532.694
142.368	532.694
142.403	532.694
142.433	532.694
142.468	532.694
142.503	532.694
142.533	532.694
142.568	532.694
142.603	576.224
142.633	576.31
142.668	576.31
142.703	576.31
142.733	576.31
142.768	576.31
142.803	576.31
142.833	576.31
142.868	576.31
142.903	576.31
142.933	576.31
142.968	576.31
143.003	576.31
143.033	576.31
143.068	576.31
143.103	576.31
143.133	576.31
143.168	576.31
143.203	576.31
143.233	576.31
143.268	576.31
143.303	576.31
143.333	576.31
143.368	576.31
143.403	576.31
143.433	576.31
143.468	576.31
143.503	576.31
143.533	576.31
143.568	576.31
143.603	622.321
143.633	623.415
143.668	623.415
143.703	623.415
143.733	623.415
143.768	623.415
143.803	623.415
143.833	623.415
143.868	623.415
143.903	623.415
143.933	623.415
143.968	623.415
144.003	469.673
144.033	469.673
144.068	469.673
144.103	469.673
144.133	470.617
144.168	470.617
144.203	471.642
144.233	472.59
144.268	472.59
144.303	473.619
144.333	473.619
144.368	473.619
144.403	473.619
144.433	474.571
144.468	474.571
144.503	475.604
144.533	476.56
144.568	476.56
144.603	477.597
144.633	478.557
144.668	478.557
144.703	479.599
144.733	480.562
144.768	480.562
144.803	481.608
144.833	482.576
144.868	482.576
144.903	483.627
144.933	484.599
144.958	484.599
145.003	485.66
145.033	486.636
145.068	486.636
145.098	487.695
145.133	488.675
145.168	488.675
145.203	489.739
145.233	490.724
145.268	490.724
145.303	491.798
145.333	492.791
145.368	492.791
145.403	493.869
145.433	494.871
145.468	494.871
145.503	495.959
145.533	496.97
145.568	496.97
145.603	498.075
145.633	499.097
145.668	499.097
145.703	500.206
145.733	501.231
145.768	501.231
145.803	502.344
145.833	503.374
145.868	503.374
145.903	503.374
145.933	503.374
145.968	503.374
146.003	503.374
146.033	503.374
146.068	503.374
146.103	503.374
146.133	503.374
146.168	503.374
146.203	503.374
146.233	503.374
146.268	503.374
146.303	503.374
146.333	503.374
146.368	503.374
146.398	503.374
146.433	503.374
146.468	503.374
146.503	503.374
146.533	503.374
146.568	503.374
146.603	503.374
146.633	503.374
146.668	503.374
146.703	503.374
146.733	503.374
146.768	503.374
146.803	503.374
146.828	503.374
146.868	503.374
146.903	321.179
146.933	321.179
146.968	321.179
147.003	321.179
147.033	321.179
147.068	321.179
147.103	321.179
147.133	321.179
147.168	321.179
147.203	321.179
147.233	321.179
147.268	321.179
147.303	321.179
147.333	321.179
147.368	321.179
147.403	321.179
147.433	321.179
147.468	321.179
147.503	321.179
147.533	321.179
147.568	321.179
147.603	321.179
147.633	321.179
147.668	321.179
147.703	321.179
147.733	321.179
147.768	321.179
147.803	321.179
147.833	321.179
147.868	321.179
147.903	321.179
147.933	321.179
147.968	321.179
148.003	321.179
148.033	321.179
148.068	321.179
148.103	321.179
148.133	321.179
148.168	321.179
148.203	321.179
148.233	321.179
148.268	321.179
148.303	321.179
148.333	321.179
148.368	321.179
148.403	321.179
148.433	321.179
148.468	321.179
148.503	321.179
148.533	321.179
148.568	321.179
148.603	321.179
148.633	321.179
148.668	321.179
148.703	321.179
148.733	321.179
148.768	321.179
148.803	321.179
148.833	321.179
148.868	321.179
148.903	321.179
148.933	321.179
148.968	321.179
149.003	321.179
149.033	337.131
149.068	337.131
149.103	337.936
149.133	338.711
149.168	338.711
149.203	339.515
149.233	340.306
149.268	340.306
149.303	341.093
149.333	341.874
149.368	341.874
149.403	342.652
149.433	343.436
149.468	343.436
149.503	344.214
149.533	344.993
149.568	344.993
149.603	345.77
149.633	346.549
149.668	346.549
149.703	347.329
149.733	347.873
149.768	347.873
149.803	347.873
149.833	347.873
149.868	347.873
149.903	347.873
149.933	347.873
149.968	347.873
150.003	347.873
150.033	352.84
150.068	352.84
150.103	353.634
150.133	354.43
150.168	354.43
150.203	355.228
150.233	356.027
150.268	356.027
150.303	356.829
150.333	357.633
150.368	357.633
150.403	358.438
150.433	359.245
150.468	359.245
150.503	360.054
150.533	360.864
150.568	360.864
150.603	361.676
150.633	362.491
150.668	362.491
150.703	363.302
150.733	364.115
150.768	364.115
150.803	364.931
150.828	365.749
150.868	365.749
150.903	366.568
150.933	367.389
150.968	367.389
151.003	368.212
151.033	369.036
151.068	369.036
151.103	369.036
151.133	369.036
151.168	369.036
151.203	369.036
151.233	369.036
151.268	369.036
151.303	369.036
151.333	369.036
151.368	369.036
151.403	369.036
151.433	369.036
151.468	369.036
151.503	369.036
151.533	369.036
151.568	369.036
151.603	369.036
151.633	369.036
151.668	369.036
151.703	369.036
151.733	369.036
151.768	369.036
151.803	369.036
151.833	369.036
151.868	369.036
151.903	369.036
151.933	369.036
151.968	369.036
152.003	369.036
152.033	369.036
152.068	369.036
152.103	369.036
152.133	387.947
152.168	387.947
152.203	388.83
152.233	389.715
152.268	389.715
152.303	390.607
152.333	391.501
152.368	391.501
152.403	392.397
152.433	393.295
152.468	393.295
152.503	394.201
152.533	395.113
152.568	395.113
152.603	396.027
152.633	396.943
152.668	396.943
152.703	397.861
152.733	398.787
152.768	398.787
152.803	399.559
152.833	399.559
152.868	399.559
152.903	399.559
152.933	399.559
152.968	399.559
153.003	399.559
153.033	399.559
153.068	399.559
153.103	399.559
153.133	406.231
153.168	406.231
153.203	406.231
153.233	406.231
153.268	406.231
153.303	406.231
153.333	406.231
153.368	406.231
153.403	406.231
153.433	406.231
153.468	406.231
153.503	406.231
153.533	406.231
153.568	406.231
153.603	406.231
153.633	406.231
153.668	406.231
153.703	406.231
153.733	406.231
153.768	406.231
153.803	406.231
153.833	406.231
153.858	406.231
153.903	406.231
153.933	406.231
153.968	406.231
154.003	406.231
154.033	406.231
154.068	406.231
154.103	406.231
154.133	406.231
154.168	406.231
154.203	406.231
154.233	406.231
154.268	406.231
154.303	406.231
154.333	406.231
154.368	406.231
154.403	406.231
154.433	406.231
154.468	406.231
154.503	406.231
154.533	406.231
154.568	406.231
154.603	406.231
154.633	406.231
154.668	406.231
154.703	406.231
154.733	406.231
154.768	406.231
154.803	406.231
154.833	406.231
154.868	406.231
154.903	406.231
154.933	406.231
154.968	406.231
155.003	406.231
155.033	406.231
155.068	406.231
155.103	406.231
155.133	406.231
155.168	406.231
155.203	406.231
155.233	406.231
155.268	406.231
155.303	406.231
155.333	406.231
155.368	406.231
155.403	406.231
155.433	406.231
155.468	406.231
155.503	406.231
155.533	406.231
155.568	406.231
155.603	406.231
155.633	406.231
155.668	406.231
155.703	406.231
155.733	406.231
155.768	406.231
155.803	406.231
155.833	406.231
155.868	406.231
155.903	406.231
155.933	406.231
155.968	406.231
156.003	406.231
156.033	406.231
156.068	406.231
156.103	406.231
156.133	406.231
156.168	406.231
156.203	406.231
156.233	406.231
156.268	406.231
156.303	406.231
156.333	439.729
156.368	439.729
156.403	439.729
156.433	439.729
156.468	439.729
156.503	439.729
156.533	439.729
156.568	439.729
156.603	439.729
156.633	439.729
156.668	439.729
156.703	439.729
156.733	439.729
156.768	439.729
156.803	439.729
156.833	439.729
156.868	439.729
156.903	439.729
156.933	439.729
156.968	439.729
157.003	439.729
157.033	439.729
157.068	439.729
157.103	439.729
157.133	439.729
157.168	439.729
157.203	439.729
157.233	439.729
157.268	439.729
157.303	439.729
157.333	475.907
157.368	475.907
157.403	475.907
157.433	475.907
157.468	475.907
157.503	475.907
157.533	475.907
157.558	475.907
157.603	475.907
157.633	475.907
157.668	475.907
157.703	475.907
157.733	475.907
157.768	475.907
157.803	475.907
157.833	475.907
157.868	475.907
157.903	475.907
157.933	475.907
157.968	475.907
158.003	475.907
158.033	475.907
158.068	475.907
158.103	475.907
158.133	475.907
158.168	475.907
158.203	475.907
158.233	475.907
158.268	475.907
158.303	475.907
158.333	514.98
158.368	514.98
158.403	514.98
158.433	514.98
158.468	514.98
158.503	514.98
158.533	514.98
158.568	514.98
158.603	514.98
158.633	514.98
158.668	514.98
158.703	514.98
158.733	514.98
158.768	514.98
158.803	514.98
158.833	514.98
158.868	514.98
158.903	514.98
158.933	514.98
158.968	514.98
159.003	514.98
159.033	514.98
159.068	514.98
159.103	514.98
159.133	514.98
159.168	514.98
159.203	514.98
159.233	514.98
159.268	514.98
159.303	514.98
159.333	557.178
159.368	557.178
159.403	557.178
159.433	557.178
159.468	557.178
159.503	557.178
159.533	557.178
159.568	557.178
159.603	557.178
159.633	557.178
159.668	557.178
159.703	557.178
159.733	557.178
159.768	557.178
159.803	557.178
159.833	557.178
159.868	557.178
159.903	557.178
159.933	557.178
159.968	557.178
160.003	557.178
160.033	557.178
160.068	557.178
160.103	557.178
160.133	557.178
160.168	557.178
160.203	557.178
160.233	557.178
160.268	557.178
160.303	557.178
160.333	602.752
160.368	602.752
160.403	602.752
160.433	602.752
160.468	602.752
160.503	602.752
160.533	602.752
160.568	602.752
160.603	602.752
160.633	602.752
160.668	602.752
160.703	602.752
160.733	602.752
160.768	602.752
160.803	602.752
160.833	602.752
160.868	602.752
160.903	602.752
160.933	602.752
160.968	602.752
161.003	602.752
161.033	602.752
161.068	602.752
161.103	602.752
161.133	602.752
161.168	602.752
161.203	602.752
161.233	602.752
161.268	602.752
161.303	602.752
161.333	602.752
161.368	602.752
161.403	602.752
161.433	602.752
161.468	602.752
161.503	602.752
161.533	602.752
161.568	602.752
161.603	602.752
161.633	602.752
161.668	602.752
161.703	602.752
161.733	602.752
161.768	602.752
161.803	602.752
161.833	602.752
161.868	602.752
161.903	602.752
161.933	602.752
161.968	602.752
162.003	602.752
162.033	602.752
162.068	602.752
162.103	602.752
162.133	602.752
162.158	602.752
162.203	602.752
162.233	602.752
162.263	602.752
162.303	602.752
162.333	602.752
162.368	602.752
162.403	602.752
162.433	602.752
162.468	602.752
162.503	602.752
162.533	602.752
162.568	602.752
162.603	602.752
162.633	602.752
162.668	602.752
162.703	602.752
162.733	602.752
162.768	602.752
162.803	602.752
162.833	602.752
162.868	602.752
162.903	602.752
162.933	602.752
162.968	602.752
163.003	602.752
163.033	602.752
163.068	602.752
163.103	602.752
163.133	602.752
163.168	602.752
163.203	602.752
163.233	602.752
163.268	602.752
163.303	602.752
163.333	444.153
163.368	444.153
163.403	444.153
163.433	444.153
163.468	444.153
163.498	444.153
163.533	444.153
163.568	444.153
163.603	444.153
163.633	444.153
163.668	444.153
163.703	444.153
163.733	444.153
163.768	444.153
163.803	444.153
163.833	444.153
163.868	444.153
163.903	444.153
163.933	444.153
163.968	444.153
164.003	444.153
164.033	444.153
164.068	444.153
164.103	444.153
164.133	444.153
164.168	444.153
164.203	444.153
164.233	444.153
164.268	444.153
164.303	444.153
164.333	444.153
164.368	444.153
164.403	444.153
164.433	444.153
164.468	444.153
164.503	444.153
164.533	444.153
164.568	444.153
164.603	444.153
164.633	444.153
164.668	444.153
164.703	464.152
164.733	465.165
164.768	465.165
164.803	466.227
164.833	467.277
164.868	467.277
164.903	468.335
164.933	469.38
164.968	469.38
165.003	470.476
165.033	471.537
165.068	471.537
165.103	472.651
165.133	473.745
165.168	473.745
165.203	474.847
165.233	475.953
165.268	475.953
165.303	477.061
165.333	478.149
165.368	478.149
165.403	479.284
165.433	480.377
165.468	480.377
165.503	480.685
165.533	480.685
165.568	480.685
165.603	480.685
165.633	480.685
165.668	480.685
165.703	486.015
165.733	487.124
165.768	487.124
165.803	488.28
165.833	489.393
165.868	489.393
165.903	490.555
165.933	491.696
165.968	491.696
166.003	492.841
166.033	493.965
166.068	493.965
166.103	495.137
166.133	496.266
166.168	496.266
166.203	497.444
166.233	498.579
166.268	498.579
166.303	499.763
166.333	500.902
166.368	500.902
166.403	502.091
166.433	503.236
166.468	503.236
166.503	504.431
166.533	505.605
166.568	505.605
166.603	506.782
166.633	507.961
166.668	507.961
166.703	509.143
166.733	509.143
166.768	509.143
166.803	509.143
166.833	509.143
166.868	509.143
166.903	509.143
166.933	509.143
166.968	509.143
167.003	509.143
167.033	509.143
167.068	509.143
167.103	509.143
167.133	509.143
167.168	509.143
167.203	509.143
167.233	509.143
167.268	509.143
167.303	509.143
167.333	509.143
167.368	509.143
167.403	509.143
167.433	279.9
167.468	279.9
167.503	279.9
167.533	279.9
167.568	279.9
167.603	228.793
167.628	228.793
167.658	228.793
167.688	228.793
167.718	228.793
167.743	228.793
167.768	228.793
167.803	215.387
167.833	215.387
167.868	215.387
167.903	215.387
167.933	215.387
167.968	215.387
168.003	215.387
168.033	215.387
168.068	215.387
168.103	215.387
168.133	215.387
168.168	215.387
168.203	215.387
168.233	215.387
168.268	215.387
168.303	215.387
168.333	215.387
168.368	215.387
168.403	215.387
168.433	215.387
168.468	215.387
168.503	215.387
168.533	215.387
168.568	215.387
168.603	215.387
168.633	215.387
168.668	215.387
168.703	215.387
168.733	215.387
168.768	215.387
168.803	215.387
168.833	233.618
168.868	233.618
168.903	233.618
168.933	233.618
168.968	233.618
169.003	233.618
169.033	233.618
169.068	233.618
169.103	233.618
169.133	233.618
169.168	233.618
169.203	233.618
169.233	233.618
169.268	233.618
169.303	233.618
169.333	233.618
169.368	233.618
169.403	233.618
169.433	233.618
169.468	233.618
169.503	233.618
169.533	233.618
169.568	233.618
169.603	233.618
169.633	233.618
169.668	233.618
169.703	233.618
169.733	233.618
169.768	233.618
169.803	233.618
169.833	253.307
169.868	253.307
169.903	253.307
169.933	253.307
169.968	253.307
170.003	253.307
170.033	253.307
170.068	253.307
170.103	253.307
170.133	253.307
170.168	253.307
170.203	253.307
170.233	253.307
170.268	253.307
170.303	253.307
170.333	253.307
170.368	253.307
170.403	253.307
170.433	253.307
170.468	253.307
170.503	253.307
170.533	253.307
170.568	253.307
170.603	253.307
170.633	253.307
170.668	253.307
170.703	253.307
170.733	253.307
170.768	253.307
170.803	253.307
170.833	274.572
170.868	274.572
170.903	274.572
170.933	274.572
170.968	274.572
171.003	274.572
171.033	274.572
171.068	274.572
171.103	274.572
171.133	274.572
171.168	274.572
171.203	274.572
171.233	274.572
171.268	274.572
171.303	274.572
171.333	274.572
171.368	274.572
171.403	274.572
171.433	274.572
171.468	274.572
171.503	274.572
171.533	274.572
171.568	274.572
171.603	274.572
171.633	274.572
171.668	274.572
171.703	274.572
171.733	274.572
171.768	274.572
171.803	274.572
171.833	297.538
171.868	297.538
171.903	297.538
171.933	297.538
171.968	297.538
172.003	297.538
172.033	297.538
172.068	297.538
172.103	297.538
172.133	297.538
172.168	297.538
172.203	297.538
172.233	297.538
172.268	297.538
172.303	297.538
172.333	297.538
172.368	297.538
172.403	297.538
172.433	297.538
172.468	297.538
172.503	297.538
172.533	297.538
172.568	297.538
172.603	297.538
172.633	297.538
172.668	297.538
172.703	297.538
172.733	297.538
172.768	297.538
172.803	297.538
172.833	314.872
172.868	314.872
172.903	315.609
172.933	316.348
172.968	316.348
173.003	317.088
173.033	317.83
173.068	317.83
173.103	318.573
173.133	319.319
173.168	319.319
173.203	320.066
173.233	320.815
173.268	320.815
173.303	321.566
173.333	322.318
173.368	322.318
173.403	322.341
173.433	322.341
173.468	322.341
173.503	322.341
173.533	322.341
173.568	322.341
173.603	322.341
173.633	322.341
173.668	322.341
173.703	322.341
173.733	322.341
173.768	322.341
173.803	322.341
173.833	329.94
173.868	329.94
173.903	330.712
173.933	331.486
173.968	331.486
174.003	332.262
174.033	333.039
174.068	333.039
174.103	333.818
174.133	334.599
174.168	334.599
174.203	335.382
174.233	336.167
174.268	336.167
174.303	336.954
174.333	337.742
174.368	337.742
174.403	338.532
174.433	339.325
174.468	339.325
174.503	340.119
174.533	340.915
174.568	340.915
174.603	341.712
174.633	342.511
174.668	342.511
174.703	343.313
174.733	344.116
174.768	344.116
174.803	344.921
174.833	345.728
174.868	345.728
174.903	346.538
174.933	347.349
174.968	347.349
175.003	348.162
175.033	348.977
175.068	348.977
175.103	349.793
175.133	350.612
175.168	350.612
175.203	351.433
175.233	352.255
175.268	352.255
175.303	353.079
175.333	353.905
175.358	353.905
175.403	354.738
175.433	355.572
175.468	355.572
175.503	356.409
175.533	357.248
175.568	357.248
175.603	358.089
175.633	358.931
175.668	358.931
175.703	359.776
175.733	360.623
175.768	360.623
175.803	361.472
175.833	362.322
175.868	362.322
175.903	363.175
175.933	364.03
175.968	364.03
176.003	364.887
176.033	365.745
176.068	365.745
176.103	366.605
176.133	367.468
176.168	367.468
176.203	368.333
176.233	369.2
176.268	369.2
176.303	370.068
176.333	370.939
176.368	370.939
176.403	371.812
176.433	372.687
176.468	372.687
176.503	373.564
176.533	374.444
176.568	374.444
176.603	375.325
176.633	376.208
176.668	376.208
176.703	377.093
176.733	377.981
176.768	377.981
176.803	378.871
176.833	379.763
176.868	379.763
176.903	380.656
176.933	381.551
176.958	381.551
177.003	382.449
177.033	383.349
177.068	383.349
177.103	384.251
177.133	385.156
177.168	385.156
177.203	386.063
177.233	386.063
177.268	386.063
177.303	386.063
177.333	386.063
177.368	386.063
177.403	386.063
177.433	386.063
177.468	386.063
177.503	386.063
177.533	386.063
177.568	386.063
177.603	386.063
177.633	386.063
177.668	386.063
177.703	386.063
177.733	386.063
177.768	386.063
177.803	386.063
177.833	386.063
177.868	386.063
177.903	386.063
177.933	386.063
177.968	386.063
178.003	386.063
178.033	386.063
178.068	386.063
178.103	386.063
178.133	386.063
178.168	386.063
178.203	386.063
178.233	386.063
178.268	386.063
178.303	386.063
178.333	386.063
178.368	386.063
178.403	386.063
178.433	386.063
178.468	386.063
178.503	386.063
178.533	386.063
178.568	386.063
178.603	386.063
178.633	386.063
178.668	386.063
178.703	386.063
178.733	386.063
178.768	386.063
178.803	386.063
178.833	386.063
178.868	386.063
178.903	386.063
178.933	386.063
178.968	386.063
179.003	386.063
179.033	386.063
179.068	386.063
179.103	386.063
179.133	386.063
179.168	386.063
179.203	386.063
179.233	386.063
179.268	386.063
179.303	386.063
179.333	417.948
179.368	417.948
179.403	417.948
179.433	417.948
179.468	417.948
179.503	417.948
179.533	417.948
179.568	417.948
179.603	417.948
179.633	417.948
179.668	417.948
179.703	417.948
179.733	417.948
179.768	417.948
179.803	417.948
179.833	287.627
179.868	287.627
179.903	287.627
179.933	287.627
179.968	287.627
180.003	238.405
180.033	238.405
180.068	238.405
180.103	238.405
180.133	206.364
180.168	206.364
180.203	206.364
180.233	206.364
180.268	206.364
180.303	206.364
180.333	206.364
180.368	206.364
180.403	207.092
180.433	207.823
180.468	207.823
180.503	207.823
180.533	207.823
180.568	207.823
180.603	207.823
180.633	207.823
180.668	207.823
180.703	207.823
180.733	207.823
180.768	207.823
180.803	207.823
180.833	207.823
180.868	207.823
180.903	207.823
180.933	207.823
180.968	207.823
181.003	207.823
181.033	208.569
181.068	208.569
181.103	209.318
181.133	210.069
181.168	210.069
181.203	210.826
181.233	211.589
181.268	211.589
181.303	212.362
181.333	213.145
181.368	213.145
181.403	213.145
181.433	213.145
181.468	213.145
181.503	213.145
181.533	213.145
181.568	213.145
181.603	213.145
181.633	213.145
181.668	213.145
181.703	213.145
181.733	213.145
181.768	213.145
181.803	213.145
181.833	213.145
181.868	213.145
181.903	213.145
181.933	213.145
181.968	213.145
182.003	213.145
182.033	213.145
182.068	213.145
182.103	213.145
182.133	213.145
182.168	213.145
182.203	213.145
182.233	213.145
182.268	213.145
182.303	213.145
182.333	213.145
182.368	213.145
182.403	213.145
182.433	213.145
182.468	213.145
182.503	213.145
182.533	213.145
182.568	213.145
182.603	213.145
182.633	213.145
182.668	213.145
182.703	213.145
182.733	213.145
182.768	213.145
182.803	213.145
182.833	213.145
182.868	213.145
182.903	213.145
182.933	213.145
182.968	213.145
183.003	213.145
183.033	213.145
183.068	213.145
183.103	213.145
183.133	213.145
183.168	213.145
183.203	213.145
183.233	213.145
183.268	213.145
183.303	213.145
183.333	213.145
183.368	213.145
183.403	213.145
183.433	213.145
183.468	213.145
183.503	231.197
183.533	231.197
183.568	231.197
183.603	231.197
183.633	231.197
183.668	231.197
183.703	231.197
183.733	231.197
183.768	231.197
183.803	231.197
183.833	231.197
183.868	231.197
183.903	231.197
183.933	231.197
183.968	231.197
184.003	231.197
184.033	231.197
184.068	231.197
184.103	231.197
184.133	231.197
184.168	231.197
184.203	231.197
184.233	231.197
184.268	231.197
184.303	231.197
184.333	231.197
184.368	231.197
184.403	231.197
184.433	231.197
184.468	231.197
184.503	250.693
184.533	250.693
184.568	250.693
184.603	250.693
184.628	250.693
184.668	250.693
184.703	250.693
184.733	250.693
184.768	250.693
184.803	250.693
184.833	250.693
184.868	250.693
184.903	250.693
184.933	250.693
184.968	250.693
185.003	250.693
185.033	250.693
185.068	250.693
185.103	250.693
185.133	250.693
185.168	250.693
185.203	250.693
185.233	250.693
185.268	250.693
185.303	250.693
185.333	250.693
185.358	250.693
185.403	250.693
185.433	250.693
185.468	250.693
185.503	250.693
185.533	250.693
185.568	250.693
185.603	250.693
185.633	250.693
185.668	250.693
185.703	250.693
185.733	250.693
185.768	250.693
185.803	250.693
185.833	250.693
185.868	250.693
185.903	250.693
185.933	250.693
185.968	250.693
186.003	250.693
186.033	250.693
186.068	250.693
186.103	250.693
186.133	250.693
186.168	250.693
186.203	250.693
186.233	250.693
186.268	250.693
186.303	250.693
186.333	250.693
186.368	250.693
186.403	250.693
186.433	250.693
186.468	250.693
186.503	250.693
186.533	250.693
186.568	250.693
186.603	250.693
186.633	271.748
186.668	271.748
186.703	271.748
186.733	271.748
186.768	271.748
186.803	271.748
186.833	271.748
186.868	271.748
186.903	271.748
186.933	271.748
186.968	271.748
187.003	271.748
187.033	271.748
187.068	271.748
187.103	271.748
187.133	271.748
187.168	271.748
187.203	271.748
187.233	271.748
187.268	271.748
187.303	271.748
187.333	271.748
187.368	271.748
187.403	271.748
187.433	271.748
187.468	271.748
187.503	271.748
187.533	271.748
187.568	271.748
187.603	271.748
187.633	294.488
187.668	294.488
187.703	294.488
187.733	294.488
187.768	294.488
187.803	294.488
187.833	294.488
187.868	294.488
187.903	294.488
187.933	294.488
187.968	294.488
188.003	294.488
188.033	294.488
188.068	294.488
188.103	294.488
188.133	294.488
188.168	294.488
188.203	294.488
188.233	294.488
188.268	294.488
188.303	294.488
188.333	294.488
188.368	294.488
188.403	294.488
188.433	294.488
188.468	294.488
188.503	294.488
188.533	294.488
188.568	294.488
188.603	294.488
188.633	319.047
188.668	319.047
188.703	319.047
188.733	319.047
188.768	319.047
188.803	319.047
188.833	319.047
188.868	319.047
188.903	319.047
188.933	319.047
188.968	319.047
189.003	319.047
189.033	319.047
189.068	319.047
189.103	319.047
189.133	319.047
189.168	319.047
189.203	319.047
189.233	319.047
189.268	319.047
189.303	319.047
189.333	319.047
189.368	319.047
189.403	319.047
189.433	319.047
189.468	319.047
189.503	319.047
189.533	319.047
189.568	319.047
189.603	319.047
189.633	319.047
189.668	319.047
189.703	319.047
189.733	319.047
189.768	319.047
189.803	345.571
189.833	345.571
189.868	345.571
189.903	345.571
189.933	345.571
189.968	345.571
190.003	345.571
190.033	345.571
190.068	345.571
190.103	345.571
190.133	345.571
190.168	345.571
190.203	345.571
190.233	345.571
190.268	345.571
190.303	345.571
190.333	345.571
190.368	345.571
190.403	345.571
190.433	345.571
190.468	345.571
190.503	345.571
190.533	345.571
190.568	345.571
190.603	345.571
190.633	345.571
190.668	345.571
190.703	345.571
190.733	345.571
190.768	345.571
190.803	374.217
190.833	374.217
190.868	374.217
190.903	374.217
190.933	374.217
190.968	374.217
191.003	374.217
191.033	374.217
191.068	374.217
191.103	374.217
191.133	374.217
191.168	374.217
191.203	374.217
191.233	374.217
191.268	374.217
191.303	374.217
191.333	374.217
191.368	374.217
191.403	374.217
191.433	374.217
191.468	374.217
191.503	374.217
191.533	374.217
191.568	374.217
191.603	374.217
191.633	374.217
191.668	374.217
191.703	374.217
191.733	374.217
191.768	374.217
191.803	405.154
191.833	405.154
191.868	405.154
191.903	405.154
191.933	405.154
191.968	405.154
192.003	405.154
192.033	405.154
192.068	405.154
192.103	405.154
192.133	405.154
192.168	405.154
192.203	405.154
192.233	405.154
192.268	405.154
192.303	405.154
192.333	303.34
192.368	303.34
192.403	303.34
192.433	303.34
192.468	303.34
192.503	303.34
192.533	303.34
192.568	303.34
192.603	303.34
192.633	303.34
192.668	303.34
192.703	303.34
192.733	303.34
192.768	303.34
192.803	303.34
192.833	303.34
192.868	303.34
192.903	303.34
192.933	308.602
192.968	308.602
193.003	309.268
193.033	309.932
193.068	309.932
193.103	310.601
193.133	311.268
193.168	311.268
193.203	311.937
193.233	312.603
193.268	312.603
193.303	313.27
193.333	313.939
193.368	313.939
193.403	314.606
193.433	315.278
193.468	315.278
193.503	315.948
193.533	316.622
193.568	316.622
193.603	317.295
193.633	317.969
193.668	317.969
193.703	318.645
193.733	319.322
193.768	319.322
193.803	320.004
193.833	320.688
193.868	320.688
193.903	321.373
193.933	322.063
193.968	322.063
194.003	322.754
194.033	323.451
194.068	323.451
194.103	324.149
194.133	324.849
194.168	324.849
194.203	325.554
194.233	326.26
194.268	326.26
194.303	326.971
194.333	327.68
194.368	327.68
194.403	328.395
194.433	329.111
194.468	329.111
194.503	329.833
194.533	330.556
194.568	330.556
194.603	331.281
194.633	332.007
194.668	332.007
194.703	332.727
194.733	333.448
194.768	333.448
194.803	334.171
194.833	334.895
194.868	334.895
194.903	335.622
194.933	336.35
194.968	336.35
195.003	337.08
195.033	337.811
195.068	337.811
195.103	338.544
195.133	339.279
195.168	339.279
195.203	340.015
195.233	340.753
195.268	340.753
195.303	341.492
195.333	342.233
195.368	342.233
195.403	342.975
195.433	343.719
195.468	343.719
195.503	344.464
195.533	345.211
195.568	345.211
195.603	345.959
195.633	346.709
195.668	346.709
195.703	347.47
195.733	348.232
195.768	348.232
195.803	348.996
195.833	349.761
195.868	349.761
195.903	350.528
195.933	351.297
195.968	351.297
196.003	352.067
196.033	352.839
196.068	352.839
196.103	353.612
196.133	354.387
196.168	354.387
196.203	355.16
196.233	355.934
196.268	355.934
196.303	356.71
196.333	357.487
196.368	357.487
196.403	358.267
196.433	359.049
196.468	359.049
196.503	359.832
196.533	360.617
196.568	360.617
196.603	361.404
196.633	362.192
196.668	362.192
196.703	362.986
196.733	363.781
196.768	363.781
196.803	364.583
196.833	365.387
196.858	365.387
196.888	366.2
196.933	367.015
196.968	367.015
197.003	367.833
197.033	368.653
197.068	368.653
197.103	369.483
197.133	369.483
197.168	369.483
197.203	369.483
197.233	369.483
197.268	369.483
197.303	369.483
197.333	369.483
197.368	369.483
197.403	369.483
197.433	369.483
197.468	369.483
197.503	369.483
197.533	369.483
197.568	369.483
197.603	369.483
197.633	369.483
197.668	369.483
197.703	369.483
197.733	369.483
197.768	369.483
197.803	369.483
197.833	369.483
197.868	369.483
197.903	369.483
197.933	369.483
197.968	369.483
198.003	369.483
198.033	369.483
198.068	369.483
198.103	369.483
198.133	369.483
198.168	369.483
198.203	387.879
198.233	388.729
198.268	388.729
198.303	389.577
198.333	390.427
198.368	390.427
198.403	391.274
198.433	392.122
198.468	392.122
198.503	392.964
198.533	393.808
198.568	393.808
198.603	394.654
198.633	395.501
198.668	395.501
198.703	396.346
198.733	397.193
198.768	397.193
198.803	398.042
198.833	398.892
198.868	398.892
198.903	399.744
198.933	400.042
198.968	400.042
199.003	400.042
199.033	400.042
199.068	400.042
199.103	400.042
199.133	400.042
199.168	400.042
199.203	404.895
199.233	404.895
199.268	404.895
199.303	404.895
199.333	404.895
199.368	404.895
199.403	404.895
199.433	358.068
199.468	358.068
199.503	358.068
199.533	358.068
199.568	358.068
199.603	358.068
199.633	358.068
199.668	358.068
199.703	358.068
199.733	358.068
199.768	358.068
199.803	358.068
199.833	358.068
199.868	358.068
199.903	358.068
199.933	358.068
199.968	358.068
200.003	358.068
200.033	358.068
200.068	358.068
200.103	358.068
200.133	358.068
200.168	358.068
200.203	358.068
200.233	358.068
200.268	358.068
200.303	370.439
200.333	371.226
200.368	371.226
200.403	372.015
200.433	372.805
200.468	372.805
200.503	373.597
200.533	374.391
200.568	374.391
200.603	375.186
200.633	375.983
200.668	375.983
200.703	376.787
200.733	377.592
200.768	377.592
200.803	378.403
200.833	379.216
200.868	379.216
200.903	380.034
200.933	380.854
200.968	380.854
201.003	381.681
201.033	382.509
201.068	382.509
201.103	383.343
201.133	384.179
201.168	384.179
201.203	385.017
201.233	385.856
201.268	385.856
201.303	386.697
201.333	386.697
201.368	386.697
201.403	386.697
201.433	386.697
201.468	386.697
201.503	386.697
201.533	386.697
201.568	386.697
201.603	386.697
201.633	386.697
201.668	386.697
201.703	386.697
201.733	386.697
201.768	386.697
201.803	386.697
201.833	386.697
201.868	386.697
201.903	386.697
201.933	386.697
201.968	386.697
202.003	386.697
202.033	386.697
202.068	386.697
202.103	386.697
202.133	386.697
202.168	386.697
202.203	386.697
202.233	386.697
202.268	386.697
202.303	386.697
202.333	386.697
202.368	386.697
202.403	405.95
202.433	406.854
202.468	406.854
202.503	407.756
202.533	408.66
202.568	408.66
202.603	409.561
202.633	410.463
202.668	410.463
202.703	411.362
202.733	412.264
202.768	412.264
202.803	413.168
202.833	414.074
202.868	414.074
202.903	414.982
202.933	415.892
202.968	415.892
203.003	416.804
203.033	417.718
203.068	417.718
203.103	418.633
203.133	418.633
203.168	418.633
203.203	418.633
203.233	418.633
203.268	418.633
203.303	418.633
203.333	418.633
203.368	418.633
203.403	424.149
203.433	425.069
203.468	425.069
203.503	425.987
203.533	426.907
203.568	426.907
203.603	427.824
203.633	428.743
203.668	428.743
203.703	429.658
203.733	430.575
203.768	430.575
203.803	431.494
203.833	432.416
203.868	432.416
203.903	433.34
203.933	434.266
203.968	434.266
204.003	435.194
204.033	436.124
204.068	436.124
204.103	437.056
204.133	437.99
204.168	437.99
204.203	438.926
204.233	439.864
204.268	439.864
204.303	440.804
204.333	441.746
204.368	441.746
204.403	442.69
204.433	443.636
204.468	443.636
204.503	444.583
204.533	445.532
204.568	445.532
204.603	446.483
204.633	448.204
204.668	448.204
204.703	449.932
204.733	451.667
204.768	451.667
204.803	453.408
204.833	455.156
204.868	455.156
204.903	456.911
204.933	458.673
204.968	458.673
205.003	460.441
205.033	462.216
205.068	462.216
205.103	463.998
205.133	465.787
205.168	465.787
205.203	467.583
205.233	469.386
205.268	469.386
205.303	471.196
205.333	473.013
205.368	473.013
205.403	474.837
205.433	476.668
205.468	476.668
205.503	478.506
205.533	480.351
205.568	480.351
205.603	482.203
205.633	484.062
205.668	484.062
205.703	485.928
205.733	487.801
205.768	487.801
205.803	489.682
205.833	491.57
205.868	491.57
205.903	493.465
205.933	495.368
205.968	495.368
206.003	497.278
206.033	499.195
206.068	499.195
206.103	501.12
206.133	503.052
206.168	503.052
206.203	504.991
206.233	506.938
206.268	506.938
206.303	506.938
206.333	404.831
206.368	404.831
206.403	404.831
206.433	382.488
206.468	382.488
206.503	382.488
206.533	382.488
206.568	382.488
206.603	382.488
206.633	383.265
206.668	383.265
206.703	384.04
206.733	384.04
206.768	384.04
206.803	384.04
206.833	384.04
206.868	384.04
206.903	384.04
206.933	384.04
206.968	384.04
207.003	384.816
207.033	385.594
207.068	385.594
207.103	386.374
207.133	387.155
207.168	387.155
207.203	387.155
207.233	387.155
207.268	387.155
207.303	387.938
207.333	388.722
207.368	388.722
207.403	389.508
207.433	390.296
207.468	390.296
207.503	391.085
207.533	391.876
207.563	391.876
207.603	392.669
207.633	392.669
207.668	392.669
207.703	392.669
207.733	392.669
207.768	392.669
207.803	392.669
207.833	392.669
207.868	392.669
207.903	392.669
207.933	392.669
207.968	392.669
208.003	392.669
208.033	392.669
208.068	392.669
208.103	392.669
208.133	392.669
208.168	392.669
208.203	392.669
208.233	392.669
208.268	392.669
208.303	294.474
208.333	294.474
208.368	294.474
208.403	294.474
208.433	259.756
208.468	259.756
208.503	259.756
208.533	259.756
208.568	259.756
208.603	259.756
208.633	259.756
208.668	259.756
208.703	259.756
208.733	259.756
208.768	259.756
208.803	259.756
208.833	259.756
208.868	259.756
208.903	259.756
208.933	259.756
208.968	259.756
209.003	259.756
209.033	259.756
209.068	259.756
209.103	259.756
209.133	259.756
209.168	259.756
209.203	259.756
209.233	259.756
209.268	259.756
209.303	259.756
209.333	259.756
209.368	259.756
209.403	259.756
209.433	259.756
209.468	259.756
209.503	259.756
209.533	259.756
209.568	259.756
209.603	259.756
209.633	259.756
209.668	259.756
209.703	259.756
209.733	278.724
209.768	278.724
209.803	279.92
209.833	281.128
209.868	281.128
209.903	281.536
209.933	281.536
209.968	281.536
210.003	281.536
210.033	281.536
210.068	281.536
210.103	281.536
210.133	281.536
210.168	281.536
210.203	281.536
210.233	281.536
210.268	281.536
210.303	281.536
210.333	281.536
210.368	281.536
210.403	281.536
210.433	281.536
210.468	281.536
210.503	281.536
210.533	281.536
210.568	281.536
210.593	281.536
210.633	281.536
210.668	281.536
210.703	281.536
210.733	296.876
210.768	296.876
210.803	296.876
210.833	296.876
210.868	296.876
210.903	296.876
210.933	296.876
210.968	296.876
211.003	296.876
211.033	296.876
211.068	296.876
211.103	296.876
211.133	296.876
211.168	296.876
211.203	296.876
211.233	296.876
211.268	296.876
211.303	296.876
211.333	296.876
211.368	296.876
211.403	296.876
211.433	296.876
211.468	296.876
211.503	296.876
211.533	296.876
211.568	296.876
211.603	296.876
211.633	296.876
211.668	296.876
211.703	296.876
211.733	296.876
211.768	296.876
211.803	296.876
211.833	311.945
211.868	311.945
211.903	312.647
211.933	313.348
211.968	313.348
212.003	314.053
212.033	314.757
212.068	314.757
212.103	315.466
212.133	316.172
212.168	316.172
212.203	316.884
212.233	317.597
212.268	317.597
212.303	318.316
212.333	319.036
212.368	319.036
212.403	319.762
212.433	320.489
212.468	320.489
212.503	321.223
212.533	321.626
212.568	321.626
212.603	321.626
212.633	321.626
212.668	321.626
212.703	321.626
212.733	321.626
212.768	321.626
212.803	321.626
212.833	326.421
212.868	326.421
212.903	327.164
212.933	327.909
212.968	327.909
213.003	328.651
213.033	329.395
213.068	329.395
213.103	330.136
213.133	330.879
213.168	330.879
213.203	331.62
213.233	332.362
213.268	332.362
213.303	333.103
213.333	333.845
213.368	333.845
213.403	334.585
213.433	335.326
213.463	335.326
213.503	336.069
213.533	336.813
213.568	336.813
213.603	337.555
213.633	338.298
213.668	338.298
213.703	339.043
213.733	339.791
213.768	339.791
213.803	340.54
213.833	341.291
213.868	341.291
213.903	342.043
213.933	342.043
213.968	342.043
214.003	342.043
214.033	342.043
214.068	342.043
214.103	342.043
214.133	342.043
214.168	342.043
214.203	342.043
214.233	342.043
214.268	342.043
214.303	342.043
214.333	342.043
214.368	342.043
214.403	342.043
214.433	342.043
214.468	342.043
214.503	342.043
214.533	342.043
214.568	342.043
214.603	342.043
214.633	342.043
214.668	342.043
214.703	342.043
214.733	342.043
214.768	342.043
214.803	342.043
214.833	342.043
214.868	342.043
214.903	342.043
214.933	342.043
214.968	342.043
215.003	342.043
215.033	342.043
215.068	342.043
215.103	342.043
215.133	342.043
215.168	342.043
215.203	342.043
215.233	342.043
215.268	342.043
215.303	342.043
215.333	342.043
215.368	342.043
215.403	342.043
215.433	342.043
215.468	342.043
215.503	342.043
215.533	342.043
215.568	342.043
215.603	342.043
215.633	342.043
215.668	342.043
215.703	342.043
215.733	342.043
215.768	342.043
215.803	342.043
215.833	342.043
215.868	342.043
215.903	342.043
215.933	342.043
215.968	342.043
216.003	342.043
216.033	370.406
216.068	370.406
216.103	370.406
216.133	370.406
216.168	370.406
216.203	370.406
216.233	370.406
216.268	370.406
216.303	370.406
216.333	370.406
216.368	370.406
216.403	370.406
216.433	370.406
216.468	370.406
216.503	370.406
216.533	370.406
216.568	370.406
216.603	370.406
216.633	370.406
216.668	370.406
216.703	370.406
216.733	370.406
216.768	370.406
216.803	370.406
216.833	370.406
216.868	370.406
216.903	370.406
216.933	370.406
216.968	370.406
217.003	370.406
217.033	393.722
217.068	393.722
217.103	393.722
217.133	393.722
217.168	393.722
217.203	393.722
217.233	393.722
217.268	393.722
217.303	393.722
217.333	393.722
217.368	393.722
217.403	393.722
217.433	393.722
217.468	393.722
217.503	393.722
217.533	393.722
217.568	393.722
217.603	393.722
217.633	393.722
217.668	393.722
217.703	393.722
217.733	393.722
217.768	393.722
217.803	393.722
217.833	393.722
217.868	393.722
217.903	393.722
217.933	393.722
217.968	393.722
218.003	393.722
218.033	393.722
218.068	393.722
218.103	393.722
218.133	413.95
218.168	413.95
218.203	414.908
218.233	415.869
218.268	415.869
218.303	416.826
218.333	417.786
218.368	417.786
218.403	418.748
218.433	419.712
218.468	419.712
218.503	420.684
218.533	421.658
218.568	421.658
218.603	422.634
218.633	423.612
218.668	423.612
218.703	424.587
218.733	425.564
218.768	425.564
218.803	426.22
218.833	426.22
218.868	426.22
218.903	426.22
218.933	426.22
218.968	426.22
219.003	426.22
219.033	426.22
219.068	426.22
219.103	426.22
219.133	433.353
219.168	433.353
219.203	435.024
219.233	436.701
219.268	436.701
219.303	438.385
219.333	440.075
219.368	440.075
219.403	441.772
219.433	443.475
219.468	443.475
219.503	445.185
219.533	446.901
219.568	446.901
219.603	448.624
219.633	450.354
219.668	450.354
219.703	452.09
219.733	453.833
219.768	453.833
219.803	455.583
219.833	457.339
219.868	457.339
219.903	459.102
219.933	460.872
219.968	460.872
220.003	461.318
220.033	461.318
220.068	461.318
220.103	461.318
220.133	468.022
220.168	468.022
220.203	469.826
220.233	471.637
220.268	471.637
220.303	473.455
220.333	475.28
220.368	475.28
220.403	477.112
220.433	478.951
220.468	478.951
220.503	480.798
220.533	482.652
220.568	482.652
220.603	484.513
220.633	486.381
220.668	486.381
220.703	488.256
220.733	490.138
220.768	490.138
220.803	492.028
220.833	493.925
220.868	493.925
220.903	495.829
220.933	497.741
220.968	497.741
221.003	499.223
221.033	499.223
221.068	499.223
221.103	499.223
221.133	505.461
221.168	505.461
221.203	507.41
221.233	507.41
221.268	507.41
221.303	335.601
221.333	335.601
221.368	335.601
221.403	335.601
221.433	335.601
221.468	335.601
221.503	334.061
221.533	334.061
221.568	334.061
221.603	334.061
221.633	297.146
221.668	297.146
221.703	297.146
221.733	297.732
221.768	297.732
221.803	298.32
221.833	298.909
221.868	298.909
221.903	299.499
221.933	299.499
221.968	299.499
222.003	299.499
222.033	299.499
222.068	299.499
222.103	299.499
222.133	299.499
222.168	299.499
222.203	299.499
222.233	299.499
222.268	299.499
222.303	300.09
222.333	300.682
222.368	300.682
222.403	300.682
222.433	300.682
222.468	300.682
222.503	300.682
222.533	301.27
222.568	301.27
222.603	301.862
222.633	302.452
222.668	302.452
222.703	303.046
222.733	303.639
222.768	303.639
222.803	304.239
222.833	304.842
222.868	304.842
222.903	305.455
222.933	306.073
222.968	306.073
223.003	306.701
223.033	307.336
223.068	307.336
223.103	307.986
223.133	308.651
223.168	308.651
223.203	309.331
223.233	310.028
223.268	310.028
223.303	310.741
223.333	311.456
223.368	311.456
223.403	311.456
223.433	311.456
223.468	311.456
223.503	311.456
223.533	311.456
223.568	311.456
223.603	311.456
223.633	311.456
223.668	311.456
223.703	311.456
223.733	311.456
223.768	311.456
223.803	311.456
223.833	311.456
223.868	311.456
223.903	311.456
223.933	311.456
223.968	311.456
224.003	311.456
224.033	311.456
224.068	311.456
224.103	311.456
224.133	311.456
224.168	311.456
224.203	311.456
224.233	311.456
224.268	311.456
224.303	311.456
224.333	311.456
224.368	311.456
224.403	311.456
224.433	327.679
224.468	327.679
224.503	328.437
224.533	329.196
224.568	329.196
224.603	329.958
224.633	330.722
224.668	330.722
224.703	330.722
224.733	332.253
224.768	332.253
224.803	333.021
224.833	333.787
224.868	333.787
224.903	334.56
224.933	335.33
224.968	335.33
225.003	336.106
225.033	336.879
225.068	336.879
225.103	336.879
225.128	336.879
225.168	336.879
225.203	337.372
225.233	337.372
225.268	337.372
225.303	337.372
225.333	337.372
225.368	337.372
225.403	337.372
225.433	342.21
225.468	342.21
225.503	342.21
225.533	241.785
225.568	241.785
225.603	241.785
225.633	241.785
225.668	241.785
225.703	241.4
225.733	241.4
225.768	241.4
225.803	241.4
225.833	241.4
225.868	241.4
225.903	241.4
225.933	241.4
225.968	241.4
226.003	241.4
226.033	241.4
226.068	241.4
226.103	241.4
226.133	241.4
226.168	241.4
226.203	241.4
226.233	241.4
226.268	241.4
226.303	241.4
226.333	241.4
226.368	241.4
226.403	241.4
226.433	241.4
226.468	241.4
226.503	241.4
226.533	248.974
226.568	248.974
226.603	248.974
226.633	250.894
226.668	250.894
226.703	250.894
226.733	250.894
226.768	250.894
226.803	251.835
226.833	251.835
226.868	251.835
226.903	253.716
226.933	254.655
226.963	254.655
227.003	255.589
227.033	255.589
227.063	255.589
227.103	255.589
227.133	187.695
227.168	187.695
227.203	187.695
227.233	187.695
227.268	187.695
227.303	187.695
227.333	187.695
227.368	187.695
227.403	187.695
227.433	187.695
227.463	187.695
227.503	188.383
227.533	188.383
227.563	188.383
227.603	178.08
227.633	178.08
227.668	178.08
227.703	178.08
227.733	178.08
227.768	178.08
227.803	178.08
227.833	178.08
227.868	178.08
227.903	178.08
227.933	178.08
227.968	178.08
228.003	178.08
228.033	178.08
228.068	178.08
228.103	178.08
228.133	178.08
228.168	178.08
228.203	178.08
228.233	178.08
228.268	178.08
228.303	178.08
228.333	178.08
228.368	178.08
228.403	178.08
228.433	178.08
228.468	178.08
228.503	178.08
228.533	178.08
228.568	178.08
228.603	178.08
228.633	178.08
228.668	178.08
228.703	178.08
228.733	178.08
228.768	178.08
228.803	178.08
228.833	178.08
228.868	178.08
228.903	178.08
228.933	178.08
228.968	178.08
229.003	178.08
229.033	178.08
229.068	178.08
229.103	178.08
229.133	178.08
229.168	178.08
229.203	178.08
229.233	178.08
229.268	178.08
229.303	178.08
229.333	178.08
229.368	178.08
229.403	178.08
229.433	178.08
229.468	178.08
229.503	178.08
229.533	178.08
229.568	178.08
229.603	178.08
229.633	178.08
229.668	178.08
229.703	178.08
229.733	178.08
229.768	178.08
229.803	178.08
229.833	178.08
229.868	178.08
229.903	178.08
229.933	178.08
229.968	178.08
230.003	178.08
230.033	178.08
230.068	178.08
230.103	178.08
230.133	178.08
230.168	178.08
230.203	178.08
230.233	178.08
230.268	178.08
230.303	178.08
230.333	178.08
230.368	178.08
230.403	178.08
230.433	178.08
230.468	178.08
230.503	178.08
230.533	178.08
230.568	178.08
230.603	178.08
230.633	178.08
230.668	178.08
230.703	178.08
230.733	193.326
230.768	193.326
230.803	193.326
230.833	193.326
230.868	193.326
230.903	193.326
230.933	193.326
230.968	193.326
231.003	193.326
231.033	193.326
231.068	193.326
231.103	193.326
231.133	193.326
231.168	193.326
231.203	193.326
231.233	193.326
231.268	193.326
231.303	193.326
231.333	193.326
231.368	193.326
231.403	193.326
231.433	193.326
231.468	193.326
231.503	193.326
231.533	193.326
231.568	193.326
231.603	193.326
231.633	193.326
231.668	193.326
231.703	193.326
231.733	209.792
231.768	209.792
231.803	209.792
231.833	209.792
231.868	209.792
231.903	209.792
231.933	209.792
231.968	209.792
232.003	209.792
232.033	209.792
232.068	209.792
232.103	209.792
232.133	209.792
232.168	209.792
232.203	209.792
232.233	209.792
232.268	209.792
232.303	209.792
232.333	209.792
232.368	209.792
232.403	209.792
232.433	209.792
232.468	209.792
232.503	209.792
232.533	209.792
232.568	209.792
232.603	209.792
232.633	209.792
232.668	209.792
232.703	209.792
232.733	209.792
232.768	209.792
232.803	209.792
232.833	227.575
232.868	227.575
232.903	227.575
232.933	227.575
232.968	227.575
233.003	227.575
233.033	227.575
233.068	227.575
233.103	227.575
233.133	227.575
233.168	227.575
233.203	227.575
233.233	227.575
233.268	227.575
233.303	227.575
233.333	227.575
233.368	227.575
233.403	227.575
233.433	227.575
233.468	227.575
233.503	227.575
233.533	227.575
233.568	227.575
233.603	227.575
233.633	227.575
233.668	227.575
233.703	227.575
233.733	227.575
233.768	227.575
233.803	227.575
233.833	246.781
233.868	246.781
233.903	246.781
233.933	246.781
233.968	246.781
234.003	246.781
234.033	246.781
234.068	246.781
234.103	246.781
234.133	246.781
234.168	246.781
234.203	246.781
234.233	246.781
234.268	246.781
234.303	246.781
234.333	246.781
234.368	246.781
234.403	246.781
234.433	246.781
234.468	246.781
234.503	246.781
234.533	246.781
234.568	246.781
234.603	246.781
234.633	246.781
234.668	246.781
234.703	246.781
234.733	246.781
234.768	246.781
234.803	246.781
234.833	267.523
234.868	267.523
234.903	267.523
234.933	267.523
234.968	267.523
235.003	267.523
235.033	267.523
235.068	267.523
235.103	267.523
235.133	267.523
235.168	267.523
235.203	267.523
235.233	267.523
235.268	267.523
235.303	267.523
235.333	267.523
235.368	267.523
235.403	267.523
235.433	267.523
235.468	267.523
235.503	267.523
235.533	267.523
235.568	267.523
235.603	267.523
235.633	267.523
235.668	267.523
235.703	267.523
235.733	267.523
235.768	267.523
235.803	267.523
235.833	267.523
235.868	267.523
235.903	267.523
235.933	267.523
235.968	267.523
236.003	267.523
236.033	267.523
236.068	267.523
236.103	267.523
236.133	267.523
236.163	267.523
236.203	267.523
236.233	267.523
236.268	267.523
236.303	267.523
236.333	267.523
236.368	267.523
236.403	267.523
236.433	267.523
236.468	267.523
236.503	267.523
236.533	267.523
236.568	267.523
236.603	267.523
236.633	267.523
236.668	267.523
236.703	267.523
236.733	267.523
236.768	267.523
236.803	267.523
236.833	267.523
236.868	267.523
236.903	267.523
236.933	267.523
236.968	267.523
237.003	267.523
237.033	249.757
237.068	249.757
237.103	249.757
237.133	249.757
237.168	249.757
237.203	249.757
237.233	249.757
237.268	249.757
237.303	249.757
237.333	249.757
237.368	249.757
237.403	249.757
237.433	249.757
237.468	249.757
237.503	249.757
237.533	249.757
237.568	249.757
237.603	249.757
237.633	249.757
237.668	249.757
237.703	249.757
237.733	249.757
237.768	249.757
237.803	249.757
237.833	249.757
237.868	249.757
237.903	249.757
237.933	249.757
237.968	249.757
238.003	249.757
238.033	249.757
238.068	249.757
238.103	249.757
238.133	249.757
238.168	249.757
238.203	249.757
238.233	249.757
238.268	249.757
238.303	249.757
238.333	249.757
238.368	249.757
238.403	249.757
238.433	249.757
238.468	249.757
238.503	249.757
238.533	249.757
238.568	249.757
238.603	249.757
238.633	249.757
238.668	249.757
238.703	249.757
238.733	249.757
238.768	249.757
238.803	249.757
238.833	249.757
238.868	249.757
238.903	249.757
238.933	249.757
238.968	249.757
239.003	249.757
239.033	249.757
239.068	249.757
239.103	249.757
239.133	249.757
239.168	249.757
239.203	249.757
239.233	249.757
239.268	249.757
239.303	249.757
239.333	249.757
239.368	249.757
239.403	249.757
239.433	249.757
239.468	249.757
239.503	249.757
239.533	249.757
239.568	249.757
239.603	249.757
239.633	249.757
239.668	249.757
239.703	249.757
239.733	249.757
239.768	249.757
239.803	249.757
239.833	249.757
239.868	249.757
239.903	249.757
239.933	249.757
239.968	249.757
240.003	249.757
240.033	249.757
240.068	249.757
240.103	249.757
240.133	249.757
240.168	249.757
240.203	270.738
240.233	270.738
240.268	270.738
240.303	270.738
240.333	270.738
240.368	270.738
240.403	270.738
240.433	270.738
240.468	270.738
240.503	270.738
240.533	270.738
240.568	270.738
240.603	270.738
240.633	270.738
240.668	270.738
240.703	270.738
240.733	270.738
240.768	270.738
240.803	270.738
240.833	270.738
240.868	270.738
240.903	270.738
240.933	270.738
240.968	270.738
241.003	270.738
241.033	270.738
241.068	270.738
241.103	270.738
241.133	270.738
241.168	270.738
241.203	293.397
241.233	293.397
241.268	293.397
241.303	293.397
241.333	293.397
241.368	293.397
241.403	293.397
241.433	293.397
241.468	293.397
241.503	293.397
241.533	293.397
241.568	293.397
241.603	293.397
241.633	293.397
241.668	293.397
241.703	293.397
241.733	293.397
241.768	293.397
241.803	293.397
241.833	293.397
241.868	293.397
241.903	293.397
241.933	293.397
241.968	293.397
242.003	293.397
242.033	293.397
242.068	293.397
242.103	293.397
242.133	293.397
242.168	293.397
242.203	317.869
242.233	317.869
242.268	317.869
242.303	317.869
242.333	317.869
242.368	317.869
242.403	317.869
242.433	317.869
242.468	317.869
242.503	317.869
242.533	317.869
242.568	317.869
242.603	317.869
242.633	317.869
242.658	317.869
242.703	317.869
242.733	317.869
242.768	317.869
242.803	317.869
242.833	317.869
242.868	317.869
242.903	317.869
242.933	317.869
242.968	317.869
243.003	317.869
243.033	317.869
243.068	317.869
243.103	317.869
243.133	317.869
243.168	317.869
243.203	344.299
243.233	344.299
243.268	344.299
243.303	344.299
243.333	344.299
243.368	344.299
243.403	344.299
243.433	344.299
243.468	344.299
243.503	344.299
243.533	344.299
243.568	344.299
243.603	344.299
243.633	344.299
243.668	344.299
243.703	344.299
243.733	344.299
243.768	344.299
243.803	344.299
243.833	344.299
243.868	344.299
243.903	344.299
243.933	344.299
243.968	344.299
244.003	344.299
244.033	344.299
244.068	344.299
244.103	344.299
244.133	344.299
244.168	344.299
244.203	344.299
244.233	344.299
244.268	344.299
244.303	344.299
244.333	344.299
244.368	344.299
244.403	344.299
244.433	344.299
244.468	344.299
244.503	344.299
244.533	344.299
244.568	344.299
244.603	344.299
244.633	344.299
244.668	344.299
244.703	344.299
244.733	344.299
244.768	344.299
244.803	344.299
244.833	344.299
244.868	344.299
244.903	344.299
244.933	344.299
244.968	344.299
245.003	344.299
245.033	344.299
245.068	344.299
245.103	344.299
245.133	344.299
245.168	344.299
245.203	344.299
245.233	344.299
245.268	344.299
245.303	344.299
245.333	344.299
245.368	344.299
245.403	344.299
245.433	344.299
245.468	344.299
245.503	372.843
245.533	372.843
245.568	372.843
245.603	372.843
245.633	372.843
245.668	372.843
245.703	372.843
245.733	372.843
245.768	372.843
245.803	372.843
245.833	372.843
245.868	372.843
245.903	372.843
245.933	372.843
245.968	372.843
246.003	372.843
246.033	372.843
246.058	372.843
246.103	372.843
246.133	372.843
246.168	372.843
246.203	372.843
246.233	372.843
246.268	372.843
246.303	372.843
246.333	372.843
246.368	372.843
246.403	372.843
246.433	372.843
246.468	372.843
246.503	403.67
246.533	403.67
246.568	403.67
246.603	403.67
246.633	403.67
246.668	403.67
246.703	403.67
246.728	403.67
246.768	403.67
246.803	403.67
246.833	403.67
246.868	403.67
246.903	403.67
246.933	403.67
246.968	403.67
247.003	403.67
247.033	403.67
247.068	403.67
247.103	403.67
247.133	403.67
247.168	403.67
247.203	403.67
247.233	403.67
247.268	403.67
247.303	403.67
247.333	403.67
247.368	403.67
247.403	403.67
247.433	403.67
247.468	403.67
247.503	436.964
247.533	436.964
247.568	436.964
247.603	436.964
247.633	436.964
247.668	436.964
247.703	436.964
247.733	436.964
247.768	436.964
247.803	436.964
247.833	436.964
247.868	436.964
247.903	436.964
247.933	436.964
247.968	436.964
248.003	436.964
248.033	436.964
248.068	436.964
248.103	436.964
248.133	436.964
248.168	436.964
248.203	436.964
248.233	436.964
248.268	436.964
248.303	436.964
248.333	436.964
248.368	436.964
248.403	436.964
248.433	436.964
248.468	436.964
248.503	436.964
248.533	436.964
248.568	436.964
248.603	436.964
248.633	472.921
248.668	472.921
248.703	472.921
248.733	472.921
248.768	472.921
248.803	472.921
248.833	472.921
248.868	472.921
248.903	472.921
248.933	472.921
248.968	472.921
249.003	472.921
249.033	472.921
249.068	472.921
249.103	472.921
249.133	472.921
249.168	472.921
249.203	472.921
249.233	472.921
249.268	472.921
249.303	472.921
249.333	472.921
249.368	472.921
249.403	472.921
249.433	472.921
249.468	472.921
249.503	472.921
249.533	472.921
249.568	472.921
249.603	472.921
249.633	511.755
249.668	511.755
249.703	511.755
249.733	511.755
249.768	511.755
249.803	511.755
249.833	511.755
249.868	511.755
249.903	511.755
249.933	511.755
249.968	511.755
250.003	511.755
250.033	511.755
250.068	511.755
250.098	511.755
250.133	511.755
250.168	511.755
250.198	511.755
250.233	511.755
250.268	511.755
250.298	511.755
250.333	511.755
250.368	511.755
250.398	511.755
250.433	511.755
250.468	511.755
250.498	511.755
250.533	511.755
250.568	511.755
250.598	511.755
250.633	553.695
250.668	553.695
250.698	553.695
250.733	553.695
250.768	553.695
250.798	553.695
250.833	553.695
250.868	553.695
250.898	553.695
250.933	553.695
250.968	553.695
250.998	553.695
251.033	553.695
251.068	553.695
251.098	553.695
251.133	553.695
251.168	553.695
251.198	553.695
251.233	553.695
251.268	553.695
251.298	553.695
251.333	553.695
251.368	553.695
251.398	553.695
251.433	553.695
251.468	553.695
251.498	553.695
251.533	553.695
251.568	553.695
251.598	553.695
251.633	598.991
251.668	598.991
251.698	598.991
251.733	598.991
251.768	598.991
251.798	598.991
251.833	407.075
251.868	407.075
251.898	407.075
251.923	407.075
251.948	385.638
251.973	385.638
251.998	385.638
252.033	385.638
252.068	385.638
252.098	385.638
252.133	385.638
252.168	385.638
252.198	385.638
252.233	385.638
252.268	385.638
252.298	385.638
252.333	385.638
252.368	385.638
252.398	385.638
252.433	385.638
252.468	385.638
252.498	385.638
252.533	385.638
252.568	385.638
252.598	386.458
252.633	387.279
252.668	387.279
252.698	388.102
252.733	388.927
252.768	388.927
252.798	389.754
252.833	389.754
252.868	389.754
252.898	389.754
252.933	389.754
252.968	389.754
252.998	389.754
253.033	389.754
253.068	389.754
253.098	389.754
253.133	389.754
253.168	389.754
253.198	389.754
253.233	389.754
253.268	389.754
253.298	389.754
253.333	389.754
253.368	389.754
253.398	389.754
253.433	389.754
253.468	389.754
253.498	389.754
253.533	389.754
253.568	389.754
253.598	389.754
253.633	389.754
253.668	389.754
253.698	389.754
253.733	389.754
253.768	389.754
253.798	389.754
253.833	389.754
253.868	389.754
253.898	408.927
253.933	409.863
253.968	409.863
253.998	410.801
254.033	411.741
254.068	411.741
254.098	412.683
254.133	413.628
254.168	413.628
254.198	414.57
254.233	415.514
254.268	415.514
254.298	416.455
254.333	417.398
254.368	417.398
254.398	418.338
254.433	419.28
254.468	419.28
254.498	420.224
254.533	421.17
254.568	421.17
254.598	421.934
254.633	421.934
254.668	421.934
254.698	421.934
254.733	421.934
254.768	421.934
254.798	421.934
254.833	421.934
254.868	421.934
254.898	427.82
254.933	427.82
254.968	427.82
254.998	427.82
255.033	427.82
255.068	427.82
255.098	427.82
255.133	427.82
255.168	427.82
255.198	427.82
255.233	427.82
255.268	427.82
255.298	427.82
255.333	427.82
255.368	427.82
255.398	427.82
255.433	427.82
255.468	427.82
255.498	427.82
255.533	427.82
255.568	427.82
255.598	427.82
255.633	427.82
255.668	427.82
255.698	427.82
255.733	427.82
255.768	427.82
255.798	427.82
255.833	427.82
255.868	427.82
255.898	427.82
255.933	427.82
255.968	427.82
255.998	427.82
256.033	427.82
256.068	427.82
256.098	427.82
256.133	427.82
256.168	427.82
256.198	427.82
256.233	427.82
256.268	427.82
256.298	427.82
256.333	427.82
256.368	427.82
256.398	427.82
256.433	427.82
256.468	427.82
256.498	427.82
256.533	427.82
256.568	427.82
256.598	427.82
256.633	427.82
256.668	427.82
256.698	427.82
256.733	427.82
256.768	427.82
256.798	427.82
256.833	427.82
256.868	427.82
256.898	427.82
256.933	427.82
256.968	427.82
256.998	427.82
257.033	463.046
257.068	463.046
257.098	463.046
257.133	463.046
257.168	463.046
257.198	463.046
257.233	463.046
257.268	463.046
257.298	463.046
257.333	463.046
257.368	463.046
257.398	463.046
257.433	463.046
257.468	463.046
257.498	463.046
257.533	463.046
257.568	463.046
257.598	463.046
257.633	463.046
257.668	463.046
257.698	463.046
257.733	463.046
257.768	463.046
257.798	463.046
257.833	463.046
257.868	463.046
257.898	463.046
257.933	463.046
257.968	463.046
257.998	463.046
258.033	493.502
258.068	493.502
258.098	494.607
258.133	495.715
258.168	495.715
258.198	496.825
258.233	497.937
258.268	497.937
258.298	499.053
258.333	500.171
258.368	500.171
258.398	501.09
258.433	501.09
258.468	501.09
258.498	501.09
258.533	501.09
258.568	501.09
258.598	501.09
258.633	501.09
258.668	501.09
258.698	501.09
258.733	501.09
258.768	501.09
258.798	501.09
258.833	501.09
258.868	501.09
258.898	501.09
258.933	501.09
258.968	501.09
258.998	501.09
259.033	515.999
259.068	515.999
259.098	517.13
259.133	518.264
259.168	518.264
259.198	519.394
259.233	520.526
259.268	520.526
259.298	521.662
259.333	522.8
259.368	522.8
259.398	523.94
259.433	525.083
259.468	525.083
259.498	526.228
259.533	527.376
259.568	527.376
259.598	528.526
259.633	529.678
259.668	529.678
259.698	530.84
259.733	532.004
259.768	532.004
259.798	533.171
259.833	534.34
259.868	534.34
259.898	535.511
259.933	536.685
259.968	536.685
259.998	537.861
260.033	539.041
260.068	539.041
260.098	540.223
260.133	541.408
260.168	541.408
260.198	542.589
260.233	543.773
260.263	543.773
260.298	544.959
260.333	546.148
260.368	546.148
260.398	547.339
260.433	548.533
260.468	548.533
260.498	549.729
260.533	550.929
260.568	550.929
260.598	552.131
260.633	553.336
260.663	553.336
260.698	554.543
260.733	555.753
260.768	555.753
260.798	556.965
260.833	558.18
260.868	558.18
260.898	560.332
260.933	562.492
260.968	562.492
260.998	564.661
261.033	566.838
261.068	566.838
261.098	569.023
261.133	571.217
261.168	571.217
261.198	573.419
261.233	573.419
261.268	573.419
261.298	573.419
261.333	573.419
261.368	573.419
261.398	573.419
261.433	573.419
261.468	573.419
261.498	573.419
261.533	573.419
261.568	573.419
261.598	573.419
261.633	573.419
261.668	573.419
261.698	573.419
261.733	573.419
261.768	573.419
261.798	573.419
261.833	573.419
261.868	573.419
261.898	573.419
261.933	573.419
261.968	573.419
261.998	573.419
262.033	573.419
262.068	573.419
262.098	573.419
262.123	573.419
262.168	573.419
262.198	573.419
262.233	573.419
262.268	573.419
262.298	573.419
262.333	573.419
262.368	573.419
262.398	573.419
262.433	573.419
262.468	573.419
262.498	573.419
262.533	573.419
262.568	573.419
262.598	573.419
262.633	573.419
262.668	573.419
262.698	573.419
262.733	573.419
262.768	573.419
262.798	573.419
262.833	573.419
262.868	573.419
262.898	573.419
262.933	573.419
262.968	573.419
262.998	573.419
263.033	573.419
263.068	573.419
263.098	573.419
263.133	573.419
263.168	573.419
263.198	573.419
263.233	573.419
263.268	573.419
263.298	573.419
263.333	573.419
263.368	573.419
263.398	620.293
263.433	620.293
263.468	620.293
263.498	620.293
263.533	620.293
263.568	620.293
263.598	620.293
263.633	620.293
263.668	620.293
263.698	620.293
263.733	620.293
263.768	620.293
263.798	620.293
263.833	620.293
263.868	620.293
263.898	620.293
263.933	620.293
263.968	620.293
263.998	620.293
264.033	620.293
264.068	620.293
264.098	620.293
264.133	620.293
264.168	620.293
264.198	620.293
264.233	620.293
264.268	620.293
264.298	620.293
264.333	620.293
264.368	620.293
264.398	670.916
264.428	670.916
264.468	670.916
264.498	670.916
264.533	670.916
264.568	670.916
264.598	670.916
264.633	670.916
264.668	670.916
264.698	670.916
264.733	670.916
264.768	670.916
264.798	670.916
264.833	670.916
264.868	670.916
264.898	670.916
264.933	670.916
264.968	670.916
264.998	670.916
265.033	670.916
265.068	670.916
265.098	670.916
265.133	670.916
265.168	670.916
265.198	670.916
265.233	670.916
265.268	670.916
265.298	670.916
265.333	670.916
265.368	670.916
265.398	725.589
265.433	725.589
265.468	725.589
265.498	725.589
265.528	725.589
265.568	725.589
265.598	725.589
265.633	725.589
265.668	725.589
265.698	725.589
265.733	725.589
265.768	725.589
265.798	725.589
265.833	725.589
265.868	725.589
265.898	547.637
265.933	547.637
265.968	547.637
265.998	547.4
266.033	547.4
266.068	547.4
266.098	547.4
266.133	548.535
266.168	548.535
266.198	549.718
266.233	549.718
266.268	549.718
266.298	549.718
266.333	549.718
266.368	549.718
266.398	549.718
266.433	549.718
266.468	549.718
266.498	550.939
266.533	550.939
266.568	550.939
266.598	550.939
266.633	550.939
266.668	550.939
266.698	550.939
266.733	550.939
266.768	550.939
266.798	550.939
266.833	550.939
266.868	550.939
266.898	550.939
266.933	550.939
266.968	550.939
266.998	550.939
267.033	550.939
267.068	550.939
267.098	550.939
267.133	550.939
267.168	550.939
267.198	550.939
267.233	550.939
267.268	550.939
267.298	550.939
267.333	550.939
267.368	550.939
267.398	550.939
267.433	550.939
267.468	550.939
267.498	550.939
267.523	550.939
267.568	550.939
267.598	550.939
267.633	550.939
267.668	550.939
267.698	550.939
267.733	550.939
267.768	550.939
267.798	550.939
267.833	550.939
267.868	550.939
267.898	550.939
267.933	550.939
267.968	550.939
267.998	550.939
268.023	550.939
268.068	550.939
268.098	550.939
268.133	550.939
268.168	550.939
268.198	550.939
268.233	550.939
268.268	550.939
268.298	550.939
268.333	550.939
268.368	550.939
268.398	550.939
268.433	550.939
268.468	550.939
268.498	550.939
268.533	550.939
268.568	550.939
268.598	550.939
268.633	596.014
268.668	596.014
268.698	596.014
268.733	596.014
268.768	596.014
268.798	596.014
268.833	596.014
268.868	596.014
268.898	596.014
268.933	596.014
268.968	596.014
268.998	596.014
269.033	596.014
269.068	596.014
269.098	596.014
269.133	596.014
269.168	596.014
269.198	596.014
269.233	596.014
269.268	596.014
269.298	596.014
269.333	596.014
269.368	596.014
269.398	596.014
269.433	596.014
269.468	596.014
269.498	596.014
269.533	596.014
269.568	596.014
269.598	596.014
269.633	614.112
269.668	614.112
269.698	615.045
269.733	615.925
269.768	615.925
269.798	616.842
269.833	617.726
269.868	617.726
269.898	618.647
269.933	619.533
269.968	619.533
269.998	620.456
270.033	621.345
270.068	621.345
270.098	622.271
270.133	623.162
270.168	623.162
270.198	624.09
270.233	624.966
270.268	624.966
270.298	625.916
270.333	626.794
270.368	626.794
270.398	627.747
270.433	628.628
270.468	628.628
270.498	629.583
270.533	630.466
270.568	630.466
270.598	631.424
270.633	632.31
270.668	632.31
270.698	633.271
270.733	634.16
270.768	634.16
270.798	635.119
270.833	636.005
270.868	636.005
270.898	636.961
270.933	637.845
270.968	637.845
270.998	638.799
271.033	639.681
271.068	639.681
271.098	640.633
271.133	641.513
271.168	641.513
271.198	642.468
271.233	643.35
271.268	643.35
271.298	644.308
271.333	645.193
271.368	645.193
271.398	646.153
271.433	647.059
271.468	647.059
271.493	648.004
271.533	648.917
271.568	648.917
271.598	649.869
271.633	650.786
271.668	650.786
271.698	651.741
271.733	652.641
271.768	652.641
271.798	652.641
271.833	652.641
271.868	652.641
271.898	652.641
271.933	652.641
271.968	652.641
271.998	652.641
272.033	652.641
272.068	652.641
272.098	652.641
272.133	652.641
272.168	652.641
272.198	652.641
272.233	652.641
272.268	652.641
272.298	652.641
272.333	652.641
272.368	652.641
272.398	652.641
272.433	652.641
272.468	652.641
272.498	652.641
272.533	652.641
272.568	652.641
272.598	652.641
272.623	652.641
272.668	652.641
272.698	652.641
272.733	652.641
272.768	652.641
272.798	652.641
272.833	652.641
272.868	652.641
272.898	652.641
272.933	652.641
272.968	652.641
272.998	652.641
273.033	652.641
273.068	652.641
273.098	652.641
273.133	652.641
273.168	652.641
273.198	652.641
273.233	652.641
273.268	652.641
273.298	652.641
273.333	652.641
273.368	652.641
273.398	652.641
273.433	652.641
273.468	652.641
273.498	652.641
273.533	652.641
273.568	652.641
273.598	652.641
273.633	652.641
273.668	652.641
273.698	652.641
273.733	652.641
273.768	652.641
273.798	652.641
273.833	652.641
273.868	652.641
273.898	696.192
273.933	697.201
273.968	697.201
273.998	698.295
274.033	699.307
274.068	699.307
274.098	700.398
274.133	701.407
274.168	701.407
274.198	702.496
274.233	703.503
274.268	703.503
274.298	704.589
274.333	705.594
274.368	705.594
274.398	705.852
274.433	705.852
274.468	705.852
274.498	705.852
274.533	705.852
274.568	705.852
274.598	705.852
274.633	705.852
274.668	705.852
274.698	705.852
274.733	705.852
274.768	705.852
274.798	705.852
274.833	705.852
274.868	705.852
274.898	717.043
274.933	718.033
274.968	718.033
274.998	719.107
275.033	720.1
275.068	720.1
275.098	721.172
275.133	722.163
275.168	722.163
275.198	723.232
275.233	724.22
275.268	724.22
275.298	725.293
275.333	726.284
275.368	726.284
275.398	727.354
275.433	728.343
275.468	728.343
275.498	729.416
275.533	730.408
275.568	730.408
275.598	731.484
275.633	732.52
275.668	732.52
275.698	733.557
275.733	734.555
275.768	734.555
275.798	735.637
275.833	736.679
275.868	736.679
275.898	737.722
275.933	738.767
275.968	738.767
275.998	739.813
276.033	740.819
276.068	740.819
276.098	741.911
276.133	742.919
276.168	742.919
276.198	744.014
276.233	745.025
276.268	745.025
276.298	746.123
276.333	747.137
276.368	747.137
276.398	748.244
276.433	749.266
276.468	749.266
276.498	750.376
276.533	751.401
276.568	751.401
276.598	752.514
276.633	753.542
276.668	753.542
276.698	754.658
276.733	755.689
276.768	755.689
276.798	756.808
276.828	757.842
276.868	757.842
276.898	758.965
276.933	760.002
276.958	760.002
276.998	761.128
277.033	762.168
277.068	762.168
277.098	763.291
277.133	764.329
277.168	764.329
277.198	765.461
277.233	766.507
277.258	766.507
277.298	767.642
277.333	768.691
277.368	768.691
277.398	771.773
277.433	774.629
277.468	774.629
277.498	777.735
277.533	780.734
277.568	780.734
277.598	783.744
277.633	786.766
277.668	786.766
277.698	789.799
277.733	792.844
277.768	792.844
277.798	795.901
277.833	798.97
277.868	798.97
277.898	802.05
277.933	805.142
277.968	805.142
277.998	808.246
278.033	811.362
278.068	811.362
278.098	814.49
278.133	817.63
278.168	817.63
278.198	820.782
278.233	823.946
278.268	823.946
278.298	827.123
278.333	830.312
278.368	830.312
278.398	833.513
278.433	836.727
278.468	836.727
278.498	839.953
278.533	843.191
278.568	843.191
278.598	846.442
278.633	849.705
278.668	849.705
278.698	852.981
278.733	856.27
278.768	856.27
278.798	859.571
278.833	862.885
278.868	862.885
278.898	866.212
278.933	869.552
278.968	869.552
278.998	872.905
279.033	876.27
279.068	876.27
279.098	879.648
279.133	883.039
279.168	883.039
279.198	886.444
279.233	889.862
279.268	889.862
279.298	893.293
279.333	896.737
279.358	896.737
279.398	896.737
279.433	903.665
279.468	903.665
279.498	907.149
279.533	910.646
279.568	910.646
279.598	914.157
279.633	917.682
279.668	917.682
279.698	921.22
279.733	924.772
279.768	924.772
279.798	928.337
279.833	931.916
279.868	931.916
279.898	935.509
279.933	939.116
279.968	939.116
279.998	942.737
280.033	946.372
280.068	946.372
280.098	950.021
280.133	950.021
280.168	950.021
280.198	950.021
280.233	950.021
280.268	950.021
280.298	950.021
280.333	950.021
280.368	950.021
280.398	950.021
280.433	950.021
280.468	950.021
280.498	950.021
280.533	950.021
280.568	950.021
280.598	950.021
280.633	950.021
280.668	950.021
280.698	950.021
280.733	950.021
280.768	950.021
280.798	950.021
280.833	950.021
280.868	950.021
280.898	950.021
280.933	950.021
280.968	950.021
280.998	950.021
281.033	950.021
281.068	950.021
281.098	950.021
281.133	950.021
281.168	950.021
281.198	1027.02
281.233	1027.02
281.268	1027.02
281.298	1027.02
281.333	1027.02
281.368	1027.02
281.398	1027.02
281.433	1027.02
281.468	1027.02
281.498	1027.02
281.533	1027.02
281.568	1027.02
281.598	1027.02
281.633	1027.02
281.668	1027.02
281.698	1027.02
281.733	1027.02
281.768	1027.02
281.798	1027.02
281.833	1027.02
281.868	1027.02
281.898	1027.02
281.933	1027.02
281.968	1027.02
281.998	1027.02
282.033	1027.02
282.068	1027.02
282.098	1027.02
282.133	1027.02
282.168	1027.02
282.198	1110.19
282.233	1110.19
282.268	1110.19
282.298	1110.19
282.333	1110.19
282.368	1110.19
282.398	1110.19
282.433	1110.19
282.468	1110.19
282.498	1110.19
282.533	1110.19
282.568	1110.19
282.598	1110.19
282.633	1110.19
282.668	1110.19
282.698	1110.19
282.733	1110.19
282.768	1110.19
282.798	1110.19
282.833	1110.19
282.868	1110.19
282.898	1110.19
282.933	1110.19
282.968	1110.19
282.998	1110.19
283.033	1110.19
283.068	1110.19
283.098	1110.19
283.133	1110.19
283.168	1110.19
283.198	1200
283.233	1200
283.268	1200
283.298	1200
283.333	1200
283.368	1200
283.398	1200
283.433	1200
283.468	1200
283.498	1200
283.533	898.103
283.558	898.103
283.598	898.103
283.633	898.103
283.668	898.103
283.698	898.103
283.733	898.103
283.768	898.103
283.798	898.99
283.833	898.99
283.868	898.99
283.898	898.99
283.933	898.99
283.968	898.99
283.998	898.99
284.033	898.99
284.068	898.99
284.098	898.99
284.133	899.882
284.168	899.882
284.198	900.774
284.233	901.667
284.268	901.667
284.298	902.561
284.333	903.456
284.368	903.456
284.398	904.352
284.433	905.244
284.468	905.244
284.498	906.137
284.533	907.031
284.568	907.031
284.598	907.926
284.633	908.822
284.668	908.822
284.698	909.719
284.733	910.621
284.768	910.621
284.798	911.524
284.833	912.433
284.868	912.433
284.898	913.342
284.933	914.257
284.968	914.257
284.998	915.176
285.033	916.101
285.068	916.101
285.098	917.031
285.133	917.971
285.168	917.971
285.198	918.917
285.233	919.873
285.268	919.873
285.298	920.835
285.333	921.803
285.368	921.803
285.398	922.772
285.433	923.742
285.468	923.742
285.498	924.713
285.533	925.685
285.568	925.685
285.598	926.663
285.633	927.637
285.668	927.637
285.698	928.612
285.733	929.588
285.768	929.588
285.798	930.565
285.833	931.543
285.868	931.543
285.898	932.522
285.933	933.502
285.968	933.502
285.998	934.484
286.033	935.472
286.068	935.472
286.098	936.461
286.133	937.451
286.168	937.451
286.198	938.442
286.233	939.434
286.268	939.434
286.298	940.427
286.333	941.421
286.368	941.421
286.398	942.416
286.433	943.412
286.468	943.412
286.498	944.409
286.533	945.407
286.568	945.407
286.598	946.406
286.633	947.406
286.658	947.406
286.698	948.407
286.733	949.409
286.768	949.409
286.798	950.413
286.823	950.413
286.858	951.418
286.898	952.424
286.933	953.431
286.963	953.431
286.998	954.439
287.033	955.448
287.068	955.448
287.098	956.458
287.133	957.469
287.168	957.469
287.198	958.481
287.233	959.5
287.268	959.5
287.298	960.52
287.333	961.541
287.368	961.541
287.398	961.541
287.433	792.008
287.468	792.008
287.498	792.008
287.533	792.008
287.568	792.008
287.598	792.008
287.633	792.008
287.668	792.008
287.698	792.008
287.733	792.008
287.768	792.008
287.798	792.008
287.833	792.008
287.868	792.008
287.898	792.008
287.933	792.008
287.968	792.008
287.998	792.008
288.033	792.008
288.068	792.008
288.098	792.008
288.133	792.008
288.168	792.008
288.198	792.008
288.233	792.008
288.268	792.008
288.298	792.008
288.333	792.008
288.368	792.008
288.398	792.008
288.433	792.008
288.468	792.008
288.498	792.008
288.533	815.782
288.568	815.782
288.598	816.932
288.633	818.084
288.668	818.084
288.698	819.237
288.733	820.392
288.768	820.392
288.798	821.548
288.833	822.706
288.868	822.706
288.898	823.866
288.933	825.027
288.968	825.027
288.998	826.19
289.033	827.36
289.068	827.36
289.098	828.532
289.133	829.706
289.168	829.706
289.198	830.881
289.233	832.058
289.268	832.058
289.298	833.237
289.333	834.417
289.368	834.417
289.398	835.599
289.433	836.783
289.468	836.783
289.498	837.968
289.533	839.155
289.568	839.155
289.598	840.343
289.633	841.533
289.668	841.533
289.698	842.725
289.733	843.918
289.768	843.918
289.798	845.113
289.833	846.304
289.868	846.304
289.898	847.49
289.933	847.49
289.968	847.49
289.998	676.246
290.033	676.246
290.068	676.246
290.098	677.184
290.133	678.124
290.168	678.124
290.198	679.065
290.233	680.007
290.268	680.007
290.298	680.007
290.333	680.007
290.368	680.007
290.398	680.007
290.433	680.007
290.468	680.007
290.498	680.007
290.533	680.955
290.568	680.955
290.598	681.905
290.633	681.905
290.668	681.905
290.698	681.905
290.733	681.905
290.768	681.905
290.798	681.905
290.833	681.905
290.868	681.905
290.898	681.905
290.933	681.905
290.968	681.905
290.998	681.905
291.033	681.905
291.068	681.905
291.098	681.905
291.133	681.905
291.168	681.905
291.198	681.905
291.233	681.905
291.268	681.905
291.298	681.905
291.333	681.905
291.368	681.905
291.398	681.905
291.433	681.905
291.468	681.905
291.498	681.905
291.533	681.905
291.568	681.905
291.598	681.905
291.633	681.905
291.668	681.905
291.698	703.31
291.733	704.297
291.768	704.297
291.798	705.325
291.833	706.315
291.858	706.315
291.898	707.346
291.928	708.358
291.968	708.358
291.998	709.372
292.033	710.367
292.068	710.367
292.098	711.404
292.133	712.402
292.168	712.402
292.198	713.441
292.233	714.442
292.268	714.442
292.293	715.485
292.333	716.494
292.368	716.494
292.398	717.545
292.433	718.557
292.468	718.557
292.498	719.611
292.533	720.625
292.568	720.625
292.598	721.683
292.633	722.7
292.668	722.7
292.698	723.761
292.733	723.761
292.768	723.761
292.798	723.761
292.833	723.761
292.868	723.761
292.898	723.761
292.933	723.761
292.968	723.761
292.998	723.761
293.033	723.761
293.068	723.761
293.098	723.761
293.133	723.761
293.168	723.761
293.198	723.761
293.233	723.761
293.268	723.761
293.298	723.761
293.333	723.761
293.368	723.761
293.398	723.761
293.433	723.761
293.468	723.761
293.498	723.761
293.533	723.761
293.568	723.761
293.598	723.761
293.633	723.761
293.668	723.761
293.698	723.761
293.733	723.761
293.768	723.761
293.798	746.911
293.833	747.958
293.868	747.958
293.898	749.05
293.933	749.05
293.968	749.05
293.998	751.183
294.033	752.231
294.068	752.231
294.098	753.324
294.133	754.396
294.168	754.396
294.198	755.47
294.233	756.524
294.268	756.524
294.298	757.623
294.333	758.68
294.368	758.68
294.398	759.782
294.433	760.842
294.468	760.842
294.493	761.947
294.533	763.01
294.568	763.01
294.598	764.113
294.633	765.173
294.668	765.173
294.698	766.279
294.733	767.342
294.768	767.342
294.798	768.451
294.833	768.451
294.868	768.451
294.898	768.451
294.933	768.451
294.968	768.451
294.998	768.451
295.033	768.451
295.068	768.451
295.098	768.451
295.133	768.451
295.168	768.451
295.198	768.451
295.233	768.451
295.268	768.451
295.298	768.451
295.333	768.451
295.368	768.451
295.398	768.451
295.433	639.448
295.468	639.448
295.498	639.448
295.533	639.448
295.568	639.448
295.598	639.448
295.633	639.448
295.668	639.448
295.698	639.448
295.733	639.448
295.768	639.448
295.798	639.448
295.833	639.448
295.868	639.448
295.898	646.758
295.933	647.642
295.968	647.642
295.998	648.6
296.028	649.505
296.068	649.505
296.098	650.448
296.133	651.337
296.168	651.337
296.198	652.307
296.233	653.203
296.268	653.203
296.298	654.18
296.333	655.084
296.368	655.084
296.398	656.069
296.433	656.979
296.468	656.979
296.498	657.972
296.533	658.89
296.568	658.89
296.598	659.886
296.633	660.811
296.668	660.811
296.698	661.815
296.733	662.743
296.768	662.743
296.798	663.755
296.833	664.691
296.868	664.691
296.898	665.712
296.933	666.656
296.968	666.656
296.998	667.685
297.033	668.636
297.068	668.636
297.098	669.669
297.133	670.623
297.168	670.623
297.198	671.664
297.233	672.627
297.268	672.627
297.298	673.677
297.333	674.648
297.368	674.648
297.398	675.707
297.433	676.685
297.468	676.685
297.498	677.747
297.533	678.728
297.568	678.728
297.598	679.799
297.633	680.789
297.668	680.789
297.698	681.87
297.733	682.869
297.768	682.869
297.798	683.952
297.833	684.954
297.868	684.954
297.898	686.04
297.933	687.045
297.968	687.045
297.998	688.135
298.033	689.143
298.068	689.143
298.098	690.236
298.133	691.247
298.168	691.247
298.198	692.338
298.233	693.347
298.268	693.347
298.298	694.435
298.333	695.44
298.368	695.44
298.398	696.532
298.433	697.541
298.468	697.541
298.498	698.63
298.533	699.636
298.568	699.636
298.598	700.722
298.633	701.726
298.668	701.726
298.698	702.816
298.733	703.823
298.768	703.823
298.798	704.91
298.833	705.915
298.868	705.915
298.898	706.999
298.933	708.001
298.968	708.001
298.998	709.082
299.033	710.082
299.068	710.082
299.098	711.161
299.133	712.159
299.168	712.159
299.198	713.236
299.223	713.236
299.268	714.232
299.298	715.306
299.333	716.298
299.368	716.298
299.398	717.37
299.433	718.36
299.468	718.36
299.498	719.435
299.533	720.428
299.568	720.428
299.598	721.501
299.633	722.492
299.668	722.492
299.698	723.561
299.733	724.55
299.768	724.55
299.798	725.623
299.833	726.615
299.868	726.615
299.898	727.691
299.933	728.686
299.968	728.686
299.998	729.765
300.033	730.763
300.068	730.763
300.098	731.851
300.133	732.856
300.168	732.856
300.198	733.947
300.233	734.955
300.268	734.955
300.298	736.049
300.333	737.06
300.368	737.06
300.398	738.157
300.433	739.171
300.468	739.171
300.498	740.272
300.533	741.289
300.568	741.289
300.598	742.393
300.633	743.413
300.668	743.413
300.698	744.52
300.733	745.543
300.768	745.543
300.798	746.652
300.833	747.678
300.868	747.678
300.898	748.79
300.933	749.819
300.968	749.819
300.998	750.935
301.033	751.967
301.068	751.967
301.098	753.086
301.133	754.121
301.158	754.121
301.198	755.243
301.233	756.281
301.268	756.281
301.298	757.406
301.333	758.447
301.368	758.447
301.398	759.575
301.433	760.619
301.468	760.619
301.498	761.751
301.533	762.798
301.568	762.798
301.598	763.933
301.633	764.983
301.668	764.983
301.698	766.121
301.733	767.174
301.768	767.174
301.798	768.316
301.833	769.372
301.868	769.372
301.898	770.518
301.933	771.576
301.968	771.576
301.998	772.725
302.033	773.786
302.068	773.786
302.098	774.938
302.133	776.002
302.168	776.002
302.198	777.157
302.233	778.224
302.268	778.224
302.298	779.382
302.333	780.452
302.368	780.452
302.398	781.614
302.433	782.688
302.468	782.688
302.498	783.853
302.533	784.93
302.568	784.93
302.598	786.098
302.633	787.178
302.668	787.178
302.698	788.349
302.733	789.432
302.768	789.432
302.798	790.607
302.833	791.693
302.858	791.693
302.898	792.872
302.933	793.961
302.968	793.961
302.998	795.143
303.028	796.235
303.068	796.235
303.098	797.414
303.133	798.504
303.168	798.504
303.198	799.686
303.233	800.779
303.268	800.779
303.298	801.965
303.333	803.061
303.368	803.061
303.398	804.25
303.433	805.349
303.468	805.349
303.498	806.542
303.533	807.644
303.568	807.644
303.598	808.834
303.633	809.934
303.668	809.934
303.698	811.127
303.733	812.231
303.768	812.231
303.798	813.428
303.833	814.534
303.868	814.534
303.898	815.734
303.933	816.843
303.968	816.843
303.998	818.046
304.033	819.158
304.068	819.158
304.098	820.365
304.133	821.48
304.168	821.48
304.198	822.69
304.233	823.809
304.268	823.809
304.298	825.022
304.333	826.144
304.368	826.144
304.398	827.361
304.433	828.486
304.468	828.486
304.498	829.707
304.533	830.835
304.568	830.835
304.598	832.059
304.633	833.191
304.668	833.191
304.698	834.418
304.733	835.553
304.768	835.553
304.798	836.783
304.833	837.921
304.868	837.921
304.898	839.156
304.933	840.297
304.968	840.297
304.998	841.535
305.033	842.68
305.068	842.68
305.098	843.921
305.133	845.069
305.168	845.069
305.198	846.314
305.233	847.464
305.268	847.464
305.298	848.713
305.333	849.867
305.368	849.867
305.398	851.119
305.433	852.276
305.468	852.276
305.498	853.532
305.533	854.692
305.568	854.692
305.598	855.951
305.633	857.164
305.668	857.164
305.698	858.378
305.733	859.594
305.768	859.594
305.798	860.812
305.833	862.032
305.868	862.032
305.898	863.253
305.933	864.476
305.968	864.476
305.998	865.395
306.033	866.315
306.068	866.315
306.098	867.236
306.133	868.157
306.168	868.157
306.198	869.079
306.233	870.002
306.268	870.002
306.298	870.926
306.333	871.846
306.368	871.846
306.398	872.767
306.433	873.689
306.468	873.689
306.498	874.612
306.533	875.536
306.568	875.536
306.598	876.461
306.633	877.387
306.668	877.387
306.698	878.314
306.733	879.242
306.768	879.242
306.798	880.171
306.833	881.101
306.868	881.101
306.898	882.032
306.933	882.964
306.968	882.964
306.998	883.897
307.033	884.831
307.068	884.831
307.098	885.766
307.133	886.703
307.168	886.703
307.198	887.641
307.233	888.58
307.268	888.58
307.298	889.52
307.333	890.461
307.368	890.461
307.398	891.403
307.433	892.346
307.468	892.346
307.498	893.29
307.533	894.235
307.568	894.235
307.598	895.181
307.633	896.128
307.668	896.128
307.698	897.076
307.733	898.025
307.768	898.025
307.798	898.975
307.833	899.926
307.868	899.926
307.898	900.878
307.933	901.831
307.968	901.831
307.998	902.785
308.033	903.74
308.068	903.74
308.098	904.696
308.133	905.653
308.168	905.653
308.198	906.611
308.233	907.57
308.268	907.57
308.298	908.53
308.333	909.491
308.368	909.491
308.398	910.453
308.433	911.416
308.468	911.416
308.498	912.38
308.533	913.345
308.568	913.345
308.598	916.866
308.633	920.401
308.668	920.401
308.698	923.95
308.733	927.512
308.768	927.512
308.798	931.088
308.833	934.678
308.868	934.678
308.898	938.282
308.933	941.9
308.968	941.9
308.998	945.531
309.033	949.176
309.068	949.176
309.098	952.836
309.133	956.51
309.168	956.51
309.198	960.198
309.233	963.9
309.268	963.9
309.298	967.616
309.333	971.347
309.358	971.347
309.398	975.092
309.433	978.851
309.468	978.851
309.498	982.625
